customer_id,age,gender,city,state,loyalty_tier,preferred_category,acquisition_channel,email_opt_in,push_opt_in,price_sensitivity_score,digital_engagement_score,tenure_days,is_new_customer,lifetime_orders,lifetime_revenue,avg_order_value,total_discount,avg_discount,days_since_last_purchase,purchase_span_days,orders_per_active_month,orders_30d,revenue_30d,orders_90d,revenue_90d,orders_180d,revenue_180d,favorite_category_by_spend,favorite_category_spend,categories_purchased,marketing_touches,email_opens,marketing_clicks,marketing_conversions_7d,avg_offer_pct,marketing_cost,open_rate,click_rate,marketing_conversion_rate,sessions_lifetime,avg_events_per_session,avg_session_minutes,product_view_sessions,review_view_sessions,cart_sessions,checkout_sessions,web_purchase_sessions,days_since_last_session,session_conversion_rate,cart_to_purchase_rate,support_tickets,avg_resolution_hours,avg_csat,unresolved_tickets,snapshot_date,purchase_label_30d,churn_label_180d,future_revenue_180d
C00008,56,Female,Charlotte,NC,Unknown,Sports,Paid Social,1,0,0.755,0.458,47,1,2,1339.65,669.825,303.54999999999995,151.77499999999998,13,15,2.0,2.0,1339.65,2.0,1339.65,2.0,1339.65,Sports,1246.19,1,0.0,0.0,0.0,0.0,0.0,0.0,0.0,0.0,0.0,1.0,3.0,1.3,0.0,0.0,0.0,0.0,0.0,30.0,0.0,0.0,0.0,0.0,0.0,0.0,2025-01-01,0,0,352.9
C00014,23,Male,Seattle,WA,Unknown,Baby,Affiliate,1,1,0.251,0.454,314,0,1,131.33,131.33,16.66,16.66,235,0,1.0,0.0,0.0,0.0,0.0,0.0,0.0,Home,122.17,1,0.0,0.0,0.0,0.0,0.0,0.0,0.0,0.0,0.0,3.0,6.0,10.961111111111114,2.0,1.0,2.0,2.0,2.0,52.0,0.6666666666666666,1.0,0.0,0.0,0.0,0.0,2025-01-01,0,0,489.64
C00016,68,Male,Boulder,CO,Platinum,Electronics,Organic Search,1,0,0.466,0.649,189,0,3,799.2,266.40000000000003,170.94,56.98,45,31,2.9032258064516125,0.0,0.0,3.0,799.2,3.0,799.2,Electronics,257.9,4,2.0,2.0,2.0,0.0,15.0,1.7,1.0,1.0,0.0,1.0,4.0,5.833333333333333,0.0,0.0,1.0,1.0,1.0,40.0,1.0,1.0,0.0,0.0,0.0,0.0,2025-01-01,0,1,0.0
C00017,35,Prefer not to say,Orlando,FL,Platinum,Beauty,Organic Search,1,0,0.472,0.673,94,0,2,630.54,315.27,99.77,49.885,51,35,1.7142857142857142,0.0,0.0,2.0,630.54,2.0,630.54,Home,257.56,3,1.0,1.0,0.0,0.0,10.0,0.85,1.0,0.0,0.0,1.0,6.0,9.333333333333334,1.0,1.0,1.0,0.0,0.0,30.0,0.0,0.0,2.0,21.3,4.5,0.0,2025-01-01,0,0,1728.31
C00019,66,Female,Raleigh,NC,Silver,Baby,Organic Search,1,1,0.724,0.433,181,0,1,98.63,98.63,11.28,11.28,86,0,1.0,0.0,0.0,1.0,98.63,1.0,98.63,Grocery,91.75,1,1.0,0.0,0.0,0.0,10.0,0.005,0.0,0.0,0.0,2.0,2.5,0.9083333333333333,1.0,0.0,0.0,0.0,0.0,1.0,0.0,0.0,0.0,0.0,0.0,0.0,2025-01-01,1,0,234.62
C00021,59,Male,San Francisco,CA,Unknown,Pet,Direct,1,0,0.943,0.728,242,0,1,136.83,136.83,37.09,37.09,231,0,1.0,0.0,0.0,0.0,0.0,0.0,0.0,Apparel,127.28,1,5.0,2.0,1.0,1.0,15.0,4.275,0.4,0.2,0.2,2.0,2.5,3.8,1.0,0.0,0.0,0.0,0.0,150.0,0.0,0.0,0.0,0.0,0.0,0.0,2025-01-01,0,1,0.0
C00027,62,Non-binary,Phoenix,AZ,Unknown,Beauty,Direct,1,1,0.218,0.407,357,0,2,705.3199999999999,352.65999999999997,103.21000000000001,51.605000000000004,93,112,0.5357142857142857,0.0,0.0,0.0,0.0,1.0,74.16,Electronics,587.13,2,7.0,3.0,1.0,0.0,15.714285714285714,5.91,0.42857142857142855,0.14285714285714285,0.0,3.0,4.333333333333333,6.644444444444445,2.0,2.0,1.0,0.0,0.0,54.0,0.0,0.0,0.0,0.0,0.0,0.0,2025-01-01,0,1,0.0
C00029,48,Non-binary,Houston,TX,Unknown,Grocery,Paid Social,1,1,0.833,0.897,232,0,2,581.05,290.525,107.71000000000001,53.855000000000004,16,72,0.8333333333333334,1.0,330.8,2.0,581.05,2.0,581.05,Beauty,185.53,4,0.0,0.0,0.0,0.0,0.0,0.0,0.0,0.0,0.0,6.0,5.0,7.55,4.0,3.0,3.0,2.0,2.0,4.0,0.3333333333333333,0.6666666666666666,0.0,0.0,0.0,0.0,2025-01-01,0,1,0.0
C00030,55,Prefer not to say,Orlando,FL,Unknown,Pet,Organic Search,1,1,0.554,0.489,289,0,4,1105.8200000000002,276.45500000000004,162.95,40.7375,48,180,0.6666666666666666,0.0,0.0,1.0,570.08,2.0,863.58,Electronics,446.05999999999995,3,1.0,0.0,0.0,0.0,0.0,0.72,0.0,0.0,0.0,6.0,4.333333333333333,7.586111111111111,3.0,3.0,3.0,1.0,1.0,38.0,0.16666666666666666,0.3333333333333333,0.0,0.0,0.0,0.0,2025-01-01,0,0,156.46
C00035,75,Female,Scottsdale,AZ,Silver,Electronics,Affiliate,1,1,0.544,0.406,255,0,1,456.31,456.31,42.79,42.79,85,0,1.0,0.0,0.0,1.0,456.31,1.0,456.31,Beauty,424.47,1,2.0,1.0,0.0,0.0,5.0,1.21,0.5,0.0,0.0,3.0,2.3333333333333335,2.4388888888888887,1.0,0.0,0.0,0.0,0.0,73.0,0.0,0.0,0.0,0.0,0.0,0.0,2025-01-01,0,0,789.8599999999999
C00041,67,Male,Boulder,CO,Gold,Sports,Paid Social,1,1,0.209,0.683,146,0,1,859.89,859.89,32.94,32.94,75,0,1.0,0.0,0.0,1.0,859.89,1.0,859.89,Baby,799.9,1,2.0,1.0,0.0,0.0,15.0,0.86,0.5,0.0,0.0,2.0,5.0,7.783333333333333,1.0,0.0,1.0,1.0,1.0,31.0,0.5,1.0,0.0,0.0,0.0,0.0,2025-01-01,1,0,1545.62
C00045,58,Non-binary,Orlando,FL,Unknown,Baby,Affiliate,1,1,0.437,0.815,289,0,1,61.39,61.39,3.83,3.83,269,0,1.0,0.0,0.0,0.0,0.0,0.0,0.0,Baby,57.11,1,3.0,1.0,0.0,0.0,11.666666666666666,1.575,0.3333333333333333,0.0,0.0,2.0,6.5,12.216666666666667,2.0,2.0,1.0,1.0,1.0,197.0,0.5,1.0,0.0,0.0,0.0,0.0,2025-01-01,1,0,353.45000000000005
C00050,51,Female,Buffalo,NY,Silver,Baby,Affiliate,1,1,0.535,0.708,182,0,2,247.55,123.775,23.68,11.84,30,22,2.0,1.0,22.75,2.0,247.55,2.0,247.55,Baby,223.78,1,2.0,1.0,1.0,0.0,12.5,0.02,0.5,0.5,0.0,4.0,2.5,3.025,1.0,1.0,1.0,0.0,0.0,8.0,0.0,0.0,0.0,0.0,0.0,0.0,2025-01-01,0,0,252.97
C00051,46,Prefer not to say,Orlando,FL,Unknown,Beauty,Referral,1,1,0.288,0.326,200,0,1,642.9,642.9,77.57,77.57,144,0,1.0,0.0,0.0,0.0,0.0,1.0,642.9,Sports,598.05,1,2.0,2.0,0.0,0.0,10.0,2.4,1.0,0.0,0.0,3.0,4.333333333333333,5.922222222222222,2.0,2.0,2.0,0.0,0.0,39.0,0.0,0.0,1.0,42.7,4.0,0.0,2025-01-01,0,0,835.11
C00052,71,Prefer not to say,New York,NY,Unknown,Beauty,Paid Search,1,0,0.481,0.323,201,0,2,1094.33,547.165,126.94999999999999,63.474999999999994,155,30,2.0,0.0,0.0,0.0,0.0,1.0,219.88,Beauty,1017.98,1,0.0,0.0,0.0,0.0,0.0,0.0,0.0,0.0,0.0,3.0,5.0,7.366666666666667,2.0,1.0,1.0,1.0,1.0,10.0,0.3333333333333333,1.0,0.0,0.0,0.0,0.0,2025-01-01,1,0,1284.02
C00053,71,Prefer not to say,Boston,MA,Platinum,Grocery,Direct,1,1,0.411,0.855,339,0,6,2290.63,381.7716666666667,341.59,56.931666666666665,143,182,0.989010989010989,0.0,0.0,0.0,0.0,3.0,938.22,Grocery,1100.75,5,7.0,4.0,1.0,0.0,11.428571428571429,5.975,0.5714285714285714,0.14285714285714285,0.0,9.0,5.0,9.781481481481482,5.0,4.0,6.0,4.0,4.0,127.0,0.4444444444444444,0.6666666666666666,0.0,0.0,0.0,0.0,2025-01-01,0,0,938.2600000000001
C00054,68,Prefer not to say,San Jose,CA,Silver,Beauty,Organic Search,1,1,0.511,0.85,285,0,6,2609.75,434.9583333333333,312.16999999999996,52.02833333333333,34,218,0.8256880733944955,0.0,0.0,2.0,120.5,3.0,438.16,Beauty,1942.57,4,4.0,2.0,1.0,0.0,0.0,3.79,0.5,0.25,0.0,7.0,5.285714285714286,8.257142857142858,5.0,5.0,4.0,2.0,2.0,13.0,0.2857142857142857,0.5,1.0,10.7,5.0,0.0,2025-01-01,0,0,588.99
C00062,63,Prefer not to say,Seattle,WA,Unknown,Baby,Direct,0,0,0.241,0.769,246,0,4,1683.75,420.9375,138.1,34.525,48,195,0.6153846153846154,0.0,0.0,2.0,627.76,2.0,627.76,Baby,810.22,4,2.0,1.0,0.0,0.0,22.5,2.2199999999999998,0.5,0.0,0.0,4.0,3.0,4.275,1.0,0.0,0.0,0.0,0.0,1.0,0.0,0.0,1.0,7.7,4.0,0.0,2025-01-01,0,1,0.0
C00068,38,Male,Phoenix,AZ,Gold,Baby,Referral,0,1,0.471,0.733,119,0,1,200.14,200.14,39.71,39.71,13,0,1.0,1.0,200.14,1.0,200.14,1.0,200.14,Beauty,186.18,1,1.0,0.0,0.0,0.0,20.0,0.72,0.0,0.0,0.0,0.0,0.0,0.0,0.0,0.0,0.0,0.0,0.0,0.0,0.0,0.0,0.0,0.0,0.0,0.0,2025-01-01,1,0,720.14
C00069,72,Female,Scottsdale,AZ,Platinum,Sports,Paid Search,0,0,0.671,0.256,51,1,4,825.74,206.435,158.62,39.655,13,34,3.5294117647058822,2.0,336.78,4.0,825.74,4.0,825.74,Sports,579.22,3,0.0,0.0,0.0,0.0,0.0,0.0,0.0,0.0,0.0,3.0,4.0,6.322222222222223,2.0,2.0,1.0,0.0,0.0,10.0,0.0,0.0,0.0,0.0,0.0,0.0,2025-01-01,0,0,1691.81
C00075,63,Female,Buffalo,NY,Unknown,Baby,Referral,1,0,0.528,0.778,71,1,2,602.9399999999999,301.46999999999997,67.91,33.955,42,26,2.0,0.0,0.0,2.0,602.9399999999999,2.0,602.9399999999999,Baby,228.85,3,0.0,0.0,0.0,0.0,0.0,0.0,0.0,0.0,0.0,1.0,6.0,8.633333333333333,0.0,0.0,1.0,1.0,1.0,9.0,1.0,1.0,0.0,0.0,0.0,0.0,2025-01-01,1,0,1497.18
C00076,44,Non-binary,Buffalo,NY,Unknown,Apparel,Organic Search,1,1,0.234,0.582,147,0,1,473.47,473.47,45.77,45.77,18,0,1.0,1.0,473.47,1.0,473.47,1.0,473.47,Apparel,288.06,2,0.0,0.0,0.0,0.0,0.0,0.0,0.0,0.0,0.0,7.0,4.428571428571429,7.288095238095238,4.0,2.0,3.0,2.0,2.0,7.0,0.2857142857142857,0.6666666666666666,0.0,0.0,0.0,0.0,2025-01-01,0,0,163.63
C00086,33,Non-binary,Denver,CO,Gold,Electronics,Direct,1,1,0.416,0.431,127,0,2,599.52,299.76,100.0,50.0,22,43,1.3953488372093024,1.0,219.26,2.0,599.52,2.0,599.52,Electronics,491.96000000000004,2,1.0,0.0,0.0,0.0,20.0,0.72,0.0,0.0,0.0,1.0,3.0,3.433333333333333,0.0,0.0,0.0,0.0,0.0,15.0,0.0,0.0,1.0,23.0,4.0,0.0,2025-01-01,0,0,243.65
C00089,48,Male,Boston,MA,Unknown,Electronics,Referral,0,1,0.623,0.949,92,0,1,959.79,959.79,179.7,179.7,40,0,1.0,0.0,0.0,1.0,959.79,1.0,959.79,Pet,635.78,2,3.0,1.0,0.0,1.0,8.333333333333334,2.42,0.3333333333333333,0.0,0.3333333333333333,4.0,5.0,8.15,2.0,2.0,3.0,2.0,2.0,3.0,0.5,0.6666666666666666,0.0,0.0,0.0,0.0,2025-01-01,0,1,0.0
C00090,20,Male,Boston,MA,Silver,Grocery,Organic Search,1,0,0.232,0.853,77,1,2,514.53,257.265,64.85,32.425,56,9,2.0,0.0,0.0,2.0,514.53,2.0,514.53,Home,251.73,3,1.0,0.0,0.0,0.0,0.0,0.85,0.0,0.0,0.0,2.0,3.5,4.633333333333334,1.0,1.0,0.0,0.0,0.0,44.0,0.0,0.0,0.0,0.0,0.0,0.0,2025-01-01,1,0,279.07
C00092,31,Prefer not to say,Boulder,CO,Silver,Electronics,Organic Search,1,0,0.805,0.738,223,0,1,272.45,272.45,56.0,56.0,137,0,1.0,0.0,0.0,0.0,0.0,1.0,272.45,Beauty,253.44,1,1.0,0.0,0.0,0.0,15.0,0.005,0.0,0.0,0.0,3.0,4.666666666666667,7.4444444444444455,3.0,2.0,0.0,0.0,0.0,2.0,0.0,0.0,0.0,0.0,0.0,0.0,2025-01-01,0,0,474.98
C00094,66,Female,New York,NY,Unknown,Apparel,Referral,1,1,0.495,0.579,120,0,1,227.15,227.15,29.1,29.1,94,0,1.0,0.0,0.0,0.0,0.0,1.0,227.15,Sports,211.3,1,0.0,0.0,0.0,0.0,0.0,0.0,0.0,0.0,0.0,4.0,5.25,8.620833333333334,4.0,3.0,2.0,0.0,0.0,21.0,0.0,0.0,0.0,0.0,0.0,0.0,2025-01-01,1,0,717.6700000000001
C00095,74,Prefer not to say,San Francisco,CA,Unknown,Home,Organic Search,0,0,0.332,0.769,309,0,1,140.91,140.91,28.47,28.47,141,0,1.0,0.0,0.0,0.0,0.0,1.0,140.91,Home,131.08,1,5.0,2.0,1.0,1.0,12.0,3.265,0.4,0.2,0.2,8.0,4.0,5.9875,5.0,3.0,1.0,0.0,0.0,16.0,0.0,0.0,0.0,0.0,0.0,0.0,2025-01-01,0,1,0.0
C00100,44,Non-binary,Boulder,CO,Unknown,Pet,Organic Search,1,0,0.604,0.829,280,0,1,118.16,118.16,6.88,6.88,163,0,1.0,0.0,0.0,0.0,0.0,1.0,118.16,Pet,109.92,1,2.0,2.0,1.0,0.0,20.0,3.0,1.0,0.5,0.0,7.0,5.428571428571429,9.309523809523808,5.0,3.0,5.0,3.0,3.0,11.0,0.42857142857142855,0.6,0.0,0.0,0.0,0.0,2025-01-01,0,0,485.86
C00103,23,Female,Seattle,WA,Unknown,Sports,Direct,1,1,0.422,0.487,119,0,1,1116.37,1116.37,185.15,185.15,67,0,1.0,0.0,0.0,1.0,1116.37,1.0,1116.37,Sports,802.71,2,1.0,0.0,0.0,0.0,20.0,0.005,0.0,0.0,0.0,3.0,4.0,5.627777777777777,2.0,2.0,0.0,0.0,0.0,7.0,0.0,0.0,0.0,0.0,0.0,0.0,2025-01-01,0,1,0.0
C00105,22,Non-binary,Austin,TX,Unknown,Beauty,Direct,1,0,0.261,0.36,279,0,2,320.52,160.26,54.34,27.17,23,233,0.2575107296137339,1.0,262.71,1.0,262.71,1.0,262.71,Beauty,244.37,2,0.0,0.0,0.0,0.0,0.0,0.0,0.0,0.0,0.0,2.0,3.0,5.5,1.0,1.0,0.0,0.0,0.0,70.0,0.0,0.0,0.0,0.0,0.0,0.0,2025-01-01,0,1,0.0
C00112,26,Male,Phoenix,AZ,Unknown,Home,Organic Search,1,1,0.471,0.421,277,0,2,446.55,223.275,55.550000000000004,27.775000000000002,177,100,0.6,0.0,0.0,0.0,0.0,1.0,310.56,Apparel,288.89,2,3.0,0.0,0.0,0.0,10.0,3.7199999999999998,0.0,0.0,0.0,4.0,3.5,4.9375,2.0,1.0,1.0,0.0,0.0,45.0,0.0,0.0,0.0,0.0,0.0,0.0,2025-01-01,1,0,42.36
C00122,22,Non-binary,Tacoma,WA,Gold,Home,Direct,0,1,0.32,0.29,210,0,3,664.41,221.47,53.94,17.98,82,83,1.0843373493975903,0.0,0.0,1.0,208.12,3.0,664.41,Baby,270.19,4,1.0,0.0,0.0,0.0,0.0,0.01,0.0,0.0,0.0,2.0,5.5,10.658333333333333,1.0,1.0,1.0,1.0,1.0,39.0,0.5,1.0,0.0,0.0,0.0,0.0,2025-01-01,0,0,789.3199999999999
C00124,28,Non-binary,Austin,TX,Unknown,Electronics,Paid Social,1,0,0.396,0.889,91,0,1,49.23,49.23,0.28,0.28,65,0,1.0,0.0,0.0,1.0,49.23,1.0,49.23,Electronics,39.29,1,2.0,2.0,1.0,0.0,10.0,2.35,1.0,0.5,0.0,0.0,0.0,0.0,0.0,0.0,0.0,0.0,0.0,0.0,0.0,0.0,0.0,0.0,0.0,0.0,2025-01-01,0,0,313.51
C00129,38,Prefer not to say,Charlotte,NC,Unknown,Sports,Affiliate,1,0,0.7,0.826,290,0,1,1210.53,1210.53,210.84,210.84,5,0,1.0,1.0,1210.53,1.0,1210.53,1.0,1210.53,Sports,773.17,2,3.0,2.0,2.0,0.0,15.0,4.5,0.6666666666666666,0.6666666666666666,0.0,5.0,5.0,8.736666666666666,2.0,2.0,2.0,2.0,2.0,30.0,0.4,1.0,0.0,0.0,0.0,0.0,2025-01-01,0,0,462.69
C00133,30,Male,Miami,FL,Silver,Baby,Referral,1,1,0.676,0.734,147,0,1,60.14,60.14,14.19,14.19,142,0,1.0,0.0,0.0,0.0,0.0,1.0,60.14,Grocery,49.44,1,4.0,2.0,2.0,1.0,20.0,2.06,0.5,0.5,0.25,2.0,3.0,4.083333333333333,1.0,0.0,0.0,0.0,0.0,92.0,0.0,0.0,0.0,0.0,0.0,0.0,2025-01-01,0,0,615.96
C00141,56,Prefer not to say,Chicago,IL,Gold,Sports,Organic Search,1,1,0.083,0.541,291,0,8,2402.53,300.31625,122.03999999999999,15.254999999999999,1,264,0.9090909090909091,3.0,1011.7700000000001,5.0,1417.0,7.0,2067.27,Sports,1476.73,3,5.0,3.0,1.0,1.0,12.0,3.6149999999999998,0.6,0.2,0.2,3.0,4.666666666666667,8.744444444444445,2.0,0.0,1.0,1.0,1.0,64.0,0.3333333333333333,1.0,1.0,6.1,4.0,0.0,2025-01-01,0,0,985.56
C00143,41,Male,Dallas,TX,Silver,Home,Organic Search,1,1,0.398,0.525,68,1,1,107.91,107.91,30.39,30.39,35,0,1.0,0.0,0.0,1.0,107.91,1.0,107.91,Home,100.38,1,2.0,1.0,1.0,0.0,10.0,2.2199999999999998,0.5,0.5,0.0,0.0,0.0,0.0,0.0,0.0,0.0,0.0,0.0,0.0,0.0,0.0,0.0,0.0,0.0,0.0,2025-01-01,0,1,0.0
C00144,71,Prefer not to say,Tacoma,WA,Unknown,Beauty,Affiliate,1,0,0.868,0.547,135,0,1,196.25,196.25,51.07,51.07,70,0,1.0,0.0,0.0,1.0,196.25,1.0,196.25,Beauty,182.56,1,2.0,2.0,1.0,0.0,10.0,2.7,1.0,0.5,0.0,2.0,3.0,4.666666666666667,1.0,0.0,0.0,0.0,0.0,88.0,0.0,0.0,0.0,0.0,0.0,0.0,2025-01-01,0,1,0.0
C00152,55,Female,New York,NY,Silver,Apparel,Affiliate,0,0,0.734,0.411,358,0,3,463.78,154.59333333333333,82.83,27.61,69,174,0.5172413793103449,0.0,0.0,1.0,32.77,2.0,92.7,Home,128.12,4,1.0,0.0,0.0,0.0,5.0,0.85,0.0,0.0,0.0,2.0,4.0,4.058333333333334,2.0,0.0,0.0,0.0,0.0,63.0,0.0,0.0,0.0,0.0,0.0,0.0,2025-01-01,0,0,332.71
C00154,63,Male,Raleigh,NC,Silver,Grocery,Direct,1,0,0.516,0.521,308,0,1,73.66,73.66,12.58,12.58,185,0,1.0,0.0,0.0,0.0,0.0,0.0,0.0,Baby,68.52,1,2.0,0.0,0.0,0.0,15.0,0.855,0.0,0.0,0.0,7.0,5.571428571428571,8.307142857142857,5.0,4.0,4.0,3.0,3.0,45.0,0.42857142857142855,0.75,0.0,0.0,0.0,0.0,2025-01-01,0,0,358.57
C00157,39,Male,Orlando,FL,Gold,Pet,Direct,1,1,0.182,0.592,311,0,7,2291.8,327.40000000000003,136.26,19.465714285714284,81,176,1.1931818181818183,0.0,0.0,2.0,553.64,5.0,1646.7199999999998,Pet,1489.6299999999999,5,4.0,1.0,1.0,1.0,8.75,2.645,0.25,0.25,0.25,7.0,3.5714285714285716,5.3999999999999995,4.0,3.0,1.0,0.0,0.0,53.0,0.0,0.0,0.0,0.0,0.0,0.0,2025-01-01,0,0,551.65
C00164,35,Female,Tacoma,WA,Silver,Grocery,Paid Social,1,1,0.248,0.333,326,0,4,1051.61,262.9025,75.97,18.9925,12,255,0.47058823529411764,2.0,170.72,3.0,371.11,3.0,371.11,Home,541.49,2,1.0,1.0,1.0,0.0,25.0,1.2,1.0,1.0,0.0,4.0,3.5,4.783333333333333,2.0,2.0,0.0,0.0,0.0,152.0,0.0,0.0,1.0,12.2,3.0,0.0,2025-01-01,0,0,393.17
C00168,68,Non-binary,Phoenix,AZ,Silver,Baby,Direct,1,0,0.3,0.503,286,0,4,1033.4099999999999,258.35249999999996,62.06,15.515,30,242,0.49586776859504134,1.0,139.5,2.0,429.77,2.0,429.77,Home,270.02,5,3.0,0.0,0.0,0.0,13.333333333333334,1.21,0.0,0.0,0.0,6.0,4.166666666666667,9.200000000000001,2.0,2.0,3.0,2.0,2.0,93.0,0.3333333333333333,0.6666666666666666,0.0,0.0,0.0,0.0,2025-01-01,1,0,210.33999999999997
C00171,70,Male,Phoenix,AZ,Platinum,Electronics,Referral,1,1,0.482,0.614,229,0,6,1212.88,202.14666666666668,190.07,31.67833333333333,60,158,1.139240506329114,0.0,0.0,2.0,375.49,2.0,375.49,Electronics,837.15,3,2.0,1.0,0.0,0.0,12.5,1.21,0.5,0.0,0.0,1.0,3.0,2.316666666666667,0.0,0.0,0.0,0.0,0.0,40.0,0.0,0.0,0.0,0.0,0.0,0.0,2025-01-01,0,0,973.7
C00176,56,Female,Houston,TX,Gold,Beauty,Affiliate,1,1,0.239,0.903,185,0,1,598.41,598.41,54.28,54.28,77,0,1.0,0.0,0.0,1.0,598.41,1.0,598.41,Beauty,425.32,2,1.0,1.0,1.0,0.0,5.0,1.5,1.0,1.0,0.0,4.0,6.0,9.241666666666667,2.0,2.0,3.0,3.0,3.0,3.0,0.75,1.0,0.0,0.0,0.0,0.0,2025-01-01,1,0,513.26
C00188,31,Non-binary,Scottsdale,AZ,Gold,Beauty,Referral,0,0,0.705,0.654,223,0,1,157.85,157.85,45.63,45.63,171,0,1.0,0.0,0.0,0.0,0.0,1.0,157.85,Beauty,146.84,1,3.0,0.0,0.0,0.0,16.666666666666668,2.29,0.0,0.0,0.0,0.0,0.0,0.0,0.0,0.0,0.0,0.0,0.0,0.0,0.0,0.0,0.0,0.0,0.0,0.0,2025-01-01,0,0,387.09000000000003
C00189,76,Male,Naperville,IL,Gold,Apparel,Paid Social,1,1,0.438,0.647,326,0,3,732.12,244.04,83.44,27.813333333333333,62,63,1.4285714285714286,0.0,0.0,2.0,420.47,3.0,732.12,Apparel,425.6,2,2.0,0.0,0.0,0.0,15.0,1.5699999999999998,0.0,0.0,0.0,5.0,4.8,7.863333333333334,4.0,3.0,1.0,1.0,1.0,1.0,0.2,1.0,0.0,0.0,0.0,0.0,2025-01-01,0,0,362.98
C00195,55,Non-binary,Tacoma,WA,Unknown,Sports,Affiliate,1,1,0.581,0.913,281,0,1,758.4,758.4,91.02,91.02,263,0,1.0,0.0,0.0,0.0,0.0,0.0,0.0,Home,490.19000000000005,2,3.0,2.0,1.0,0.0,15.0,1.575,0.6666666666666666,0.3333333333333333,0.0,4.0,3.0,3.775,1.0,1.0,1.0,0.0,0.0,2.0,0.0,0.0,0.0,0.0,0.0,0.0,2025-01-01,0,0,621.04
C00196,43,Male,Boston,MA,Unknown,Sports,Direct,1,0,0.719,0.525,84,1,1,223.17,223.17,40.57,40.57,43,0,1.0,0.0,0.0,1.0,223.17,1.0,223.17,Sports,207.6,1,0.0,0.0,0.0,0.0,0.0,0.0,0.0,0.0,0.0,1.0,8.0,13.583333333333334,1.0,1.0,1.0,1.0,1.0,62.0,1.0,1.0,0.0,0.0,0.0,0.0,2025-01-01,1,0,142.19
C00197,70,Male,Dallas,TX,Gold,Sports,Affiliate,1,1,0.612,0.187,201,0,2,544.19,272.095,98.55000000000001,49.275000000000006,6,178,0.33707865168539325,1.0,95.47,1.0,95.47,1.0,95.47,Sports,417.40999999999997,2,4.0,0.0,0.0,0.0,18.75,4.21,0.0,0.0,0.0,2.0,3.0,2.1666666666666665,1.0,0.0,0.0,0.0,0.0,46.0,0.0,0.0,0.0,0.0,0.0,0.0,2025-01-01,1,0,1243.25
C00198,29,Prefer not to say,Naperville,IL,Gold,Electronics,Organic Search,1,0,0.678,0.833,139,0,2,187.66000000000003,93.83000000000001,16.45,8.225,28,108,0.5555555555555556,1.0,157.08,1.0,157.08,2.0,187.66000000000003,Baby,146.12,2,5.0,2.0,2.0,0.0,11.0,3.8,0.4,0.4,0.0,4.0,3.0,4.095833333333333,1.0,1.0,1.0,0.0,0.0,8.0,0.0,0.0,0.0,0.0,0.0,0.0,2025-01-01,0,0,241.35
C00008,56,Female,Charlotte,NC,Unknown,Sports,Paid Social,1,0,0.755,0.458,78,1,2,1339.65,669.825,303.54999999999995,151.77499999999998,44,15,2.0,0.0,0.0,2.0,1339.65,2.0,1339.65,Sports,1246.19,1,0.0,0.0,0.0,0.0,0.0,0.0,0.0,0.0,0.0,1.0,3.0,1.3,0.0,0.0,0.0,0.0,0.0,61.0,0.0,0.0,0.0,0.0,0.0,0.0,2025-02-01,0,0,352.9
C00014,23,Male,Seattle,WA,Unknown,Baby,Affiliate,1,1,0.251,0.454,345,0,1,131.33,131.33,16.66,16.66,266,0,1.0,0.0,0.0,0.0,0.0,0.0,0.0,Home,122.17,1,0.0,0.0,0.0,0.0,0.0,0.0,0.0,0.0,0.0,4.0,6.5,11.7125,3.0,2.0,3.0,3.0,3.0,26.0,0.75,1.0,0.0,0.0,0.0,0.0,2025-02-01,0,0,1269.83
C00016,68,Male,Boulder,CO,Platinum,Electronics,Organic Search,1,0,0.466,0.649,220,0,3,799.2,266.40000000000003,170.94,56.98,76,31,2.9032258064516125,0.0,0.0,1.0,114.42,3.0,799.2,Electronics,257.9,4,2.0,2.0,2.0,0.0,15.0,1.7,1.0,1.0,0.0,1.0,4.0,5.833333333333333,0.0,0.0,1.0,1.0,1.0,71.0,1.0,1.0,0.0,0.0,0.0,0.0,2025-02-01,0,1,0.0
C00017,35,Prefer not to say,Orlando,FL,Platinum,Beauty,Organic Search,1,0,0.472,0.673,125,0,2,630.54,315.27,99.77,49.885,82,35,1.7142857142857142,0.0,0.0,1.0,146.3,2.0,630.54,Home,257.56,3,2.0,2.0,0.0,1.0,10.0,2.05,1.0,0.0,0.5,2.0,5.0,5.075,2.0,1.0,1.0,0.0,0.0,22.0,0.0,0.0,2.0,21.3,4.5,0.0,2025-02-01,1,0,1728.31
C00019,66,Female,Raleigh,NC,Silver,Baby,Organic Search,1,1,0.724,0.433,212,0,2,313.85,156.925,61.26,30.63,28,89,0.6741573033707865,1.0,215.22,1.0,215.22,2.0,313.85,Beauty,184.98,3,1.0,0.0,0.0,0.0,10.0,0.005,0.0,0.0,0.0,2.0,2.5,0.9083333333333333,1.0,0.0,0.0,0.0,0.0,32.0,0.0,0.0,0.0,0.0,0.0,0.0,2025-02-01,0,0,19.4
C00021,59,Male,San Francisco,CA,Unknown,Pet,Direct,1,0,0.943,0.728,273,0,1,136.83,136.83,37.09,37.09,262,0,1.0,0.0,0.0,0.0,0.0,0.0,0.0,Apparel,127.28,1,5.0,2.0,1.0,1.0,15.0,4.275,0.4,0.2,0.2,3.0,2.0,2.533333333333333,1.0,0.0,0.0,0.0,0.0,26.0,0.0,0.0,0.0,0.0,0.0,0.0,2025-02-01,0,1,0.0
C00027,62,Non-binary,Phoenix,AZ,Unknown,Beauty,Direct,1,1,0.218,0.407,388,0,2,705.3199999999999,352.65999999999997,103.21000000000001,51.605000000000004,124,112,0.5357142857142857,0.0,0.0,0.0,0.0,1.0,74.16,Electronics,587.13,2,7.0,3.0,1.0,0.0,15.714285714285714,5.91,0.42857142857142855,0.14285714285714285,0.0,4.0,4.25,7.058333333333334,3.0,2.0,1.0,0.0,0.0,2.0,0.0,0.0,0.0,0.0,0.0,0.0,2025-02-01,0,1,0.0
C00029,48,Non-binary,Houston,TX,Unknown,Grocery,Paid Social,1,1,0.833,0.897,263,0,2,581.05,290.525,107.71000000000001,53.855000000000004,47,72,0.8333333333333334,0.0,0.0,1.0,330.8,2.0,581.05,Beauty,185.53,4,1.0,0.0,0.0,0.0,0.0,0.72,0.0,0.0,0.0,6.0,5.0,7.55,4.0,3.0,3.0,2.0,2.0,35.0,0.3333333333333333,0.6666666666666666,1.0,4.4,4.0,0.0,2025-02-01,0,1,0.0
C00030,55,Prefer not to say,Orlando,FL,Unknown,Pet,Organic Search,1,1,0.554,0.489,320,0,4,1105.8200000000002,276.45500000000004,162.95,40.7375,79,180,0.6666666666666666,0.0,0.0,1.0,570.08,2.0,863.58,Electronics,446.05999999999995,3,1.0,0.0,0.0,0.0,0.0,0.72,0.0,0.0,0.0,6.0,4.333333333333333,7.586111111111111,3.0,3.0,3.0,1.0,1.0,69.0,0.16666666666666666,0.3333333333333333,0.0,0.0,0.0,0.0,2025-02-01,0,0,156.46
C00035,75,Female,Scottsdale,AZ,Silver,Electronics,Affiliate,1,1,0.544,0.406,286,0,1,456.31,456.31,42.79,42.79,116,0,1.0,0.0,0.0,0.0,0.0,1.0,456.31,Beauty,424.47,1,2.0,1.0,0.0,0.0,5.0,1.21,0.5,0.0,0.0,3.0,2.3333333333333335,2.4388888888888887,1.0,0.0,0.0,0.0,0.0,104.0,0.0,0.0,0.0,0.0,0.0,0.0,2025-02-01,1,0,789.8599999999999
C00041,67,Male,Boulder,CO,Gold,Sports,Paid Social,1,1,0.209,0.683,177,0,2,1858.54,929.27,141.09,70.545,2,104,0.5769230769230769,1.0,998.65,1.0,998.65,2.0,1858.54,Baby,799.9,3,3.0,2.0,0.0,0.0,15.0,2.06,0.6666666666666666,0.0,0.0,2.0,5.0,7.783333333333333,1.0,0.0,1.0,1.0,1.0,62.0,0.5,1.0,0.0,0.0,0.0,0.0,2025-02-01,0,0,546.97
C00045,58,Non-binary,Orlando,FL,Unknown,Baby,Affiliate,1,1,0.437,0.815,320,0,2,133.61,66.805,17.75,8.875,29,271,0.22140221402214022,1.0,72.22,1.0,72.22,1.0,72.22,Baby,124.29,1,3.0,1.0,0.0,0.0,11.666666666666666,1.575,0.3333333333333333,0.0,0.0,2.0,6.5,12.216666666666667,2.0,2.0,1.0,1.0,1.0,228.0,0.5,1.0,0.0,0.0,0.0,0.0,2025-02-01,0,0,281.23
C00048,39,Female,Charlotte,NC,Platinum,Grocery,Paid Social,1,0,0.137,0.355,51,1,1,251.38,251.38,0.48,0.48,16,0,1.0,1.0,251.38,1.0,251.38,1.0,251.38,Electronics,223.86,2,0.0,0.0,0.0,0.0,0.0,0.0,0.0,0.0,0.0,0.0,0.0,0.0,0.0,0.0,0.0,0.0,0.0,0.0,0.0,0.0,0.0,0.0,0.0,0.0,2025-02-01,0,0,3058.52
C00050,51,Female,Buffalo,NY,Silver,Baby,Affiliate,1,1,0.535,0.708,213,0,2,247.55,123.775,23.68,11.84,61,22,2.0,0.0,0.0,2.0,247.55,2.0,247.55,Baby,223.78,1,2.0,1.0,1.0,0.0,12.5,0.02,0.5,0.5,0.0,4.0,2.5,3.025,1.0,1.0,1.0,0.0,0.0,39.0,0.0,0.0,0.0,0.0,0.0,0.0,2025-02-01,0,0,252.97
C00051,46,Prefer not to say,Orlando,FL,Unknown,Beauty,Referral,1,1,0.288,0.326,231,0,1,642.9,642.9,77.57,77.57,175,0,1.0,0.0,0.0,0.0,0.0,1.0,642.9,Sports,598.05,1,2.0,2.0,0.0,0.0,10.0,2.4,1.0,0.0,0.0,3.0,4.333333333333333,5.922222222222222,2.0,2.0,2.0,0.0,0.0,70.0,0.0,0.0,1.0,42.7,4.0,0.0,2025-02-01,0,0,835.11
C00052,71,Prefer not to say,New York,NY,Unknown,Beauty,Paid Search,1,0,0.481,0.323,232,0,3,1592.31,530.77,199.04,66.34666666666666,28,188,0.4787234042553192,1.0,497.98,1.0,497.98,1.0,497.98,Beauty,1481.22,1,0.0,0.0,0.0,0.0,0.0,0.0,0.0,0.0,0.0,4.0,5.25,8.9375,3.0,2.0,2.0,1.0,1.0,23.0,0.25,0.5,0.0,0.0,0.0,0.0,2025-02-01,0,0,786.04
C00053,71,Prefer not to say,Boston,MA,Platinum,Grocery,Direct,1,1,0.411,0.855,370,0,6,2290.63,381.7716666666667,341.59,56.931666666666665,174,182,0.989010989010989,0.0,0.0,0.0,0.0,1.0,91.4,Grocery,1100.75,5,7.0,4.0,1.0,0.0,11.428571428571429,5.975,0.5714285714285714,0.14285714285714285,0.0,9.0,5.0,9.781481481481482,5.0,4.0,6.0,4.0,4.0,158.0,0.4444444444444444,0.6666666666666666,0.0,0.0,0.0,0.0,2025-02-01,1,0,938.2600000000001
C00054,68,Prefer not to say,San Jose,CA,Silver,Beauty,Organic Search,1,1,0.511,0.85,316,0,6,2609.75,434.9583333333333,312.16999999999996,52.02833333333333,65,218,0.8256880733944955,0.0,0.0,2.0,120.5,2.0,120.5,Beauty,1942.57,4,4.0,2.0,1.0,0.0,0.0,3.79,0.5,0.25,0.0,9.0,5.111111111111111,8.303703703703704,7.0,6.0,4.0,2.0,2.0,24.0,0.2222222222222222,0.5,1.0,10.7,5.0,0.0,2025-02-01,0,0,588.99
C00062,63,Prefer not to say,Seattle,WA,Unknown,Baby,Direct,0,0,0.241,0.769,277,0,4,1683.75,420.9375,138.1,34.525,79,195,0.6153846153846154,0.0,0.0,2.0,627.76,2.0,627.76,Baby,810.22,4,3.0,1.0,0.0,0.0,18.333333333333332,3.07,0.3333333333333333,0.0,0.0,4.0,3.0,4.275,1.0,0.0,0.0,0.0,0.0,32.0,0.0,0.0,1.0,7.7,4.0,0.0,2025-02-01,0,0,209.55
C00068,38,Male,Phoenix,AZ,Gold,Baby,Referral,0,1,0.471,0.733,150,0,2,459.26,229.63,82.83,41.415,18,26,2.0,1.0,259.12,2.0,459.26,2.0,459.26,Baby,241.04,2,1.0,0.0,0.0,0.0,20.0,0.72,0.0,0.0,0.0,0.0,0.0,0.0,0.0,0.0,0.0,0.0,0.0,0.0,0.0,0.0,0.0,0.0,0.0,0.0,2025-02-01,0,0,461.02
C00069,72,Female,Scottsdale,AZ,Platinum,Sports,Paid Search,0,0,0.671,0.256,82,1,4,825.74,206.435,158.62,39.655,44,34,3.5294117647058822,0.0,0.0,4.0,825.74,4.0,825.74,Sports,579.22,3,0.0,0.0,0.0,0.0,0.0,0.0,0.0,0.0,0.0,3.0,4.0,6.322222222222223,2.0,2.0,1.0,0.0,0.0,41.0,0.0,0.0,0.0,0.0,0.0,0.0,2025-02-01,0,0,2257.67
C00075,63,Female,Buffalo,NY,Unknown,Baby,Referral,1,0,0.528,0.778,102,0,3,2100.12,700.04,217.94,72.64666666666666,19,80,1.125,1.0,1497.18,2.0,1909.08,3.0,2100.12,Beauty,876.67,4,0.0,0.0,0.0,0.0,0.0,0.0,0.0,0.0,0.0,4.0,5.0,7.05,2.0,1.0,2.0,2.0,2.0,18.0,0.5,1.0,0.0,0.0,0.0,0.0,2025-02-01,0,1,0.0
C00076,44,Non-binary,Buffalo,NY,Unknown,Apparel,Organic Search,1,1,0.234,0.582,178,0,1,473.47,473.47,45.77,45.77,49,0,1.0,0.0,0.0,1.0,473.47,1.0,473.47,Apparel,288.06,2,0.0,0.0,0.0,0.0,0.0,0.0,0.0,0.0,0.0,7.0,4.428571428571429,7.288095238095238,4.0,2.0,3.0,2.0,2.0,38.0,0.2857142857142857,0.6666666666666666,0.0,0.0,0.0,0.0,2025-02-01,0,0,163.63
C00084,43,Male,Boston,MA,Silver,Sports,Organic Search,1,0,0.54,0.654,259,0,1,190.63,190.63,20.07,20.07,3,0,1.0,1.0,190.63,1.0,190.63,1.0,190.63,Sports,177.33,1,4.0,1.0,0.0,2.0,20.0,3.21,0.25,0.0,0.5,6.0,5.333333333333333,9.580555555555556,3.0,1.0,4.0,4.0,4.0,47.0,0.6666666666666666,1.0,0.0,0.0,0.0,0.0,2025-02-01,0,0,41.57
C00086,33,Non-binary,Denver,CO,Gold,Electronics,Direct,1,1,0.416,0.431,158,0,2,599.52,299.76,100.0,50.0,53,43,1.3953488372093024,0.0,0.0,1.0,219.26,2.0,599.52,Electronics,491.96000000000004,2,1.0,0.0,0.0,0.0,20.0,0.72,0.0,0.0,0.0,1.0,3.0,3.433333333333333,0.0,0.0,0.0,0.0,0.0,46.0,0.0,0.0,1.0,23.0,4.0,0.0,2025-02-01,0,0,243.65
C00089,48,Male,Boston,MA,Unknown,Electronics,Referral,0,1,0.623,0.949,123,0,1,959.79,959.79,179.7,179.7,71,0,1.0,0.0,0.0,1.0,959.79,1.0,959.79,Pet,635.78,2,5.0,1.0,0.0,2.0,9.0,3.9899999999999998,0.2,0.0,0.4,4.0,5.0,8.15,2.0,2.0,3.0,2.0,2.0,34.0,0.5,0.6666666666666666,0.0,0.0,0.0,0.0,2025-02-01,0,1,0.0
C00090,20,Male,Boston,MA,Silver,Grocery,Organic Search,1,0,0.232,0.853,108,0,3,793.6,264.53333333333336,101.1,33.699999999999996,13,83,1.0843373493975903,1.0,279.07,2.0,693.88,3.0,793.6,Apparel,259.6,4,1.0,0.0,0.0,0.0,0.0,0.85,0.0,0.0,0.0,2.0,3.5,4.633333333333334,1.0,1.0,0.0,0.0,0.0,75.0,0.0,0.0,0.0,0.0,0.0,0.0,2025-02-01,0,0,104.85999999999999
C00092,31,Prefer not to say,Boulder,CO,Silver,Electronics,Organic Search,1,0,0.805,0.738,254,0,1,272.45,272.45,56.0,56.0,168,0,1.0,0.0,0.0,0.0,0.0,1.0,272.45,Beauty,253.44,1,2.0,0.0,0.0,0.0,12.5,0.855,0.0,0.0,0.0,5.0,4.8,7.5,5.0,3.0,1.0,0.0,0.0,6.0,0.0,0.0,0.0,0.0,0.0,0.0,2025-02-01,0,0,944.8
C00094,66,Female,New York,NY,Unknown,Apparel,Referral,1,1,0.495,0.579,151,0,3,944.8199999999999,314.94,146.73,48.91,9,116,0.7758620689655172,2.0,717.6700000000001,2.0,717.6700000000001,3.0,944.8199999999999,Home,479.99,3,0.0,0.0,0.0,0.0,0.0,0.0,0.0,0.0,0.0,6.0,4.5,6.827777777777778,5.0,3.0,2.0,0.0,0.0,6.0,0.0,0.0,0.0,0.0,0.0,0.0,2025-02-01,0,1,0.0
C00095,74,Prefer not to say,San Francisco,CA,Unknown,Home,Organic Search,0,0,0.332,0.769,340,0,1,140.91,140.91,28.47,28.47,172,0,1.0,0.0,0.0,0.0,0.0,1.0,140.91,Home,131.08,1,5.0,2.0,1.0,1.0,12.0,3.265,0.4,0.2,0.2,8.0,4.0,5.9875,5.0,3.0,1.0,0.0,0.0,47.0,0.0,0.0,0.0,0.0,0.0,0.0,2025-02-01,0,1,0.0
C00096,37,Male,Denver,CO,Unknown,Electronics,Affiliate,1,1,0.806,0.182,110,0,1,460.47,460.47,72.9,72.9,11,0,1.0,1.0,460.47,1.0,460.47,1.0,460.47,Electronics,428.34000000000003,1,1.0,0.0,0.0,0.0,5.0,0.72,0.0,0.0,0.0,1.0,2.0,2.8833333333333333,0.0,0.0,0.0,0.0,0.0,29.0,0.0,0.0,0.0,0.0,0.0,0.0,2025-02-01,0,1,0.0
C00100,44,Non-binary,Boulder,CO,Unknown,Pet,Organic Search,1,0,0.604,0.829,311,0,1,118.16,118.16,6.88,6.88,194,0,1.0,0.0,0.0,0.0,0.0,0.0,0.0,Pet,109.92,1,2.0,2.0,1.0,0.0,20.0,3.0,1.0,0.5,0.0,8.0,4.875,8.145833333333332,5.0,3.0,5.0,3.0,3.0,15.0,0.375,0.6,0.0,0.0,0.0,0.0,2025-02-01,0,0,485.86
C00103,23,Female,Seattle,WA,Unknown,Sports,Direct,1,1,0.422,0.487,150,0,1,1116.37,1116.37,185.15,185.15,98,0,1.0,0.0,0.0,0.0,0.0,1.0,1116.37,Sports,802.71,2,1.0,0.0,0.0,0.0,20.0,0.005,0.0,0.0,0.0,3.0,4.0,5.627777777777777,2.0,2.0,0.0,0.0,0.0,38.0,0.0,0.0,0.0,0.0,0.0,0.0,2025-02-01,0,1,0.0
C00105,22,Non-binary,Austin,TX,Unknown,Beauty,Direct,1,0,0.261,0.36,310,0,2,320.52,160.26,54.34,27.17,54,233,0.2575107296137339,0.0,0.0,1.0,262.71,1.0,262.71,Beauty,244.37,2,0.0,0.0,0.0,0.0,0.0,0.0,0.0,0.0,0.0,2.0,3.0,5.5,1.0,1.0,0.0,0.0,0.0,101.0,0.0,0.0,0.0,0.0,0.0,0.0,2025-02-01,0,1,0.0
C00112,26,Male,Phoenix,AZ,Unknown,Home,Organic Search,1,1,0.471,0.421,308,0,3,488.91,162.97,59.940000000000005,19.98,13,295,0.30508474576271183,1.0,42.36,1.0,42.36,1.0,42.36,Apparel,288.89,3,3.0,0.0,0.0,0.0,10.0,3.7199999999999998,0.0,0.0,0.0,4.0,3.5,4.9375,2.0,1.0,1.0,0.0,0.0,76.0,0.0,0.0,0.0,0.0,0.0,0.0,2025-02-01,0,0,902.47
C00122,22,Non-binary,Tacoma,WA,Gold,Home,Direct,0,1,0.32,0.29,241,0,3,664.41,221.47,53.94,17.98,113,83,1.0843373493975903,0.0,0.0,0.0,0.0,2.0,565.65,Baby,270.19,4,2.0,1.0,0.0,0.0,10.0,1.21,0.5,0.0,0.0,2.0,5.5,10.658333333333333,1.0,1.0,1.0,1.0,1.0,70.0,0.5,1.0,0.0,0.0,0.0,0.0,2025-02-01,0,0,789.3199999999999
C00124,28,Non-binary,Austin,TX,Unknown,Electronics,Paid Social,1,0,0.396,0.889,122,0,1,49.23,49.23,0.28,0.28,96,0,1.0,0.0,0.0,0.0,0.0,1.0,49.23,Electronics,39.29,1,2.0,2.0,1.0,0.0,10.0,2.35,1.0,0.5,0.0,1.0,8.0,17.516666666666666,1.0,1.0,1.0,1.0,1.0,10.0,1.0,1.0,0.0,0.0,0.0,0.0,2025-02-01,0,0,647.76
C00129,38,Prefer not to say,Charlotte,NC,Unknown,Sports,Affiliate,1,0,0.7,0.826,321,0,1,1210.53,1210.53,210.84,210.84,36,0,1.0,0.0,0.0,1.0,1210.53,1.0,1210.53,Sports,773.17,2,4.0,3.0,2.0,0.0,16.25,4.505,0.75,0.5,0.0,5.0,5.0,8.736666666666666,2.0,2.0,2.0,2.0,2.0,61.0,0.4,1.0,0.0,0.0,0.0,0.0,2025-02-01,1,0,462.69
C00133,30,Male,Miami,FL,Silver,Baby,Referral,1,1,0.676,0.734,178,0,1,60.14,60.14,14.19,14.19,173,0,1.0,0.0,0.0,0.0,0.0,1.0,60.14,Grocery,49.44,1,4.0,2.0,2.0,1.0,20.0,2.06,0.5,0.5,0.25,2.0,3.0,4.083333333333333,1.0,0.0,0.0,0.0,0.0,123.0,0.0,0.0,0.0,0.0,0.0,0.0,2025-02-01,0,0,615.96
C00137,37,Non-binary,San Jose,CA,Platinum,Beauty,Paid Search,1,1,0.421,0.582,66,1,1,291.59,291.59,38.19,38.19,26,0,1.0,1.0,291.59,1.0,291.59,1.0,291.59,Beauty,271.25,1,2.0,1.0,0.0,0.0,22.5,1.5699999999999998,0.5,0.0,0.0,2.0,2.0,2.933333333333333,0.0,0.0,0.0,0.0,0.0,5.0,0.0,0.0,0.0,0.0,0.0,0.0,2025-02-01,1,0,373.99
C00141,56,Prefer not to say,Chicago,IL,Gold,Sports,Organic Search,1,1,0.083,0.541,322,0,8,2402.53,300.31625,122.03999999999999,15.254999999999999,32,264,0.9090909090909091,0.0,0.0,3.0,1011.7700000000001,7.0,2067.27,Sports,1476.73,3,6.0,3.0,1.0,1.0,14.166666666666666,4.8149999999999995,0.5,0.16666666666666666,0.16666666666666666,4.0,4.75,9.608333333333334,3.0,1.0,1.0,1.0,1.0,13.0,0.25,1.0,1.0,6.1,4.0,0.0,2025-02-01,0,0,985.56
C00142,58,Prefer not to say,Boston,MA,Unknown,Apparel,Organic Search,1,1,0.829,0.868,203,0,1,261.69,261.69,66.01,66.01,29,0,1.0,1.0,261.69,1.0,261.69,1.0,261.69,Beauty,243.43,1,1.0,1.0,1.0,0.0,5.0,0.005,1.0,1.0,0.0,5.0,5.2,9.933333333333334,5.0,3.0,3.0,0.0,0.0,0.0,0.0,0.0,0.0,0.0,0.0,0.0,2025-02-01,0,1,0.0
C00143,41,Male,Dallas,TX,Silver,Home,Organic Search,1,1,0.398,0.525,99,0,1,107.91,107.91,30.39,30.39,66,0,1.0,0.0,0.0,1.0,107.91,1.0,107.91,Home,100.38,1,2.0,1.0,1.0,0.0,10.0,2.2199999999999998,0.5,0.5,0.0,0.0,0.0,0.0,0.0,0.0,0.0,0.0,0.0,0.0,0.0,0.0,0.0,0.0,0.0,0.0,2025-02-01,0,0,168.99
C00144,71,Prefer not to say,Tacoma,WA,Unknown,Beauty,Affiliate,1,0,0.868,0.547,166,0,1,196.25,196.25,51.07,51.07,101,0,1.0,0.0,0.0,0.0,0.0,1.0,196.25,Beauty,182.56,1,2.0,2.0,1.0,0.0,10.0,2.7,1.0,0.5,0.0,2.0,3.0,4.666666666666667,1.0,0.0,0.0,0.0,0.0,119.0,0.0,0.0,0.0,0.0,0.0,0.0,2025-02-01,0,1,0.0
C00151,67,Female,Dallas,TX,Silver,Sports,Paid Search,1,1,0.285,0.407,133,0,1,866.86,866.86,85.63,85.63,31,0,1.0,0.0,0.0,1.0,866.86,1.0,866.86,Beauty,419.26,2,2.0,0.0,0.0,0.0,5.0,1.44,0.0,0.0,0.0,4.0,3.75,4.054166666666667,3.0,1.0,1.0,0.0,0.0,43.0,0.0,0.0,0.0,0.0,0.0,0.0,2025-02-01,0,0,320.3
C00152,55,Female,New York,NY,Silver,Apparel,Affiliate,0,0,0.734,0.411,389,0,3,463.78,154.59333333333333,82.83,27.61,100,174,0.5172413793103449,0.0,0.0,0.0,0.0,1.0,32.77,Home,128.12,4,1.0,0.0,0.0,0.0,5.0,0.85,0.0,0.0,0.0,2.0,4.0,4.058333333333334,2.0,0.0,0.0,0.0,0.0,94.0,0.0,0.0,0.0,0.0,0.0,0.0,2025-02-01,0,0,332.71
C00154,63,Male,Raleigh,NC,Silver,Grocery,Direct,1,0,0.516,0.521,339,0,1,73.66,73.66,12.58,12.58,216,0,1.0,0.0,0.0,0.0,0.0,0.0,0.0,Baby,68.52,1,4.0,0.0,0.0,0.0,11.25,2.425,0.0,0.0,0.0,7.0,5.571428571428571,8.307142857142857,5.0,4.0,4.0,3.0,3.0,76.0,0.42857142857142855,0.75,0.0,0.0,0.0,0.0,2025-02-01,1,0,358.57
C00157,39,Male,Orlando,FL,Gold,Pet,Direct,1,1,0.182,0.592,342,0,7,2291.8,327.40000000000003,136.26,19.465714285714284,112,176,1.1931818181818183,0.0,0.0,0.0,0.0,4.0,1584.29,Pet,1489.6299999999999,5,4.0,1.0,1.0,1.0,8.75,2.645,0.25,0.25,0.25,7.0,3.5714285714285716,5.3999999999999995,4.0,3.0,1.0,0.0,0.0,84.0,0.0,0.0,0.0,0.0,0.0,0.0,2025-02-01,0,0,706.75
C00164,35,Female,Tacoma,WA,Silver,Grocery,Paid Social,1,1,0.248,0.333,357,0,4,1051.61,262.9025,75.97,18.9925,43,255,0.47058823529411764,0.0,0.0,2.0,170.72,3.0,371.11,Home,541.49,2,2.0,1.0,1.0,0.0,20.0,1.2049999999999998,0.5,0.5,0.0,5.0,4.2,7.113333333333332,3.0,2.0,1.0,1.0,1.0,25.0,0.2,1.0,1.0,12.2,3.0,0.0,2025-02-01,0,0,393.17
C00168,68,Non-binary,Phoenix,AZ,Silver,Baby,Direct,1,0,0.3,0.503,317,0,5,1099.62,219.92399999999998,69.54,13.908000000000001,7,296,0.5067567567567567,1.0,66.21,2.0,205.70999999999998,3.0,495.97999999999996,Home,270.02,6,4.0,1.0,0.0,0.0,10.0,1.2149999999999999,0.25,0.0,0.0,6.0,4.166666666666667,9.200000000000001,2.0,2.0,3.0,2.0,2.0,124.0,0.3333333333333333,0.6666666666666666,0.0,0.0,0.0,0.0,2025-02-01,1,0,282.0
C00171,70,Male,Phoenix,AZ,Platinum,Electronics,Referral,1,1,0.482,0.614,260,0,6,1212.88,202.14666666666668,190.07,31.67833333333333,91,158,1.139240506329114,0.0,0.0,0.0,0.0,2.0,375.49,Electronics,837.15,3,2.0,1.0,0.0,0.0,12.5,1.21,0.5,0.0,0.0,1.0,3.0,2.316666666666667,0.0,0.0,0.0,0.0,0.0,71.0,0.0,0.0,0.0,0.0,0.0,0.0,2025-02-01,1,0,973.7
C00176,56,Female,Houston,TX,Gold,Beauty,Affiliate,1,1,0.239,0.903,216,0,2,936.91,468.455,80.21000000000001,40.105000000000004,26,82,0.7317073170731707,1.0,338.5,1.0,338.5,2.0,936.91,Beauty,425.32,3,1.0,1.0,1.0,0.0,5.0,1.5,1.0,1.0,0.0,5.0,5.0,7.3933333333333335,2.0,2.0,3.0,3.0,3.0,14.0,0.6,1.0,0.0,0.0,0.0,0.0,2025-02-01,0,0,371.6
C00188,31,Non-binary,Scottsdale,AZ,Gold,Beauty,Referral,0,0,0.705,0.654,254,0,1,157.85,157.85,45.63,45.63,202,0,1.0,0.0,0.0,0.0,0.0,0.0,0.0,Beauty,146.84,1,3.0,0.0,0.0,0.0,16.666666666666668,2.29,0.0,0.0,0.0,0.0,0.0,0.0,0.0,0.0,0.0,0.0,0.0,0.0,0.0,0.0,0.0,0.0,0.0,0.0,2025-02-01,0,0,387.09000000000003
C00189,76,Male,Naperville,IL,Gold,Apparel,Paid Social,1,1,0.438,0.647,357,0,3,732.12,244.04,83.44,27.813333333333333,93,63,1.4285714285714286,0.0,0.0,0.0,0.0,3.0,732.12,Apparel,425.6,2,2.0,0.0,0.0,0.0,15.0,1.5699999999999998,0.0,0.0,0.0,7.0,5.285714285714286,9.626190476190475,5.0,4.0,3.0,3.0,3.0,1.0,0.42857142857142855,1.0,0.0,0.0,0.0,0.0,2025-02-01,0,0,362.98
C00195,55,Non-binary,Tacoma,WA,Unknown,Sports,Affiliate,1,1,0.581,0.913,312,0,1,758.4,758.4,91.02,91.02,294,0,1.0,0.0,0.0,0.0,0.0,0.0,0.0,Home,490.19000000000005,2,4.0,2.0,1.0,0.0,15.0,2.295,0.5,0.25,0.0,4.0,3.0,3.775,1.0,1.0,1.0,0.0,0.0,33.0,0.0,0.0,0.0,0.0,0.0,0.0,2025-02-01,0,0,621.04
C00196,43,Male,Boston,MA,Unknown,Sports,Direct,1,0,0.719,0.525,115,0,2,365.36,182.68,67.85,33.925,20,54,1.1111111111111112,1.0,142.19,2.0,365.36,2.0,365.36,Sports,207.6,2,1.0,0.0,0.0,0.0,10.0,0.005,0.0,0.0,0.0,1.0,8.0,13.583333333333334,1.0,1.0,1.0,1.0,1.0,93.0,1.0,1.0,0.0,0.0,0.0,0.0,2025-02-01,0,0,754.74
C00197,70,Male,Dallas,TX,Gold,Sports,Affiliate,1,1,0.612,0.187,232,0,3,1162.06,387.3533333333333,181.57,60.52333333333333,24,191,0.47120418848167545,1.0,617.87,2.0,713.34,2.0,713.34,Sports,708.73,3,4.0,0.0,0.0,0.0,18.75,4.21,0.0,0.0,0.0,3.0,3.6666666666666665,3.4333333333333336,2.0,1.0,0.0,0.0,0.0,29.0,0.0,0.0,0.0,0.0,0.0,0.0,2025-02-01,1,0,625.38
C00198,29,Prefer not to say,Naperville,IL,Gold,Electronics,Organic Search,1,0,0.678,0.833,170,0,2,187.66000000000003,93.83000000000001,16.45,8.225,59,108,0.5555555555555556,0.0,0.0,1.0,157.08,2.0,187.66000000000003,Baby,146.12,2,5.0,2.0,2.0,0.0,11.0,3.8,0.4,0.4,0.0,4.0,3.0,4.095833333333333,1.0,1.0,1.0,0.0,0.0,39.0,0.0,0.0,0.0,0.0,0.0,0.0,2025-02-01,0,0,241.35
C00001,33,Female,Scottsdale,AZ,Silver,Beauty,Paid Search,1,0,0.852,0.38,32,1,1,185.13,185.13,44.98,44.98,23,0,1.0,1.0,185.13,1.0,185.13,1.0,185.13,Apparel,172.21,1,0.0,0.0,0.0,0.0,0.0,0.0,0.0,0.0,0.0,2.0,5.5,7.991666666666667,2.0,2.0,1.0,0.0,0.0,5.0,0.0,0.0,0.0,0.0,0.0,0.0,2025-03-01,0,1,0.0
C00008,56,Female,Charlotte,NC,Unknown,Sports,Paid Social,1,0,0.755,0.458,106,0,2,1339.65,669.825,303.54999999999995,151.77499999999998,72,15,2.0,0.0,0.0,2.0,1339.65,2.0,1339.65,Sports,1246.19,1,0.0,0.0,0.0,0.0,0.0,0.0,0.0,0.0,0.0,1.0,3.0,1.3,0.0,0.0,0.0,0.0,0.0,89.0,0.0,0.0,0.0,0.0,0.0,0.0,2025-03-01,0,0,743.22
C00014,23,Male,Seattle,WA,Unknown,Baby,Affiliate,1,1,0.251,0.454,373,0,1,131.33,131.33,16.66,16.66,294,0,1.0,0.0,0.0,0.0,0.0,0.0,0.0,Home,122.17,1,0.0,0.0,0.0,0.0,0.0,0.0,0.0,0.0,0.0,4.0,6.5,11.7125,3.0,2.0,3.0,3.0,3.0,54.0,0.75,1.0,0.0,0.0,0.0,0.0,2025-03-01,0,0,1269.83
C00016,68,Male,Boulder,CO,Platinum,Electronics,Organic Search,1,0,0.466,0.649,248,0,3,799.2,266.40000000000003,170.94,56.98,104,31,2.9032258064516125,0.0,0.0,0.0,0.0,3.0,799.2,Electronics,257.9,4,3.0,3.0,2.0,0.0,15.0,1.71,1.0,0.6666666666666666,0.0,2.0,4.0,6.258333333333333,1.0,0.0,1.0,1.0,1.0,20.0,0.5,1.0,0.0,0.0,0.0,0.0,2025-03-01,0,1,0.0
C00017,35,Prefer not to say,Orlando,FL,Platinum,Beauty,Organic Search,1,0,0.472,0.673,153,0,3,854.59,284.86333333333334,124.68,41.56,5,140,0.6428571428571428,1.0,224.05,1.0,224.05,3.0,854.59,Beauty,401.32,3,3.0,3.0,1.0,1.0,10.0,2.055,1.0,0.3333333333333333,0.3333333333333333,3.0,6.0,7.144444444444445,3.0,2.0,2.0,1.0,1.0,14.0,0.3333333333333333,0.5,2.0,21.3,4.5,0.0,2025-03-01,1,0,1800.63
C00019,66,Female,Raleigh,NC,Silver,Baby,Organic Search,1,1,0.724,0.433,240,0,2,313.85,156.925,61.26,30.63,56,89,0.6741573033707865,0.0,0.0,1.0,215.22,2.0,313.85,Beauty,184.98,3,1.0,0.0,0.0,0.0,10.0,0.005,0.0,0.0,0.0,2.0,2.5,0.9083333333333333,1.0,0.0,0.0,0.0,0.0,60.0,0.0,0.0,0.0,0.0,0.0,0.0,2025-03-01,0,0,19.4
C00021,59,Male,San Francisco,CA,Unknown,Pet,Direct,1,0,0.943,0.728,301,0,1,136.83,136.83,37.09,37.09,290,0,1.0,0.0,0.0,0.0,0.0,0.0,0.0,Apparel,127.28,1,6.0,2.0,1.0,1.0,13.333333333333334,5.775,0.3333333333333333,0.16666666666666666,0.16666666666666666,3.0,2.0,2.533333333333333,1.0,0.0,0.0,0.0,0.0,54.0,0.0,0.0,0.0,0.0,0.0,0.0,2025-03-01,0,1,0.0
C00026,27,Male,Cambridge,MA,Gold,Sports,Direct,1,1,0.732,0.88,42,1,1,150.39,150.39,23.83,23.83,26,0,1.0,1.0,150.39,1.0,150.39,1.0,150.39,Sports,139.9,1,1.0,1.0,1.0,0.0,5.0,0.005,1.0,1.0,0.0,1.0,2.0,3.5833333333333335,0.0,0.0,0.0,0.0,0.0,0.0,0.0,0.0,0.0,0.0,0.0,0.0,2025-03-01,0,0,966.99
C00027,62,Non-binary,Phoenix,AZ,Unknown,Beauty,Direct,1,1,0.218,0.407,416,0,2,705.3199999999999,352.65999999999997,103.21000000000001,51.605000000000004,152,112,0.5357142857142857,0.0,0.0,0.0,0.0,1.0,74.16,Electronics,587.13,2,8.0,3.0,1.0,0.0,15.625,7.109999999999999,0.375,0.125,0.0,4.0,4.25,7.058333333333334,3.0,2.0,1.0,0.0,0.0,30.0,0.0,0.0,0.0,0.0,0.0,0.0,2025-03-01,0,1,0.0
C00029,48,Non-binary,Houston,TX,Unknown,Grocery,Paid Social,1,1,0.833,0.897,291,0,2,581.05,290.525,107.71000000000001,53.855000000000004,75,72,0.8333333333333334,0.0,0.0,1.0,330.8,2.0,581.05,Beauty,185.53,4,3.0,0.0,0.0,0.0,5.0,2.16,0.0,0.0,0.0,6.0,5.0,7.55,4.0,3.0,3.0,2.0,2.0,63.0,0.3333333333333333,0.6666666666666666,1.0,4.4,4.0,0.0,2025-03-01,0,1,0.0
C00030,55,Prefer not to say,Orlando,FL,Unknown,Pet,Organic Search,1,1,0.554,0.489,348,0,4,1105.8200000000002,276.45500000000004,162.95,40.7375,107,180,0.6666666666666666,0.0,0.0,0.0,0.0,1.0,570.08,Electronics,446.05999999999995,3,2.0,1.0,1.0,0.0,10.0,0.73,0.5,0.5,0.0,6.0,4.333333333333333,7.586111111111111,3.0,3.0,3.0,1.0,1.0,97.0,0.16666666666666666,0.3333333333333333,0.0,0.0,0.0,0.0,2025-03-01,0,0,156.46
C00035,75,Female,Scottsdale,AZ,Silver,Electronics,Affiliate,1,1,0.544,0.406,314,0,2,785.5899999999999,392.79499999999996,75.88,37.94,1,143,0.4195804195804196,1.0,329.28,1.0,329.28,2.0,785.5899999999999,Beauty,424.47,2,2.0,1.0,0.0,0.0,5.0,1.21,0.5,0.0,0.0,4.0,3.0,4.533333333333333,2.0,1.0,0.0,0.0,0.0,10.0,0.0,0.0,0.0,0.0,0.0,0.0,2025-03-01,0,0,460.58
C00041,67,Male,Boulder,CO,Gold,Sports,Paid Social,1,1,0.209,0.683,205,0,2,1858.54,929.27,141.09,70.545,30,104,0.5769230769230769,1.0,998.65,1.0,998.65,2.0,1858.54,Baby,799.9,3,3.0,2.0,0.0,0.0,15.0,2.06,0.6666666666666666,0.0,0.0,5.0,5.8,8.526666666666667,4.0,1.0,3.0,3.0,3.0,5.0,0.6,1.0,0.0,0.0,0.0,0.0,2025-03-01,1,0,546.97
C00045,58,Non-binary,Orlando,FL,Unknown,Baby,Affiliate,1,1,0.437,0.815,348,0,2,133.61,66.805,17.75,8.875,57,271,0.22140221402214022,0.0,0.0,1.0,72.22,1.0,72.22,Baby,124.29,1,3.0,1.0,0.0,0.0,11.666666666666666,1.575,0.3333333333333333,0.0,0.0,3.0,5.333333333333333,9.044444444444444,2.0,2.0,1.0,1.0,1.0,4.0,0.3333333333333333,1.0,0.0,0.0,0.0,0.0,2025-03-01,0,0,281.23
C00048,39,Female,Charlotte,NC,Platinum,Grocery,Paid Social,1,0,0.137,0.355,79,1,1,251.38,251.38,0.48,0.48,44,0,1.0,0.0,0.0,1.0,251.38,1.0,251.38,Electronics,223.86,2,1.0,0.0,0.0,0.0,15.0,0.005,0.0,0.0,0.0,1.0,2.0,1.3833333333333333,0.0,0.0,0.0,0.0,0.0,7.0,0.0,0.0,0.0,0.0,0.0,0.0,2025-03-01,1,0,3058.52
C00050,51,Female,Buffalo,NY,Silver,Baby,Affiliate,1,1,0.535,0.708,241,0,2,247.55,123.775,23.68,11.84,89,22,2.0,0.0,0.0,1.0,22.75,2.0,247.55,Baby,223.78,1,2.0,1.0,1.0,0.0,12.5,0.02,0.5,0.5,0.0,5.0,2.2,2.42,1.0,1.0,1.0,0.0,0.0,8.0,0.0,0.0,0.0,0.0,0.0,0.0,2025-03-01,1,0,252.97
C00051,46,Prefer not to say,Orlando,FL,Unknown,Beauty,Referral,1,1,0.288,0.326,259,0,1,642.9,642.9,77.57,77.57,203,0,1.0,0.0,0.0,0.0,0.0,0.0,0.0,Sports,598.05,1,2.0,2.0,0.0,0.0,10.0,2.4,1.0,0.0,0.0,3.0,4.333333333333333,5.922222222222222,2.0,2.0,2.0,0.0,0.0,98.0,0.0,0.0,1.0,42.7,4.0,0.0,2025-03-01,1,0,835.11
C00052,71,Prefer not to say,New York,NY,Unknown,Beauty,Paid Search,1,0,0.481,0.323,260,0,3,1592.31,530.77,199.04,66.34666666666666,56,188,0.4787234042553192,0.0,0.0,1.0,497.98,1.0,497.98,Beauty,1481.22,1,0.0,0.0,0.0,0.0,0.0,0.0,0.0,0.0,0.0,4.0,5.25,8.9375,3.0,2.0,2.0,1.0,1.0,51.0,0.25,0.5,0.0,0.0,0.0,0.0,2025-03-01,1,0,786.04
C00053,71,Prefer not to say,Boston,MA,Platinum,Grocery,Direct,1,1,0.411,0.855,398,0,6,2290.63,381.7716666666667,341.59,56.931666666666665,202,182,0.989010989010989,0.0,0.0,0.0,0.0,0.0,0.0,Grocery,1100.75,5,8.0,5.0,2.0,0.0,13.125,7.175,0.625,0.25,0.0,9.0,5.0,9.781481481481482,5.0,4.0,6.0,4.0,4.0,186.0,0.4444444444444444,0.6666666666666666,0.0,0.0,0.0,0.0,2025-03-01,1,0,938.2600000000001
C00054,68,Prefer not to say,San Jose,CA,Silver,Beauty,Organic Search,1,1,0.511,0.85,344,0,6,2609.75,434.9583333333333,312.16999999999996,52.02833333333333,93,218,0.8256880733944955,0.0,0.0,0.0,0.0,2.0,120.5,Beauty,1942.57,4,4.0,2.0,1.0,0.0,0.0,3.79,0.5,0.25,0.0,11.0,4.818181818181818,7.781818181818182,8.0,7.0,4.0,2.0,2.0,7.0,0.18181818181818182,0.5,1.0,10.7,5.0,0.0,2025-03-01,0,0,721.58
C00062,63,Prefer not to say,Seattle,WA,Unknown,Baby,Direct,0,0,0.241,0.769,305,0,4,1683.75,420.9375,138.1,34.525,107,195,0.6153846153846154,0.0,0.0,0.0,0.0,2.0,627.76,Baby,810.22,4,3.0,1.0,0.0,0.0,18.333333333333332,3.07,0.3333333333333333,0.0,0.0,5.0,3.4,4.676666666666667,2.0,1.0,0.0,0.0,0.0,15.0,0.0,0.0,1.0,7.7,4.0,0.0,2025-03-01,0,0,209.55
C00068,38,Male,Phoenix,AZ,Gold,Baby,Referral,0,1,0.471,0.733,178,0,2,459.26,229.63,82.83,41.415,46,26,2.0,0.0,0.0,2.0,459.26,2.0,459.26,Baby,241.04,2,2.0,0.0,0.0,0.0,10.0,0.73,0.0,0.0,0.0,1.0,1.0,0.0,0.0,0.0,0.0,0.0,0.0,5.0,0.0,0.0,0.0,0.0,0.0,0.0,2025-03-01,1,0,461.02
C00069,72,Female,Scottsdale,AZ,Platinum,Sports,Paid Search,0,0,0.671,0.256,110,0,4,825.74,206.435,158.62,39.655,72,34,3.5294117647058822,0.0,0.0,2.0,336.78,4.0,825.74,Sports,579.22,3,0.0,0.0,0.0,0.0,0.0,0.0,0.0,0.0,0.0,3.0,4.0,6.322222222222223,2.0,2.0,1.0,0.0,0.0,69.0,0.0,0.0,1.0,18.2,3.0,0.0,2025-03-01,1,0,2257.67
C00075,63,Female,Buffalo,NY,Unknown,Baby,Referral,1,0,0.528,0.778,130,0,3,2100.12,700.04,217.94,72.64666666666666,47,80,1.125,0.0,0.0,1.0,1497.18,3.0,2100.12,Beauty,876.67,4,0.0,0.0,0.0,0.0,0.0,0.0,0.0,0.0,0.0,4.0,5.0,7.05,2.0,1.0,2.0,2.0,2.0,46.0,0.5,1.0,0.0,0.0,0.0,0.0,2025-03-01,0,0,138.31
C00076,44,Non-binary,Buffalo,NY,Unknown,Apparel,Organic Search,1,1,0.234,0.582,206,0,1,473.47,473.47,45.77,45.77,77,0,1.0,0.0,0.0,1.0,473.47,1.0,473.47,Apparel,288.06,2,0.0,0.0,0.0,0.0,0.0,0.0,0.0,0.0,0.0,7.0,4.428571428571429,7.288095238095238,4.0,2.0,3.0,2.0,2.0,66.0,0.2857142857142857,0.6666666666666666,0.0,0.0,0.0,0.0,2025-03-01,0,0,163.63
C00084,43,Male,Boston,MA,Silver,Sports,Organic Search,1,0,0.54,0.654,287,0,1,190.63,190.63,20.07,20.07,31,0,1.0,0.0,0.0,1.0,190.63,1.0,190.63,Sports,177.33,1,4.0,1.0,0.0,2.0,20.0,3.21,0.25,0.0,0.5,6.0,5.333333333333333,9.580555555555556,3.0,1.0,4.0,4.0,4.0,75.0,0.6666666666666666,1.0,0.0,0.0,0.0,0.0,2025-03-01,0,0,157.37
C00086,33,Non-binary,Denver,CO,Gold,Electronics,Direct,1,1,0.416,0.431,186,0,2,599.52,299.76,100.0,50.0,81,43,1.3953488372093024,0.0,0.0,1.0,219.26,2.0,599.52,Electronics,491.96000000000004,2,1.0,0.0,0.0,0.0,20.0,0.72,0.0,0.0,0.0,1.0,3.0,3.433333333333333,0.0,0.0,0.0,0.0,0.0,74.0,0.0,0.0,1.0,23.0,4.0,0.0,2025-03-01,1,0,243.65
C00089,48,Male,Boston,MA,Unknown,Electronics,Referral,0,1,0.623,0.949,151,0,1,959.79,959.79,179.7,179.7,99,0,1.0,0.0,0.0,0.0,0.0,1.0,959.79,Pet,635.78,2,5.0,1.0,0.0,2.0,9.0,3.9899999999999998,0.2,0.0,0.4,4.0,5.0,8.15,2.0,2.0,3.0,2.0,2.0,62.0,0.5,0.6666666666666666,0.0,0.0,0.0,0.0,2025-03-01,0,1,0.0
C00090,20,Male,Boston,MA,Silver,Grocery,Organic Search,1,0,0.232,0.853,136,0,3,793.6,264.53333333333336,101.1,33.699999999999996,41,83,1.0843373493975903,0.0,0.0,1.0,279.07,3.0,793.6,Apparel,259.6,4,1.0,0.0,0.0,0.0,0.0,0.85,0.0,0.0,0.0,2.0,3.5,4.633333333333334,1.0,1.0,0.0,0.0,0.0,103.0,0.0,0.0,0.0,0.0,0.0,0.0,2025-03-01,0,0,104.85999999999999
C00092,31,Prefer not to say,Boulder,CO,Silver,Electronics,Organic Search,1,0,0.805,0.738,282,0,1,272.45,272.45,56.0,56.0,196,0,1.0,0.0,0.0,0.0,0.0,0.0,0.0,Beauty,253.44,1,2.0,0.0,0.0,0.0,12.5,0.855,0.0,0.0,0.0,5.0,4.8,7.5,5.0,3.0,1.0,0.0,0.0,34.0,0.0,0.0,0.0,0.0,0.0,0.0,2025-03-01,1,0,944.8
C00094,66,Female,New York,NY,Unknown,Apparel,Referral,1,1,0.495,0.579,179,0,3,944.8199999999999,314.94,146.73,48.91,37,116,0.7758620689655172,0.0,0.0,2.0,717.6700000000001,3.0,944.8199999999999,Home,479.99,3,0.0,0.0,0.0,0.0,0.0,0.0,0.0,0.0,0.0,6.0,4.5,6.827777777777778,5.0,3.0,2.0,0.0,0.0,34.0,0.0,0.0,0.0,0.0,0.0,0.0,2025-03-01,0,1,0.0
C00095,74,Prefer not to say,San Francisco,CA,Unknown,Home,Organic Search,0,0,0.332,0.769,368,0,1,140.91,140.91,28.47,28.47,200,0,1.0,0.0,0.0,0.0,0.0,0.0,0.0,Home,131.08,1,5.0,2.0,1.0,1.0,12.0,3.265,0.4,0.2,0.2,8.0,4.0,5.9875,5.0,3.0,1.0,0.0,0.0,75.0,0.0,0.0,0.0,0.0,0.0,0.0,2025-03-01,0,1,0.0
C00096,37,Male,Denver,CO,Unknown,Electronics,Affiliate,1,1,0.806,0.182,138,0,1,460.47,460.47,72.9,72.9,39,0,1.0,0.0,0.0,1.0,460.47,1.0,460.47,Electronics,428.34000000000003,1,1.0,0.0,0.0,0.0,5.0,0.72,0.0,0.0,0.0,1.0,2.0,2.8833333333333333,0.0,0.0,0.0,0.0,0.0,57.0,0.0,0.0,0.0,0.0,0.0,0.0,2025-03-01,0,1,0.0
C00100,44,Non-binary,Boulder,CO,Unknown,Pet,Organic Search,1,0,0.604,0.829,339,0,1,118.16,118.16,6.88,6.88,222,0,1.0,0.0,0.0,0.0,0.0,0.0,0.0,Pet,109.92,1,3.0,3.0,2.0,0.0,15.0,3.005,1.0,0.6666666666666666,0.0,9.0,5.0,8.427777777777777,6.0,4.0,6.0,3.0,3.0,25.0,0.3333333333333333,0.5,0.0,0.0,0.0,0.0,2025-03-01,0,0,485.86
C00103,23,Female,Seattle,WA,Unknown,Sports,Direct,1,1,0.422,0.487,178,0,1,1116.37,1116.37,185.15,185.15,126,0,1.0,0.0,0.0,0.0,0.0,1.0,1116.37,Sports,802.71,2,1.0,0.0,0.0,0.0,20.0,0.005,0.0,0.0,0.0,4.0,4.5,6.408333333333333,3.0,3.0,1.0,0.0,0.0,12.0,0.0,0.0,0.0,0.0,0.0,0.0,2025-03-01,0,1,0.0
C00105,22,Non-binary,Austin,TX,Unknown,Beauty,Direct,1,0,0.261,0.36,338,0,2,320.52,160.26,54.34,27.17,82,233,0.2575107296137339,0.0,0.0,1.0,262.71,1.0,262.71,Beauty,244.37,2,0.0,0.0,0.0,0.0,0.0,0.0,0.0,0.0,0.0,2.0,3.0,5.5,1.0,1.0,0.0,0.0,0.0,129.0,0.0,0.0,0.0,0.0,0.0,0.0,2025-03-01,0,1,0.0
C00112,26,Male,Phoenix,AZ,Unknown,Home,Organic Search,1,1,0.471,0.421,336,0,3,488.91,162.97,59.940000000000005,19.98,41,295,0.30508474576271183,0.0,0.0,1.0,42.36,1.0,42.36,Apparel,288.89,3,3.0,0.0,0.0,0.0,10.0,3.7199999999999998,0.0,0.0,0.0,5.0,4.0,5.1866666666666665,3.0,2.0,2.0,0.0,0.0,5.0,0.0,0.0,0.0,0.0,0.0,0.0,2025-03-01,0,0,902.47
C00114,74,Non-binary,Cambridge,MA,Silver,Apparel,Referral,1,1,0.838,0.562,172,0,2,585.44,292.72,165.26999999999998,82.63499999999999,17,4,2.0,2.0,585.44,2.0,585.44,2.0,585.44,Apparel,544.6,1,3.0,1.0,0.0,0.0,16.666666666666668,1.5799999999999998,0.3333333333333333,0.0,0.0,1.0,8.0,19.333333333333332,1.0,1.0,1.0,1.0,1.0,117.0,1.0,1.0,0.0,0.0,0.0,0.0,2025-03-01,0,0,201.81
C00117,51,Prefer not to say,Miami,FL,Platinum,Apparel,Organic Search,1,0,0.664,0.676,45,1,1,15.85,15.85,1.81,1.81,21,0,1.0,1.0,15.85,1.0,15.85,1.0,15.85,Home,14.74,1,1.0,0.0,0.0,0.0,20.0,1.5,0.0,0.0,0.0,2.0,4.5,8.058333333333334,1.0,1.0,1.0,0.0,0.0,21.0,0.0,0.0,0.0,0.0,0.0,0.0,2025-03-01,0,0,580.54
C00122,22,Non-binary,Tacoma,WA,Gold,Home,Direct,0,1,0.32,0.29,269,0,3,664.41,221.47,53.94,17.98,141,83,1.0843373493975903,0.0,0.0,0.0,0.0,2.0,565.65,Baby,270.19,4,2.0,1.0,0.0,0.0,10.0,1.21,0.5,0.0,0.0,2.0,5.5,10.658333333333333,1.0,1.0,1.0,1.0,1.0,98.0,0.5,1.0,0.0,0.0,0.0,0.0,2025-03-01,0,0,814.2
C00123,51,Non-binary,Austin,TX,Unknown,Home,Paid Social,1,0,0.583,0.856,175,0,1,427.63,427.63,53.98,53.98,5,0,1.0,1.0,427.63,1.0,427.63,1.0,427.63,Beauty,397.8,1,2.0,0.0,0.0,0.0,12.5,0.73,0.0,0.0,0.0,6.0,4.333333333333333,8.019444444444444,5.0,2.0,1.0,1.0,1.0,27.0,0.16666666666666666,1.0,1.0,3.1,4.0,0.0,2025-03-01,0,0,776.93
C00124,28,Non-binary,Austin,TX,Unknown,Electronics,Paid Social,1,0,0.396,0.889,150,0,1,49.23,49.23,0.28,0.28,124,0,1.0,0.0,0.0,0.0,0.0,1.0,49.23,Electronics,39.29,1,2.0,2.0,1.0,0.0,10.0,2.35,1.0,0.5,0.0,1.0,8.0,17.516666666666666,1.0,1.0,1.0,1.0,1.0,38.0,1.0,1.0,0.0,0.0,0.0,0.0,2025-03-01,0,0,647.76
C00127,62,Female,Buffalo,NY,Silver,Apparel,Organic Search,1,1,0.702,0.675,48,1,2,721.82,360.91,114.27,57.135,19,8,2.0,2.0,721.82,2.0,721.82,2.0,721.82,Home,671.46,1,3.0,2.0,0.0,1.0,11.666666666666666,2.36,0.6666666666666666,0.0,0.3333333333333333,0.0,0.0,0.0,0.0,0.0,0.0,0.0,0.0,0.0,0.0,0.0,0.0,0.0,0.0,0.0,2025-03-01,0,1,0.0
C00129,38,Prefer not to say,Charlotte,NC,Unknown,Sports,Affiliate,1,0,0.7,0.826,349,0,2,1600.3,800.15,287.92,143.96,4,60,1.0,1.0,389.77,2.0,1600.3,2.0,1600.3,Sports,773.17,3,4.0,3.0,2.0,0.0,16.25,4.505,0.75,0.5,0.0,6.0,5.5,9.15,3.0,3.0,3.0,3.0,3.0,16.0,0.5,1.0,0.0,0.0,0.0,0.0,2025-03-01,0,0,72.92
C00133,30,Male,Miami,FL,Silver,Baby,Referral,1,1,0.676,0.734,206,0,1,60.14,60.14,14.19,14.19,201,0,1.0,0.0,0.0,0.0,0.0,0.0,0.0,Grocery,49.44,1,5.0,3.0,3.0,2.0,17.0,2.065,0.6,0.6,0.4,4.0,4.75,7.845833333333333,3.0,1.0,2.0,1.0,1.0,3.0,0.25,0.5,0.0,0.0,0.0,0.0,2025-03-01,1,0,615.96
C00137,37,Non-binary,San Jose,CA,Platinum,Beauty,Paid Search,1,1,0.421,0.582,94,0,2,442.25,221.125,57.129999999999995,28.564999999999998,13,41,1.4634146341463414,1.0,150.66,2.0,442.25,2.0,442.25,Beauty,271.25,2,3.0,1.0,0.0,1.0,21.666666666666668,2.29,0.3333333333333333,0.0,0.3333333333333333,2.0,2.0,2.933333333333333,0.0,0.0,0.0,0.0,0.0,33.0,0.0,0.0,0.0,0.0,0.0,0.0,2025-03-01,0,0,894.5400000000001
C00141,56,Prefer not to say,Chicago,IL,Gold,Sports,Organic Search,1,1,0.083,0.541,350,0,8,2402.53,300.31625,122.03999999999999,15.254999999999999,60,264,0.9090909090909091,0.0,0.0,3.0,1011.7700000000001,6.0,1576.7400000000002,Sports,1476.73,3,6.0,3.0,1.0,1.0,14.166666666666666,4.8149999999999995,0.5,0.16666666666666666,0.16666666666666666,4.0,4.75,9.608333333333334,3.0,1.0,1.0,1.0,1.0,41.0,0.25,1.0,1.0,6.1,4.0,0.0,2025-03-01,0,0,985.56
C00142,58,Prefer not to say,Boston,MA,Unknown,Apparel,Organic Search,1,1,0.829,0.868,231,0,1,261.69,261.69,66.01,66.01,57,0,1.0,0.0,0.0,1.0,261.69,1.0,261.69,Beauty,243.43,1,1.0,1.0,1.0,0.0,5.0,0.005,1.0,1.0,0.0,5.0,5.2,9.933333333333334,5.0,3.0,3.0,0.0,0.0,28.0,0.0,0.0,0.0,0.0,0.0,0.0,2025-03-01,0,1,0.0
C00143,41,Male,Dallas,TX,Silver,Home,Organic Search,1,1,0.398,0.525,127,0,1,107.91,107.91,30.39,30.39,94,0,1.0,0.0,0.0,0.0,0.0,1.0,107.91,Home,100.38,1,2.0,1.0,1.0,0.0,10.0,2.2199999999999998,0.5,0.5,0.0,0.0,0.0,0.0,0.0,0.0,0.0,0.0,0.0,0.0,0.0,0.0,0.0,0.0,0.0,0.0,2025-03-01,0,0,168.99
C00144,71,Prefer not to say,Tacoma,WA,Unknown,Beauty,Affiliate,1,0,0.868,0.547,194,0,1,196.25,196.25,51.07,51.07,129,0,1.0,0.0,0.0,0.0,0.0,1.0,196.25,Beauty,182.56,1,2.0,2.0,1.0,0.0,10.0,2.7,1.0,0.5,0.0,2.0,3.0,4.666666666666667,1.0,0.0,0.0,0.0,0.0,147.0,0.0,0.0,0.0,0.0,0.0,0.0,2025-03-01,0,1,0.0
C00151,67,Female,Dallas,TX,Silver,Sports,Paid Search,1,1,0.285,0.407,161,0,1,866.86,866.86,85.63,85.63,59,0,1.0,0.0,0.0,1.0,866.86,1.0,866.86,Beauty,419.26,2,3.0,0.0,0.0,0.0,6.666666666666667,2.16,0.0,0.0,0.0,5.0,3.6,4.173333333333334,3.0,1.0,1.0,0.0,0.0,14.0,0.0,0.0,0.0,0.0,0.0,0.0,2025-03-01,0,0,469.98
C00152,55,Female,New York,NY,Silver,Apparel,Affiliate,0,0,0.734,0.411,417,0,3,463.78,154.59333333333333,82.83,27.61,128,174,0.5172413793103449,0.0,0.0,0.0,0.0,1.0,32.77,Home,128.12,4,1.0,0.0,0.0,0.0,5.0,0.85,0.0,0.0,0.0,3.0,4.666666666666667,6.6000000000000005,3.0,1.0,1.0,0.0,0.0,15.0,0.0,0.0,0.0,0.0,0.0,0.0,2025-03-01,1,0,332.71
C00154,63,Male,Raleigh,NC,Silver,Grocery,Direct,1,0,0.516,0.521,367,0,2,432.23,216.115,51.839999999999996,25.919999999999998,15,229,0.26200873362445415,1.0,358.57,1.0,358.57,1.0,358.57,Apparel,289.75,3,4.0,0.0,0.0,0.0,11.25,2.425,0.0,0.0,0.0,7.0,5.571428571428571,8.307142857142857,5.0,4.0,4.0,3.0,3.0,104.0,0.42857142857142855,0.75,0.0,0.0,0.0,0.0,2025-03-01,0,0,587.96
C00157,39,Male,Orlando,FL,Gold,Pet,Direct,1,1,0.182,0.592,370,0,7,2291.8,327.40000000000003,136.26,19.465714285714284,140,176,1.1931818181818183,0.0,0.0,0.0,0.0,2.0,553.64,Pet,1489.6299999999999,5,4.0,1.0,1.0,1.0,8.75,2.645,0.25,0.25,0.25,7.0,3.5714285714285716,5.3999999999999995,4.0,3.0,1.0,0.0,0.0,112.0,0.0,0.0,0.0,0.0,0.0,0.0,2025-03-01,1,0,706.75
C00162,49,Male,Houston,TX,Unknown,Baby,Referral,1,1,0.451,0.545,136,0,1,243.44,243.44,61.33,61.33,19,0,1.0,1.0,243.44,1.0,243.44,1.0,243.44,Apparel,170.34,2,1.0,0.0,0.0,0.0,20.0,0.005,0.0,0.0,0.0,2.0,4.5,8.841666666666667,2.0,1.0,0.0,0.0,0.0,8.0,0.0,0.0,0.0,0.0,0.0,0.0,2025-03-01,0,0,55.34
C00164,35,Female,Tacoma,WA,Silver,Grocery,Paid Social,1,1,0.248,0.333,385,0,4,1051.61,262.9025,75.97,18.9925,71,255,0.47058823529411764,0.0,0.0,2.0,170.72,3.0,371.11,Home,541.49,2,2.0,1.0,1.0,0.0,20.0,1.2049999999999998,0.5,0.5,0.0,5.0,4.2,7.113333333333332,3.0,2.0,1.0,1.0,1.0,53.0,0.2,1.0,1.0,12.2,3.0,0.0,2025-03-01,0,0,801.33
C00168,68,Non-binary,Phoenix,AZ,Silver,Baby,Direct,1,0,0.3,0.503,345,0,6,1243.75,207.29166666666666,81.56,13.593333333333334,16,315,0.5714285714285714,1.0,144.13,3.0,349.84,4.0,640.1099999999999,Home,270.02,6,4.0,1.0,0.0,0.0,10.0,1.2149999999999999,0.25,0.0,0.0,6.0,4.166666666666667,9.200000000000001,2.0,2.0,3.0,2.0,2.0,152.0,0.3333333333333333,0.6666666666666666,0.0,0.0,0.0,0.0,2025-03-01,0,0,174.31
C00171,70,Male,Phoenix,AZ,Platinum,Electronics,Referral,1,1,0.482,0.614,288,0,7,1469.32,209.90285714285713,254.01999999999998,36.28857142857142,26,251,0.8366533864541832,1.0,256.44,1.0,256.44,3.0,631.9300000000001,Electronics,1075.7,3,2.0,1.0,0.0,0.0,12.5,1.21,0.5,0.0,0.0,1.0,3.0,2.316666666666667,0.0,0.0,0.0,0.0,0.0,99.0,0.0,0.0,0.0,0.0,0.0,0.0,2025-03-01,1,0,717.26
C00172,62,Non-binary,Denver,CO,Unknown,Sports,Paid Search,1,0,0.676,0.372,96,0,1,140.8,140.8,42.77,42.77,8,0,1.0,1.0,140.8,1.0,140.8,1.0,140.8,Baby,130.98,1,2.0,0.0,0.0,0.0,0.0,0.86,0.0,0.0,0.0,2.0,5.0,7.875,2.0,2.0,0.0,0.0,0.0,26.0,0.0,0.0,0.0,0.0,0.0,0.0,2025-03-01,0,0,496.86
C00176,56,Female,Houston,TX,Gold,Beauty,Affiliate,1,1,0.239,0.903,244,0,2,936.91,468.455,80.21000000000001,40.105000000000004,54,82,0.7317073170731707,0.0,0.0,1.0,338.5,2.0,936.91,Beauty,425.32,3,2.0,2.0,2.0,0.0,10.0,3.0,1.0,1.0,0.0,7.0,4.857142857142857,8.064285714285715,3.0,3.0,4.0,3.0,3.0,3.0,0.42857142857142855,0.75,0.0,0.0,0.0,0.0,2025-03-01,0,0,371.6
C00188,31,Non-binary,Scottsdale,AZ,Gold,Beauty,Referral,0,0,0.705,0.654,282,0,1,157.85,157.85,45.63,45.63,230,0,1.0,0.0,0.0,0.0,0.0,0.0,0.0,Beauty,146.84,1,3.0,0.0,0.0,0.0,16.666666666666668,2.29,0.0,0.0,0.0,1.0,4.0,7.516666666666667,1.0,0.0,0.0,0.0,0.0,26.0,0.0,0.0,0.0,0.0,0.0,0.0,2025-03-01,1,0,387.09000000000003
C00189,76,Male,Naperville,IL,Gold,Apparel,Paid Social,1,1,0.438,0.647,385,0,3,732.12,244.04,83.44,27.813333333333333,121,63,1.4285714285714286,0.0,0.0,0.0,0.0,2.0,420.47,Apparel,425.6,2,3.0,1.0,0.0,0.0,10.0,2.42,0.3333333333333333,0.0,0.0,7.0,5.285714285714286,9.626190476190475,5.0,4.0,3.0,3.0,3.0,29.0,0.42857142857142855,1.0,0.0,0.0,0.0,0.0,2025-03-01,1,0,362.98
C00195,55,Non-binary,Tacoma,WA,Unknown,Sports,Affiliate,1,1,0.581,0.913,340,0,1,758.4,758.4,91.02,91.02,322,0,1.0,0.0,0.0,0.0,0.0,0.0,0.0,Home,490.19000000000005,2,4.0,2.0,1.0,0.0,15.0,2.295,0.5,0.25,0.0,5.0,2.8,3.66,1.0,1.0,1.0,0.0,0.0,1.0,0.0,0.0,0.0,0.0,0.0,0.0,2025-03-01,0,0,1030.84
C00196,43,Male,Boston,MA,Unknown,Sports,Direct,1,0,0.719,0.525,143,0,2,365.36,182.68,67.85,33.925,48,54,1.1111111111111112,0.0,0.0,1.0,142.19,2.0,365.36,Sports,207.6,2,1.0,0.0,0.0,0.0,10.0,0.005,0.0,0.0,0.0,1.0,8.0,13.583333333333334,1.0,1.0,1.0,1.0,1.0,121.0,1.0,1.0,0.0,0.0,0.0,0.0,2025-03-01,0,0,754.74
C00197,70,Male,Dallas,TX,Gold,Sports,Affiliate,1,1,0.612,0.187,260,0,5,1787.44,357.488,315.73,63.146,5,238,0.6302521008403361,2.0,625.38,4.0,1338.72,4.0,1338.72,Sports,974.9100000000001,4,5.0,1.0,0.0,0.0,19.0,4.22,0.2,0.0,0.0,3.0,3.6666666666666665,3.4333333333333336,2.0,1.0,0.0,0.0,0.0,57.0,0.0,0.0,0.0,0.0,0.0,0.0,2025-03-01,0,0,613.57
C00198,29,Prefer not to say,Naperville,IL,Gold,Electronics,Organic Search,1,0,0.678,0.833,198,0,2,187.66000000000003,93.83000000000001,16.45,8.225,87,108,0.5555555555555556,0.0,0.0,1.0,157.08,1.0,157.08,Baby,146.12,2,5.0,2.0,2.0,0.0,11.0,3.8,0.4,0.4,0.0,4.0,3.0,4.095833333333333,1.0,1.0,1.0,0.0,0.0,67.0,0.0,0.0,0.0,0.0,0.0,0.0,2025-03-01,1,0,241.35
C00001,33,Female,Scottsdale,AZ,Silver,Beauty,Paid Search,1,0,0.852,0.38,63,1,1,185.13,185.13,44.98,44.98,54,0,1.0,0.0,0.0,1.0,185.13,1.0,185.13,Apparel,172.21,1,0.0,0.0,0.0,0.0,0.0,0.0,0.0,0.0,0.0,3.0,5.666666666666667,7.422222222222222,2.0,2.0,2.0,1.0,1.0,19.0,0.3333333333333333,0.5,0.0,0.0,0.0,0.0,2025-04-01,0,1,0.0
C00008,56,Female,Charlotte,NC,Unknown,Sports,Paid Social,1,0,0.755,0.458,137,0,2,1339.65,669.825,303.54999999999995,151.77499999999998,103,15,2.0,0.0,0.0,0.0,0.0,2.0,1339.65,Sports,1246.19,1,0.0,0.0,0.0,0.0,0.0,0.0,0.0,0.0,0.0,2.0,4.0,4.65,1.0,1.0,0.0,0.0,0.0,28.0,0.0,0.0,0.0,0.0,0.0,0.0,2025-04-01,1,0,743.22
C00014,23,Male,Seattle,WA,Unknown,Baby,Affiliate,1,1,0.251,0.454,404,0,1,131.33,131.33,16.66,16.66,325,0,1.0,0.0,0.0,0.0,0.0,0.0,0.0,Home,122.17,1,0.0,0.0,0.0,0.0,0.0,0.0,0.0,0.0,0.0,5.0,6.8,11.786666666666667,4.0,3.0,4.0,4.0,4.0,0.0,0.8,1.0,0.0,0.0,0.0,0.0,2025-04-01,1,0,1350.77
C00016,68,Male,Boulder,CO,Platinum,Electronics,Organic Search,1,0,0.466,0.649,279,0,3,799.2,266.40000000000003,170.94,56.98,135,31,2.9032258064516125,0.0,0.0,0.0,0.0,3.0,799.2,Electronics,257.9,4,3.0,3.0,2.0,0.0,15.0,1.71,1.0,0.6666666666666666,0.0,2.0,4.0,6.258333333333333,1.0,0.0,1.0,1.0,1.0,51.0,0.5,1.0,0.0,0.0,0.0,0.0,2025-04-01,0,0,448.98
C00017,35,Prefer not to say,Orlando,FL,Platinum,Beauty,Organic Search,1,0,0.472,0.673,184,0,6,1499.67,249.94500000000002,191.57999999999998,31.929999999999996,10,166,1.0843373493975903,3.0,645.08,4.0,869.13,6.0,1499.67,Beauty,649.26,3,3.0,3.0,1.0,1.0,10.0,2.055,1.0,0.3333333333333333,0.3333333333333333,3.0,6.0,7.144444444444445,3.0,2.0,2.0,1.0,1.0,45.0,0.3333333333333333,0.5,2.0,21.3,4.5,0.0,2025-04-01,1,0,1368.26
C00019,66,Female,Raleigh,NC,Silver,Baby,Organic Search,1,1,0.724,0.433,271,0,2,313.85,156.925,61.26,30.63,87,89,0.6741573033707865,0.0,0.0,1.0,215.22,2.0,313.85,Beauty,184.98,3,1.0,0.0,0.0,0.0,10.0,0.005,0.0,0.0,0.0,5.0,2.8,3.8033333333333332,2.0,1.0,0.0,0.0,0.0,10.0,0.0,0.0,0.0,0.0,0.0,0.0,2025-04-01,0,0,19.4
C00021,59,Male,San Francisco,CA,Unknown,Pet,Direct,1,0,0.943,0.728,332,0,1,136.83,136.83,37.09,37.09,321,0,1.0,0.0,0.0,0.0,0.0,0.0,0.0,Apparel,127.28,1,6.0,2.0,1.0,1.0,13.333333333333334,5.775,0.3333333333333333,0.16666666666666666,0.16666666666666666,4.0,3.25,4.254166666666666,2.0,0.0,1.0,1.0,1.0,22.0,0.25,1.0,0.0,0.0,0.0,0.0,2025-04-01,0,1,0.0
C00026,27,Male,Cambridge,MA,Gold,Sports,Direct,1,1,0.732,0.88,73,1,1,150.39,150.39,23.83,23.83,57,0,1.0,0.0,0.0,1.0,150.39,1.0,150.39,Sports,139.9,1,1.0,1.0,1.0,0.0,5.0,0.005,1.0,1.0,0.0,5.0,3.8,7.92,3.0,3.0,1.0,0.0,0.0,4.0,0.0,0.0,1.0,8.8,4.0,0.0,2025-04-01,1,0,966.99
C00027,62,Non-binary,Phoenix,AZ,Unknown,Beauty,Direct,1,1,0.218,0.407,447,0,2,705.3199999999999,352.65999999999997,103.21000000000001,51.605000000000004,183,112,0.5357142857142857,0.0,0.0,0.0,0.0,0.0,0.0,Electronics,587.13,2,8.0,3.0,1.0,0.0,15.625,7.109999999999999,0.375,0.125,0.0,5.0,4.6,7.3966666666666665,4.0,3.0,2.0,0.0,0.0,5.0,0.0,0.0,0.0,0.0,0.0,0.0,2025-04-01,0,1,0.0
C00029,48,Non-binary,Houston,TX,Unknown,Grocery,Paid Social,1,1,0.833,0.897,322,0,2,581.05,290.525,107.71000000000001,53.855000000000004,106,72,0.8333333333333334,0.0,0.0,0.0,0.0,2.0,581.05,Beauty,185.53,4,3.0,0.0,0.0,0.0,5.0,2.16,0.0,0.0,0.0,6.0,5.0,7.55,4.0,3.0,3.0,2.0,2.0,94.0,0.3333333333333333,0.6666666666666666,1.0,4.4,4.0,0.0,2025-04-01,0,1,0.0
C00030,55,Prefer not to say,Orlando,FL,Unknown,Pet,Organic Search,1,1,0.554,0.489,379,0,4,1105.8200000000002,276.45500000000004,162.95,40.7375,138,180,0.6666666666666666,0.0,0.0,0.0,0.0,1.0,570.08,Electronics,446.05999999999995,3,2.0,1.0,1.0,0.0,10.0,0.73,0.5,0.5,0.0,7.0,4.571428571428571,8.383333333333335,4.0,4.0,4.0,1.0,1.0,24.0,0.14285714285714285,0.25,0.0,0.0,0.0,0.0,2025-04-01,0,0,549.35
C00035,75,Female,Scottsdale,AZ,Silver,Electronics,Affiliate,1,1,0.544,0.406,345,0,2,785.5899999999999,392.79499999999996,75.88,37.94,32,143,0.4195804195804196,0.0,0.0,1.0,329.28,2.0,785.5899999999999,Beauty,424.47,2,2.0,1.0,0.0,0.0,5.0,1.21,0.5,0.0,0.0,4.0,3.0,4.533333333333333,2.0,1.0,0.0,0.0,0.0,41.0,0.0,0.0,0.0,0.0,0.0,0.0,2025-04-01,0,0,460.58
C00041,67,Male,Boulder,CO,Gold,Sports,Paid Social,1,1,0.209,0.683,236,0,4,2250.36,562.59,182.71,45.6775,10,155,0.7741935483870968,2.0,391.82000000000005,3.0,1390.47,4.0,2250.36,Baby,922.78,4,4.0,2.0,0.0,0.0,11.25,2.065,0.5,0.0,0.0,5.0,5.8,8.526666666666667,4.0,1.0,3.0,3.0,3.0,36.0,0.6,1.0,0.0,0.0,0.0,0.0,2025-04-01,0,0,155.15
C00045,58,Non-binary,Orlando,FL,Unknown,Baby,Affiliate,1,1,0.437,0.815,379,0,2,133.61,66.805,17.75,8.875,88,271,0.22140221402214022,0.0,0.0,1.0,72.22,1.0,72.22,Baby,124.29,1,3.0,1.0,0.0,0.0,11.666666666666666,1.575,0.3333333333333333,0.0,0.0,4.0,5.75,9.583333333333332,3.0,2.0,2.0,2.0,2.0,14.0,0.5,1.0,0.0,0.0,0.0,0.0,2025-04-01,0,0,281.23
C00048,39,Female,Charlotte,NC,Platinum,Grocery,Paid Social,1,0,0.137,0.355,110,0,2,566.1800000000001,283.09000000000003,17.080000000000002,8.540000000000001,13,62,0.9677419354838709,1.0,314.8,2.0,566.1800000000001,2.0,566.1800000000001,Beauty,292.84,3,2.0,1.0,0.0,0.0,12.5,1.505,0.5,0.0,0.0,2.0,1.5,0.6916666666666667,0.0,0.0,0.0,0.0,0.0,21.0,0.0,0.0,1.0,6.9,4.0,0.0,2025-04-01,1,0,2743.72
C00050,51,Female,Buffalo,NY,Silver,Baby,Affiliate,1,1,0.535,0.708,272,0,3,500.52,166.84,72.52000000000001,24.173333333333336,10,132,0.6818181818181818,1.0,252.97,1.0,252.97,3.0,500.52,Baby,459.1,1,2.0,1.0,1.0,0.0,12.5,0.02,0.5,0.5,0.0,5.0,2.2,2.42,1.0,1.0,1.0,0.0,0.0,39.0,0.0,0.0,0.0,0.0,0.0,0.0,2025-04-01,0,1,0.0
C00051,46,Prefer not to say,Orlando,FL,Unknown,Beauty,Referral,1,1,0.288,0.326,290,0,2,1254.1599999999999,627.0799999999999,153.20999999999998,76.60499999999999,11,223,0.26905829596412556,1.0,611.26,1.0,611.26,1.0,611.26,Sports,598.05,2,3.0,2.0,0.0,0.0,15.0,3.12,0.6666666666666666,0.0,0.0,3.0,4.333333333333333,5.922222222222222,2.0,2.0,2.0,0.0,0.0,129.0,0.0,0.0,1.0,42.7,4.0,0.0,2025-04-01,1,0,223.85
C00052,71,Prefer not to say,New York,NY,Unknown,Beauty,Paid Search,1,0,0.481,0.323,291,0,4,2378.35,594.5875,319.44,79.86,20,255,0.47058823529411764,1.0,786.04,2.0,1284.02,2.0,1284.02,Beauty,1689.1599999999999,3,0.0,0.0,0.0,0.0,0.0,0.0,0.0,0.0,0.0,4.0,5.25,8.9375,3.0,2.0,2.0,1.0,1.0,82.0,0.25,0.5,0.0,0.0,0.0,0.0,2025-04-01,0,1,0.0
C00053,71,Prefer not to say,Boston,MA,Platinum,Grocery,Direct,1,1,0.411,0.855,429,0,8,2997.56,374.695,436.35,54.54375,4,411,0.5839416058394161,2.0,706.9300000000001,2.0,706.9300000000001,2.0,706.9300000000001,Grocery,1209.08,6,8.0,5.0,2.0,0.0,13.125,7.175,0.625,0.25,0.0,11.0,5.2727272727272725,9.722727272727273,6.0,5.0,8.0,6.0,6.0,2.0,0.5454545454545454,0.75,0.0,0.0,0.0,0.0,2025-04-01,0,0,672.98
C00054,68,Prefer not to say,San Jose,CA,Silver,Beauty,Organic Search,1,1,0.511,0.85,375,0,6,2609.75,434.9583333333333,312.16999999999996,52.02833333333333,124,218,0.8256880733944955,0.0,0.0,0.0,0.0,2.0,120.5,Beauty,1942.57,4,5.0,2.0,1.0,0.0,0.0,4.64,0.4,0.2,0.0,11.0,4.818181818181818,7.781818181818182,8.0,7.0,4.0,2.0,2.0,38.0,0.18181818181818182,0.5,1.0,10.7,5.0,0.0,2025-04-01,1,0,999.4
C00062,63,Prefer not to say,Seattle,WA,Unknown,Baby,Direct,0,0,0.241,0.769,336,0,4,1683.75,420.9375,138.1,34.525,138,195,0.6153846153846154,0.0,0.0,0.0,0.0,2.0,627.76,Baby,810.22,4,3.0,1.0,0.0,0.0,18.333333333333332,3.07,0.3333333333333333,0.0,0.0,5.0,3.4,4.676666666666667,2.0,1.0,0.0,0.0,0.0,46.0,0.0,0.0,1.0,7.7,4.0,0.0,2025-04-01,0,0,291.76
C00064,22,Male,Scottsdale,AZ,Unknown,Beauty,Direct,1,1,0.664,0.513,79,1,1,220.15,220.15,35.61,35.61,13,0,1.0,1.0,220.15,1.0,220.15,1.0,220.15,Sports,204.79,1,0.0,0.0,0.0,0.0,0.0,0.0,0.0,0.0,0.0,2.0,3.0,4.825,1.0,0.0,0.0,0.0,0.0,2.0,0.0,0.0,0.0,0.0,0.0,0.0,2025-04-01,0,1,0.0
C00067,40,Prefer not to say,Seattle,WA,Silver,Electronics,Paid Social,1,1,0.304,0.476,41,1,2,621.12,310.56,61.769999999999996,30.884999999999998,5,24,2.0,2.0,621.12,2.0,621.12,2.0,621.12,Electronics,577.78,1,0.0,0.0,0.0,0.0,0.0,0.0,0.0,0.0,0.0,1.0,6.0,10.766666666666667,1.0,1.0,1.0,0.0,0.0,6.0,0.0,0.0,0.0,0.0,0.0,0.0,2025-04-01,0,0,335.65
C00068,38,Male,Phoenix,AZ,Gold,Baby,Referral,0,1,0.471,0.733,209,0,3,647.72,215.90666666666667,99.99,33.33,26,77,1.1688311688311688,1.0,188.46,2.0,447.58000000000004,3.0,647.72,Beauty,361.49,2,3.0,1.0,1.0,0.0,10.0,1.93,0.3333333333333333,0.3333333333333333,0.0,1.0,1.0,0.0,0.0,0.0,0.0,0.0,0.0,36.0,0.0,0.0,0.0,0.0,0.0,0.0,2025-04-01,1,0,272.56
C00069,72,Female,Scottsdale,AZ,Platinum,Sports,Paid Search,0,0,0.671,0.256,141,0,5,1221.1,244.21999999999997,227.88,45.576,5,132,1.1363636363636362,1.0,395.36,1.0,395.36,5.0,1221.1,Sports,947.0,3,2.0,1.0,0.0,0.0,2.5,2.35,0.5,0.0,0.0,3.0,4.0,6.322222222222223,2.0,2.0,1.0,0.0,0.0,100.0,0.0,0.0,1.0,18.2,3.0,0.0,2025-04-01,0,0,1862.31
C00075,63,Female,Buffalo,NY,Unknown,Baby,Referral,1,0,0.528,0.778,161,0,3,2100.12,700.04,217.94,72.64666666666666,78,80,1.125,0.0,0.0,1.0,1497.18,3.0,2100.12,Beauty,876.67,4,0.0,0.0,0.0,0.0,0.0,0.0,0.0,0.0,0.0,6.0,5.0,7.927777777777777,4.0,2.0,3.0,2.0,2.0,6.0,0.3333333333333333,0.6666666666666666,0.0,0.0,0.0,0.0,2025-04-01,0,0,138.31
C00076,44,Non-binary,Buffalo,NY,Unknown,Apparel,Organic Search,1,1,0.234,0.582,237,0,1,473.47,473.47,45.77,45.77,108,0,1.0,0.0,0.0,0.0,0.0,1.0,473.47,Apparel,288.06,2,1.0,1.0,1.0,1.0,25.0,0.85,1.0,1.0,1.0,7.0,4.428571428571429,7.288095238095238,4.0,2.0,3.0,2.0,2.0,97.0,0.2857142857142857,0.6666666666666666,0.0,0.0,0.0,0.0,2025-04-01,0,0,310.25
C00084,43,Male,Boston,MA,Silver,Sports,Organic Search,1,0,0.54,0.654,318,0,1,190.63,190.63,20.07,20.07,62,0,1.0,0.0,0.0,1.0,190.63,1.0,190.63,Sports,177.33,1,4.0,1.0,0.0,2.0,20.0,3.21,0.25,0.0,0.5,6.0,5.333333333333333,9.580555555555556,3.0,1.0,4.0,4.0,4.0,106.0,0.6666666666666666,1.0,0.0,0.0,0.0,0.0,2025-04-01,0,0,157.37
C00086,33,Non-binary,Denver,CO,Gold,Electronics,Direct,1,1,0.416,0.431,217,0,3,843.17,281.0566666666667,119.8,39.93333333333333,21,134,0.6716417910447761,1.0,243.65,1.0,243.65,3.0,843.17,Electronics,491.96000000000004,3,1.0,0.0,0.0,0.0,20.0,0.72,0.0,0.0,0.0,1.0,3.0,3.433333333333333,0.0,0.0,0.0,0.0,0.0,105.0,0.0,0.0,1.0,23.0,4.0,0.0,2025-04-01,0,0,47.44
C00089,48,Male,Boston,MA,Unknown,Electronics,Referral,0,1,0.623,0.949,182,0,1,959.79,959.79,179.7,179.7,130,0,1.0,0.0,0.0,0.0,0.0,1.0,959.79,Pet,635.78,2,5.0,1.0,0.0,2.0,9.0,3.9899999999999998,0.2,0.0,0.4,7.0,4.428571428571429,6.895238095238095,3.0,2.0,4.0,3.0,3.0,7.0,0.42857142857142855,0.75,0.0,0.0,0.0,0.0,2025-04-01,0,1,0.0
C00090,20,Male,Boston,MA,Silver,Grocery,Organic Search,1,0,0.232,0.853,167,0,3,793.6,264.53333333333336,101.1,33.699999999999996,72,83,1.0843373493975903,0.0,0.0,1.0,279.07,3.0,793.6,Apparel,259.6,4,2.0,0.0,0.0,0.0,7.5,1.7,0.0,0.0,0.0,3.0,3.0,4.227777777777778,1.0,1.0,0.0,0.0,0.0,22.0,0.0,0.0,0.0,0.0,0.0,0.0,2025-04-01,0,0,104.85999999999999
C00092,31,Prefer not to say,Boulder,CO,Silver,Electronics,Organic Search,1,0,0.805,0.738,313,0,3,747.4300000000001,249.14333333333335,162.73000000000002,54.24333333333334,20,207,0.43478260869565216,2.0,474.98,2.0,474.98,2.0,474.98,Beauty,253.44,3,2.0,0.0,0.0,0.0,12.5,0.855,0.0,0.0,0.0,5.0,4.8,7.5,5.0,3.0,1.0,0.0,0.0,65.0,0.0,0.0,0.0,0.0,0.0,0.0,2025-04-01,0,0,469.82
C00094,66,Female,New York,NY,Unknown,Apparel,Referral,1,1,0.495,0.579,210,0,3,944.8199999999999,314.94,146.73,48.91,68,116,0.7758620689655172,0.0,0.0,2.0,717.6700000000001,2.0,717.6700000000001,Home,479.99,3,0.0,0.0,0.0,0.0,0.0,0.0,0.0,0.0,0.0,6.0,4.5,6.827777777777778,5.0,3.0,2.0,0.0,0.0,65.0,0.0,0.0,0.0,0.0,0.0,0.0,2025-04-01,0,0,288.02
C00095,74,Prefer not to say,San Francisco,CA,Unknown,Home,Organic Search,0,0,0.332,0.769,399,0,1,140.91,140.91,28.47,28.47,231,0,1.0,0.0,0.0,0.0,0.0,0.0,0.0,Home,131.08,1,5.0,2.0,1.0,1.0,12.0,3.265,0.4,0.2,0.2,10.0,3.8,5.721666666666667,5.0,3.0,1.0,0.0,0.0,13.0,0.0,0.0,0.0,0.0,0.0,0.0,2025-04-01,0,0,37.39
C00096,37,Male,Denver,CO,Unknown,Electronics,Affiliate,1,1,0.806,0.182,169,0,1,460.47,460.47,72.9,72.9,70,0,1.0,0.0,0.0,1.0,460.47,1.0,460.47,Electronics,428.34000000000003,1,1.0,0.0,0.0,0.0,5.0,0.72,0.0,0.0,0.0,1.0,2.0,2.8833333333333333,0.0,0.0,0.0,0.0,0.0,88.0,0.0,0.0,0.0,0.0,0.0,0.0,2025-04-01,0,1,0.0
C00100,44,Non-binary,Boulder,CO,Unknown,Pet,Organic Search,1,0,0.604,0.829,370,0,1,118.16,118.16,6.88,6.88,253,0,1.0,0.0,0.0,0.0,0.0,0.0,0.0,Pet,109.92,1,3.0,3.0,2.0,0.0,15.0,3.005,1.0,0.6666666666666666,0.0,9.0,5.0,8.427777777777777,6.0,4.0,6.0,3.0,3.0,56.0,0.3333333333333333,0.5,0.0,0.0,0.0,0.0,2025-04-01,0,0,485.86
C00103,23,Female,Seattle,WA,Unknown,Sports,Direct,1,1,0.422,0.487,209,0,1,1116.37,1116.37,185.15,185.15,157,0,1.0,0.0,0.0,0.0,0.0,1.0,1116.37,Sports,802.71,2,2.0,0.0,0.0,0.0,20.0,1.505,0.0,0.0,0.0,4.0,4.5,6.408333333333333,3.0,3.0,1.0,0.0,0.0,43.0,0.0,0.0,0.0,0.0,0.0,0.0,2025-04-01,0,1,0.0
C00105,22,Non-binary,Austin,TX,Unknown,Beauty,Direct,1,0,0.261,0.36,369,0,2,320.52,160.26,54.34,27.17,113,233,0.2575107296137339,0.0,0.0,0.0,0.0,1.0,262.71,Beauty,244.37,2,0.0,0.0,0.0,0.0,0.0,0.0,0.0,0.0,0.0,4.0,2.0,2.75,1.0,1.0,0.0,0.0,0.0,11.0,0.0,0.0,0.0,0.0,0.0,0.0,2025-04-01,0,1,0.0
C00110,36,Male,Boulder,CO,Silver,Baby,Affiliate,1,0,0.335,0.836,63,1,1,191.11,191.11,32.17,32.17,12,0,1.0,1.0,191.11,1.0,191.11,1.0,191.11,Home,177.78,1,0.0,0.0,0.0,0.0,0.0,0.0,0.0,0.0,0.0,1.0,1.0,0.0,0.0,0.0,0.0,0.0,0.0,38.0,0.0,0.0,0.0,0.0,0.0,0.0,2025-04-01,0,0,158.93
C00112,26,Male,Phoenix,AZ,Unknown,Home,Organic Search,1,1,0.471,0.421,367,0,3,488.91,162.97,59.940000000000005,19.98,72,295,0.30508474576271183,0.0,0.0,1.0,42.36,1.0,42.36,Apparel,288.89,3,3.0,0.0,0.0,0.0,10.0,3.7199999999999998,0.0,0.0,0.0,5.0,4.0,5.1866666666666665,3.0,2.0,2.0,0.0,0.0,36.0,0.0,0.0,0.0,0.0,0.0,0.0,2025-04-01,0,0,902.47
C00114,74,Non-binary,Cambridge,MA,Silver,Apparel,Referral,1,1,0.838,0.562,203,0,2,585.44,292.72,165.26999999999998,82.63499999999999,48,4,2.0,0.0,0.0,2.0,585.44,2.0,585.44,Apparel,544.6,1,5.0,1.0,0.0,0.0,13.0,1.5999999999999999,0.2,0.0,0.0,1.0,8.0,19.333333333333332,1.0,1.0,1.0,1.0,1.0,148.0,1.0,1.0,0.0,0.0,0.0,0.0,2025-04-01,0,0,909.3699999999999
C00117,51,Prefer not to say,Miami,FL,Platinum,Apparel,Organic Search,1,0,0.664,0.676,76,1,1,15.85,15.85,1.81,1.81,52,0,1.0,0.0,0.0,1.0,15.85,1.0,15.85,Home,14.74,1,2.0,0.0,0.0,0.0,15.0,2.2199999999999998,0.0,0.0,0.0,3.0,4.666666666666667,8.983333333333333,2.0,2.0,1.0,0.0,0.0,6.0,0.0,0.0,0.0,0.0,0.0,0.0,2025-04-01,1,0,580.54
C00118,27,Female,Miami,FL,Silver,Pet,Affiliate,1,1,0.715,0.891,24,1,1,83.57,83.57,17.57,17.57,17,0,1.0,1.0,83.57,1.0,83.57,1.0,83.57,Pet,77.74000000000001,1,0.0,0.0,0.0,0.0,0.0,0.0,0.0,0.0,0.0,3.0,4.333333333333333,9.027777777777779,2.0,2.0,2.0,0.0,0.0,8.0,0.0,0.0,0.0,0.0,0.0,0.0,2025-04-01,0,0,929.98
C00122,22,Non-binary,Tacoma,WA,Gold,Home,Direct,0,1,0.32,0.29,300,0,3,664.41,221.47,53.94,17.98,172,83,1.0843373493975903,0.0,0.0,0.0,0.0,1.0,208.12,Baby,270.19,4,2.0,1.0,0.0,0.0,10.0,1.21,0.5,0.0,0.0,2.0,5.5,10.658333333333333,1.0,1.0,1.0,1.0,1.0,129.0,0.5,1.0,0.0,0.0,0.0,0.0,2025-04-01,1,0,814.2
C00123,51,Non-binary,Austin,TX,Unknown,Home,Paid Social,1,0,0.583,0.856,206,0,1,427.63,427.63,53.98,53.98,36,0,1.0,0.0,0.0,1.0,427.63,1.0,427.63,Beauty,397.8,1,3.0,0.0,0.0,0.0,10.0,1.45,0.0,0.0,0.0,7.0,4.285714285714286,7.952380952380952,6.0,2.0,1.0,1.0,1.0,13.0,0.14285714285714285,1.0,1.0,3.1,4.0,0.0,2025-04-01,0,0,924.41
C00124,28,Non-binary,Austin,TX,Unknown,Electronics,Paid Social,1,0,0.396,0.889,181,0,1,49.23,49.23,0.28,0.28,155,0,1.0,0.0,0.0,0.0,0.0,1.0,49.23,Electronics,39.29,1,3.0,3.0,1.0,0.0,11.666666666666666,2.355,1.0,0.3333333333333333,0.0,2.0,5.0,9.375,1.0,1.0,1.0,1.0,1.0,2.0,0.5,1.0,0.0,0.0,0.0,0.0,2025-04-01,0,0,647.76
C00127,62,Female,Buffalo,NY,Silver,Apparel,Organic Search,1,1,0.702,0.675,79,1,2,721.82,360.91,114.27,57.135,50,8,2.0,0.0,0.0,2.0,721.82,2.0,721.82,Home,671.46,1,4.0,2.0,0.0,1.0,13.75,3.08,0.5,0.0,0.25,1.0,1.0,0.0,0.0,0.0,0.0,0.0,0.0,17.0,0.0,0.0,0.0,0.0,0.0,0.0,2025-04-01,0,0,293.03
C00129,38,Prefer not to say,Charlotte,NC,Unknown,Sports,Affiliate,1,0,0.7,0.826,380,0,2,1600.3,800.15,287.92,143.96,35,60,1.0,0.0,0.0,1.0,389.77,2.0,1600.3,Sports,773.17,3,5.0,3.0,2.0,0.0,17.0,5.225,0.6,0.4,0.0,6.0,5.5,9.15,3.0,3.0,3.0,3.0,3.0,47.0,0.5,1.0,0.0,0.0,0.0,0.0,2025-04-01,0,0,72.92
C00133,30,Male,Miami,FL,Silver,Baby,Referral,1,1,0.676,0.734,237,0,2,306.3,153.15,86.48,43.24,16,216,0.2777777777777778,1.0,246.16,1.0,246.16,1.0,246.16,Baby,228.99,2,5.0,3.0,3.0,2.0,17.0,2.065,0.6,0.6,0.4,6.0,4.666666666666667,7.111111111111111,4.0,2.0,3.0,2.0,2.0,0.0,0.3333333333333333,0.6666666666666666,0.0,0.0,0.0,0.0,2025-04-01,1,0,369.8
C00135,65,Non-binary,Denver,CO,Unknown,Electronics,Direct,1,0,0.616,0.696,184,0,1,363.05,363.05,89.64,89.64,10,0,1.0,1.0,363.05,1.0,363.05,1.0,363.05,Electronics,337.72,1,3.0,2.0,1.0,1.0,15.0,0.86,0.6666666666666666,0.3333333333333333,0.3333333333333333,2.0,3.0,4.416666666666666,0.0,0.0,0.0,0.0,0.0,73.0,0.0,0.0,1.0,4.7,4.0,0.0,2025-04-01,0,0,412.01
C00137,37,Non-binary,San Jose,CA,Platinum,Beauty,Paid Search,1,1,0.421,0.582,125,0,2,442.25,221.125,57.129999999999995,28.564999999999998,44,41,1.4634146341463414,0.0,0.0,2.0,442.25,2.0,442.25,Beauty,271.25,2,3.0,1.0,0.0,1.0,21.666666666666668,2.29,0.3333333333333333,0.0,0.3333333333333333,5.0,3.6,4.83,2.0,1.0,2.0,1.0,1.0,17.0,0.2,0.5,0.0,0.0,0.0,0.0,2025-04-01,0,0,894.5400000000001
C00141,56,Prefer not to say,Chicago,IL,Gold,Sports,Organic Search,1,1,0.083,0.541,381,0,8,2402.53,300.31625,122.03999999999999,15.254999999999999,91,264,0.9090909090909091,0.0,0.0,0.0,0.0,5.0,1417.0,Sports,1476.73,3,6.0,3.0,1.0,1.0,14.166666666666666,4.8149999999999995,0.5,0.16666666666666666,0.16666666666666666,4.0,4.75,9.608333333333334,3.0,1.0,1.0,1.0,1.0,72.0,0.25,1.0,1.0,6.1,4.0,0.0,2025-04-01,0,0,985.56
C00142,58,Prefer not to say,Boston,MA,Unknown,Apparel,Organic Search,1,1,0.829,0.868,262,0,1,261.69,261.69,66.01,66.01,88,0,1.0,0.0,0.0,1.0,261.69,1.0,261.69,Beauty,243.43,1,1.0,1.0,1.0,0.0,5.0,0.005,1.0,1.0,0.0,6.0,5.5,10.655555555555557,6.0,3.0,4.0,1.0,1.0,21.0,0.16666666666666666,0.25,0.0,0.0,0.0,0.0,2025-04-01,0,1,0.0
C00143,41,Male,Dallas,TX,Silver,Home,Organic Search,1,1,0.398,0.525,158,0,1,107.91,107.91,30.39,30.39,125,0,1.0,0.0,0.0,0.0,0.0,1.0,107.91,Home,100.38,1,3.0,1.0,1.0,0.0,11.666666666666666,3.07,0.3333333333333333,0.3333333333333333,0.0,0.0,0.0,0.0,0.0,0.0,0.0,0.0,0.0,0.0,0.0,0.0,0.0,0.0,0.0,0.0,2025-04-01,0,0,168.99
C00144,71,Prefer not to say,Tacoma,WA,Unknown,Beauty,Affiliate,1,0,0.868,0.547,225,0,1,196.25,196.25,51.07,51.07,160,0,1.0,0.0,0.0,0.0,0.0,1.0,196.25,Beauty,182.56,1,2.0,2.0,1.0,0.0,10.0,2.7,1.0,0.5,0.0,2.0,3.0,4.666666666666667,1.0,0.0,0.0,0.0,0.0,178.0,0.0,0.0,0.0,0.0,0.0,0.0,2025-04-01,0,1,0.0
C00151,67,Female,Dallas,TX,Silver,Sports,Paid Search,1,1,0.285,0.407,192,0,1,866.86,866.86,85.63,85.63,90,0,1.0,0.0,0.0,1.0,866.86,1.0,866.86,Beauty,419.26,2,4.0,0.0,0.0,0.0,5.0,3.36,0.0,0.0,0.0,5.0,3.6,4.173333333333334,3.0,1.0,1.0,0.0,0.0,45.0,0.0,0.0,0.0,0.0,0.0,0.0,2025-04-01,1,0,469.98
C00152,55,Female,New York,NY,Silver,Apparel,Affiliate,0,0,0.734,0.411,448,0,4,796.49,199.1225,176.32,44.08,19,314,0.38216560509554137,1.0,332.71,1.0,332.71,2.0,365.47999999999996,Apparel,173.3,6,1.0,0.0,0.0,0.0,5.0,0.85,0.0,0.0,0.0,3.0,4.666666666666667,6.6000000000000005,3.0,1.0,1.0,0.0,0.0,46.0,0.0,0.0,0.0,0.0,0.0,0.0,2025-04-01,0,1,0.0
C00154,63,Male,Raleigh,NC,Silver,Grocery,Direct,1,0,0.516,0.521,398,0,2,432.23,216.115,51.839999999999996,25.919999999999998,46,229,0.26200873362445415,0.0,0.0,1.0,358.57,1.0,358.57,Apparel,289.75,3,4.0,0.0,0.0,0.0,11.25,2.425,0.0,0.0,0.0,7.0,5.571428571428571,8.307142857142857,5.0,4.0,4.0,3.0,3.0,135.0,0.42857142857142855,0.75,0.0,0.0,0.0,0.0,2025-04-01,0,0,587.96
C00157,39,Male,Orlando,FL,Gold,Pet,Direct,1,1,0.182,0.592,401,0,8,2375.5,296.9375,136.26,17.0325,29,318,0.7547169811320755,1.0,83.7,1.0,83.7,3.0,637.34,Pet,1489.6299999999999,6,4.0,1.0,1.0,1.0,8.75,2.645,0.25,0.25,0.25,8.0,3.625,5.5125,5.0,3.0,1.0,0.0,0.0,14.0,0.0,0.0,0.0,0.0,0.0,0.0,2025-04-01,1,0,623.05
C00158,41,Female,Orlando,FL,Unknown,Beauty,Affiliate,1,0,0.776,0.932,242,0,1,195.24,195.24,35.57,35.57,22,0,1.0,1.0,195.24,1.0,195.24,1.0,195.24,Apparel,181.62,1,5.0,5.0,2.0,0.0,13.0,5.109999999999999,1.0,0.4,0.0,3.0,5.333333333333333,10.416666666666668,3.0,1.0,1.0,1.0,1.0,31.0,0.3333333333333333,1.0,0.0,0.0,0.0,0.0,2025-04-01,0,0,439.26
C00162,49,Male,Houston,TX,Unknown,Baby,Referral,1,1,0.451,0.545,167,0,1,243.44,243.44,61.33,61.33,50,0,1.0,0.0,0.0,1.0,243.44,1.0,243.44,Apparel,170.34,2,1.0,0.0,0.0,0.0,20.0,0.005,0.0,0.0,0.0,3.0,4.0,7.666666666666667,2.0,1.0,0.0,0.0,0.0,28.0,0.0,0.0,0.0,0.0,0.0,0.0,2025-04-01,1,0,55.34
C00164,35,Female,Tacoma,WA,Silver,Grocery,Paid Social,1,1,0.248,0.333,416,0,4,1051.61,262.9025,75.97,18.9925,102,255,0.47058823529411764,0.0,0.0,0.0,0.0,3.0,371.11,Home,541.49,2,2.0,1.0,1.0,0.0,20.0,1.2049999999999998,0.5,0.5,0.0,5.0,4.2,7.113333333333332,3.0,2.0,1.0,1.0,1.0,84.0,0.2,1.0,1.0,12.2,3.0,0.0,2025-04-01,1,0,801.33
C00168,68,Non-binary,Phoenix,AZ,Silver,Baby,Direct,1,0,0.3,0.503,376,0,6,1243.75,207.29166666666666,81.56,13.593333333333334,47,315,0.5714285714285714,0.0,0.0,2.0,210.33999999999997,4.0,640.1099999999999,Home,270.02,6,4.0,1.0,0.0,0.0,10.0,1.2149999999999999,0.25,0.0,0.0,7.0,4.142857142857143,8.707142857142857,3.0,2.0,3.0,2.0,2.0,14.0,0.2857142857142857,0.6666666666666666,0.0,0.0,0.0,0.0,2025-04-01,0,0,174.31
C00171,70,Male,Phoenix,AZ,Platinum,Electronics,Referral,1,1,0.482,0.614,319,0,8,1796.54,224.5675,304.63,38.07875,23,285,0.8421052631578947,1.0,327.22,2.0,583.6600000000001,4.0,959.1500000000001,Electronics,1380.0900000000001,3,3.0,1.0,0.0,0.0,15.0,1.93,0.3333333333333333,0.0,0.0,4.0,2.5,2.7750000000000004,1.0,0.0,0.0,0.0,0.0,2.0,0.0,0.0,0.0,0.0,0.0,0.0,2025-04-01,0,0,390.04
C00172,62,Non-binary,Denver,CO,Unknown,Sports,Paid Search,1,0,0.676,0.372,127,0,1,140.8,140.8,42.77,42.77,39,0,1.0,0.0,0.0,1.0,140.8,1.0,140.8,Baby,130.98,1,3.0,0.0,0.0,0.0,8.333333333333334,1.5799999999999998,0.0,0.0,0.0,3.0,5.0,8.683333333333334,3.0,3.0,0.0,0.0,0.0,18.0,0.0,0.0,0.0,0.0,0.0,0.0,2025-04-01,0,0,496.86
C00176,56,Female,Houston,TX,Gold,Beauty,Affiliate,1,1,0.239,0.903,275,0,2,936.91,468.455,80.21000000000001,40.105000000000004,85,82,0.7317073170731707,0.0,0.0,1.0,338.5,2.0,936.91,Beauty,425.32,3,3.0,2.0,2.0,0.0,13.333333333333334,3.85,0.6666666666666666,0.6666666666666666,0.0,9.0,4.444444444444445,7.072222222222222,4.0,3.0,4.0,3.0,3.0,14.0,0.3333333333333333,0.75,0.0,0.0,0.0,0.0,2025-04-01,0,0,371.6
C00182,53,Female,Boulder,CO,Silver,Beauty,Paid Search,1,0,0.311,0.11,56,1,1,257.61,257.61,0.0,0.0,13,0,1.0,1.0,257.61,1.0,257.61,1.0,257.61,Sports,239.64,1,1.0,0.0,0.0,0.0,25.0,0.85,0.0,0.0,0.0,2.0,2.5,2.7083333333333335,1.0,0.0,0.0,0.0,0.0,12.0,0.0,0.0,0.0,0.0,0.0,0.0,2025-04-01,1,0,493.6
C00185,46,Non-binary,Orlando,FL,Platinum,Pet,Referral,1,1,0.596,0.616,18,1,1,231.06,231.06,26.46,26.46,13,0,1.0,1.0,231.06,1.0,231.06,1.0,231.06,Pet,214.94,1,0.0,0.0,0.0,0.0,0.0,0.0,0.0,0.0,0.0,2.0,7.0,9.291666666666666,2.0,2.0,2.0,1.0,1.0,1.0,0.5,0.5,0.0,0.0,0.0,0.0,2025-04-01,0,0,907.26
C00188,31,Non-binary,Scottsdale,AZ,Gold,Beauty,Referral,0,0,0.705,0.654,313,0,2,350.2,175.1,66.53,33.265,4,257,0.23346303501945526,1.0,192.35,1.0,192.35,1.0,192.35,Sports,178.93,2,4.0,1.0,1.0,0.0,12.5,2.3,0.25,0.25,0.0,1.0,4.0,7.516666666666667,1.0,0.0,0.0,0.0,0.0,57.0,0.0,0.0,0.0,0.0,0.0,0.0,2025-04-01,1,0,194.74
C00189,76,Male,Naperville,IL,Gold,Apparel,Paid Social,1,1,0.438,0.647,416,0,4,968.16,242.04,159.72,39.93,7,208,0.5769230769230769,1.0,236.04,1.0,236.04,3.0,656.51,Apparel,645.1700000000001,2,3.0,1.0,0.0,0.0,10.0,2.42,0.3333333333333333,0.0,0.0,7.0,5.285714285714286,9.626190476190475,5.0,4.0,3.0,3.0,3.0,60.0,0.42857142857142855,1.0,0.0,0.0,0.0,0.0,2025-04-01,0,0,126.94
C00195,55,Non-binary,Tacoma,WA,Unknown,Sports,Affiliate,1,1,0.581,0.913,371,0,1,758.4,758.4,91.02,91.02,353,0,1.0,0.0,0.0,0.0,0.0,0.0,0.0,Home,490.19000000000005,2,4.0,2.0,1.0,0.0,15.0,2.295,0.5,0.25,0.0,5.0,2.8,3.66,1.0,1.0,1.0,0.0,0.0,32.0,0.0,0.0,0.0,0.0,0.0,0.0,2025-04-01,0,0,1167.44
C00196,43,Male,Boston,MA,Unknown,Sports,Direct,1,0,0.719,0.525,174,0,2,365.36,182.68,67.85,33.925,79,54,1.1111111111111112,0.0,0.0,1.0,142.19,2.0,365.36,Sports,207.6,2,1.0,0.0,0.0,0.0,10.0,0.005,0.0,0.0,0.0,1.0,8.0,13.583333333333334,1.0,1.0,1.0,1.0,1.0,152.0,1.0,1.0,0.0,0.0,0.0,0.0,2025-04-01,0,0,754.74
C00197,70,Male,Dallas,TX,Gold,Sports,Affiliate,1,1,0.612,0.187,291,0,5,1787.44,357.488,315.73,63.146,36,238,0.6302521008403361,0.0,0.0,3.0,1243.25,4.0,1338.72,Sports,974.9100000000001,4,5.0,1.0,0.0,0.0,19.0,4.22,0.2,0.0,0.0,4.0,3.0,2.575,2.0,1.0,0.0,0.0,0.0,7.0,0.0,0.0,0.0,0.0,0.0,0.0,2025-04-01,0,0,944.6700000000001
C00198,29,Prefer not to say,Naperville,IL,Gold,Electronics,Organic Search,1,0,0.678,0.833,229,0,3,429.01,143.00333333333333,88.2,29.400000000000002,29,197,0.4568527918781726,1.0,241.35,1.0,241.35,2.0,398.43,Grocery,224.51,3,5.0,2.0,2.0,0.0,11.0,3.8,0.4,0.4,0.0,5.0,3.0,3.97,1.0,1.0,1.0,0.0,0.0,12.0,0.0,0.0,0.0,0.0,0.0,0.0,2025-04-01,0,1,0.0
C00001,33,Female,Scottsdale,AZ,Silver,Beauty,Paid Search,1,0,0.852,0.38,93,0,1,185.13,185.13,44.98,44.98,84,0,1.0,0.0,0.0,1.0,185.13,1.0,185.13,Apparel,172.21,1,1.0,0.0,0.0,0.0,15.0,0.72,0.0,0.0,0.0,4.0,5.5,8.0,3.0,3.0,2.0,1.0,1.0,9.0,0.25,0.5,0.0,0.0,0.0,0.0,2025-05-01,0,1,0.0
C00008,56,Female,Charlotte,NC,Unknown,Sports,Paid Social,1,0,0.755,0.458,167,0,3,1692.5500000000002,564.1833333333334,367.52,122.50666666666666,18,130,0.6923076923076924,1.0,352.9,1.0,352.9,3.0,1692.5500000000002,Sports,1421.58,2,0.0,0.0,0.0,0.0,0.0,0.0,0.0,0.0,0.0,2.0,4.0,4.65,1.0,1.0,0.0,0.0,0.0,58.0,0.0,0.0,0.0,0.0,0.0,0.0,2025-05-01,0,0,390.32
C00014,23,Male,Seattle,WA,Unknown,Baby,Affiliate,1,1,0.251,0.454,434,0,2,620.97,310.485,91.41,45.705,12,343,0.1749271137026239,1.0,489.64,1.0,489.64,1.0,489.64,Sports,299.58,3,0.0,0.0,0.0,0.0,0.0,0.0,0.0,0.0,0.0,5.0,6.8,11.786666666666667,4.0,3.0,4.0,4.0,4.0,30.0,0.8,1.0,0.0,0.0,0.0,0.0,2025-05-01,0,0,861.13
C00016,68,Male,Boulder,CO,Platinum,Electronics,Organic Search,1,0,0.466,0.649,309,0,3,799.2,266.40000000000003,170.94,56.98,165,31,2.9032258064516125,0.0,0.0,0.0,0.0,1.0,114.42,Electronics,257.9,4,3.0,3.0,2.0,0.0,15.0,1.71,1.0,0.6666666666666666,0.0,3.0,3.6666666666666665,4.694444444444444,1.0,0.0,1.0,1.0,1.0,19.0,0.3333333333333333,1.0,0.0,0.0,0.0,0.0,2025-05-01,0,0,448.98
C00017,35,Prefer not to say,Orlando,FL,Platinum,Beauty,Organic Search,1,0,0.472,0.673,214,0,7,1862.74,266.10571428571427,253.5,36.214285714285715,7,199,1.0552763819095476,1.0,363.07,5.0,1232.2,6.0,1378.5,Beauty,649.26,4,4.0,3.0,1.0,1.0,11.25,2.06,0.75,0.25,0.25,4.0,5.25,6.729166666666667,3.0,2.0,2.0,1.0,1.0,25.0,0.25,0.5,2.0,21.3,4.5,0.0,2025-05-01,0,0,1197.49
C00019,66,Female,Raleigh,NC,Silver,Baby,Organic Search,1,1,0.724,0.433,301,0,2,313.85,156.925,61.26,30.63,117,89,0.6741573033707865,0.0,0.0,0.0,0.0,1.0,215.22,Beauty,184.98,3,1.0,0.0,0.0,0.0,10.0,0.005,0.0,0.0,0.0,5.0,2.8,3.8033333333333332,2.0,1.0,0.0,0.0,0.0,40.0,0.0,0.0,0.0,0.0,0.0,0.0,2025-05-01,1,0,19.4
C00021,59,Male,San Francisco,CA,Unknown,Pet,Direct,1,0,0.943,0.728,362,0,1,136.83,136.83,37.09,37.09,351,0,1.0,0.0,0.0,0.0,0.0,0.0,0.0,Apparel,127.28,1,6.0,2.0,1.0,1.0,13.333333333333334,5.775,0.3333333333333333,0.16666666666666666,0.16666666666666666,5.0,3.2,4.006666666666666,2.0,0.0,1.0,1.0,1.0,7.0,0.2,1.0,0.0,0.0,0.0,0.0,2025-05-01,0,1,0.0
C00026,27,Male,Cambridge,MA,Gold,Sports,Direct,1,1,0.732,0.88,103,0,2,346.23,173.115,82.05,41.025,3,84,0.7142857142857143,1.0,195.84,2.0,346.23,2.0,346.23,Sports,322.08000000000004,1,1.0,1.0,1.0,0.0,5.0,0.005,1.0,1.0,0.0,6.0,3.6666666666666665,7.561111111111111,3.0,3.0,1.0,0.0,0.0,27.0,0.0,0.0,1.0,8.8,4.0,0.0,2025-05-01,1,0,1013.2
C00027,62,Non-binary,Phoenix,AZ,Unknown,Beauty,Direct,1,1,0.218,0.407,477,0,2,705.3199999999999,352.65999999999997,103.21000000000001,51.605000000000004,213,112,0.5357142857142857,0.0,0.0,0.0,0.0,0.0,0.0,Electronics,587.13,2,8.0,3.0,1.0,0.0,15.625,7.109999999999999,0.375,0.125,0.0,5.0,4.6,7.3966666666666665,4.0,3.0,2.0,0.0,0.0,35.0,0.0,0.0,0.0,0.0,0.0,0.0,2025-05-01,0,1,0.0
C00029,48,Non-binary,Houston,TX,Unknown,Grocery,Paid Social,1,1,0.833,0.897,352,0,2,581.05,290.525,107.71000000000001,53.855000000000004,136,72,0.8333333333333334,0.0,0.0,0.0,0.0,1.0,330.8,Beauty,185.53,4,3.0,0.0,0.0,0.0,5.0,2.16,0.0,0.0,0.0,6.0,5.0,7.55,4.0,3.0,3.0,2.0,2.0,124.0,0.3333333333333333,0.6666666666666666,1.0,4.4,4.0,0.0,2025-05-01,0,1,0.0
C00030,55,Prefer not to say,Orlando,FL,Unknown,Pet,Organic Search,1,1,0.554,0.489,409,0,4,1105.8200000000002,276.45500000000004,162.95,40.7375,168,180,0.6666666666666666,0.0,0.0,0.0,0.0,1.0,570.08,Electronics,446.05999999999995,3,2.0,1.0,1.0,0.0,10.0,0.73,0.5,0.5,0.0,8.0,4.375,7.8125,4.0,4.0,4.0,1.0,1.0,13.0,0.125,0.25,0.0,0.0,0.0,0.0,2025-05-01,1,0,549.35
C00033,56,Female,Dallas,TX,Unknown,Electronics,Paid Search,0,1,0.298,0.419,21,1,1,291.23,291.23,31.59,31.59,1,0,1.0,1.0,291.23,1.0,291.23,1.0,291.23,Electronics,270.91,1,0.0,0.0,0.0,0.0,0.0,0.0,0.0,0.0,0.0,0.0,0.0,0.0,0.0,0.0,0.0,0.0,0.0,0.0,0.0,0.0,0.0,0.0,0.0,0.0,2025-05-01,0,0,159.26
C00035,75,Female,Scottsdale,AZ,Silver,Electronics,Affiliate,1,1,0.544,0.406,375,0,2,785.5899999999999,392.79499999999996,75.88,37.94,62,143,0.4195804195804196,0.0,0.0,1.0,329.28,1.0,329.28,Beauty,424.47,2,2.0,1.0,0.0,0.0,5.0,1.21,0.5,0.0,0.0,4.0,3.0,4.533333333333333,2.0,1.0,0.0,0.0,0.0,71.0,0.0,0.0,0.0,0.0,0.0,0.0,2025-05-01,1,0,659.21
C00041,67,Male,Boulder,CO,Gold,Sports,Paid Social,1,1,0.209,0.683,266,0,4,2250.36,562.59,182.71,45.6775,40,155,0.7741935483870968,0.0,0.0,2.0,391.82000000000005,3.0,1390.47,Baby,922.78,4,4.0,2.0,0.0,0.0,11.25,2.065,0.5,0.0,0.0,6.0,5.0,7.105555555555555,4.0,1.0,3.0,3.0,3.0,23.0,0.5,1.0,0.0,0.0,0.0,0.0,2025-05-01,0,0,155.15
C00045,58,Non-binary,Orlando,FL,Unknown,Baby,Affiliate,1,1,0.437,0.815,409,0,2,133.61,66.805,17.75,8.875,118,271,0.22140221402214022,0.0,0.0,0.0,0.0,1.0,72.22,Baby,124.29,1,4.0,2.0,0.0,0.0,12.5,3.0749999999999997,0.5,0.0,0.0,6.0,5.833333333333333,8.855555555555556,5.0,4.0,4.0,2.0,2.0,26.0,0.3333333333333333,0.5,0.0,0.0,0.0,0.0,2025-05-01,1,0,281.23
C00048,39,Female,Charlotte,NC,Platinum,Grocery,Paid Social,1,0,0.137,0.355,140,0,4,1191.37,297.8425,94.23,23.5575,7,98,1.2244897959183674,2.0,625.19,3.0,939.99,4.0,1191.37,Sports,469.58000000000004,5,2.0,1.0,0.0,0.0,12.5,1.505,0.5,0.0,0.0,2.0,1.5,0.6916666666666667,0.0,0.0,0.0,0.0,0.0,51.0,0.0,0.0,1.0,6.9,4.0,0.0,2025-05-01,1,0,2118.53
C00050,51,Female,Buffalo,NY,Silver,Baby,Affiliate,1,1,0.535,0.708,302,0,3,500.52,166.84,72.52000000000001,24.173333333333336,40,132,0.6818181818181818,0.0,0.0,1.0,252.97,3.0,500.52,Baby,459.1,1,2.0,1.0,1.0,0.0,12.5,0.02,0.5,0.5,0.0,5.0,2.2,2.42,1.0,1.0,1.0,0.0,0.0,69.0,0.0,0.0,0.0,0.0,0.0,0.0,2025-05-01,0,1,0.0
C00051,46,Prefer not to say,Orlando,FL,Unknown,Beauty,Referral,1,1,0.288,0.326,320,0,3,1478.01,492.67,170.87,56.95666666666667,29,235,0.3829787234042553,1.0,223.85,2.0,835.11,2.0,835.11,Beauty,776.84,2,3.0,2.0,0.0,0.0,15.0,3.12,0.6666666666666666,0.0,0.0,3.0,4.333333333333333,5.922222222222222,2.0,2.0,2.0,0.0,0.0,159.0,0.0,0.0,1.0,42.7,4.0,0.0,2025-05-01,0,1,0.0
C00052,71,Prefer not to say,New York,NY,Unknown,Beauty,Paid Search,1,0,0.481,0.323,321,0,4,2378.35,594.5875,319.44,79.86,50,255,0.47058823529411764,0.0,0.0,1.0,786.04,2.0,1284.02,Beauty,1689.1599999999999,3,0.0,0.0,0.0,0.0,0.0,0.0,0.0,0.0,0.0,4.0,5.25,8.9375,3.0,2.0,2.0,1.0,1.0,112.0,0.25,0.5,0.0,0.0,0.0,0.0,2025-05-01,0,0,1098.45
C00053,71,Prefer not to say,Boston,MA,Platinum,Grocery,Direct,1,1,0.411,0.855,459,0,8,2997.56,374.695,436.35,54.54375,34,411,0.5839416058394161,0.0,0.0,2.0,706.9300000000001,2.0,706.9300000000001,Grocery,1209.08,6,9.0,6.0,2.0,0.0,13.333333333333334,7.185,0.6666666666666666,0.2222222222222222,0.0,11.0,5.2727272727272725,9.722727272727273,6.0,5.0,8.0,6.0,6.0,32.0,0.5454545454545454,0.75,0.0,0.0,0.0,0.0,2025-05-01,0,0,737.35
C00054,68,Prefer not to say,San Jose,CA,Silver,Beauty,Organic Search,1,1,0.511,0.85,405,0,7,3062.3500000000004,437.47857142857146,357.80999999999995,51.115714285714276,24,348,0.603448275862069,1.0,452.6,1.0,452.6,3.0,573.1,Beauty,2363.59,4,5.0,2.0,1.0,0.0,0.0,4.64,0.4,0.2,0.0,11.0,4.818181818181818,7.781818181818182,8.0,7.0,4.0,2.0,2.0,68.0,0.18181818181818182,0.5,1.0,10.7,5.0,0.0,2025-05-01,0,0,546.8
C00056,52,Non-binary,Seattle,WA,Unknown,Grocery,Direct,1,0,0.541,0.797,104,0,1,350.73,350.73,13.14,13.14,1,0,1.0,1.0,350.73,1.0,350.73,1.0,350.73,Electronics,326.26,1,1.0,0.0,0.0,0.0,0.0,0.72,0.0,0.0,0.0,3.0,5.333333333333333,10.005555555555555,2.0,2.0,2.0,1.0,1.0,17.0,0.3333333333333333,0.5,0.0,0.0,0.0,0.0,2025-05-01,0,0,184.53
C00062,63,Prefer not to say,Seattle,WA,Unknown,Baby,Direct,0,0,0.241,0.769,366,0,4,1683.75,420.9375,138.1,34.525,168,195,0.6153846153846154,0.0,0.0,0.0,0.0,2.0,627.76,Baby,810.22,4,3.0,1.0,0.0,0.0,18.333333333333332,3.07,0.3333333333333333,0.0,0.0,5.0,3.4,4.676666666666667,2.0,1.0,0.0,0.0,0.0,76.0,0.0,0.0,1.0,7.7,4.0,0.0,2025-05-01,0,0,291.76
C00064,22,Male,Scottsdale,AZ,Unknown,Beauty,Direct,1,1,0.664,0.513,109,0,1,220.15,220.15,35.61,35.61,43,0,1.0,0.0,0.0,1.0,220.15,1.0,220.15,Sports,204.79,1,1.0,0.0,0.0,0.0,10.0,0.72,0.0,0.0,0.0,2.0,3.0,4.825,1.0,0.0,0.0,0.0,0.0,32.0,0.0,0.0,0.0,0.0,0.0,0.0,2025-05-01,0,1,0.0
C00067,40,Prefer not to say,Seattle,WA,Silver,Electronics,Paid Social,1,1,0.304,0.476,71,1,2,621.12,310.56,61.769999999999996,30.884999999999998,35,24,2.0,0.0,0.0,2.0,621.12,2.0,621.12,Electronics,577.78,1,0.0,0.0,0.0,0.0,0.0,0.0,0.0,0.0,0.0,1.0,6.0,10.766666666666667,1.0,1.0,1.0,0.0,0.0,36.0,0.0,0.0,0.0,0.0,0.0,0.0,2025-05-01,0,0,335.65
C00068,38,Male,Phoenix,AZ,Gold,Baby,Referral,0,1,0.471,0.733,239,0,4,920.28,230.07,187.26,46.815,30,103,1.1650485436893205,1.0,272.56,2.0,461.02,4.0,920.28,Beauty,361.49,3,4.0,1.0,1.0,0.0,8.75,1.94,0.25,0.25,0.0,2.0,2.5,2.808333333333333,1.0,0.0,0.0,0.0,0.0,13.0,0.0,0.0,0.0,0.0,0.0,0.0,2025-05-01,0,1,0.0
C00069,72,Female,Scottsdale,AZ,Platinum,Sports,Paid Search,0,0,0.671,0.256,171,0,5,1221.1,244.21999999999997,227.88,45.576,35,132,1.1363636363636362,0.0,0.0,1.0,395.36,5.0,1221.1,Sports,947.0,3,3.0,1.0,0.0,0.0,10.0,3.2,0.3333333333333333,0.0,0.0,3.0,4.0,6.322222222222223,2.0,2.0,1.0,0.0,0.0,130.0,0.0,0.0,1.0,18.2,3.0,0.0,2025-05-01,1,0,2179.46
C00074,33,Non-binary,Scottsdale,AZ,Silver,Grocery,Paid Search,0,0,0.419,0.793,154,0,2,351.95,175.975,46.5,23.25,12,15,2.0,2.0,351.95,2.0,351.95,2.0,351.95,Grocery,327.39,1,2.0,2.0,0.0,0.0,20.0,0.86,1.0,0.0,0.0,3.0,3.6666666666666665,6.6000000000000005,2.0,1.0,1.0,0.0,0.0,20.0,0.0,0.0,0.0,0.0,0.0,0.0,2025-05-01,0,1,0.0
C00075,63,Female,Buffalo,NY,Unknown,Baby,Referral,1,0,0.528,0.778,191,0,3,2100.12,700.04,217.94,72.64666666666666,108,80,1.125,0.0,0.0,0.0,0.0,2.0,1909.08,Beauty,876.67,4,0.0,0.0,0.0,0.0,0.0,0.0,0.0,0.0,0.0,6.0,5.0,7.927777777777777,4.0,2.0,3.0,2.0,2.0,36.0,0.3333333333333333,0.6666666666666666,0.0,0.0,0.0,0.0,2025-05-01,0,0,138.31
C00076,44,Non-binary,Buffalo,NY,Unknown,Apparel,Organic Search,1,1,0.234,0.582,267,0,1,473.47,473.47,45.77,45.77,138,0,1.0,0.0,0.0,0.0,0.0,1.0,473.47,Apparel,288.06,2,1.0,1.0,1.0,1.0,25.0,0.85,1.0,1.0,1.0,8.0,4.125,6.522916666666667,4.0,2.0,3.0,2.0,2.0,11.0,0.25,0.6666666666666666,0.0,0.0,0.0,0.0,2025-05-01,1,0,310.25
C00084,43,Male,Boston,MA,Silver,Sports,Organic Search,1,0,0.54,0.654,348,0,1,190.63,190.63,20.07,20.07,92,0,1.0,0.0,0.0,0.0,0.0,1.0,190.63,Sports,177.33,1,4.0,1.0,0.0,2.0,20.0,3.21,0.25,0.0,0.5,8.0,5.125,9.352083333333333,4.0,1.0,5.0,5.0,5.0,1.0,0.625,1.0,0.0,0.0,0.0,0.0,2025-05-01,1,0,157.37
C00085,20,Prefer not to say,Denver,CO,Silver,Sports,Paid Search,1,1,0.684,0.731,12,1,1,70.47,70.47,13.59,13.59,6,0,1.0,1.0,70.47,1.0,70.47,1.0,70.47,Electronics,65.55,1,0.0,0.0,0.0,0.0,0.0,0.0,0.0,0.0,0.0,0.0,0.0,0.0,0.0,0.0,0.0,0.0,0.0,0.0,0.0,0.0,0.0,0.0,0.0,0.0,2025-05-01,0,1,0.0
C00086,33,Non-binary,Denver,CO,Gold,Electronics,Direct,1,1,0.416,0.431,247,0,3,843.17,281.0566666666667,119.8,39.93333333333333,51,134,0.6716417910447761,0.0,0.0,1.0,243.65,2.0,462.90999999999997,Electronics,491.96000000000004,3,1.0,0.0,0.0,0.0,20.0,0.72,0.0,0.0,0.0,1.0,3.0,3.433333333333333,0.0,0.0,0.0,0.0,0.0,135.0,0.0,0.0,1.0,23.0,4.0,0.0,2025-05-01,0,0,47.44
C00089,48,Male,Boston,MA,Unknown,Electronics,Referral,0,1,0.623,0.949,212,0,1,959.79,959.79,179.7,179.7,160,0,1.0,0.0,0.0,0.0,0.0,1.0,959.79,Pet,635.78,2,5.0,1.0,0.0,2.0,9.0,3.9899999999999998,0.2,0.0,0.4,7.0,4.428571428571429,6.895238095238095,3.0,2.0,4.0,3.0,3.0,37.0,0.42857142857142855,0.75,0.0,0.0,0.0,0.0,2025-05-01,0,1,0.0
C00090,20,Male,Boston,MA,Silver,Grocery,Organic Search,1,0,0.232,0.853,197,0,3,793.6,264.53333333333336,101.1,33.699999999999996,102,83,1.0843373493975903,0.0,0.0,0.0,0.0,2.0,693.88,Apparel,259.6,4,3.0,1.0,1.0,0.0,11.666666666666666,1.71,0.3333333333333333,0.3333333333333333,0.0,3.0,3.0,4.227777777777778,1.0,1.0,0.0,0.0,0.0,52.0,0.0,0.0,0.0,0.0,0.0,0.0,2025-05-01,0,0,104.85999999999999
C00092,31,Prefer not to say,Boulder,CO,Silver,Electronics,Organic Search,1,0,0.805,0.738,343,0,3,747.4300000000001,249.14333333333335,162.73000000000002,54.24333333333334,50,207,0.43478260869565216,0.0,0.0,2.0,474.98,2.0,474.98,Beauty,253.44,3,2.0,0.0,0.0,0.0,12.5,0.855,0.0,0.0,0.0,7.0,4.428571428571429,7.071428571428571,6.0,4.0,2.0,0.0,0.0,17.0,0.0,0.0,0.0,0.0,0.0,0.0,2025-05-01,0,0,469.82
C00094,66,Female,New York,NY,Unknown,Apparel,Referral,1,1,0.495,0.579,240,0,3,944.8199999999999,314.94,146.73,48.91,98,116,0.7758620689655172,0.0,0.0,0.0,0.0,2.0,717.6700000000001,Home,479.99,3,0.0,0.0,0.0,0.0,0.0,0.0,0.0,0.0,0.0,6.0,4.5,6.827777777777778,5.0,3.0,2.0,0.0,0.0,95.0,0.0,0.0,0.0,0.0,0.0,0.0,2025-05-01,0,0,288.02
C00095,74,Prefer not to say,San Francisco,CA,Unknown,Home,Organic Search,0,0,0.332,0.769,429,0,1,140.91,140.91,28.47,28.47,261,0,1.0,0.0,0.0,0.0,0.0,0.0,0.0,Home,131.08,1,6.0,3.0,1.0,1.0,11.666666666666666,3.275,0.5,0.16666666666666666,0.16666666666666666,10.0,3.8,5.721666666666667,5.0,3.0,1.0,0.0,0.0,43.0,0.0,0.0,0.0,0.0,0.0,0.0,2025-05-01,0,0,37.39
C00096,37,Male,Denver,CO,Unknown,Electronics,Affiliate,1,1,0.806,0.182,199,0,1,460.47,460.47,72.9,72.9,100,0,1.0,0.0,0.0,0.0,0.0,1.0,460.47,Electronics,428.34000000000003,1,1.0,0.0,0.0,0.0,5.0,0.72,0.0,0.0,0.0,2.0,3.0,4.85,1.0,0.0,0.0,0.0,0.0,27.0,0.0,0.0,0.0,0.0,0.0,0.0,2025-05-01,0,1,0.0
C00099,56,Non-binary,Scottsdale,AZ,Silver,Apparel,Organic Search,1,1,0.264,0.857,171,0,1,106.1,106.1,0.0,0.0,7,0,1.0,1.0,106.1,1.0,106.1,1.0,106.1,Sports,98.7,1,5.0,2.0,1.0,0.0,14.0,4.575,0.4,0.2,0.0,1.0,6.0,10.45,1.0,1.0,1.0,0.0,0.0,119.0,0.0,0.0,0.0,0.0,0.0,0.0,2025-05-01,0,0,1418.73
C00100,44,Non-binary,Boulder,CO,Unknown,Pet,Organic Search,1,0,0.604,0.829,400,0,1,118.16,118.16,6.88,6.88,283,0,1.0,0.0,0.0,0.0,0.0,0.0,0.0,Pet,109.92,1,5.0,4.0,3.0,1.0,12.0,3.8649999999999998,0.8,0.6,0.2,10.0,4.8,8.245000000000001,6.0,4.0,6.0,3.0,3.0,29.0,0.3,0.5,0.0,0.0,0.0,0.0,2025-05-01,1,0,485.86
C00103,23,Female,Seattle,WA,Unknown,Sports,Direct,1,1,0.422,0.487,239,0,1,1116.37,1116.37,185.15,185.15,187,0,1.0,0.0,0.0,0.0,0.0,0.0,0.0,Sports,802.71,2,2.0,0.0,0.0,0.0,20.0,1.505,0.0,0.0,0.0,4.0,4.5,6.408333333333333,3.0,3.0,1.0,0.0,0.0,73.0,0.0,0.0,0.0,0.0,0.0,0.0,2025-05-01,0,1,0.0
C00105,22,Non-binary,Austin,TX,Unknown,Beauty,Direct,1,0,0.261,0.36,399,0,2,320.52,160.26,54.34,27.17,143,233,0.2575107296137339,0.0,0.0,0.0,0.0,1.0,262.71,Beauty,244.37,2,0.0,0.0,0.0,0.0,0.0,0.0,0.0,0.0,0.0,4.0,2.0,2.75,1.0,1.0,0.0,0.0,0.0,41.0,0.0,0.0,0.0,0.0,0.0,0.0,2025-05-01,0,1,0.0
C00110,36,Male,Boulder,CO,Silver,Baby,Affiliate,1,0,0.335,0.836,93,0,1,191.11,191.11,32.17,32.17,42,0,1.0,0.0,0.0,1.0,191.11,1.0,191.11,Home,177.78,1,0.0,0.0,0.0,0.0,0.0,0.0,0.0,0.0,0.0,4.0,3.25,4.258333333333333,2.0,2.0,1.0,0.0,0.0,2.0,0.0,0.0,0.0,0.0,0.0,0.0,2025-05-01,1,0,158.93
C00112,26,Male,Phoenix,AZ,Unknown,Home,Organic Search,1,1,0.471,0.421,397,0,3,488.91,162.97,59.940000000000005,19.98,102,295,0.30508474576271183,0.0,0.0,0.0,0.0,1.0,42.36,Apparel,288.89,3,3.0,0.0,0.0,0.0,10.0,3.7199999999999998,0.0,0.0,0.0,7.0,4.0,5.464285714285714,5.0,2.0,2.0,0.0,0.0,5.0,0.0,0.0,0.0,0.0,0.0,0.0,2025-05-01,0,0,902.47
C00114,74,Non-binary,Cambridge,MA,Silver,Apparel,Referral,1,1,0.838,0.562,233,0,2,585.44,292.72,165.26999999999998,82.63499999999999,78,4,2.0,0.0,0.0,2.0,585.44,2.0,585.44,Apparel,544.6,1,5.0,1.0,0.0,0.0,13.0,1.5999999999999999,0.2,0.0,0.0,2.0,5.0,10.616666666666665,1.0,1.0,1.0,1.0,1.0,0.0,0.5,1.0,0.0,0.0,0.0,0.0,2025-05-01,0,0,909.3699999999999
C00117,51,Prefer not to say,Miami,FL,Platinum,Apparel,Organic Search,1,0,0.664,0.676,106,0,2,527.99,263.995,103.94,51.97,24,58,1.0344827586206897,1.0,512.14,2.0,527.99,2.0,527.99,Baby,408.03,3,3.0,1.0,1.0,1.0,10.0,3.07,0.3333333333333333,0.3333333333333333,0.3333333333333333,4.0,4.25,8.383333333333333,2.0,2.0,1.0,0.0,0.0,1.0,0.0,0.0,0.0,0.0,0.0,0.0,2025-05-01,0,0,68.4
C00118,27,Female,Miami,FL,Silver,Pet,Affiliate,1,1,0.715,0.891,54,1,1,83.57,83.57,17.57,17.57,47,0,1.0,0.0,0.0,1.0,83.57,1.0,83.57,Pet,77.74000000000001,1,1.0,1.0,1.0,0.0,15.0,0.01,1.0,1.0,0.0,4.0,3.5,6.770833333333334,2.0,2.0,2.0,0.0,0.0,7.0,0.0,0.0,0.0,0.0,0.0,0.0,2025-05-01,1,0,929.98
C00122,22,Non-binary,Tacoma,WA,Gold,Home,Direct,0,1,0.32,0.29,330,0,5,1084.09,216.81799999999998,117.92,23.584,2,283,0.5300353356890459,2.0,419.68,2.0,419.68,2.0,419.68,Baby,270.19,6,2.0,1.0,0.0,0.0,10.0,1.21,0.5,0.0,0.0,2.0,5.5,10.658333333333333,1.0,1.0,1.0,1.0,1.0,159.0,0.5,1.0,0.0,0.0,0.0,0.0,2025-05-01,0,0,394.52
C00123,51,Non-binary,Austin,TX,Unknown,Home,Paid Social,1,0,0.583,0.856,236,0,1,427.63,427.63,53.98,53.98,66,0,1.0,0.0,0.0,1.0,427.63,1.0,427.63,Beauty,397.8,1,3.0,0.0,0.0,0.0,10.0,1.45,0.0,0.0,0.0,7.0,4.285714285714286,7.952380952380952,6.0,2.0,1.0,1.0,1.0,43.0,0.14285714285714285,1.0,1.0,3.1,4.0,0.0,2025-05-01,0,0,924.41
C00124,28,Non-binary,Austin,TX,Unknown,Electronics,Paid Social,1,0,0.396,0.889,211,0,1,49.23,49.23,0.28,0.28,185,0,1.0,0.0,0.0,0.0,0.0,0.0,0.0,Electronics,39.29,1,4.0,3.0,1.0,0.0,13.75,2.365,0.75,0.25,0.0,2.0,5.0,9.375,1.0,1.0,1.0,1.0,1.0,32.0,0.5,1.0,0.0,0.0,0.0,0.0,2025-05-01,1,0,647.76
C00127,62,Female,Buffalo,NY,Silver,Apparel,Organic Search,1,1,0.702,0.675,109,0,2,721.82,360.91,114.27,57.135,80,8,2.0,0.0,0.0,2.0,721.82,2.0,721.82,Home,671.46,1,4.0,2.0,0.0,1.0,13.75,3.08,0.5,0.0,0.25,3.0,3.6666666666666665,7.855555555555555,1.0,1.0,1.0,1.0,1.0,16.0,0.3333333333333333,1.0,0.0,0.0,0.0,0.0,2025-05-01,0,0,293.03
C00129,38,Prefer not to say,Charlotte,NC,Unknown,Sports,Affiliate,1,0,0.7,0.826,410,0,2,1600.3,800.15,287.92,143.96,65,60,1.0,0.0,0.0,1.0,389.77,2.0,1600.3,Sports,773.17,3,5.0,3.0,2.0,0.0,17.0,5.225,0.6,0.4,0.0,9.0,4.666666666666667,7.225925925925925,4.0,3.0,4.0,4.0,4.0,7.0,0.4444444444444444,1.0,0.0,0.0,0.0,0.0,2025-05-01,1,0,481.15000000000003
C00131,59,Female,Scottsdale,AZ,Unknown,Pet,Organic Search,1,1,0.563,0.488,72,1,1,173.0,173.0,31.49,31.49,20,0,1.0,1.0,173.0,1.0,173.0,1.0,173.0,Pet,160.93,1,1.0,1.0,0.0,0.0,15.0,0.85,1.0,0.0,0.0,4.0,4.75,7.5625,3.0,3.0,3.0,0.0,0.0,1.0,0.0,0.0,0.0,0.0,0.0,0.0,2025-05-01,0,0,647.72
C00133,30,Male,Miami,FL,Silver,Baby,Referral,1,1,0.676,0.734,267,0,3,676.0999999999999,225.36666666666665,161.54000000000002,53.84666666666667,8,254,0.3543307086614173,1.0,369.8,2.0,615.96,2.0,615.96,Baby,572.99,2,6.0,4.0,3.0,2.0,15.0,3.2649999999999997,0.6666666666666666,0.5,0.3333333333333333,7.0,4.714285714285714,7.045238095238095,5.0,3.0,3.0,2.0,2.0,2.0,0.2857142857142857,0.6666666666666666,0.0,0.0,0.0,0.0,2025-05-01,0,1,0.0
C00135,65,Non-binary,Denver,CO,Unknown,Electronics,Direct,1,0,0.616,0.696,214,0,1,363.05,363.05,89.64,89.64,40,0,1.0,0.0,0.0,1.0,363.05,1.0,363.05,Electronics,337.72,1,3.0,2.0,1.0,1.0,15.0,0.86,0.6666666666666666,0.3333333333333333,0.3333333333333333,4.0,3.5,6.416666666666666,2.0,0.0,0.0,0.0,0.0,1.0,0.0,0.0,1.0,4.7,4.0,0.0,2025-05-01,1,0,914.99
C00137,37,Non-binary,San Jose,CA,Platinum,Beauty,Paid Search,1,1,0.421,0.582,155,0,2,442.25,221.125,57.129999999999995,28.564999999999998,74,41,1.4634146341463414,0.0,0.0,1.0,150.66,2.0,442.25,Beauty,271.25,2,3.0,1.0,0.0,1.0,21.666666666666668,2.29,0.3333333333333333,0.0,0.3333333333333333,7.0,4.285714285714286,6.669047619047619,4.0,2.0,3.0,2.0,2.0,16.0,0.2857142857142857,0.6666666666666666,0.0,0.0,0.0,0.0,2025-05-01,0,0,894.5400000000001
C00141,56,Prefer not to say,Chicago,IL,Gold,Sports,Organic Search,1,1,0.083,0.541,411,0,8,2402.53,300.31625,122.03999999999999,15.254999999999999,121,264,0.9090909090909091,0.0,0.0,0.0,0.0,3.0,1011.7700000000001,Sports,1476.73,3,6.0,3.0,1.0,1.0,14.166666666666666,4.8149999999999995,0.5,0.16666666666666666,0.16666666666666666,4.0,4.75,9.608333333333334,3.0,1.0,1.0,1.0,1.0,102.0,0.25,1.0,1.0,6.1,4.0,0.0,2025-05-01,1,0,985.56
C00142,58,Prefer not to say,Boston,MA,Unknown,Apparel,Organic Search,1,1,0.829,0.868,292,0,1,261.69,261.69,66.01,66.01,118,0,1.0,0.0,0.0,0.0,0.0,1.0,261.69,Beauty,243.43,1,4.0,4.0,2.0,0.0,17.5,1.52,1.0,0.5,0.0,6.0,5.5,10.655555555555557,6.0,3.0,4.0,1.0,1.0,51.0,0.16666666666666666,0.25,0.0,0.0,0.0,0.0,2025-05-01,0,1,0.0
C00143,41,Male,Dallas,TX,Silver,Home,Organic Search,1,1,0.398,0.525,188,0,1,107.91,107.91,30.39,30.39,155,0,1.0,0.0,0.0,0.0,0.0,1.0,107.91,Home,100.38,1,4.0,2.0,1.0,0.0,10.0,3.08,0.5,0.25,0.0,2.0,2.0,2.6416666666666666,0.0,0.0,0.0,0.0,0.0,0.0,0.0,0.0,0.0,0.0,0.0,0.0,2025-05-01,0,0,168.99
C00144,71,Prefer not to say,Tacoma,WA,Unknown,Beauty,Affiliate,1,0,0.868,0.547,255,0,1,196.25,196.25,51.07,51.07,190,0,1.0,0.0,0.0,0.0,0.0,0.0,0.0,Beauty,182.56,1,2.0,2.0,1.0,0.0,10.0,2.7,1.0,0.5,0.0,2.0,3.0,4.666666666666667,1.0,0.0,0.0,0.0,0.0,208.0,0.0,0.0,0.0,0.0,0.0,0.0,2025-05-01,0,1,0.0
C00148,61,Female,San Jose,CA,Silver,Grocery,Paid Search,1,0,0.557,0.49,75,1,2,389.86,194.93,110.16,55.08,1,3,2.0,2.0,389.86,2.0,389.86,2.0,389.86,Grocery,209.27,3,0.0,0.0,0.0,0.0,0.0,0.0,0.0,0.0,0.0,2.0,6.5,12.833333333333334,2.0,1.0,2.0,1.0,1.0,52.0,0.5,0.5,0.0,0.0,0.0,0.0,2025-05-01,0,0,1020.3499999999999
C00151,67,Female,Dallas,TX,Silver,Sports,Paid Search,1,1,0.285,0.407,222,0,2,1187.16,593.58,125.49,62.745,9,111,0.5405405405405405,1.0,320.3,1.0,320.3,2.0,1187.16,Sports,685.0699999999999,2,4.0,0.0,0.0,0.0,5.0,3.36,0.0,0.0,0.0,5.0,3.6,4.173333333333334,3.0,1.0,1.0,0.0,0.0,75.0,0.0,0.0,0.0,0.0,0.0,0.0,2025-05-01,0,0,149.68
C00152,55,Female,New York,NY,Silver,Apparel,Affiliate,0,0,0.734,0.411,478,0,4,796.49,199.1225,176.32,44.08,49,314,0.38216560509554137,0.0,0.0,1.0,332.71,1.0,332.71,Apparel,173.3,6,1.0,0.0,0.0,0.0,5.0,0.85,0.0,0.0,0.0,3.0,4.666666666666667,6.6000000000000005,3.0,1.0,1.0,0.0,0.0,76.0,0.0,0.0,0.0,0.0,0.0,0.0,2025-05-01,0,1,0.0
C00154,63,Male,Raleigh,NC,Silver,Grocery,Direct,1,0,0.516,0.521,428,0,2,432.23,216.115,51.839999999999996,25.919999999999998,76,229,0.26200873362445415,0.0,0.0,1.0,358.57,1.0,358.57,Apparel,289.75,3,6.0,1.0,0.0,0.0,10.0,3.15,0.16666666666666666,0.0,0.0,7.0,5.571428571428571,8.307142857142857,5.0,4.0,4.0,3.0,3.0,165.0,0.42857142857142855,0.75,0.0,0.0,0.0,0.0,2025-05-01,0,0,587.96
C00157,39,Male,Orlando,FL,Gold,Pet,Direct,1,1,0.182,0.592,431,0,9,2843.45,315.93888888888887,190.56,21.173333333333332,21,356,0.7584269662921348,1.0,467.95,2.0,551.65,2.0,551.65,Pet,1667.87,6,4.0,1.0,1.0,1.0,8.75,2.645,0.25,0.25,0.25,8.0,3.625,5.5125,5.0,3.0,1.0,0.0,0.0,44.0,0.0,0.0,0.0,0.0,0.0,0.0,2025-05-01,0,0,1038.3600000000001
C00158,41,Female,Orlando,FL,Unknown,Beauty,Affiliate,1,0,0.776,0.932,272,0,1,195.24,195.24,35.57,35.57,52,0,1.0,0.0,0.0,1.0,195.24,1.0,195.24,Apparel,181.62,1,5.0,5.0,2.0,0.0,13.0,5.109999999999999,1.0,0.4,0.0,3.0,5.333333333333333,10.416666666666668,3.0,1.0,1.0,1.0,1.0,61.0,0.3333333333333333,1.0,0.0,0.0,0.0,0.0,2025-05-01,0,0,439.26
C00160,56,Female,Los Angeles,CA,Gold,Beauty,Organic Search,1,1,0.383,0.336,73,1,2,217.62,108.81,22.94,11.47,4,24,2.0,2.0,217.62,2.0,217.62,2.0,217.62,Electronics,202.44,1,2.0,0.0,0.0,0.0,7.5,1.51,0.0,0.0,0.0,1.0,3.0,2.316666666666667,0.0,0.0,0.0,0.0,0.0,61.0,0.0,0.0,0.0,0.0,0.0,0.0,2025-05-01,0,1,0.0
C00162,49,Male,Houston,TX,Unknown,Baby,Referral,1,1,0.451,0.545,197,0,2,298.78,149.39,70.78999999999999,35.394999999999996,3,77,0.7792207792207791,1.0,55.34,2.0,298.78,2.0,298.78,Apparel,170.34,2,2.0,1.0,0.0,0.0,10.0,1.505,0.5,0.0,0.0,3.0,4.0,7.666666666666667,2.0,1.0,0.0,0.0,0.0,58.0,0.0,0.0,0.0,0.0,0.0,0.0,2025-05-01,0,1,0.0
C00164,35,Female,Tacoma,WA,Silver,Grocery,Paid Social,1,1,0.248,0.333,446,0,6,1444.78,240.79666666666665,112.22,18.703333333333333,19,368,0.48913043478260865,2.0,393.17,2.0,393.17,4.0,563.89,Home,541.49,4,2.0,1.0,1.0,0.0,20.0,1.2049999999999998,0.5,0.5,0.0,5.0,4.2,7.113333333333332,3.0,2.0,1.0,1.0,1.0,114.0,0.2,1.0,1.0,12.2,3.0,0.0,2025-05-01,0,0,408.16
C00168,68,Non-binary,Phoenix,AZ,Silver,Baby,Direct,1,0,0.3,0.503,406,0,6,1243.75,207.29166666666666,81.56,13.593333333333334,77,315,0.5714285714285714,0.0,0.0,1.0,144.13,3.0,349.84,Home,270.02,6,4.0,1.0,0.0,0.0,10.0,1.2149999999999999,0.25,0.0,0.0,7.0,4.142857142857143,8.707142857142857,3.0,2.0,3.0,2.0,2.0,44.0,0.2857142857142857,0.6666666666666666,0.0,0.0,0.0,0.0,2025-05-01,0,0,174.31
C00171,70,Male,Phoenix,AZ,Platinum,Electronics,Referral,1,1,0.482,0.614,349,0,8,1796.54,224.5675,304.63,38.07875,53,285,0.8421052631578947,0.0,0.0,2.0,583.6600000000001,3.0,853.4300000000001,Electronics,1380.0900000000001,3,4.0,1.0,0.0,0.0,17.5,1.9349999999999998,0.25,0.0,0.0,5.0,2.4,2.9266666666666667,1.0,0.0,0.0,0.0,0.0,5.0,0.0,0.0,0.0,0.0,0.0,0.0,2025-05-01,0,0,390.04
C00172,62,Non-binary,Denver,CO,Unknown,Sports,Paid Search,1,0,0.676,0.372,157,0,1,140.8,140.8,42.77,42.77,69,0,1.0,0.0,0.0,1.0,140.8,1.0,140.8,Baby,130.98,1,3.0,0.0,0.0,0.0,8.333333333333334,1.5799999999999998,0.0,0.0,0.0,4.0,4.0,6.5125,3.0,3.0,0.0,0.0,0.0,1.0,0.0,0.0,0.0,0.0,0.0,0.0,2025-05-01,0,0,496.86
C00176,56,Female,Houston,TX,Gold,Beauty,Affiliate,1,1,0.239,0.903,305,0,2,936.91,468.455,80.21000000000001,40.105000000000004,115,82,0.7317073170731707,0.0,0.0,0.0,0.0,1.0,338.5,Beauty,425.32,3,4.0,3.0,3.0,0.0,13.75,5.35,0.75,0.75,0.0,10.0,4.2,6.659999999999999,4.0,3.0,4.0,3.0,3.0,14.0,0.3,0.75,0.0,0.0,0.0,0.0,2025-05-01,1,0,371.6
C00182,53,Female,Boulder,CO,Silver,Beauty,Paid Search,1,0,0.311,0.11,86,1,2,402.91,201.455,20.56,10.28,12,31,1.9354838709677418,1.0,145.3,2.0,402.91,2.0,402.91,Sports,239.64,2,2.0,1.0,0.0,0.0,17.5,1.7,0.5,0.0,0.0,3.0,2.6666666666666665,3.466666666666667,1.0,0.0,0.0,0.0,0.0,14.0,0.0,0.0,0.0,0.0,0.0,0.0,2025-05-01,1,0,348.3
C00185,46,Non-binary,Orlando,FL,Platinum,Pet,Referral,1,1,0.596,0.616,48,1,1,231.06,231.06,26.46,26.46,43,0,1.0,0.0,0.0,1.0,231.06,1.0,231.06,Pet,214.94,1,0.0,0.0,0.0,0.0,0.0,0.0,0.0,0.0,0.0,2.0,7.0,9.291666666666666,2.0,2.0,2.0,1.0,1.0,31.0,0.5,0.5,0.0,0.0,0.0,0.0,2025-05-01,0,0,907.26
C00188,31,Non-binary,Scottsdale,AZ,Gold,Beauty,Referral,0,0,0.705,0.654,343,0,3,544.94,181.64666666666668,118.71000000000001,39.57,26,265,0.33962264150943394,1.0,194.74,2.0,387.09000000000003,2.0,387.09000000000003,Beauty,327.99,2,5.0,1.0,1.0,0.0,13.0,3.02,0.2,0.2,0.0,1.0,4.0,7.516666666666667,1.0,0.0,0.0,0.0,0.0,87.0,0.0,0.0,0.0,0.0,0.0,0.0,2025-05-01,0,1,0.0
C00189,76,Male,Naperville,IL,Gold,Apparel,Paid Social,1,1,0.438,0.647,446,0,4,968.16,242.04,159.72,39.93,37,208,0.5769230769230769,0.0,0.0,1.0,236.04,1.0,236.04,Apparel,645.1700000000001,2,3.0,1.0,0.0,0.0,10.0,2.42,0.3333333333333333,0.0,0.0,8.0,4.75,8.422916666666666,5.0,4.0,3.0,3.0,3.0,22.0,0.375,1.0,0.0,0.0,0.0,0.0,2025-05-01,0,0,126.94
C00195,55,Non-binary,Tacoma,WA,Unknown,Sports,Affiliate,1,1,0.581,0.913,401,0,1,758.4,758.4,91.02,91.02,383,0,1.0,0.0,0.0,0.0,0.0,0.0,0.0,Home,490.19000000000005,2,5.0,2.0,1.0,0.0,15.0,2.3,0.4,0.2,0.0,5.0,2.8,3.66,1.0,1.0,1.0,0.0,0.0,62.0,0.0,0.0,0.0,0.0,0.0,0.0,2025-05-01,1,0,1167.44
C00196,43,Male,Boston,MA,Unknown,Sports,Direct,1,0,0.719,0.525,204,0,2,365.36,182.68,67.85,33.925,109,54,1.1111111111111112,0.0,0.0,0.0,0.0,2.0,365.36,Sports,207.6,2,1.0,0.0,0.0,0.0,10.0,0.005,0.0,0.0,0.0,2.0,5.0,8.075000000000001,1.0,1.0,1.0,1.0,1.0,20.0,0.5,1.0,0.0,0.0,0.0,0.0,2025-05-01,0,0,754.74
C00197,70,Male,Dallas,TX,Gold,Sports,Affiliate,1,1,0.612,0.187,321,0,5,1787.44,357.488,315.73,63.146,66,238,0.6302521008403361,0.0,0.0,2.0,625.38,4.0,1338.72,Sports,974.9100000000001,4,5.0,1.0,0.0,0.0,19.0,4.22,0.2,0.0,0.0,4.0,3.0,2.575,2.0,1.0,0.0,0.0,0.0,37.0,0.0,0.0,0.0,0.0,0.0,0.0,2025-05-01,0,0,944.6700000000001
C00198,29,Prefer not to say,Naperville,IL,Gold,Electronics,Organic Search,1,0,0.678,0.833,259,0,3,429.01,143.00333333333333,88.2,29.400000000000002,59,197,0.4568527918781726,0.0,0.0,1.0,241.35,2.0,398.43,Grocery,224.51,3,6.0,3.0,2.0,0.0,12.5,5.3,0.5,0.3333333333333333,0.0,5.0,3.0,3.97,1.0,1.0,1.0,0.0,0.0,42.0,0.0,0.0,0.0,0.0,0.0,0.0,2025-05-01,0,1,0.0
C00001,33,Female,Scottsdale,AZ,Silver,Beauty,Paid Search,1,0,0.852,0.38,124,0,1,185.13,185.13,44.98,44.98,115,0,1.0,0.0,0.0,0.0,0.0,1.0,185.13,Apparel,172.21,1,1.0,0.0,0.0,0.0,15.0,0.72,0.0,0.0,0.0,6.0,4.666666666666667,6.288888888888889,4.0,3.0,2.0,1.0,1.0,8.0,0.16666666666666666,0.5,0.0,0.0,0.0,0.0,2025-06-01,0,0,186.92
C00008,56,Female,Charlotte,NC,Unknown,Sports,Paid Social,1,0,0.755,0.458,198,0,3,1692.5500000000002,564.1833333333334,367.52,122.50666666666666,49,130,0.6923076923076924,0.0,0.0,1.0,352.9,3.0,1692.5500000000002,Sports,1421.58,2,0.0,0.0,0.0,0.0,0.0,0.0,0.0,0.0,0.0,2.0,4.0,4.65,1.0,1.0,0.0,0.0,0.0,89.0,0.0,0.0,0.0,0.0,0.0,0.0,2025-06-01,0,0,390.32
C00014,23,Male,Seattle,WA,Unknown,Baby,Affiliate,1,1,0.251,0.454,465,0,2,620.97,310.485,91.41,45.705,43,343,0.1749271137026239,0.0,0.0,1.0,489.64,1.0,489.64,Sports,299.58,3,0.0,0.0,0.0,0.0,0.0,0.0,0.0,0.0,0.0,5.0,6.8,11.786666666666667,4.0,3.0,4.0,4.0,4.0,61.0,0.8,1.0,0.0,0.0,0.0,0.0,2025-06-01,0,0,861.13
C00016,68,Male,Boulder,CO,Platinum,Electronics,Organic Search,1,0,0.466,0.649,340,0,3,799.2,266.40000000000003,170.94,56.98,196,31,2.9032258064516125,0.0,0.0,0.0,0.0,0.0,0.0,Electronics,257.9,4,3.0,3.0,2.0,0.0,15.0,1.71,1.0,0.6666666666666666,0.0,3.0,3.6666666666666665,4.694444444444444,1.0,0.0,1.0,1.0,1.0,50.0,0.3333333333333333,1.0,0.0,0.0,0.0,0.0,2025-06-01,0,0,448.98
C00017,35,Prefer not to say,Orlando,FL,Platinum,Beauty,Organic Search,1,0,0.472,0.673,245,0,7,1862.74,266.10571428571427,253.5,36.214285714285715,38,199,1.0552763819095476,0.0,0.0,4.0,1008.15,5.0,1232.2,Beauty,649.26,4,4.0,3.0,1.0,1.0,11.25,2.06,0.75,0.25,0.25,4.0,5.25,6.729166666666667,3.0,2.0,2.0,1.0,1.0,56.0,0.25,0.5,2.0,21.3,4.5,0.0,2025-06-01,1,0,1223.8500000000001
C00019,66,Female,Raleigh,NC,Silver,Baby,Organic Search,1,1,0.724,0.433,332,0,3,333.25,111.08333333333333,64.38,21.459999999999997,8,229,0.3930131004366812,1.0,19.4,1.0,19.4,2.0,234.62,Beauty,184.98,4,1.0,0.0,0.0,0.0,10.0,0.005,0.0,0.0,0.0,6.0,3.0,4.6499999999999995,3.0,1.0,0.0,0.0,0.0,18.0,0.0,0.0,0.0,0.0,0.0,0.0,2025-06-01,0,1,0.0
C00021,59,Male,San Francisco,CA,Unknown,Pet,Direct,1,0,0.943,0.728,393,0,1,136.83,136.83,37.09,37.09,382,0,1.0,0.0,0.0,0.0,0.0,0.0,0.0,Apparel,127.28,1,7.0,3.0,1.0,1.0,15.0,5.779999999999999,0.42857142857142855,0.14285714285714285,0.14285714285714285,7.0,4.142857142857143,5.602380952380953,4.0,1.0,3.0,2.0,2.0,10.0,0.2857142857142857,0.6666666666666666,0.0,0.0,0.0,0.0,2025-06-01,0,1,0.0
C00026,27,Male,Cambridge,MA,Gold,Sports,Direct,1,1,0.732,0.88,134,0,3,593.36,197.78666666666666,108.49,36.163333333333334,12,106,0.8490566037735849,1.0,247.13,2.0,442.97,3.0,593.36,Sports,383.2,2,4.0,2.0,1.0,0.0,11.25,3.255,0.5,0.25,0.0,7.0,3.857142857142857,7.397619047619047,4.0,4.0,1.0,0.0,0.0,3.0,0.0,0.0,1.0,8.8,4.0,0.0,2025-06-01,1,0,1443.05
C00027,62,Non-binary,Phoenix,AZ,Unknown,Beauty,Direct,1,1,0.218,0.407,508,0,2,705.3199999999999,352.65999999999997,103.21000000000001,51.605000000000004,244,112,0.5357142857142857,0.0,0.0,0.0,0.0,0.0,0.0,Electronics,587.13,2,8.0,3.0,1.0,0.0,15.625,7.109999999999999,0.375,0.125,0.0,6.0,4.833333333333333,8.080555555555556,5.0,4.0,3.0,0.0,0.0,3.0,0.0,0.0,0.0,0.0,0.0,0.0,2025-06-01,0,0,578.5600000000001
C00029,48,Non-binary,Houston,TX,Unknown,Grocery,Paid Social,1,1,0.833,0.897,383,0,2,581.05,290.525,107.71000000000001,53.855000000000004,167,72,0.8333333333333334,0.0,0.0,0.0,0.0,1.0,330.8,Beauty,185.53,4,3.0,0.0,0.0,0.0,5.0,2.16,0.0,0.0,0.0,7.0,4.428571428571429,6.471428571428571,4.0,3.0,3.0,2.0,2.0,20.0,0.2857142857142857,0.6666666666666666,1.0,4.4,4.0,0.0,2025-06-01,0,1,0.0
C00030,55,Prefer not to say,Orlando,FL,Unknown,Pet,Organic Search,1,1,0.554,0.489,440,0,5,1262.28,252.456,163.5,32.7,19,360,0.4166666666666667,1.0,156.46,1.0,156.46,1.0,156.46,Pet,589.11,3,2.0,1.0,1.0,0.0,10.0,0.73,0.5,0.5,0.0,11.0,3.909090909090909,6.871212121212122,5.0,4.0,4.0,1.0,1.0,1.0,0.09090909090909091,0.25,0.0,0.0,0.0,0.0,2025-06-01,0,0,392.89
C00033,56,Female,Dallas,TX,Unknown,Electronics,Paid Search,0,1,0.298,0.419,52,1,1,291.23,291.23,31.59,31.59,32,0,1.0,0.0,0.0,1.0,291.23,1.0,291.23,Electronics,270.91,1,0.0,0.0,0.0,0.0,0.0,0.0,0.0,0.0,0.0,1.0,7.0,13.783333333333333,1.0,0.0,1.0,1.0,1.0,26.0,1.0,1.0,0.0,0.0,0.0,0.0,2025-06-01,0,0,159.26
C00035,75,Female,Scottsdale,AZ,Silver,Electronics,Affiliate,1,1,0.544,0.406,406,0,3,1246.17,415.39000000000004,175.05,58.35,28,208,0.43269230769230765,1.0,460.58,1.0,460.58,2.0,789.8599999999999,Electronics,734.76,2,3.0,2.0,0.0,1.0,6.666666666666667,1.2149999999999999,0.6666666666666666,0.0,0.3333333333333333,5.0,3.2,4.786666666666667,3.0,1.0,0.0,0.0,0.0,8.0,0.0,0.0,0.0,0.0,0.0,0.0,2025-06-01,0,0,198.63
C00041,67,Male,Boulder,CO,Gold,Sports,Paid Social,1,1,0.209,0.683,297,0,4,2250.36,562.59,182.71,45.6775,71,155,0.7741935483870968,0.0,0.0,2.0,391.82000000000005,3.0,1390.47,Baby,922.78,4,5.0,2.0,0.0,0.0,13.0,2.915,0.4,0.0,0.0,7.0,5.0,7.421428571428572,5.0,2.0,3.0,3.0,3.0,19.0,0.42857142857142855,1.0,0.0,0.0,0.0,0.0,2025-06-01,1,0,234.42
C00045,58,Non-binary,Orlando,FL,Unknown,Baby,Affiliate,1,1,0.437,0.815,440,0,3,414.84000000000003,138.28,40.3,13.433333333333332,2,418,0.21531100478468898,1.0,281.23,1.0,281.23,2.0,353.45000000000005,Baby,385.90000000000003,1,4.0,2.0,0.0,0.0,12.5,3.0749999999999997,0.5,0.0,0.0,7.0,6.142857142857143,8.361904761904762,6.0,5.0,5.0,3.0,3.0,20.0,0.42857142857142855,0.6,0.0,0.0,0.0,0.0,2025-06-01,0,1,0.0
C00048,39,Female,Charlotte,NC,Platinum,Grocery,Paid Social,1,0,0.137,0.355,171,0,5,1693.73,338.746,115.91,23.182,17,119,1.2605042016806722,1.0,502.36,4.0,1442.35,5.0,1693.73,Sports,612.34,6,2.0,1.0,0.0,0.0,12.5,1.505,0.5,0.0,0.0,3.0,2.3333333333333335,1.6944444444444446,1.0,0.0,0.0,0.0,0.0,23.0,0.0,0.0,1.0,6.9,4.0,0.0,2025-06-01,1,0,1616.17
C00050,51,Female,Buffalo,NY,Silver,Baby,Affiliate,1,1,0.535,0.708,333,0,3,500.52,166.84,72.52000000000001,24.173333333333336,71,132,0.6818181818181818,0.0,0.0,1.0,252.97,1.0,252.97,Baby,459.1,1,2.0,1.0,1.0,0.0,12.5,0.02,0.5,0.5,0.0,5.0,2.2,2.42,1.0,1.0,1.0,0.0,0.0,100.0,0.0,0.0,0.0,0.0,0.0,0.0,2025-06-01,0,1,0.0
C00051,46,Prefer not to say,Orlando,FL,Unknown,Beauty,Referral,1,1,0.288,0.326,351,0,3,1478.01,492.67,170.87,56.95666666666667,60,235,0.3829787234042553,0.0,0.0,2.0,835.11,2.0,835.11,Beauty,776.84,2,3.0,2.0,0.0,0.0,15.0,3.12,0.6666666666666666,0.0,0.0,3.0,4.333333333333333,5.922222222222222,2.0,2.0,2.0,0.0,0.0,190.0,0.0,0.0,1.0,42.7,4.0,0.0,2025-06-01,0,1,0.0
C00052,71,Prefer not to say,New York,NY,Unknown,Beauty,Paid Search,1,0,0.481,0.323,352,0,4,2378.35,594.5875,319.44,79.86,81,255,0.47058823529411764,0.0,0.0,1.0,786.04,2.0,1284.02,Beauty,1689.1599999999999,3,1.0,1.0,0.0,0.0,0.0,0.01,1.0,0.0,0.0,4.0,5.25,8.9375,3.0,2.0,2.0,1.0,1.0,143.0,0.25,0.5,0.0,0.0,0.0,0.0,2025-06-01,0,0,1098.45
C00053,71,Prefer not to say,Boston,MA,Platinum,Grocery,Direct,1,1,0.411,0.855,490,0,8,2997.56,374.695,436.35,54.54375,65,411,0.5839416058394161,0.0,0.0,1.0,590.48,2.0,706.9300000000001,Grocery,1209.08,6,10.0,6.0,2.0,0.0,14.0,7.1899999999999995,0.6,0.2,0.0,12.0,5.333333333333333,9.690277777777778,7.0,6.0,9.0,6.0,6.0,29.0,0.5,0.6666666666666666,0.0,0.0,0.0,0.0,2025-06-01,1,0,810.23
C00054,68,Prefer not to say,San Jose,CA,Silver,Beauty,Organic Search,1,1,0.511,0.85,436,0,7,3062.3500000000004,437.47857142857146,357.80999999999995,51.115714285714276,55,348,0.603448275862069,0.0,0.0,1.0,452.6,1.0,452.6,Beauty,2363.59,4,5.0,2.0,1.0,0.0,0.0,4.64,0.4,0.2,0.0,13.0,4.615384615384615,7.262820512820513,9.0,8.0,5.0,2.0,2.0,7.0,0.15384615384615385,0.4,1.0,10.7,5.0,0.0,2025-06-01,1,0,835.3699999999999
C00056,52,Non-binary,Seattle,WA,Unknown,Grocery,Direct,1,0,0.541,0.797,135,0,1,350.73,350.73,13.14,13.14,32,0,1.0,0.0,0.0,1.0,350.73,1.0,350.73,Electronics,326.26,1,1.0,0.0,0.0,0.0,0.0,0.72,0.0,0.0,0.0,3.0,5.333333333333333,10.005555555555555,2.0,2.0,2.0,1.0,1.0,48.0,0.3333333333333333,0.5,0.0,0.0,0.0,0.0,2025-06-01,0,0,184.53
C00062,63,Prefer not to say,Seattle,WA,Unknown,Baby,Direct,0,0,0.241,0.769,397,0,4,1683.75,420.9375,138.1,34.525,199,195,0.6153846153846154,0.0,0.0,0.0,0.0,0.0,0.0,Baby,810.22,4,3.0,1.0,0.0,0.0,18.333333333333332,3.07,0.3333333333333333,0.0,0.0,5.0,3.4,4.676666666666667,2.0,1.0,0.0,0.0,0.0,107.0,0.0,0.0,1.0,7.7,4.0,0.0,2025-06-01,0,0,291.76
C00064,22,Male,Scottsdale,AZ,Unknown,Beauty,Direct,1,1,0.664,0.513,140,0,1,220.15,220.15,35.61,35.61,74,0,1.0,0.0,0.0,1.0,220.15,1.0,220.15,Sports,204.79,1,1.0,0.0,0.0,0.0,10.0,0.72,0.0,0.0,0.0,3.0,2.6666666666666665,3.922222222222222,1.0,0.0,0.0,0.0,0.0,3.0,0.0,0.0,0.0,0.0,0.0,0.0,2025-06-01,0,1,0.0
C00067,40,Prefer not to say,Seattle,WA,Silver,Electronics,Paid Social,1,1,0.304,0.476,102,0,2,621.12,310.56,61.769999999999996,30.884999999999998,66,24,2.0,0.0,0.0,2.0,621.12,2.0,621.12,Electronics,577.78,1,0.0,0.0,0.0,0.0,0.0,0.0,0.0,0.0,0.0,2.0,6.0,11.125,2.0,2.0,2.0,0.0,0.0,26.0,0.0,0.0,0.0,0.0,0.0,0.0,2025-06-01,1,0,335.65
C00068,38,Male,Phoenix,AZ,Gold,Baby,Referral,0,1,0.471,0.733,270,0,4,920.28,230.07,187.26,46.815,61,103,1.1650485436893205,0.0,0.0,2.0,461.02,4.0,920.28,Beauty,361.49,3,5.0,1.0,1.0,0.0,11.0,3.1399999999999997,0.2,0.2,0.0,2.0,2.5,2.808333333333333,1.0,0.0,0.0,0.0,0.0,44.0,0.0,0.0,0.0,0.0,0.0,0.0,2025-06-01,0,1,0.0
C00069,72,Female,Scottsdale,AZ,Platinum,Sports,Paid Search,0,0,0.671,0.256,202,0,7,1596.96,228.13714285714286,318.2,45.457142857142856,6,192,1.09375,2.0,375.85999999999996,3.0,771.22,5.0,1108.0,Sports,1024.46,4,4.0,1.0,0.0,0.0,11.25,4.7,0.25,0.0,0.0,3.0,4.0,6.322222222222223,2.0,2.0,1.0,0.0,0.0,161.0,0.0,0.0,1.0,18.2,3.0,0.0,2025-06-01,1,0,1803.6
C00070,61,Female,Chicago,IL,Platinum,Electronics,Organic Search,1,0,0.509,0.716,105,0,4,1021.06,255.265,301.58000000000004,75.39500000000001,12,10,4.0,4.0,1021.06,4.0,1021.06,4.0,1021.06,Apparel,536.7,2,1.0,0.0,0.0,0.0,15.0,0.72,0.0,0.0,0.0,1.0,3.0,3.75,0.0,0.0,0.0,0.0,0.0,51.0,0.0,0.0,0.0,0.0,0.0,0.0,2025-06-01,0,0,541.35
C00074,33,Non-binary,Scottsdale,AZ,Silver,Grocery,Paid Search,0,0,0.419,0.793,185,0,2,351.95,175.975,46.5,23.25,43,15,2.0,0.0,0.0,2.0,351.95,2.0,351.95,Grocery,327.39,1,2.0,2.0,0.0,0.0,20.0,0.86,1.0,0.0,0.0,3.0,3.6666666666666665,6.6000000000000005,2.0,1.0,1.0,0.0,0.0,51.0,0.0,0.0,0.0,0.0,0.0,0.0,2025-06-01,0,1,0.0
C00075,63,Female,Buffalo,NY,Unknown,Baby,Referral,1,0,0.528,0.778,222,0,3,2100.12,700.04,217.94,72.64666666666666,139,80,1.125,0.0,0.0,0.0,0.0,1.0,1497.18,Beauty,876.67,4,1.0,0.0,0.0,1.0,5.0,0.72,0.0,0.0,1.0,6.0,5.0,7.927777777777777,4.0,2.0,3.0,2.0,2.0,67.0,0.3333333333333333,0.6666666666666666,0.0,0.0,0.0,0.0,2025-06-01,0,0,432.9
C00076,44,Non-binary,Buffalo,NY,Unknown,Apparel,Organic Search,1,1,0.234,0.582,298,0,2,637.1,318.55,65.66,32.83,8,161,0.3726708074534162,1.0,163.63,1.0,163.63,2.0,637.1,Apparel,339.37,3,1.0,1.0,1.0,1.0,25.0,0.85,1.0,1.0,1.0,8.0,4.125,6.522916666666667,4.0,2.0,3.0,2.0,2.0,42.0,0.25,0.6666666666666666,0.0,0.0,0.0,0.0,2025-06-01,0,0,146.62
C00084,43,Male,Boston,MA,Silver,Sports,Organic Search,1,0,0.54,0.654,379,0,2,232.2,116.1,25.19,12.595,17,106,0.5660377358490566,1.0,41.57,1.0,41.57,2.0,232.2,Sports,177.33,2,4.0,1.0,0.0,2.0,20.0,3.21,0.25,0.0,0.5,8.0,5.125,9.352083333333333,4.0,1.0,5.0,5.0,5.0,32.0,0.625,1.0,0.0,0.0,0.0,0.0,2025-06-01,0,0,115.8
C00085,20,Prefer not to say,Denver,CO,Silver,Sports,Paid Search,1,1,0.684,0.731,43,1,1,70.47,70.47,13.59,13.59,37,0,1.0,0.0,0.0,1.0,70.47,1.0,70.47,Electronics,65.55,1,0.0,0.0,0.0,0.0,0.0,0.0,0.0,0.0,0.0,0.0,0.0,0.0,0.0,0.0,0.0,0.0,0.0,0.0,0.0,0.0,0.0,0.0,0.0,0.0,2025-06-01,0,0,322.12
C00086,33,Non-binary,Denver,CO,Gold,Electronics,Direct,1,1,0.416,0.431,278,0,3,843.17,281.0566666666667,119.8,39.93333333333333,82,134,0.6716417910447761,0.0,0.0,1.0,243.65,2.0,462.90999999999997,Electronics,491.96000000000004,3,1.0,0.0,0.0,0.0,20.0,0.72,0.0,0.0,0.0,1.0,3.0,3.433333333333333,0.0,0.0,0.0,0.0,0.0,166.0,0.0,0.0,1.0,23.0,4.0,0.0,2025-06-01,0,0,47.44
C00089,48,Male,Boston,MA,Unknown,Electronics,Referral,0,1,0.623,0.949,243,0,1,959.79,959.79,179.7,179.7,191,0,1.0,0.0,0.0,0.0,0.0,0.0,0.0,Pet,635.78,2,5.0,1.0,0.0,2.0,9.0,3.9899999999999998,0.2,0.0,0.4,9.0,4.666666666666667,7.277777777777778,5.0,4.0,5.0,3.0,3.0,2.0,0.3333333333333333,0.6,0.0,0.0,0.0,0.0,2025-06-01,0,0,231.4
C00090,20,Male,Boston,MA,Silver,Grocery,Organic Search,1,0,0.232,0.853,228,0,3,793.6,264.53333333333336,101.1,33.699999999999996,133,83,1.0843373493975903,0.0,0.0,0.0,0.0,1.0,279.07,Apparel,259.6,4,3.0,1.0,1.0,0.0,11.666666666666666,1.71,0.3333333333333333,0.3333333333333333,0.0,5.0,3.2,4.506666666666667,2.0,1.0,0.0,0.0,0.0,4.0,0.0,0.0,0.0,0.0,0.0,0.0,2025-06-01,0,0,104.85999999999999
C00092,31,Prefer not to say,Boulder,CO,Silver,Electronics,Organic Search,1,0,0.805,0.738,374,0,3,747.4300000000001,249.14333333333335,162.73000000000002,54.24333333333334,81,207,0.43478260869565216,0.0,0.0,2.0,474.98,2.0,474.98,Beauty,253.44,3,2.0,0.0,0.0,0.0,12.5,0.855,0.0,0.0,0.0,8.0,4.625,7.9625,7.0,5.0,3.0,0.0,0.0,24.0,0.0,0.0,0.0,0.0,0.0,0.0,2025-06-01,0,0,469.82
C00094,66,Female,New York,NY,Unknown,Apparel,Referral,1,1,0.495,0.579,271,0,3,944.8199999999999,314.94,146.73,48.91,129,116,0.7758620689655172,0.0,0.0,0.0,0.0,2.0,717.6700000000001,Home,479.99,3,0.0,0.0,0.0,0.0,0.0,0.0,0.0,0.0,0.0,8.0,4.25,6.429166666666667,5.0,3.0,3.0,1.0,1.0,20.0,0.125,0.3333333333333333,0.0,0.0,0.0,0.0,2025-06-01,0,0,513.92
C00095,74,Prefer not to say,San Francisco,CA,Unknown,Home,Organic Search,0,0,0.332,0.769,460,0,1,140.91,140.91,28.47,28.47,292,0,1.0,0.0,0.0,0.0,0.0,0.0,0.0,Home,131.08,1,8.0,3.0,1.0,1.0,11.875,5.324999999999999,0.375,0.125,0.125,11.0,3.727272727272727,5.775757575757576,5.0,3.0,1.0,0.0,0.0,23.0,0.0,0.0,0.0,0.0,0.0,0.0,2025-06-01,0,0,37.39
C00096,37,Male,Denver,CO,Unknown,Electronics,Affiliate,1,1,0.806,0.182,230,0,1,460.47,460.47,72.9,72.9,131,0,1.0,0.0,0.0,0.0,0.0,1.0,460.47,Electronics,428.34000000000003,1,2.0,0.0,0.0,0.0,10.0,1.92,0.0,0.0,0.0,2.0,3.0,4.85,1.0,0.0,0.0,0.0,0.0,58.0,0.0,0.0,0.0,0.0,0.0,0.0,2025-06-01,0,1,0.0
C00099,56,Non-binary,Scottsdale,AZ,Silver,Apparel,Organic Search,1,1,0.264,0.857,202,0,1,106.1,106.1,0.0,0.0,38,0,1.0,0.0,0.0,1.0,106.1,1.0,106.1,Sports,98.7,1,5.0,2.0,1.0,0.0,14.0,4.575,0.4,0.2,0.0,1.0,6.0,10.45,1.0,1.0,1.0,0.0,0.0,150.0,0.0,0.0,0.0,0.0,0.0,0.0,2025-06-01,1,0,1630.91
C00100,44,Non-binary,Boulder,CO,Unknown,Pet,Organic Search,1,0,0.604,0.829,431,0,2,381.45000000000005,190.72500000000002,54.14,27.07,10,304,0.19736842105263158,1.0,263.29,1.0,263.29,1.0,263.29,Pet,354.84000000000003,1,6.0,4.0,3.0,1.0,13.333333333333334,3.875,0.6666666666666666,0.5,0.16666666666666666,11.0,4.545454545454546,7.613636363636363,6.0,4.0,6.0,3.0,3.0,4.0,0.2727272727272727,0.5,0.0,0.0,0.0,0.0,2025-06-01,1,0,222.57
C00102,71,Female,Tacoma,WA,Unknown,Baby,Direct,1,0,0.25,0.838,191,0,1,305.47,305.47,0.0,0.0,14,0,1.0,1.0,305.47,1.0,305.47,1.0,305.47,Baby,284.16,1,8.0,6.0,4.0,1.0,14.375,4.595,0.75,0.5,0.125,5.0,4.4,7.486666666666667,3.0,3.0,2.0,0.0,0.0,8.0,0.0,0.0,0.0,0.0,0.0,0.0,2025-06-01,0,0,255.21
C00103,23,Female,Seattle,WA,Unknown,Sports,Direct,1,1,0.422,0.487,270,0,1,1116.37,1116.37,185.15,185.15,218,0,1.0,0.0,0.0,0.0,0.0,0.0,0.0,Sports,802.71,2,2.0,0.0,0.0,0.0,20.0,1.505,0.0,0.0,0.0,5.0,4.6,6.36,3.0,3.0,2.0,1.0,1.0,21.0,0.2,0.5,0.0,0.0,0.0,0.0,2025-06-01,0,1,0.0
C00105,22,Non-binary,Austin,TX,Unknown,Beauty,Direct,1,0,0.261,0.36,430,0,2,320.52,160.26,54.34,27.17,174,233,0.2575107296137339,0.0,0.0,0.0,0.0,1.0,262.71,Beauty,244.37,2,0.0,0.0,0.0,0.0,0.0,0.0,0.0,0.0,0.0,4.0,2.0,2.75,1.0,1.0,0.0,0.0,0.0,72.0,0.0,0.0,0.0,0.0,0.0,0.0,2025-06-01,0,1,0.0
C00110,36,Male,Boulder,CO,Silver,Baby,Affiliate,1,0,0.335,0.836,124,0,3,350.04,116.68,44.32,14.773333333333333,3,70,1.2857142857142856,2.0,158.93,3.0,350.04,3.0,350.04,Home,305.06,2,0.0,0.0,0.0,0.0,0.0,0.0,0.0,0.0,0.0,6.0,4.166666666666667,5.697222222222223,4.0,3.0,2.0,1.0,1.0,9.0,0.16666666666666666,0.5,0.0,0.0,0.0,0.0,2025-06-01,0,1,0.0
C00112,26,Male,Phoenix,AZ,Unknown,Home,Organic Search,1,1,0.471,0.421,428,0,3,488.91,162.97,59.940000000000005,19.98,133,295,0.30508474576271183,0.0,0.0,0.0,0.0,1.0,42.36,Apparel,288.89,3,3.0,0.0,0.0,0.0,10.0,3.7199999999999998,0.0,0.0,0.0,7.0,4.0,5.464285714285714,5.0,2.0,2.0,0.0,0.0,36.0,0.0,0.0,0.0,0.0,0.0,0.0,2025-06-01,0,0,902.47
C00114,74,Non-binary,Cambridge,MA,Silver,Apparel,Referral,1,1,0.838,0.562,264,0,2,585.44,292.72,165.26999999999998,82.63499999999999,109,4,2.0,0.0,0.0,0.0,0.0,2.0,585.44,Apparel,544.6,1,5.0,1.0,0.0,0.0,13.0,1.5999999999999999,0.2,0.0,0.0,2.0,5.0,10.616666666666665,1.0,1.0,1.0,1.0,1.0,31.0,0.5,1.0,0.0,0.0,0.0,0.0,2025-06-01,0,0,909.3699999999999
C00117,51,Prefer not to say,Miami,FL,Platinum,Apparel,Organic Search,1,0,0.664,0.676,137,0,2,527.99,263.995,103.94,51.97,55,58,1.0344827586206897,0.0,0.0,1.0,512.14,2.0,527.99,Baby,408.03,3,4.0,2.0,1.0,2.0,7.5,3.92,0.5,0.25,0.5,5.0,3.8,6.913333333333332,2.0,2.0,1.0,0.0,0.0,30.0,0.0,0.0,0.0,0.0,0.0,0.0,2025-06-01,0,0,543.17
C00118,27,Female,Miami,FL,Silver,Pet,Affiliate,1,1,0.715,0.891,85,1,3,574.9300000000001,191.64333333333335,111.18,37.06,15,63,1.4285714285714286,2.0,491.36,3.0,574.9300000000001,3.0,574.9300000000001,Pet,288.9,2,1.0,1.0,1.0,0.0,15.0,0.01,1.0,1.0,0.0,6.0,4.5,8.15,4.0,3.0,4.0,1.0,1.0,5.0,0.16666666666666666,0.25,0.0,0.0,0.0,0.0,2025-06-01,0,0,438.62
C00122,22,Non-binary,Tacoma,WA,Gold,Home,Direct,0,1,0.32,0.29,361,0,5,1084.09,216.81799999999998,117.92,23.584,33,283,0.5300353356890459,0.0,0.0,2.0,419.68,2.0,419.68,Baby,270.19,6,2.0,1.0,0.0,0.0,10.0,1.21,0.5,0.0,0.0,3.0,5.0,11.027777777777777,1.0,1.0,2.0,2.0,2.0,15.0,0.6666666666666666,1.0,0.0,0.0,0.0,0.0,2025-06-01,1,0,797.5899999999999
C00123,51,Non-binary,Austin,TX,Unknown,Home,Paid Social,1,0,0.583,0.856,267,0,1,427.63,427.63,53.98,53.98,97,0,1.0,0.0,0.0,0.0,0.0,1.0,427.63,Beauty,397.8,1,4.0,1.0,1.0,1.0,13.75,2.65,0.25,0.25,0.25,7.0,4.285714285714286,7.952380952380952,6.0,2.0,1.0,1.0,1.0,74.0,0.14285714285714285,1.0,1.0,3.1,4.0,0.0,2025-06-01,0,0,924.41
C00124,28,Non-binary,Austin,TX,Unknown,Electronics,Paid Social,1,0,0.396,0.889,242,0,2,362.74,181.37,4.9,2.45,15,201,0.29850746268656714,1.0,313.51,1.0,313.51,1.0,313.51,Grocery,291.64,2,4.0,3.0,1.0,0.0,13.75,2.365,0.75,0.25,0.0,4.0,4.75,7.904166666666667,2.0,1.0,2.0,2.0,2.0,25.0,0.5,1.0,0.0,0.0,0.0,0.0,2025-06-01,0,0,334.25
C00127,62,Female,Buffalo,NY,Silver,Apparel,Organic Search,1,1,0.702,0.675,140,0,2,721.82,360.91,114.27,57.135,111,8,2.0,0.0,0.0,0.0,0.0,2.0,721.82,Home,671.46,1,4.0,2.0,0.0,1.0,13.75,3.08,0.5,0.0,0.25,3.0,3.6666666666666665,7.855555555555555,1.0,1.0,1.0,1.0,1.0,47.0,0.3333333333333333,1.0,0.0,0.0,0.0,0.0,2025-06-01,0,0,293.03
C00129,38,Prefer not to say,Charlotte,NC,Unknown,Sports,Affiliate,1,0,0.7,0.826,441,0,3,1673.22,557.74,304.94,101.64666666666666,29,127,0.7086614173228346,1.0,72.92,1.0,72.92,3.0,1673.22,Sports,773.17,4,5.0,3.0,2.0,0.0,17.0,5.225,0.6,0.4,0.0,10.0,4.8,7.881666666666666,5.0,4.0,5.0,4.0,4.0,25.0,0.4,0.8,0.0,0.0,0.0,0.0,2025-06-01,0,0,408.23
C00131,59,Female,Scottsdale,AZ,Unknown,Pet,Organic Search,1,1,0.563,0.488,103,0,1,173.0,173.0,31.49,31.49,51,0,1.0,0.0,0.0,1.0,173.0,1.0,173.0,Pet,160.93,1,2.0,1.0,0.0,0.0,7.5,1.5699999999999998,0.5,0.0,0.0,4.0,4.75,7.5625,3.0,3.0,3.0,0.0,0.0,32.0,0.0,0.0,0.0,0.0,0.0,0.0,2025-06-01,0,0,647.72
C00133,30,Male,Miami,FL,Silver,Baby,Referral,1,1,0.676,0.734,298,0,3,676.0999999999999,225.36666666666665,161.54000000000002,53.84666666666667,39,254,0.3543307086614173,0.0,0.0,2.0,615.96,2.0,615.96,Baby,572.99,2,7.0,5.0,3.0,2.0,14.285714285714286,3.27,0.7142857142857143,0.42857142857142855,0.2857142857142857,7.0,4.714285714285714,7.045238095238095,5.0,3.0,3.0,2.0,2.0,33.0,0.2857142857142857,0.6666666666666666,0.0,0.0,0.0,0.0,2025-06-01,0,1,0.0
C00135,65,Non-binary,Denver,CO,Unknown,Electronics,Direct,1,0,0.616,0.696,245,0,2,650.23,325.115,125.0,62.5,30,41,1.4634146341463414,1.0,287.18,2.0,650.23,2.0,650.23,Electronics,604.86,1,4.0,3.0,1.0,1.0,15.0,2.06,0.75,0.25,0.25,5.0,3.2,5.863333333333333,2.0,0.0,0.0,0.0,0.0,7.0,0.0,0.0,1.0,4.7,4.0,0.0,2025-06-01,0,0,627.8100000000001
C00137,37,Non-binary,San Jose,CA,Platinum,Beauty,Paid Search,1,1,0.421,0.582,186,0,2,442.25,221.125,57.129999999999995,28.564999999999998,105,41,1.4634146341463414,0.0,0.0,0.0,0.0,2.0,442.25,Beauty,271.25,2,5.0,2.0,1.0,1.0,21.0,4.21,0.4,0.2,0.2,8.0,3.875,5.835416666666667,4.0,2.0,3.0,2.0,2.0,18.0,0.25,0.6666666666666666,0.0,0.0,0.0,0.0,2025-06-01,1,0,2381.05
C00140,69,Female,Cambridge,MA,Silver,Sports,Organic Search,1,0,0.234,0.777,347,0,1,151.79,151.79,7.4,7.4,11,0,1.0,1.0,151.79,1.0,151.79,1.0,151.79,Sports,141.2,1,6.0,4.0,1.0,0.0,3.3333333333333335,2.7399999999999998,0.6666666666666666,0.16666666666666666,0.0,10.0,3.8,5.216666666666667,4.0,3.0,2.0,2.0,2.0,17.0,0.2,1.0,0.0,0.0,0.0,0.0,2025-06-01,1,0,607.57
C00141,56,Prefer not to say,Chicago,IL,Gold,Sports,Organic Search,1,1,0.083,0.541,442,0,9,2603.23,289.2477777777778,142.56,15.84,29,387,0.6976744186046512,1.0,200.7,1.0,200.7,4.0,1212.47,Sports,1476.73,4,6.0,3.0,1.0,1.0,14.166666666666666,4.8149999999999995,0.5,0.16666666666666666,0.16666666666666666,4.0,4.75,9.608333333333334,3.0,1.0,1.0,1.0,1.0,133.0,0.25,1.0,1.0,6.1,4.0,0.0,2025-06-01,1,0,784.86
C00142,58,Prefer not to say,Boston,MA,Unknown,Apparel,Organic Search,1,1,0.829,0.868,323,0,1,261.69,261.69,66.01,66.01,149,0,1.0,0.0,0.0,0.0,0.0,1.0,261.69,Beauty,243.43,1,5.0,4.0,2.0,0.0,14.0,2.2399999999999998,0.8,0.4,0.0,7.0,5.571428571428571,10.604761904761904,7.0,4.0,5.0,1.0,1.0,3.0,0.14285714285714285,0.2,0.0,0.0,0.0,0.0,2025-06-01,0,1,0.0
C00143,41,Male,Dallas,TX,Silver,Home,Organic Search,1,1,0.398,0.525,219,0,1,107.91,107.91,30.39,30.39,186,0,1.0,0.0,0.0,0.0,0.0,0.0,0.0,Home,100.38,1,4.0,2.0,1.0,0.0,10.0,3.08,0.5,0.25,0.0,4.0,2.5,3.470833333333333,1.0,0.0,0.0,0.0,0.0,13.0,0.0,0.0,0.0,0.0,0.0,0.0,2025-06-01,0,0,724.6
C00144,71,Prefer not to say,Tacoma,WA,Unknown,Beauty,Affiliate,1,0,0.868,0.547,286,0,1,196.25,196.25,51.07,51.07,221,0,1.0,0.0,0.0,0.0,0.0,0.0,0.0,Beauty,182.56,1,2.0,2.0,1.0,0.0,10.0,2.7,1.0,0.5,0.0,4.0,3.75,4.675,3.0,1.0,0.0,0.0,0.0,2.0,0.0,0.0,0.0,0.0,0.0,0.0,2025-06-01,0,1,0.0
C00148,61,Female,San Jose,CA,Silver,Grocery,Paid Search,1,0,0.557,0.49,106,0,2,389.86,194.93,110.16,55.08,32,3,2.0,0.0,0.0,2.0,389.86,2.0,389.86,Grocery,209.27,3,2.0,1.0,0.0,0.0,7.5,1.92,0.5,0.0,0.0,2.0,6.5,12.833333333333334,2.0,1.0,2.0,1.0,1.0,83.0,0.5,0.5,0.0,0.0,0.0,0.0,2025-06-01,0,0,1020.3499999999999
C00151,67,Female,Dallas,TX,Silver,Sports,Paid Search,1,1,0.285,0.407,253,0,2,1187.16,593.58,125.49,62.745,40,111,0.5405405405405405,0.0,0.0,1.0,320.3,2.0,1187.16,Sports,685.0699999999999,2,5.0,0.0,0.0,0.0,5.0,4.21,0.0,0.0,0.0,5.0,3.6,4.173333333333334,3.0,1.0,1.0,0.0,0.0,106.0,0.0,0.0,0.0,0.0,0.0,0.0,2025-06-01,0,0,347.01
C00152,55,Female,New York,NY,Silver,Apparel,Affiliate,0,0,0.734,0.411,509,0,4,796.49,199.1225,176.32,44.08,80,314,0.38216560509554137,0.0,0.0,1.0,332.71,1.0,332.71,Apparel,173.3,6,1.0,0.0,0.0,0.0,5.0,0.85,0.0,0.0,0.0,3.0,4.666666666666667,6.6000000000000005,3.0,1.0,1.0,0.0,0.0,107.0,0.0,0.0,0.0,0.0,0.0,0.0,2025-06-01,0,0,458.58
C00154,63,Male,Raleigh,NC,Silver,Grocery,Direct,1,0,0.516,0.521,459,0,2,432.23,216.115,51.839999999999996,25.919999999999998,107,229,0.26200873362445415,0.0,0.0,0.0,0.0,1.0,358.57,Apparel,289.75,3,6.0,1.0,0.0,0.0,10.0,3.15,0.16666666666666666,0.0,0.0,8.0,5.625,9.0625,6.0,5.0,5.0,3.0,3.0,9.0,0.375,0.6,1.0,6.7,4.0,0.0,2025-06-01,0,0,587.96
C00157,39,Male,Orlando,FL,Gold,Pet,Direct,1,1,0.182,0.592,462,0,9,2843.45,315.93888888888887,190.56,21.173333333333332,52,356,0.7584269662921348,0.0,0.0,2.0,551.65,2.0,551.65,Pet,1667.87,6,4.0,1.0,1.0,1.0,8.75,2.645,0.25,0.25,0.25,8.0,3.625,5.5125,5.0,3.0,1.0,0.0,0.0,75.0,0.0,0.0,0.0,0.0,0.0,0.0,2025-06-01,0,0,1411.94
C00158,41,Female,Orlando,FL,Unknown,Beauty,Affiliate,1,0,0.776,0.932,303,0,1,195.24,195.24,35.57,35.57,83,0,1.0,0.0,0.0,1.0,195.24,1.0,195.24,Apparel,181.62,1,5.0,5.0,2.0,0.0,13.0,5.109999999999999,1.0,0.4,0.0,3.0,5.333333333333333,10.416666666666668,3.0,1.0,1.0,1.0,1.0,92.0,0.3333333333333333,1.0,1.0,5.2,5.0,0.0,2025-06-01,0,0,439.26
C00160,56,Female,Los Angeles,CA,Gold,Beauty,Organic Search,1,1,0.383,0.336,104,0,2,217.62,108.81,22.94,11.47,35,24,2.0,0.0,0.0,2.0,217.62,2.0,217.62,Electronics,202.44,1,2.0,0.0,0.0,0.0,7.5,1.51,0.0,0.0,0.0,1.0,3.0,2.316666666666667,0.0,0.0,0.0,0.0,0.0,92.0,0.0,0.0,0.0,0.0,0.0,0.0,2025-06-01,0,1,0.0
C00162,49,Male,Houston,TX,Unknown,Baby,Referral,1,1,0.451,0.545,228,0,2,298.78,149.39,70.78999999999999,35.394999999999996,34,77,0.7792207792207791,0.0,0.0,1.0,55.34,2.0,298.78,Apparel,170.34,2,2.0,1.0,0.0,0.0,10.0,1.505,0.5,0.0,0.0,5.0,4.2,7.82,3.0,1.0,1.0,1.0,1.0,11.0,0.2,1.0,0.0,0.0,0.0,0.0,2025-06-01,0,1,0.0
C00164,35,Female,Tacoma,WA,Silver,Grocery,Paid Social,1,1,0.248,0.333,477,0,6,1444.78,240.79666666666665,112.22,18.703333333333333,50,368,0.48913043478260865,0.0,0.0,2.0,393.17,4.0,563.89,Home,541.49,4,2.0,1.0,1.0,0.0,20.0,1.2049999999999998,0.5,0.5,0.0,5.0,4.2,7.113333333333332,3.0,2.0,1.0,1.0,1.0,145.0,0.2,1.0,1.0,12.2,3.0,0.0,2025-06-01,0,0,2368.8700000000003
C00166,48,Non-binary,Scottsdale,AZ,Platinum,Apparel,Paid Search,1,1,0.778,0.709,96,0,1,120.91,120.91,19.33,19.33,19,0,1.0,1.0,120.91,1.0,120.91,1.0,120.91,Sports,112.47,1,4.0,2.0,1.0,1.0,10.0,1.93,0.5,0.25,0.25,4.0,4.5,8.754166666666666,3.0,3.0,2.0,0.0,0.0,16.0,0.0,0.0,0.0,0.0,0.0,0.0,2025-06-01,0,0,326.6
C00168,68,Non-binary,Phoenix,AZ,Silver,Baby,Direct,1,0,0.3,0.503,437,0,6,1243.75,207.29166666666666,81.56,13.593333333333334,108,315,0.5714285714285714,0.0,0.0,0.0,0.0,2.0,210.33999999999997,Home,270.02,6,5.0,1.0,0.0,0.0,11.0,2.715,0.2,0.0,0.0,7.0,4.142857142857143,8.707142857142857,3.0,2.0,3.0,2.0,2.0,75.0,0.2857142857142857,0.6666666666666666,0.0,0.0,0.0,0.0,2025-06-01,0,0,174.31
C00171,70,Male,Phoenix,AZ,Platinum,Electronics,Referral,1,1,0.482,0.614,380,0,8,1796.54,224.5675,304.63,38.07875,84,285,0.8421052631578947,0.0,0.0,1.0,327.22,2.0,583.6600000000001,Electronics,1380.0900000000001,3,5.0,1.0,0.0,0.0,19.0,2.655,0.2,0.0,0.0,5.0,2.4,2.9266666666666667,1.0,0.0,0.0,0.0,0.0,36.0,0.0,0.0,0.0,0.0,0.0,0.0,2025-06-01,1,0,1088.67
C00172,62,Non-binary,Denver,CO,Unknown,Sports,Paid Search,1,0,0.676,0.372,188,0,1,140.8,140.8,42.77,42.77,100,0,1.0,0.0,0.0,0.0,0.0,1.0,140.8,Baby,130.98,1,3.0,0.0,0.0,0.0,8.333333333333334,1.5799999999999998,0.0,0.0,0.0,5.0,4.4,7.366666666666667,4.0,4.0,1.0,0.0,0.0,9.0,0.0,0.0,0.0,0.0,0.0,0.0,2025-06-01,1,0,496.86
C00174,61,Male,Los Angeles,CA,Unknown,Pet,Direct,1,1,0.601,0.629,369,0,1,377.62,377.62,34.46,34.46,18,0,1.0,1.0,377.62,1.0,377.62,1.0,377.62,Sports,218.85,2,4.0,1.0,0.0,0.0,16.25,2.415,0.25,0.0,0.0,5.0,3.8,4.183333333333334,4.0,2.0,0.0,0.0,0.0,33.0,0.0,0.0,0.0,0.0,0.0,0.0,2025-06-01,0,0,643.0500000000001
C00176,56,Female,Houston,TX,Gold,Beauty,Affiliate,1,1,0.239,0.903,336,0,3,1111.67,370.5566666666667,103.45,34.483333333333334,23,205,0.43902439024390244,1.0,174.76,1.0,174.76,2.0,513.26,Beauty,425.32,4,4.0,3.0,3.0,0.0,13.75,5.35,0.75,0.75,0.0,12.0,4.083333333333333,6.190277777777777,4.0,3.0,5.0,4.0,4.0,22.0,0.3333333333333333,0.8,0.0,0.0,0.0,0.0,2025-06-01,0,0,196.84
C00182,53,Female,Boulder,CO,Silver,Beauty,Paid Search,1,0,0.311,0.11,117,0,3,751.21,250.40333333333334,63.41,21.136666666666667,31,43,2.0930232558139537,0.0,0.0,3.0,751.21,3.0,751.21,Electronics,296.55,4,4.0,1.0,0.0,0.0,17.5,3.75,0.25,0.0,0.0,3.0,2.6666666666666665,3.466666666666667,1.0,0.0,0.0,0.0,0.0,45.0,0.0,0.0,0.0,0.0,0.0,0.0,2025-06-01,0,0,17.28
C00185,46,Non-binary,Orlando,FL,Platinum,Pet,Referral,1,1,0.596,0.616,79,1,1,231.06,231.06,26.46,26.46,74,0,1.0,0.0,0.0,1.0,231.06,1.0,231.06,Pet,214.94,1,1.0,0.0,0.0,0.0,25.0,0.85,0.0,0.0,0.0,3.0,6.666666666666667,10.905555555555557,3.0,3.0,3.0,1.0,1.0,9.0,0.3333333333333333,0.3333333333333333,0.0,0.0,0.0,0.0,2025-06-01,1,0,1042.45
C00188,31,Non-binary,Scottsdale,AZ,Gold,Beauty,Referral,0,0,0.705,0.654,374,0,3,544.94,181.64666666666668,118.71000000000001,39.57,57,265,0.33962264150943394,0.0,0.0,2.0,387.09000000000003,2.0,387.09000000000003,Beauty,327.99,2,5.0,1.0,1.0,0.0,13.0,3.02,0.2,0.2,0.0,1.0,4.0,7.516666666666667,1.0,0.0,0.0,0.0,0.0,118.0,0.0,0.0,0.0,0.0,0.0,0.0,2025-06-01,0,1,0.0
C00189,76,Male,Naperville,IL,Gold,Apparel,Paid Social,1,1,0.438,0.647,477,0,4,968.16,242.04,159.72,39.93,68,208,0.5769230769230769,0.0,0.0,1.0,236.04,1.0,236.04,Apparel,645.1700000000001,2,3.0,1.0,0.0,0.0,10.0,2.42,0.3333333333333333,0.0,0.0,8.0,4.75,8.422916666666666,5.0,4.0,3.0,3.0,3.0,53.0,0.375,1.0,0.0,0.0,0.0,0.0,2025-06-01,1,0,126.94
C00190,60,Male,Raleigh,NC,Platinum,Beauty,Paid Social,1,1,0.459,0.311,24,1,1,1457.58,1457.58,155.44,155.44,8,0,1.0,1.0,1457.58,1.0,1457.58,1.0,1457.58,Beauty,1355.89,1,1.0,1.0,0.0,0.0,25.0,1.5,1.0,0.0,0.0,0.0,0.0,0.0,0.0,0.0,0.0,0.0,0.0,0.0,0.0,0.0,0.0,0.0,0.0,0.0,2025-06-01,0,0,255.99
C00195,55,Non-binary,Tacoma,WA,Unknown,Sports,Affiliate,1,1,0.581,0.913,432,0,2,1379.44,689.72,204.14999999999998,102.07499999999999,7,407,0.14742014742014742,1.0,621.04,1.0,621.04,1.0,621.04,Home,659.76,4,5.0,2.0,1.0,0.0,15.0,2.3,0.4,0.2,0.0,7.0,3.4285714285714284,5.404761904761905,3.0,3.0,1.0,0.0,0.0,11.0,0.0,0.0,0.0,0.0,0.0,0.0,2025-06-01,0,0,546.4
C00196,43,Male,Boston,MA,Unknown,Sports,Direct,1,0,0.719,0.525,235,0,2,365.36,182.68,67.85,33.925,140,54,1.1111111111111112,0.0,0.0,0.0,0.0,1.0,142.19,Sports,207.6,2,2.0,0.0,0.0,0.0,17.5,1.2049999999999998,0.0,0.0,0.0,3.0,5.0,8.255555555555555,2.0,2.0,1.0,1.0,1.0,6.0,0.3333333333333333,1.0,0.0,0.0,0.0,0.0,2025-06-01,0,0,754.74
C00197,70,Male,Dallas,TX,Gold,Sports,Affiliate,1,1,0.612,0.187,352,0,5,1787.44,357.488,315.73,63.146,97,238,0.6302521008403361,0.0,0.0,0.0,0.0,4.0,1338.72,Sports,974.9100000000001,4,5.0,1.0,0.0,0.0,19.0,4.22,0.2,0.0,0.0,5.0,3.4,3.503333333333333,3.0,2.0,0.0,0.0,0.0,0.0,0.0,0.0,0.0,0.0,0.0,0.0,2025-06-01,0,0,944.6700000000001
C00198,29,Prefer not to say,Naperville,IL,Gold,Electronics,Organic Search,1,0,0.678,0.833,290,0,3,429.01,143.00333333333333,88.2,29.400000000000002,90,197,0.4568527918781726,0.0,0.0,1.0,241.35,2.0,398.43,Grocery,224.51,3,6.0,3.0,2.0,0.0,12.5,5.3,0.5,0.3333333333333333,0.0,5.0,3.0,3.97,1.0,1.0,1.0,0.0,0.0,73.0,0.0,0.0,0.0,0.0,0.0,0.0,2025-06-01,0,1,0.0
C00001,33,Female,Scottsdale,AZ,Silver,Beauty,Paid Search,1,0,0.852,0.38,154,0,1,185.13,185.13,44.98,44.98,145,0,1.0,0.0,0.0,0.0,0.0,1.0,185.13,Apparel,172.21,1,2.0,1.0,0.0,1.0,7.5,0.73,0.5,0.0,0.5,7.0,4.714285714285714,6.030952380952381,5.0,4.0,2.0,1.0,1.0,2.0,0.14285714285714285,0.5,0.0,0.0,0.0,0.0,2025-07-01,0,0,186.92
C00006,40,Male,New York,NY,Silver,Grocery,Direct,1,1,0.507,0.902,212,0,1,418.79,418.79,77.39,77.39,24,0,1.0,1.0,418.79,1.0,418.79,1.0,418.79,Beauty,389.57,1,5.0,2.0,1.0,1.0,22.0,5.9,0.4,0.2,0.2,6.0,4.333333333333333,7.508333333333333,3.0,2.0,2.0,2.0,2.0,25.0,0.3333333333333333,1.0,0.0,0.0,0.0,0.0,2025-07-01,0,0,65.01
C00008,56,Female,Charlotte,NC,Unknown,Sports,Paid Social,1,0,0.755,0.458,228,0,3,1692.5500000000002,564.1833333333334,367.52,122.50666666666666,79,130,0.6923076923076924,0.0,0.0,1.0,352.9,1.0,352.9,Sports,1421.58,2,0.0,0.0,0.0,0.0,0.0,0.0,0.0,0.0,0.0,5.0,4.4,6.609999999999999,2.0,2.0,1.0,1.0,1.0,1.0,0.2,1.0,0.0,0.0,0.0,0.0,2025-07-01,0,0,390.32
C00014,23,Male,Seattle,WA,Unknown,Baby,Affiliate,1,1,0.251,0.454,495,0,2,620.97,310.485,91.41,45.705,73,343,0.1749271137026239,0.0,0.0,1.0,489.64,1.0,489.64,Sports,299.58,3,1.0,1.0,0.0,0.0,20.0,0.01,1.0,0.0,0.0,5.0,6.8,11.786666666666667,4.0,3.0,4.0,4.0,4.0,91.0,0.8,1.0,0.0,0.0,0.0,0.0,2025-07-01,1,0,861.13
C00016,68,Male,Boulder,CO,Platinum,Electronics,Organic Search,1,0,0.466,0.649,370,0,3,799.2,266.40000000000003,170.94,56.98,226,31,2.9032258064516125,0.0,0.0,0.0,0.0,0.0,0.0,Electronics,257.9,4,3.0,3.0,2.0,0.0,15.0,1.71,1.0,0.6666666666666666,0.0,3.0,3.6666666666666665,4.694444444444444,1.0,0.0,1.0,1.0,1.0,80.0,0.3333333333333333,1.0,0.0,0.0,0.0,0.0,2025-07-01,0,0,448.98
C00017,35,Prefer not to say,Orlando,FL,Platinum,Beauty,Organic Search,1,0,0.472,0.673,275,0,8,2358.85,294.85625,327.33,40.91625,23,244,0.9836065573770493,1.0,496.11,2.0,859.1800000000001,6.0,1728.31,Beauty,1110.76,4,5.0,3.0,1.0,1.0,14.0,3.26,0.6,0.2,0.2,4.0,5.25,6.729166666666667,3.0,2.0,2.0,1.0,1.0,86.0,0.25,0.5,2.0,21.3,4.5,0.0,2025-07-01,0,0,808.6600000000001
C00019,66,Female,Raleigh,NC,Silver,Baby,Organic Search,1,1,0.724,0.433,362,0,3,333.25,111.08333333333333,64.38,21.459999999999997,38,229,0.3930131004366812,0.0,0.0,1.0,19.4,2.0,234.62,Beauty,184.98,4,1.0,0.0,0.0,0.0,10.0,0.005,0.0,0.0,0.0,6.0,3.0,4.6499999999999995,3.0,1.0,0.0,0.0,0.0,48.0,0.0,0.0,0.0,0.0,0.0,0.0,2025-07-01,0,1,0.0
C00021,59,Male,San Francisco,CA,Unknown,Pet,Direct,1,0,0.943,0.728,423,0,1,136.83,136.83,37.09,37.09,412,0,1.0,0.0,0.0,0.0,0.0,0.0,0.0,Apparel,127.28,1,7.0,3.0,1.0,1.0,15.0,5.779999999999999,0.42857142857142855,0.14285714285714285,0.14285714285714285,7.0,4.142857142857143,5.602380952380953,4.0,1.0,3.0,2.0,2.0,40.0,0.2857142857142857,0.6666666666666666,0.0,0.0,0.0,0.0,2025-07-01,0,1,0.0
C00026,27,Male,Cambridge,MA,Gold,Sports,Direct,1,1,0.732,0.88,164,0,4,1032.76,258.19,240.39,60.0975,7,141,0.851063829787234,1.0,439.4,3.0,882.37,4.0,1032.76,Sports,537.96,3,4.0,2.0,1.0,0.0,11.25,3.255,0.5,0.25,0.0,7.0,3.857142857142857,7.397619047619047,4.0,4.0,1.0,0.0,0.0,33.0,0.0,0.0,1.0,8.8,4.0,0.0,2025-07-01,1,0,1534.3600000000001
C00027,62,Non-binary,Phoenix,AZ,Unknown,Beauty,Direct,1,1,0.218,0.407,538,0,2,705.3199999999999,352.65999999999997,103.21000000000001,51.605000000000004,274,112,0.5357142857142857,0.0,0.0,0.0,0.0,0.0,0.0,Electronics,587.13,2,8.0,3.0,1.0,0.0,15.625,7.109999999999999,0.375,0.125,0.0,6.0,4.833333333333333,8.080555555555556,5.0,4.0,3.0,0.0,0.0,33.0,0.0,0.0,0.0,0.0,0.0,0.0,2025-07-01,0,0,578.5600000000001
C00029,48,Non-binary,Houston,TX,Unknown,Grocery,Paid Social,1,1,0.833,0.897,413,0,2,581.05,290.525,107.71000000000001,53.855000000000004,197,72,0.8333333333333334,0.0,0.0,0.0,0.0,0.0,0.0,Beauty,185.53,4,3.0,0.0,0.0,0.0,5.0,2.16,0.0,0.0,0.0,8.0,4.125,5.797916666666667,4.0,3.0,3.0,2.0,2.0,0.0,0.25,0.6666666666666666,1.0,4.4,4.0,0.0,2025-07-01,0,0,270.32
C00030,55,Prefer not to say,Orlando,FL,Unknown,Pet,Organic Search,1,1,0.554,0.489,470,0,5,1262.28,252.456,163.5,32.7,49,360,0.4166666666666667,0.0,0.0,1.0,156.46,1.0,156.46,Pet,589.11,3,2.0,1.0,1.0,0.0,10.0,0.73,0.5,0.5,0.0,11.0,3.909090909090909,6.871212121212122,5.0,4.0,4.0,1.0,1.0,31.0,0.09090909090909091,0.25,0.0,0.0,0.0,0.0,2025-07-01,0,0,529.25
C00033,56,Female,Dallas,TX,Unknown,Electronics,Paid Search,0,1,0.298,0.419,82,1,1,291.23,291.23,31.59,31.59,62,0,1.0,0.0,0.0,1.0,291.23,1.0,291.23,Electronics,270.91,1,1.0,1.0,1.0,0.0,0.0,0.005,1.0,1.0,0.0,2.0,5.5,9.991666666666667,1.0,0.0,2.0,2.0,2.0,15.0,1.0,1.0,0.0,0.0,0.0,0.0,2025-07-01,0,0,500.78999999999996
C00035,75,Female,Scottsdale,AZ,Silver,Electronics,Affiliate,1,1,0.544,0.406,436,0,3,1246.17,415.39000000000004,175.05,58.35,58,208,0.43269230769230765,0.0,0.0,1.0,460.58,2.0,789.8599999999999,Electronics,734.76,2,3.0,2.0,0.0,1.0,6.666666666666667,1.2149999999999999,0.6666666666666666,0.0,0.3333333333333333,6.0,4.0,6.230555555555555,4.0,2.0,1.0,1.0,1.0,24.0,0.16666666666666666,1.0,0.0,0.0,0.0,0.0,2025-07-01,0,0,198.63
C00041,67,Male,Boulder,CO,Gold,Sports,Paid Social,1,1,0.209,0.683,327,0,6,2405.5099999999998,400.9183333333333,196.54,32.75666666666667,6,250,0.72,2.0,155.15,2.0,155.15,5.0,1545.62,Baby,922.78,5,6.0,2.0,0.0,0.0,14.166666666666666,2.925,0.3333333333333333,0.0,0.0,8.0,5.125,7.964583333333334,6.0,3.0,4.0,3.0,3.0,24.0,0.375,0.75,1.0,4.6,3.0,0.0,2025-07-01,0,0,414.4
C00045,58,Non-binary,Orlando,FL,Unknown,Baby,Affiliate,1,1,0.437,0.815,470,0,3,414.84000000000003,138.28,40.3,13.433333333333332,32,418,0.21531100478468898,0.0,0.0,1.0,281.23,2.0,353.45000000000005,Baby,385.90000000000003,1,4.0,2.0,0.0,0.0,12.5,3.0749999999999997,0.5,0.0,0.0,7.0,6.142857142857143,8.361904761904762,6.0,5.0,5.0,3.0,3.0,50.0,0.42857142857142855,0.6,0.0,0.0,0.0,0.0,2025-07-01,0,1,0.0
C00048,39,Female,Charlotte,NC,Platinum,Grocery,Paid Social,1,0,0.137,0.355,201,0,8,3009.42,376.1775,189.07,23.63375,5,161,1.4906832298136647,3.0,1315.69,6.0,2443.24,8.0,3009.42,Grocery,811.25,6,2.0,1.0,0.0,0.0,12.5,1.505,0.5,0.0,0.0,3.0,2.3333333333333335,1.6944444444444446,1.0,0.0,0.0,0.0,0.0,53.0,0.0,0.0,1.0,6.9,4.0,0.0,2025-07-01,1,0,300.48
C00050,51,Female,Buffalo,NY,Silver,Baby,Affiliate,1,1,0.535,0.708,363,0,3,500.52,166.84,72.52000000000001,24.173333333333336,101,132,0.6818181818181818,0.0,0.0,0.0,0.0,1.0,252.97,Baby,459.1,1,4.0,2.0,2.0,0.0,13.75,1.53,0.5,0.5,0.0,5.0,2.2,2.42,1.0,1.0,1.0,0.0,0.0,130.0,0.0,0.0,0.0,0.0,0.0,0.0,2025-07-01,0,0,843.47
C00051,46,Prefer not to say,Orlando,FL,Unknown,Beauty,Referral,1,1,0.288,0.326,381,0,3,1478.01,492.67,170.87,56.95666666666667,90,235,0.3829787234042553,0.0,0.0,1.0,223.85,2.0,835.11,Beauty,776.84,2,3.0,2.0,0.0,0.0,15.0,3.12,0.6666666666666666,0.0,0.0,3.0,4.333333333333333,5.922222222222222,2.0,2.0,2.0,0.0,0.0,220.0,0.0,0.0,1.0,42.7,4.0,0.0,2025-07-01,0,1,0.0
C00052,71,Prefer not to say,New York,NY,Unknown,Beauty,Paid Search,1,0,0.481,0.323,382,0,4,2378.35,594.5875,319.44,79.86,111,255,0.47058823529411764,0.0,0.0,0.0,0.0,2.0,1284.02,Beauty,1689.1599999999999,3,2.0,2.0,1.0,0.0,7.5,1.51,1.0,0.5,0.0,5.0,5.0,7.7333333333333325,4.0,2.0,2.0,1.0,1.0,3.0,0.2,0.5,0.0,0.0,0.0,0.0,2025-07-01,0,0,1098.45
C00053,71,Prefer not to say,Boston,MA,Platinum,Grocery,Direct,1,1,0.411,0.855,520,0,9,3228.89,358.7655555555555,517.42,57.49111111111111,3,503,0.5367793240556661,1.0,231.33,1.0,231.33,3.0,938.2600000000001,Grocery,1424.27,6,10.0,6.0,2.0,0.0,14.0,7.1899999999999995,0.6,0.2,0.0,12.0,5.333333333333333,9.690277777777778,7.0,6.0,9.0,6.0,6.0,59.0,0.5,0.6666666666666666,0.0,0.0,0.0,0.0,2025-07-01,0,0,578.9
C00054,68,Prefer not to say,San Jose,CA,Silver,Beauty,Organic Search,1,1,0.511,0.85,466,0,8,3198.7400000000002,399.84250000000003,373.17999999999995,46.647499999999994,16,417,0.5755395683453237,1.0,136.39,2.0,588.99,2.0,588.99,Beauty,2363.59,4,5.0,2.0,1.0,0.0,0.0,4.64,0.4,0.2,0.0,15.0,4.866666666666666,7.954444444444444,11.0,10.0,6.0,3.0,3.0,2.0,0.2,0.5,1.0,10.7,5.0,0.0,2025-07-01,0,0,1032.26
C00056,52,Non-binary,Seattle,WA,Unknown,Grocery,Direct,1,0,0.541,0.797,165,0,1,350.73,350.73,13.14,13.14,62,0,1.0,0.0,0.0,1.0,350.73,1.0,350.73,Electronics,326.26,1,1.0,0.0,0.0,0.0,0.0,0.72,0.0,0.0,0.0,4.0,6.0,11.645833333333334,3.0,3.0,3.0,2.0,2.0,0.0,0.5,0.6666666666666666,0.0,0.0,0.0,0.0,2025-07-01,0,0,184.53
C00062,63,Prefer not to say,Seattle,WA,Unknown,Baby,Direct,0,0,0.241,0.769,427,0,4,1683.75,420.9375,138.1,34.525,229,195,0.6153846153846154,0.0,0.0,0.0,0.0,0.0,0.0,Baby,810.22,4,3.0,1.0,0.0,0.0,18.333333333333332,3.07,0.3333333333333333,0.0,0.0,5.0,3.4,4.676666666666667,2.0,1.0,0.0,0.0,0.0,137.0,0.0,0.0,1.0,7.7,4.0,0.0,2025-07-01,1,0,291.76
C00064,22,Male,Scottsdale,AZ,Unknown,Beauty,Direct,1,1,0.664,0.513,170,0,1,220.15,220.15,35.61,35.61,104,0,1.0,0.0,0.0,0.0,0.0,1.0,220.15,Sports,204.79,1,2.0,1.0,0.0,0.0,17.5,1.5699999999999998,0.5,0.0,0.0,4.0,2.25,2.9416666666666664,1.0,0.0,0.0,0.0,0.0,25.0,0.0,0.0,0.0,0.0,0.0,0.0,2025-07-01,0,0,527.99
C00067,40,Prefer not to say,Seattle,WA,Silver,Electronics,Paid Social,1,1,0.304,0.476,132,0,3,956.77,318.92333333333335,104.53999999999999,34.846666666666664,16,104,0.8653846153846153,1.0,335.65,1.0,335.65,3.0,956.77,Electronics,890.0100000000001,1,1.0,0.0,0.0,0.0,10.0,0.72,0.0,0.0,0.0,4.0,6.0,10.641666666666666,4.0,4.0,4.0,0.0,0.0,3.0,0.0,0.0,0.0,0.0,0.0,0.0,2025-07-01,0,0,221.71
C00068,38,Male,Phoenix,AZ,Gold,Baby,Referral,0,1,0.471,0.733,300,0,4,920.28,230.07,187.26,46.815,91,103,1.1650485436893205,0.0,0.0,0.0,0.0,3.0,720.14,Beauty,361.49,3,6.0,2.0,1.0,1.0,13.333333333333334,4.34,0.3333333333333333,0.16666666666666666,0.16666666666666666,2.0,2.5,2.808333333333333,1.0,0.0,0.0,0.0,0.0,74.0,0.0,0.0,0.0,0.0,0.0,0.0,2025-07-01,0,1,0.0
C00069,72,Female,Scottsdale,AZ,Platinum,Sports,Paid Search,0,0,0.671,0.256,232,0,9,2517.55,279.7277777777778,384.3,42.7,9,219,1.2328767123287672,2.0,920.5899999999999,4.0,1296.4499999999998,5.0,1691.81,Sports,1880.83,4,6.0,1.0,0.0,0.0,12.5,6.205,0.16666666666666666,0.0,0.0,3.0,4.0,6.322222222222223,2.0,2.0,1.0,0.0,0.0,191.0,0.0,0.0,1.0,18.2,3.0,0.0,2025-07-01,1,0,1145.34
C00070,61,Female,Chicago,IL,Platinum,Electronics,Organic Search,1,0,0.509,0.716,135,0,4,1021.06,255.265,301.58000000000004,75.39500000000001,42,10,4.0,0.0,0.0,4.0,1021.06,4.0,1021.06,Apparel,536.7,2,1.0,0.0,0.0,0.0,15.0,0.72,0.0,0.0,0.0,1.0,3.0,3.75,0.0,0.0,0.0,0.0,0.0,81.0,0.0,0.0,0.0,0.0,0.0,0.0,2025-07-01,0,0,541.35
C00074,33,Non-binary,Scottsdale,AZ,Silver,Grocery,Paid Search,0,0,0.419,0.793,215,0,2,351.95,175.975,46.5,23.25,73,15,2.0,0.0,0.0,2.0,351.95,2.0,351.95,Grocery,327.39,1,2.0,2.0,0.0,0.0,20.0,0.86,1.0,0.0,0.0,4.0,3.0,4.95,2.0,1.0,1.0,0.0,0.0,13.0,0.0,0.0,0.0,0.0,0.0,0.0,2025-07-01,0,1,0.0
C00075,63,Female,Buffalo,NY,Unknown,Baby,Referral,1,0,0.528,0.778,252,0,3,2100.12,700.04,217.94,72.64666666666666,169,80,1.125,0.0,0.0,0.0,0.0,1.0,1497.18,Beauty,876.67,4,1.0,0.0,0.0,1.0,5.0,0.72,0.0,0.0,1.0,6.0,5.0,7.927777777777777,4.0,2.0,3.0,2.0,2.0,97.0,0.3333333333333333,0.6666666666666666,0.0,0.0,0.0,0.0,2025-07-01,0,0,432.9
C00076,44,Non-binary,Buffalo,NY,Unknown,Apparel,Organic Search,1,1,0.234,0.582,328,0,2,637.1,318.55,65.66,32.83,38,161,0.3726708074534162,0.0,0.0,1.0,163.63,1.0,163.63,Apparel,339.37,3,1.0,1.0,1.0,1.0,25.0,0.85,1.0,1.0,1.0,8.0,4.125,6.522916666666667,4.0,2.0,3.0,2.0,2.0,72.0,0.25,0.6666666666666666,0.0,0.0,0.0,0.0,2025-07-01,0,0,146.62
C00084,43,Male,Boston,MA,Silver,Sports,Organic Search,1,0,0.54,0.654,409,0,2,232.2,116.1,25.19,12.595,47,106,0.5660377358490566,0.0,0.0,1.0,41.57,2.0,232.2,Sports,177.33,2,4.0,1.0,0.0,2.0,20.0,3.21,0.25,0.0,0.5,8.0,5.125,9.352083333333333,4.0,1.0,5.0,5.0,5.0,62.0,0.625,1.0,0.0,0.0,0.0,0.0,2025-07-01,0,0,115.8
C00085,20,Prefer not to say,Denver,CO,Silver,Sports,Paid Search,1,1,0.684,0.731,73,1,1,70.47,70.47,13.59,13.59,67,0,1.0,0.0,0.0,1.0,70.47,1.0,70.47,Electronics,65.55,1,0.0,0.0,0.0,0.0,0.0,0.0,0.0,0.0,0.0,1.0,4.0,7.883333333333334,1.0,0.0,0.0,0.0,0.0,7.0,0.0,0.0,0.0,0.0,0.0,0.0,2025-07-01,0,0,322.12
C00086,33,Non-binary,Denver,CO,Gold,Electronics,Direct,1,1,0.416,0.431,308,0,3,843.17,281.0566666666667,119.8,39.93333333333333,112,134,0.6716417910447761,0.0,0.0,0.0,0.0,1.0,243.65,Electronics,491.96000000000004,3,2.0,0.0,0.0,0.0,12.5,1.44,0.0,0.0,0.0,1.0,3.0,3.433333333333333,0.0,0.0,0.0,0.0,0.0,196.0,0.0,0.0,1.0,23.0,4.0,0.0,2025-07-01,0,0,1040.31
C00089,48,Male,Boston,MA,Unknown,Electronics,Referral,0,1,0.623,0.949,273,0,1,959.79,959.79,179.7,179.7,221,0,1.0,0.0,0.0,0.0,0.0,0.0,0.0,Pet,635.78,2,6.0,1.0,0.0,2.0,9.166666666666666,4.71,0.16666666666666666,0.0,0.3333333333333333,10.0,4.6,7.3933333333333335,6.0,4.0,5.0,3.0,3.0,23.0,0.3,0.6,0.0,0.0,0.0,0.0,2025-07-01,0,0,231.4
C00090,20,Male,Boston,MA,Silver,Grocery,Organic Search,1,0,0.232,0.853,258,0,3,793.6,264.53333333333336,101.1,33.699999999999996,163,83,1.0843373493975903,0.0,0.0,0.0,0.0,1.0,279.07,Apparel,259.6,4,4.0,1.0,1.0,0.0,11.25,2.56,0.25,0.25,0.0,7.0,3.2857142857142856,4.504761904761905,3.0,1.0,0.0,0.0,0.0,1.0,0.0,0.0,0.0,0.0,0.0,0.0,2025-07-01,1,0,104.85999999999999
C00092,31,Prefer not to say,Boulder,CO,Silver,Electronics,Organic Search,1,0,0.805,0.738,404,0,3,747.4300000000001,249.14333333333335,162.73000000000002,54.24333333333334,111,207,0.43478260869565216,0.0,0.0,0.0,0.0,2.0,474.98,Beauty,253.44,3,2.0,0.0,0.0,0.0,12.5,0.855,0.0,0.0,0.0,8.0,4.625,7.9625,7.0,5.0,3.0,0.0,0.0,54.0,0.0,0.0,0.0,0.0,0.0,0.0,2025-07-01,1,0,469.82
C00094,66,Female,New York,NY,Unknown,Apparel,Referral,1,1,0.495,0.579,301,0,3,944.8199999999999,314.94,146.73,48.91,159,116,0.7758620689655172,0.0,0.0,0.0,0.0,2.0,717.6700000000001,Home,479.99,3,0.0,0.0,0.0,0.0,0.0,0.0,0.0,0.0,0.0,8.0,4.25,6.429166666666667,5.0,3.0,3.0,1.0,1.0,50.0,0.125,0.3333333333333333,0.0,0.0,0.0,0.0,2025-07-01,0,0,606.67
C00095,74,Prefer not to say,San Francisco,CA,Unknown,Home,Organic Search,0,0,0.332,0.769,490,0,1,140.91,140.91,28.47,28.47,322,0,1.0,0.0,0.0,0.0,0.0,0.0,0.0,Home,131.08,1,8.0,3.0,1.0,1.0,11.875,5.324999999999999,0.375,0.125,0.125,11.0,3.727272727272727,5.775757575757576,5.0,3.0,1.0,0.0,0.0,53.0,0.0,0.0,0.0,0.0,0.0,0.0,2025-07-01,0,0,37.39
C00096,37,Male,Denver,CO,Unknown,Electronics,Affiliate,1,1,0.806,0.182,260,0,1,460.47,460.47,72.9,72.9,161,0,1.0,0.0,0.0,0.0,0.0,1.0,460.47,Electronics,428.34000000000003,1,2.0,0.0,0.0,0.0,10.0,1.92,0.0,0.0,0.0,2.0,3.0,4.85,1.0,0.0,0.0,0.0,0.0,88.0,0.0,0.0,0.0,0.0,0.0,0.0,2025-07-01,0,1,0.0
C00099,56,Non-binary,Scottsdale,AZ,Silver,Apparel,Organic Search,1,1,0.264,0.857,232,0,3,933.5200000000001,311.17333333333335,8.68,2.893333333333333,16,52,1.7307692307692306,2.0,827.4200000000001,3.0,933.5200000000001,3.0,933.5200000000001,Electronics,678.8,2,5.0,2.0,1.0,0.0,14.0,4.575,0.4,0.2,0.0,2.0,5.5,11.833333333333332,2.0,2.0,1.0,0.0,0.0,5.0,0.0,0.0,0.0,0.0,0.0,0.0,2025-07-01,0,0,803.49
C00100,44,Non-binary,Boulder,CO,Unknown,Pet,Organic Search,1,0,0.604,0.829,461,0,3,604.02,201.34,97.92,32.64,15,329,0.2735562310030395,1.0,222.57,2.0,485.86,2.0,485.86,Pet,561.88,1,6.0,4.0,3.0,1.0,13.333333333333334,3.875,0.6666666666666666,0.5,0.16666666666666666,11.0,4.545454545454546,7.613636363636363,6.0,4.0,6.0,3.0,3.0,34.0,0.2727272727272727,0.5,0.0,0.0,0.0,0.0,2025-07-01,0,1,0.0
C00102,71,Female,Tacoma,WA,Unknown,Baby,Direct,1,0,0.25,0.838,221,0,1,305.47,305.47,0.0,0.0,44,0,1.0,0.0,0.0,1.0,305.47,1.0,305.47,Baby,284.16,1,8.0,6.0,4.0,1.0,14.375,4.595,0.75,0.5,0.125,6.0,4.666666666666667,8.261111111111111,4.0,4.0,3.0,0.0,0.0,28.0,0.0,0.0,0.0,0.0,0.0,0.0,2025-07-01,0,0,255.21
C00103,23,Female,Seattle,WA,Unknown,Sports,Direct,1,1,0.422,0.487,300,0,1,1116.37,1116.37,185.15,185.15,248,0,1.0,0.0,0.0,0.0,0.0,0.0,0.0,Sports,802.71,2,2.0,0.0,0.0,0.0,20.0,1.505,0.0,0.0,0.0,6.0,4.0,5.3,3.0,3.0,2.0,1.0,1.0,16.0,0.16666666666666666,0.5,0.0,0.0,0.0,0.0,2025-07-01,0,1,0.0
C00105,22,Non-binary,Austin,TX,Unknown,Beauty,Direct,1,0,0.261,0.36,460,0,2,320.52,160.26,54.34,27.17,204,233,0.2575107296137339,0.0,0.0,0.0,0.0,0.0,0.0,Beauty,244.37,2,0.0,0.0,0.0,0.0,0.0,0.0,0.0,0.0,0.0,5.0,2.8,4.286666666666667,2.0,2.0,1.0,0.0,0.0,10.0,0.0,0.0,0.0,0.0,0.0,0.0,2025-07-01,0,1,0.0
C00108,37,Female,Chicago,IL,Silver,Baby,Paid Social,1,1,0.446,0.848,431,0,1,73.8,73.8,12.45,12.45,19,0,1.0,1.0,73.8,1.0,73.8,1.0,73.8,Baby,68.65,1,5.0,1.0,1.0,0.0,13.0,4.6899999999999995,0.2,0.2,0.0,9.0,5.333333333333333,8.761111111111111,7.0,5.0,4.0,3.0,3.0,15.0,0.3333333333333333,0.75,0.0,0.0,0.0,0.0,2025-07-01,0,1,0.0
C00110,36,Male,Boulder,CO,Silver,Baby,Affiliate,1,0,0.335,0.836,154,0,3,350.04,116.68,44.32,14.773333333333333,33,70,1.2857142857142856,0.0,0.0,2.0,158.93,3.0,350.04,Home,305.06,2,1.0,0.0,0.0,1.0,10.0,0.72,0.0,0.0,1.0,6.0,4.166666666666667,5.697222222222223,4.0,3.0,2.0,1.0,1.0,39.0,0.16666666666666666,0.5,0.0,0.0,0.0,0.0,2025-07-01,0,0,132.89
C00112,26,Male,Phoenix,AZ,Unknown,Home,Organic Search,1,1,0.471,0.421,458,0,3,488.91,162.97,59.940000000000005,19.98,163,295,0.30508474576271183,0.0,0.0,0.0,0.0,1.0,42.36,Apparel,288.89,3,3.0,0.0,0.0,0.0,10.0,3.7199999999999998,0.0,0.0,0.0,7.0,4.0,5.464285714285714,5.0,2.0,2.0,0.0,0.0,66.0,0.0,0.0,0.0,0.0,0.0,0.0,2025-07-01,1,0,902.47
C00114,74,Non-binary,Cambridge,MA,Silver,Apparel,Referral,1,1,0.838,0.562,294,0,2,585.44,292.72,165.26999999999998,82.63499999999999,139,4,2.0,0.0,0.0,0.0,0.0,2.0,585.44,Apparel,544.6,1,5.0,1.0,0.0,0.0,13.0,1.5999999999999999,0.2,0.0,0.0,2.0,5.0,10.616666666666665,1.0,1.0,1.0,1.0,1.0,61.0,0.5,1.0,0.0,0.0,0.0,0.0,2025-07-01,1,0,909.3699999999999
C00117,51,Prefer not to say,Miami,FL,Platinum,Apparel,Organic Search,1,0,0.664,0.676,167,0,2,527.99,263.995,103.94,51.97,85,58,1.0344827586206897,0.0,0.0,1.0,512.14,2.0,527.99,Baby,408.03,3,4.0,2.0,1.0,2.0,7.5,3.92,0.5,0.25,0.5,7.0,4.0,6.280952380952381,4.0,3.0,1.0,0.0,0.0,2.0,0.0,0.0,0.0,0.0,0.0,0.0,2025-07-01,0,0,543.17
C00118,27,Female,Miami,FL,Silver,Pet,Affiliate,1,1,0.715,0.891,115,0,3,574.9300000000001,191.64333333333335,111.18,37.06,45,63,1.4285714285714286,0.0,0.0,2.0,491.36,3.0,574.9300000000001,Pet,288.9,2,2.0,1.0,1.0,0.0,17.5,0.73,0.5,0.5,0.0,9.0,3.5555555555555554,5.931481481481481,4.0,3.0,4.0,1.0,1.0,7.0,0.1111111111111111,0.25,0.0,0.0,0.0,0.0,2025-07-01,0,0,438.62
C00122,22,Non-binary,Tacoma,WA,Gold,Home,Direct,0,1,0.32,0.29,391,0,6,1453.73,242.28833333333333,188.0,31.333333333333332,4,342,0.5263157894736842,1.0,369.64,3.0,789.3199999999999,3.0,789.3199999999999,Electronics,343.85,7,2.0,1.0,0.0,0.0,10.0,1.21,0.5,0.0,0.0,3.0,5.0,11.027777777777777,1.0,1.0,2.0,2.0,2.0,45.0,0.6666666666666666,1.0,0.0,0.0,0.0,0.0,2025-07-01,0,0,427.95
C00123,51,Non-binary,Austin,TX,Unknown,Home,Paid Social,1,0,0.583,0.856,297,0,1,427.63,427.63,53.98,53.98,127,0,1.0,0.0,0.0,0.0,0.0,1.0,427.63,Beauty,397.8,1,4.0,1.0,1.0,1.0,13.75,2.65,0.25,0.25,0.25,10.0,4.3,8.106666666666666,8.0,3.0,2.0,1.0,1.0,1.0,0.1,0.5,1.0,3.1,4.0,0.0,2025-07-01,0,0,924.41
C00124,28,Non-binary,Austin,TX,Unknown,Electronics,Paid Social,1,0,0.396,0.889,272,0,2,362.74,181.37,4.9,2.45,45,201,0.29850746268656714,0.0,0.0,1.0,313.51,1.0,313.51,Grocery,291.64,2,4.0,3.0,1.0,0.0,13.75,2.365,0.75,0.25,0.0,4.0,4.75,7.904166666666667,2.0,1.0,2.0,2.0,2.0,55.0,0.5,1.0,0.0,0.0,0.0,0.0,2025-07-01,1,0,661.02
C00126,73,Non-binary,Tacoma,WA,Unknown,Grocery,Paid Social,1,1,0.619,0.648,220,0,1,176.24,176.24,41.51,41.51,1,0,1.0,1.0,176.24,1.0,176.24,1.0,176.24,Grocery,163.94,1,5.0,1.0,0.0,2.0,17.0,4.45,0.2,0.0,0.4,3.0,4.333333333333333,7.48888888888889,2.0,2.0,1.0,0.0,0.0,56.0,0.0,0.0,0.0,0.0,0.0,0.0,2025-07-01,1,0,564.2
C00127,62,Female,Buffalo,NY,Silver,Apparel,Organic Search,1,1,0.702,0.675,170,0,2,721.82,360.91,114.27,57.135,141,8,2.0,0.0,0.0,0.0,0.0,2.0,721.82,Home,671.46,1,6.0,2.0,0.0,1.0,13.333333333333334,5.4799999999999995,0.3333333333333333,0.0,0.16666666666666666,4.0,4.25,8.420833333333334,2.0,2.0,2.0,1.0,1.0,23.0,0.25,0.5,0.0,0.0,0.0,0.0,2025-07-01,0,0,293.03
C00129,38,Prefer not to say,Charlotte,NC,Unknown,Sports,Affiliate,1,0,0.7,0.826,471,0,3,1673.22,557.74,304.94,101.64666666666666,59,127,0.7086614173228346,0.0,0.0,1.0,72.92,2.0,462.69,Sports,773.17,4,5.0,3.0,2.0,0.0,17.0,5.225,0.6,0.4,0.0,10.0,4.8,7.881666666666666,5.0,4.0,5.0,4.0,4.0,55.0,0.4,0.8,0.0,0.0,0.0,0.0,2025-07-01,0,0,408.23
C00130,43,Female,Tacoma,WA,Silver,Home,Paid Social,1,1,0.309,0.495,85,1,1,196.56,196.56,23.21,23.21,23,0,1.0,1.0,196.56,1.0,196.56,1.0,196.56,Grocery,182.85,1,0.0,0.0,0.0,0.0,0.0,0.0,0.0,0.0,0.0,1.0,5.0,7.033333333333333,0.0,0.0,1.0,1.0,1.0,70.0,1.0,1.0,0.0,0.0,0.0,0.0,2025-07-01,1,0,272.39
C00131,59,Female,Scottsdale,AZ,Unknown,Pet,Organic Search,1,1,0.563,0.488,133,0,1,173.0,173.0,31.49,31.49,81,0,1.0,0.0,0.0,1.0,173.0,1.0,173.0,Pet,160.93,1,2.0,1.0,0.0,0.0,7.5,1.5699999999999998,0.5,0.0,0.0,5.0,4.2,6.426666666666667,3.0,3.0,3.0,0.0,0.0,23.0,0.0,0.0,0.0,0.0,0.0,0.0,2025-07-01,1,0,647.72
C00133,30,Male,Miami,FL,Silver,Baby,Referral,1,1,0.676,0.734,328,0,3,676.0999999999999,225.36666666666665,161.54000000000002,53.84666666666667,69,254,0.3543307086614173,0.0,0.0,1.0,369.8,2.0,615.96,Baby,572.99,2,7.0,5.0,3.0,2.0,14.285714285714286,3.27,0.7142857142857143,0.42857142857142855,0.2857142857142857,7.0,4.714285714285714,7.045238095238095,5.0,3.0,3.0,2.0,2.0,63.0,0.2857142857142857,0.6666666666666666,0.0,0.0,0.0,0.0,2025-07-01,0,0,179.74
C00135,65,Non-binary,Denver,CO,Unknown,Electronics,Direct,1,0,0.616,0.696,275,0,2,650.23,325.115,125.0,62.5,60,41,1.4634146341463414,0.0,0.0,1.0,287.18,2.0,650.23,Electronics,604.86,1,4.0,3.0,1.0,1.0,15.0,2.06,0.75,0.25,0.25,5.0,3.2,5.863333333333333,2.0,0.0,0.0,0.0,0.0,37.0,0.0,0.0,1.0,4.7,4.0,0.0,2025-07-01,0,0,627.8100000000001
C00137,37,Non-binary,San Jose,CA,Platinum,Beauty,Paid Search,1,1,0.421,0.582,216,0,3,665.5799999999999,221.85999999999999,75.27,25.09,24,152,0.5921052631578948,1.0,223.33,1.0,223.33,3.0,665.5799999999999,Beauty,479.0,2,5.0,2.0,1.0,1.0,21.0,4.21,0.4,0.2,0.2,8.0,3.875,5.835416666666667,4.0,2.0,3.0,2.0,2.0,48.0,0.25,0.6666666666666666,0.0,0.0,0.0,0.0,2025-07-01,0,0,2242.64
C00140,69,Female,Cambridge,MA,Silver,Sports,Organic Search,1,0,0.234,0.777,377,0,2,759.36,379.68,72.92,36.46,24,17,2.0,1.0,607.57,2.0,759.36,2.0,759.36,Sports,706.38,1,8.0,5.0,2.0,1.0,3.75,3.4699999999999998,0.625,0.25,0.125,11.0,3.6363636363636362,4.806060606060606,4.0,3.0,2.0,2.0,2.0,8.0,0.18181818181818182,1.0,0.0,0.0,0.0,0.0,2025-07-01,0,1,0.0
C00141,56,Prefer not to say,Chicago,IL,Gold,Sports,Organic Search,1,1,0.083,0.541,472,0,10,3388.09,338.809,174.89999999999998,17.49,18,428,0.7009345794392523,1.0,784.86,2.0,985.56,2.0,985.56,Sports,1476.73,5,7.0,3.0,1.0,1.0,12.142857142857142,5.535,0.42857142857142855,0.14285714285714285,0.14285714285714285,4.0,4.75,9.608333333333334,3.0,1.0,1.0,1.0,1.0,163.0,0.25,1.0,1.0,6.1,4.0,0.0,2025-07-01,0,1,0.0
C00142,58,Prefer not to say,Boston,MA,Unknown,Apparel,Organic Search,1,1,0.829,0.868,353,0,1,261.69,261.69,66.01,66.01,179,0,1.0,0.0,0.0,0.0,0.0,1.0,261.69,Beauty,243.43,1,5.0,4.0,2.0,0.0,14.0,2.2399999999999998,0.8,0.4,0.0,8.0,5.25,10.03125,7.0,4.0,5.0,1.0,1.0,6.0,0.125,0.2,0.0,0.0,0.0,0.0,2025-07-01,0,1,0.0
C00143,41,Male,Dallas,TX,Silver,Home,Organic Search,1,1,0.398,0.525,249,0,1,107.91,107.91,30.39,30.39,216,0,1.0,0.0,0.0,0.0,0.0,0.0,0.0,Home,100.38,1,6.0,2.0,1.0,0.0,8.333333333333334,3.805,0.3333333333333333,0.16666666666666666,0.0,4.0,2.5,3.470833333333333,1.0,0.0,0.0,0.0,0.0,43.0,0.0,0.0,0.0,0.0,0.0,0.0,2025-07-01,1,0,724.6
C00144,71,Prefer not to say,Tacoma,WA,Unknown,Beauty,Affiliate,1,0,0.868,0.547,316,0,1,196.25,196.25,51.07,51.07,251,0,1.0,0.0,0.0,0.0,0.0,0.0,0.0,Beauty,182.56,1,3.0,2.0,1.0,0.0,13.333333333333334,3.9,0.6666666666666666,0.3333333333333333,0.0,6.0,4.5,6.330555555555556,5.0,2.0,1.0,1.0,1.0,17.0,0.16666666666666666,1.0,0.0,0.0,0.0,0.0,2025-07-01,0,1,0.0
C00148,61,Female,San Jose,CA,Silver,Grocery,Paid Search,1,0,0.557,0.49,136,0,2,389.86,194.93,110.16,55.08,62,3,2.0,0.0,0.0,2.0,389.86,2.0,389.86,Grocery,209.27,3,2.0,1.0,0.0,0.0,7.5,1.92,0.5,0.0,0.0,3.0,6.666666666666667,12.5,3.0,1.0,3.0,2.0,2.0,16.0,0.6666666666666666,0.6666666666666666,0.0,0.0,0.0,0.0,2025-07-01,1,0,1020.3499999999999
C00151,67,Female,Dallas,TX,Silver,Sports,Paid Search,1,1,0.285,0.407,283,0,2,1187.16,593.58,125.49,62.745,70,111,0.5405405405405405,0.0,0.0,1.0,320.3,1.0,320.3,Sports,685.0699999999999,2,5.0,0.0,0.0,0.0,5.0,4.21,0.0,0.0,0.0,5.0,3.6,4.173333333333334,3.0,1.0,1.0,0.0,0.0,136.0,0.0,0.0,0.0,0.0,0.0,0.0,2025-07-01,0,0,347.01
C00152,55,Female,New York,NY,Silver,Apparel,Affiliate,0,0,0.734,0.411,539,0,4,796.49,199.1225,176.32,44.08,110,314,0.38216560509554137,0.0,0.0,0.0,0.0,1.0,332.71,Apparel,173.3,6,1.0,0.0,0.0,0.0,5.0,0.85,0.0,0.0,0.0,3.0,4.666666666666667,6.6000000000000005,3.0,1.0,1.0,0.0,0.0,137.0,0.0,0.0,0.0,0.0,0.0,0.0,2025-07-01,0,0,458.58
C00154,63,Male,Raleigh,NC,Silver,Grocery,Direct,1,0,0.516,0.521,489,0,2,432.23,216.115,51.839999999999996,25.919999999999998,137,229,0.26200873362445415,0.0,0.0,0.0,0.0,1.0,358.57,Apparel,289.75,3,7.0,2.0,0.0,0.0,10.0,4.0,0.2857142857142857,0.0,0.0,8.0,5.625,9.0625,6.0,5.0,5.0,3.0,3.0,39.0,0.375,0.6,1.0,6.7,4.0,0.0,2025-07-01,0,0,587.96
C00157,39,Male,Orlando,FL,Gold,Pet,Direct,1,1,0.182,0.592,492,0,9,2843.45,315.93888888888887,190.56,21.173333333333332,82,356,0.7584269662921348,0.0,0.0,1.0,467.95,2.0,551.65,Pet,1667.87,6,4.0,1.0,1.0,1.0,8.75,2.645,0.25,0.25,0.25,10.0,3.2,4.703333333333333,5.0,3.0,1.0,0.0,0.0,2.0,0.0,0.0,0.0,0.0,0.0,0.0,2025-07-01,1,0,2230.59
C00158,41,Female,Orlando,FL,Unknown,Beauty,Affiliate,1,0,0.776,0.932,333,0,1,195.24,195.24,35.57,35.57,113,0,1.0,0.0,0.0,0.0,0.0,1.0,195.24,Apparel,181.62,1,5.0,5.0,2.0,0.0,13.0,5.109999999999999,1.0,0.4,0.0,4.0,6.0,11.662500000000001,4.0,2.0,2.0,2.0,2.0,5.0,0.5,1.0,1.0,5.2,5.0,0.0,2025-07-01,1,0,657.62
C00160,56,Female,Los Angeles,CA,Gold,Beauty,Organic Search,1,1,0.383,0.336,134,0,2,217.62,108.81,22.94,11.47,65,24,2.0,0.0,0.0,2.0,217.62,2.0,217.62,Electronics,202.44,1,3.0,1.0,0.0,0.0,8.333333333333334,2.36,0.3333333333333333,0.0,0.0,1.0,3.0,2.316666666666667,0.0,0.0,0.0,0.0,0.0,122.0,0.0,0.0,0.0,0.0,0.0,0.0,2025-07-01,0,0,50.2
C00162,49,Male,Houston,TX,Unknown,Baby,Referral,1,1,0.451,0.545,258,0,2,298.78,149.39,70.78999999999999,35.394999999999996,64,77,0.7792207792207791,0.0,0.0,1.0,55.34,2.0,298.78,Apparel,170.34,2,2.0,1.0,0.0,0.0,10.0,1.505,0.5,0.0,0.0,6.0,4.166666666666667,7.916666666666667,4.0,1.0,1.0,1.0,1.0,22.0,0.16666666666666666,1.0,1.0,21.6,4.0,0.0,2025-07-01,0,1,0.0
C00164,35,Female,Tacoma,WA,Silver,Grocery,Paid Social,1,1,0.248,0.333,507,0,6,1444.78,240.79666666666665,112.22,18.703333333333333,80,368,0.48913043478260865,0.0,0.0,2.0,393.17,2.0,393.17,Home,541.49,4,2.0,1.0,1.0,0.0,20.0,1.2049999999999998,0.5,0.5,0.0,5.0,4.2,7.113333333333332,3.0,2.0,1.0,1.0,1.0,175.0,0.2,1.0,1.0,12.2,3.0,0.0,2025-07-01,0,0,2368.8700000000003
C00166,48,Non-binary,Scottsdale,AZ,Platinum,Apparel,Paid Search,1,1,0.778,0.709,126,0,1,120.91,120.91,19.33,19.33,49,0,1.0,0.0,0.0,1.0,120.91,1.0,120.91,Sports,112.47,1,4.0,2.0,1.0,1.0,10.0,1.93,0.5,0.25,0.25,4.0,4.5,8.754166666666666,3.0,3.0,2.0,0.0,0.0,46.0,0.0,0.0,0.0,0.0,0.0,0.0,2025-07-01,0,0,326.6
C00168,68,Non-binary,Phoenix,AZ,Silver,Baby,Direct,1,0,0.3,0.503,467,0,6,1243.75,207.29166666666666,81.56,13.593333333333334,138,315,0.5714285714285714,0.0,0.0,0.0,0.0,2.0,210.33999999999997,Home,270.02,6,5.0,1.0,0.0,0.0,11.0,2.715,0.2,0.0,0.0,8.0,4.375,8.427083333333334,4.0,3.0,4.0,2.0,2.0,25.0,0.25,0.5,0.0,0.0,0.0,0.0,2025-07-01,1,0,270.15999999999997
C00171,70,Male,Phoenix,AZ,Platinum,Electronics,Referral,1,1,0.482,0.614,410,0,9,2186.58,242.95333333333332,367.46,40.82888888888888,5,394,0.6852791878172589,1.0,390.04,1.0,390.04,3.0,973.7,Electronics,1380.0900000000001,5,5.0,1.0,0.0,0.0,19.0,2.655,0.2,0.0,0.0,5.0,2.4,2.9266666666666667,1.0,0.0,0.0,0.0,0.0,66.0,0.0,0.0,0.0,0.0,0.0,0.0,2025-07-01,0,0,698.63
C00172,62,Non-binary,Denver,CO,Unknown,Sports,Paid Search,1,0,0.676,0.372,218,0,2,637.6600000000001,318.83000000000004,195.08,97.54,11,119,0.5042016806722689,1.0,496.86,1.0,496.86,2.0,637.6600000000001,Electronics,450.2,2,3.0,0.0,0.0,0.0,8.333333333333334,1.5799999999999998,0.0,0.0,0.0,5.0,4.4,7.366666666666667,4.0,4.0,1.0,0.0,0.0,39.0,0.0,0.0,0.0,0.0,0.0,0.0,2025-07-01,0,1,0.0
C00174,61,Male,Los Angeles,CA,Unknown,Pet,Direct,1,1,0.601,0.629,399,0,1,377.62,377.62,34.46,34.46,48,0,1.0,0.0,0.0,1.0,377.62,1.0,377.62,Sports,218.85,2,5.0,2.0,0.0,0.0,13.0,3.6149999999999998,0.4,0.0,0.0,5.0,3.8,4.183333333333334,4.0,2.0,0.0,0.0,0.0,63.0,0.0,0.0,0.0,0.0,0.0,0.0,2025-07-01,0,0,643.0500000000001
C00176,56,Female,Houston,TX,Gold,Beauty,Affiliate,1,1,0.239,0.903,366,0,3,1111.67,370.5566666666667,103.45,34.483333333333334,53,205,0.43902439024390244,0.0,0.0,1.0,174.76,2.0,513.26,Beauty,425.32,4,4.0,3.0,3.0,0.0,13.75,5.35,0.75,0.75,0.0,13.0,4.384615384615385,6.920512820512821,5.0,4.0,6.0,5.0,5.0,18.0,0.38461538461538464,0.8333333333333334,0.0,0.0,0.0,0.0,2025-07-01,1,0,196.84
C00179,31,Male,Naperville,IL,Silver,Baby,Organic Search,1,0,0.409,0.277,18,1,1,327.39,327.39,69.34,69.34,8,0,1.0,1.0,327.39,1.0,327.39,1.0,327.39,Grocery,304.55,1,0.0,0.0,0.0,0.0,0.0,0.0,0.0,0.0,0.0,0.0,0.0,0.0,0.0,0.0,0.0,0.0,0.0,0.0,0.0,0.0,0.0,0.0,0.0,0.0,2025-07-01,0,1,0.0
C00182,53,Female,Boulder,CO,Silver,Beauty,Paid Search,1,0,0.311,0.11,147,0,3,751.21,250.40333333333334,63.41,21.136666666666667,61,43,2.0930232558139537,0.0,0.0,2.0,493.6,3.0,751.21,Electronics,296.55,4,4.0,1.0,0.0,0.0,17.5,3.75,0.25,0.0,0.0,5.0,3.8,7.386666666666668,3.0,2.0,1.0,0.0,0.0,15.0,0.0,0.0,0.0,0.0,0.0,0.0,2025-07-01,0,0,17.28
C00185,46,Non-binary,Orlando,FL,Platinum,Pet,Referral,1,1,0.596,0.616,109,0,2,444.94,222.47,100.75,50.375,18,86,0.6976744186046512,1.0,213.88,1.0,213.88,2.0,444.94,Pet,413.9,1,1.0,0.0,0.0,0.0,25.0,0.85,0.0,0.0,0.0,3.0,6.666666666666667,10.905555555555557,3.0,3.0,3.0,1.0,1.0,39.0,0.3333333333333333,0.3333333333333333,0.0,0.0,0.0,0.0,2025-07-01,0,0,828.57
C00188,31,Non-binary,Scottsdale,AZ,Gold,Beauty,Referral,0,0,0.705,0.654,404,0,3,544.94,181.64666666666668,118.71000000000001,39.57,87,265,0.33962264150943394,0.0,0.0,1.0,194.74,2.0,387.09000000000003,Beauty,327.99,2,5.0,1.0,1.0,0.0,13.0,3.02,0.2,0.2,0.0,2.0,3.5,6.941666666666666,1.0,0.0,0.0,0.0,0.0,16.0,0.0,0.0,0.0,0.0,0.0,0.0,2025-07-01,0,1,0.0
C00189,76,Male,Naperville,IL,Gold,Apparel,Paid Social,1,1,0.438,0.647,507,0,5,1095.1,219.01999999999998,169.22,33.844,13,293,0.5119453924914675,1.0,126.94,1.0,126.94,2.0,362.98,Apparel,645.1700000000001,3,3.0,1.0,0.0,0.0,10.0,2.42,0.3333333333333333,0.0,0.0,8.0,4.75,8.422916666666666,5.0,4.0,3.0,3.0,3.0,83.0,0.375,1.0,0.0,0.0,0.0,0.0,2025-07-01,0,1,0.0
C00190,60,Male,Raleigh,NC,Platinum,Beauty,Paid Social,1,1,0.459,0.311,54,1,1,1457.58,1457.58,155.44,155.44,38,0,1.0,0.0,0.0,1.0,1457.58,1.0,1457.58,Beauty,1355.89,1,1.0,1.0,0.0,0.0,25.0,1.5,1.0,0.0,0.0,1.0,6.0,9.2,1.0,1.0,1.0,0.0,0.0,28.0,0.0,0.0,0.0,0.0,0.0,0.0,2025-07-01,0,0,1050.95
C00195,55,Non-binary,Tacoma,WA,Unknown,Sports,Affiliate,1,1,0.581,0.913,462,0,2,1379.44,689.72,204.14999999999998,102.07499999999999,37,407,0.14742014742014742,0.0,0.0,1.0,621.04,1.0,621.04,Home,659.76,4,5.0,2.0,1.0,0.0,15.0,2.3,0.4,0.2,0.0,9.0,3.7777777777777777,6.181481481481481,5.0,4.0,2.0,0.0,0.0,6.0,0.0,0.0,0.0,0.0,0.0,0.0,2025-07-01,0,0,546.4
C00196,43,Male,Boston,MA,Unknown,Sports,Direct,1,0,0.719,0.525,265,0,2,365.36,182.68,67.85,33.925,170,54,1.1111111111111112,0.0,0.0,0.0,0.0,1.0,142.19,Sports,207.6,2,2.0,0.0,0.0,0.0,17.5,1.2049999999999998,0.0,0.0,0.0,3.0,5.0,8.255555555555555,2.0,2.0,1.0,1.0,1.0,36.0,0.3333333333333333,1.0,0.0,0.0,0.0,0.0,2025-07-01,1,0,810.59
C00197,70,Male,Dallas,TX,Gold,Sports,Affiliate,1,1,0.612,0.187,382,0,5,1787.44,357.488,315.73,63.146,127,238,0.6302521008403361,0.0,0.0,0.0,0.0,3.0,1243.25,Sports,974.9100000000001,4,5.0,1.0,0.0,0.0,19.0,4.22,0.2,0.0,0.0,5.0,3.4,3.503333333333333,3.0,2.0,0.0,0.0,0.0,30.0,0.0,0.0,0.0,0.0,0.0,0.0,2025-07-01,0,0,944.6700000000001
C00198,29,Prefer not to say,Naperville,IL,Gold,Electronics,Organic Search,1,0,0.678,0.833,320,0,3,429.01,143.00333333333333,88.2,29.400000000000002,120,197,0.4568527918781726,0.0,0.0,0.0,0.0,1.0,241.35,Grocery,224.51,3,7.0,4.0,2.0,0.0,12.142857142857142,5.305,0.5714285714285714,0.2857142857142857,0.0,5.0,3.0,3.97,1.0,1.0,1.0,0.0,0.0,103.0,0.0,0.0,0.0,0.0,0.0,0.0,2025-07-01,0,1,0.0
C00001,33,Female,Scottsdale,AZ,Silver,Beauty,Paid Search,1,0,0.852,0.38,185,0,1,185.13,185.13,44.98,44.98,176,0,1.0,0.0,0.0,0.0,0.0,1.0,185.13,Apparel,172.21,1,2.0,1.0,0.0,1.0,7.5,0.73,0.5,0.0,0.5,7.0,4.714285714285714,6.030952380952381,5.0,4.0,2.0,1.0,1.0,33.0,0.14285714285714285,0.5,0.0,0.0,0.0,0.0,2025-08-01,0,0,186.92
C00002,34,Male,Raleigh,NC,Silver,Baby,Affiliate,1,1,0.559,0.441,6,1,1,71.77,71.77,14.34,14.34,2,0,1.0,1.0,71.77,1.0,71.77,1.0,71.77,Baby,66.76,1,0.0,0.0,0.0,0.0,0.0,0.0,0.0,0.0,0.0,0.0,0.0,0.0,0.0,0.0,0.0,0.0,0.0,0.0,0.0,0.0,0.0,0.0,0.0,0.0,2025-08-01,0,0,366.87
C00006,40,Male,New York,NY,Silver,Grocery,Direct,1,1,0.507,0.902,243,0,1,418.79,418.79,77.39,77.39,55,0,1.0,0.0,0.0,1.0,418.79,1.0,418.79,Beauty,389.57,1,6.0,2.0,1.0,1.0,20.0,6.62,0.3333333333333333,0.16666666666666666,0.16666666666666666,6.0,4.333333333333333,7.508333333333333,3.0,2.0,2.0,2.0,2.0,56.0,0.3333333333333333,1.0,0.0,0.0,0.0,0.0,2025-08-01,0,0,555.64
C00008,56,Female,Charlotte,NC,Unknown,Sports,Paid Social,1,0,0.755,0.458,259,0,3,1692.5500000000002,564.1833333333334,367.52,122.50666666666666,110,130,0.6923076923076924,0.0,0.0,0.0,0.0,1.0,352.9,Sports,1421.58,2,1.0,1.0,0.0,0.0,10.0,1.5,1.0,0.0,0.0,5.0,4.4,6.609999999999999,2.0,2.0,1.0,1.0,1.0,32.0,0.2,1.0,0.0,0.0,0.0,0.0,2025-08-01,1,0,390.32
C00014,23,Male,Seattle,WA,Unknown,Baby,Affiliate,1,1,0.251,0.454,526,0,4,1401.16,350.29,131.10999999999999,32.777499999999996,3,444,0.27027027027027023,2.0,780.19,2.0,780.19,3.0,1269.83,Sports,780.8199999999999,4,1.0,1.0,0.0,0.0,20.0,0.01,1.0,0.0,0.0,5.0,6.8,11.786666666666667,4.0,3.0,4.0,4.0,4.0,122.0,0.8,1.0,0.0,0.0,0.0,0.0,2025-08-01,0,0,80.94
C00016,68,Male,Boulder,CO,Platinum,Electronics,Organic Search,1,0,0.466,0.649,401,0,3,799.2,266.40000000000003,170.94,56.98,257,31,2.9032258064516125,0.0,0.0,0.0,0.0,0.0,0.0,Electronics,257.9,4,4.0,3.0,2.0,0.0,17.5,1.72,0.75,0.5,0.0,3.0,3.6666666666666665,4.694444444444444,1.0,0.0,1.0,1.0,1.0,111.0,0.3333333333333333,1.0,0.0,0.0,0.0,0.0,2025-08-01,0,0,448.98
C00017,35,Prefer not to say,Orlando,FL,Platinum,Beauty,Organic Search,1,0,0.472,0.673,306,0,8,2358.85,294.85625,327.33,40.91625,54,244,0.9836065573770493,0.0,0.0,1.0,496.11,6.0,1728.31,Beauty,1110.76,4,5.0,3.0,1.0,1.0,14.0,3.26,0.6,0.2,0.2,5.0,5.0,6.503333333333333,4.0,2.0,2.0,1.0,1.0,28.0,0.2,0.5,2.0,21.3,4.5,0.0,2025-08-01,1,0,808.6600000000001
C00019,66,Female,Raleigh,NC,Silver,Baby,Organic Search,1,1,0.724,0.433,393,0,3,333.25,111.08333333333333,64.38,21.459999999999997,69,229,0.3930131004366812,0.0,0.0,1.0,19.4,1.0,19.4,Beauty,184.98,4,1.0,0.0,0.0,0.0,10.0,0.005,0.0,0.0,0.0,8.0,3.0,4.09375,4.0,1.0,0.0,0.0,0.0,2.0,0.0,0.0,0.0,0.0,0.0,0.0,2025-08-01,0,1,0.0
C00021,59,Male,San Francisco,CA,Unknown,Pet,Direct,1,0,0.943,0.728,454,0,1,136.83,136.83,37.09,37.09,443,0,1.0,0.0,0.0,0.0,0.0,0.0,0.0,Apparel,127.28,1,7.0,3.0,1.0,1.0,15.0,5.779999999999999,0.42857142857142855,0.14285714285714285,0.14285714285714285,7.0,4.142857142857143,5.602380952380953,4.0,1.0,3.0,2.0,2.0,71.0,0.2857142857142857,0.6666666666666666,0.0,0.0,0.0,0.0,2025-08-01,0,0,464.69
C00026,27,Male,Cambridge,MA,Gold,Sports,Direct,1,1,0.732,0.88,195,0,5,1117.38,223.47600000000003,261.24,52.248000000000005,11,168,0.8928571428571429,1.0,84.62,3.0,771.15,5.0,1117.38,Sports,616.68,3,4.0,2.0,1.0,0.0,11.25,3.255,0.5,0.25,0.0,8.0,3.5,6.472916666666666,4.0,4.0,1.0,0.0,0.0,28.0,0.0,0.0,1.0,8.8,4.0,0.0,2025-08-01,0,0,1449.74
C00027,62,Non-binary,Phoenix,AZ,Unknown,Beauty,Direct,1,1,0.218,0.407,569,0,2,705.3199999999999,352.65999999999997,103.21000000000001,51.605000000000004,305,112,0.5357142857142857,0.0,0.0,0.0,0.0,0.0,0.0,Electronics,587.13,2,8.0,3.0,1.0,0.0,15.625,7.109999999999999,0.375,0.125,0.0,6.0,4.833333333333333,8.080555555555556,5.0,4.0,3.0,0.0,0.0,64.0,0.0,0.0,0.0,0.0,0.0,0.0,2025-08-01,0,0,578.5600000000001
C00029,48,Non-binary,Houston,TX,Unknown,Grocery,Paid Social,1,1,0.833,0.897,444,0,2,581.05,290.525,107.71000000000001,53.855000000000004,228,72,0.8333333333333334,0.0,0.0,0.0,0.0,0.0,0.0,Beauty,185.53,4,3.0,0.0,0.0,0.0,5.0,2.16,0.0,0.0,0.0,8.0,4.125,5.797916666666667,4.0,3.0,3.0,2.0,2.0,31.0,0.25,0.6666666666666666,1.0,4.4,4.0,0.0,2025-08-01,0,0,270.32
C00030,55,Prefer not to say,Orlando,FL,Unknown,Pet,Organic Search,1,1,0.554,0.489,501,0,5,1262.28,252.456,163.5,32.7,80,360,0.4166666666666667,0.0,0.0,1.0,156.46,1.0,156.46,Pet,589.11,3,2.0,1.0,1.0,0.0,10.0,0.73,0.5,0.5,0.0,11.0,3.909090909090909,6.871212121212122,5.0,4.0,4.0,1.0,1.0,62.0,0.09090909090909091,0.25,0.0,0.0,0.0,0.0,2025-08-01,0,0,529.25
C00033,56,Female,Dallas,TX,Unknown,Electronics,Paid Search,0,1,0.298,0.419,113,0,1,291.23,291.23,31.59,31.59,93,0,1.0,0.0,0.0,0.0,0.0,1.0,291.23,Electronics,270.91,1,1.0,1.0,1.0,0.0,0.0,0.005,1.0,1.0,0.0,3.0,4.666666666666667,8.677777777777777,1.0,0.0,2.0,2.0,2.0,9.0,0.6666666666666666,1.0,0.0,0.0,0.0,0.0,2025-08-01,0,0,500.78999999999996
C00035,75,Female,Scottsdale,AZ,Silver,Electronics,Affiliate,1,1,0.544,0.406,467,0,3,1246.17,415.39000000000004,175.05,58.35,89,208,0.43269230769230765,0.0,0.0,1.0,460.58,2.0,789.8599999999999,Electronics,734.76,2,4.0,3.0,0.0,1.0,10.0,2.715,0.75,0.0,0.25,6.0,4.0,6.230555555555555,4.0,2.0,1.0,1.0,1.0,55.0,0.16666666666666666,1.0,0.0,0.0,0.0,0.0,2025-08-01,0,0,198.63
C00040,35,Prefer not to say,Naperville,IL,Gold,Apparel,Referral,1,1,0.591,0.195,114,0,1,431.16,431.16,91.82,91.82,31,0,1.0,0.0,0.0,1.0,431.16,1.0,431.16,Sports,401.08000000000004,1,1.0,0.0,0.0,0.0,5.0,1.2,0.0,0.0,0.0,1.0,2.0,3.316666666666667,0.0,0.0,0.0,0.0,0.0,2.0,0.0,0.0,0.0,0.0,0.0,0.0,2025-08-01,0,0,675.83
C00041,67,Male,Boulder,CO,Gold,Sports,Paid Social,1,1,0.209,0.683,358,0,6,2405.5099999999998,400.9183333333333,196.54,32.75666666666667,37,250,0.72,0.0,0.0,2.0,155.15,4.0,546.97,Baby,922.78,5,7.0,3.0,1.0,0.0,13.571428571428571,4.425,0.42857142857142855,0.14285714285714285,0.0,9.0,5.0,7.714814814814815,6.0,3.0,5.0,4.0,4.0,9.0,0.4444444444444444,0.8,1.0,4.6,3.0,0.0,2025-08-01,0,0,414.4
C00045,58,Non-binary,Orlando,FL,Unknown,Baby,Affiliate,1,1,0.437,0.815,501,0,3,414.84000000000003,138.28,40.3,13.433333333333332,63,418,0.21531100478468898,0.0,0.0,1.0,281.23,1.0,281.23,Baby,385.90000000000003,1,5.0,3.0,0.0,0.0,13.0,4.2749999999999995,0.6,0.0,0.0,7.0,6.142857142857143,8.361904761904762,6.0,5.0,5.0,3.0,3.0,81.0,0.42857142857142855,0.6,0.0,0.0,0.0,0.0,2025-08-01,0,1,0.0
C00048,39,Female,Charlotte,NC,Platinum,Grocery,Paid Social,1,0,0.137,0.355,232,0,10,3309.9,330.99,231.26,23.125999999999998,9,188,1.5957446808510638,2.0,300.48,6.0,2118.53,9.0,3058.52,Sports,861.32,7,3.0,1.0,0.0,0.0,8.333333333333334,1.515,0.3333333333333333,0.0,0.0,4.0,3.0,3.3625000000000003,2.0,1.0,0.0,0.0,0.0,23.0,0.0,0.0,1.0,6.9,4.0,0.0,2025-08-01,0,0,474.29
C00050,51,Female,Buffalo,NY,Silver,Baby,Affiliate,1,1,0.535,0.708,394,0,3,500.52,166.84,72.52000000000001,24.173333333333336,132,132,0.6818181818181818,0.0,0.0,0.0,0.0,1.0,252.97,Baby,459.1,1,4.0,2.0,2.0,0.0,13.75,1.53,0.5,0.5,0.0,5.0,2.2,2.42,1.0,1.0,1.0,0.0,0.0,161.0,0.0,0.0,0.0,0.0,0.0,0.0,2025-08-01,0,0,843.47
C00051,46,Prefer not to say,Orlando,FL,Unknown,Beauty,Referral,1,1,0.288,0.326,412,0,3,1478.01,492.67,170.87,56.95666666666667,121,235,0.3829787234042553,0.0,0.0,0.0,0.0,2.0,835.11,Beauty,776.84,2,3.0,2.0,0.0,0.0,15.0,3.12,0.6666666666666666,0.0,0.0,3.0,4.333333333333333,5.922222222222222,2.0,2.0,2.0,0.0,0.0,251.0,0.0,0.0,1.0,42.7,4.0,0.0,2025-08-01,0,1,0.0
C00052,71,Prefer not to say,New York,NY,Unknown,Beauty,Paid Search,1,0,0.481,0.323,413,0,4,2378.35,594.5875,319.44,79.86,142,255,0.47058823529411764,0.0,0.0,0.0,0.0,1.0,786.04,Beauty,1689.1599999999999,3,2.0,2.0,1.0,0.0,7.5,1.51,1.0,0.5,0.0,5.0,5.0,7.7333333333333325,4.0,2.0,2.0,1.0,1.0,34.0,0.2,0.5,0.0,0.0,0.0,0.0,2025-08-01,0,0,1098.45
C00053,71,Prefer not to say,Boston,MA,Platinum,Grocery,Direct,1,1,0.411,0.855,551,0,9,3228.89,358.7655555555555,517.42,57.49111111111111,34,503,0.5367793240556661,0.0,0.0,1.0,231.33,3.0,938.2600000000001,Grocery,1424.27,6,11.0,7.0,2.0,0.0,14.090909090909092,7.199999999999999,0.6363636363636364,0.18181818181818182,0.0,12.0,5.333333333333333,9.690277777777778,7.0,6.0,9.0,6.0,6.0,90.0,0.5,0.6666666666666666,0.0,0.0,0.0,0.0,2025-08-01,0,0,578.9
C00054,68,Prefer not to say,San Jose,CA,Silver,Beauty,Organic Search,1,1,0.511,0.85,497,0,8,3198.7400000000002,399.84250000000003,373.17999999999995,46.647499999999994,47,417,0.5755395683453237,0.0,0.0,1.0,136.39,2.0,588.99,Beauty,2363.59,4,7.0,3.0,1.0,0.0,1.4285714285714286,5.85,0.42857142857142855,0.14285714285714285,0.0,15.0,4.866666666666666,7.954444444444444,11.0,10.0,6.0,3.0,3.0,33.0,0.2,0.5,1.0,10.7,5.0,0.0,2025-08-01,1,0,1255.45
C00056,52,Non-binary,Seattle,WA,Unknown,Grocery,Direct,1,0,0.541,0.797,196,0,1,350.73,350.73,13.14,13.14,93,0,1.0,0.0,0.0,0.0,0.0,1.0,350.73,Electronics,326.26,1,1.0,0.0,0.0,0.0,0.0,0.72,0.0,0.0,0.0,4.0,6.0,11.645833333333334,3.0,3.0,3.0,2.0,2.0,31.0,0.5,0.6666666666666666,0.0,0.0,0.0,0.0,2025-08-01,0,0,184.53
C00060,68,Prefer not to say,Seattle,WA,Unknown,Electronics,Paid Search,1,0,0.258,0.86,133,0,1,107.99,107.99,11.47,11.47,6,0,1.0,1.0,107.99,1.0,107.99,1.0,107.99,Electronics,100.46,1,1.0,0.0,0.0,0.0,5.0,0.72,0.0,0.0,0.0,2.0,2.5,3.6166666666666667,0.0,0.0,0.0,0.0,0.0,2.0,0.0,0.0,0.0,0.0,0.0,0.0,2025-08-01,0,1,0.0
C00062,63,Prefer not to say,Seattle,WA,Unknown,Baby,Direct,0,0,0.241,0.769,458,0,5,1893.3,378.65999999999997,152.7,30.54,20,435,0.3448275862068966,1.0,209.55,1.0,209.55,1.0,209.55,Baby,1005.1500000000001,4,4.0,2.0,1.0,0.0,13.75,3.08,0.5,0.25,0.0,5.0,3.4,4.676666666666667,2.0,1.0,0.0,0.0,0.0,168.0,0.0,0.0,1.0,7.7,4.0,0.0,2025-08-01,1,0,82.21
C00064,22,Male,Scottsdale,AZ,Unknown,Beauty,Direct,1,1,0.664,0.513,201,0,1,220.15,220.15,35.61,35.61,135,0,1.0,0.0,0.0,0.0,0.0,1.0,220.15,Sports,204.79,1,3.0,2.0,0.0,0.0,11.666666666666666,3.07,0.6666666666666666,0.0,0.0,4.0,2.25,2.9416666666666664,1.0,0.0,0.0,0.0,0.0,56.0,0.0,0.0,0.0,0.0,0.0,0.0,2025-08-01,0,0,527.99
C00067,40,Prefer not to say,Seattle,WA,Silver,Electronics,Paid Social,1,1,0.304,0.476,163,0,3,956.77,318.92333333333335,104.53999999999999,34.846666666666664,47,104,0.8653846153846153,0.0,0.0,1.0,335.65,3.0,956.77,Electronics,890.0100000000001,1,1.0,0.0,0.0,0.0,10.0,0.72,0.0,0.0,0.0,5.0,5.0,8.513333333333332,4.0,4.0,4.0,0.0,0.0,24.0,0.0,0.0,0.0,0.0,0.0,0.0,2025-08-01,0,0,221.71
C00068,38,Male,Phoenix,AZ,Gold,Baby,Referral,0,1,0.471,0.733,331,0,4,920.28,230.07,187.26,46.815,122,103,1.1650485436893205,0.0,0.0,0.0,0.0,2.0,461.02,Beauty,361.49,3,6.0,2.0,1.0,1.0,13.333333333333334,4.34,0.3333333333333333,0.16666666666666666,0.16666666666666666,2.0,2.5,2.808333333333333,1.0,0.0,0.0,0.0,0.0,105.0,0.0,0.0,0.0,0.0,0.0,0.0,2025-08-01,0,1,0.0
C00069,72,Female,Scottsdale,AZ,Platinum,Sports,Paid Search,0,0,0.671,0.256,263,0,11,3083.41,280.31,536.22,48.74727272727273,7,252,1.3095238095238095,2.0,565.86,6.0,1862.31,7.0,2257.67,Sports,2232.29,5,7.0,1.0,0.0,0.0,13.571428571428571,7.055,0.14285714285714285,0.0,0.0,3.0,4.0,6.322222222222223,2.0,2.0,1.0,0.0,0.0,222.0,0.0,0.0,1.0,18.2,3.0,0.0,2025-08-01,0,0,579.48
C00070,61,Female,Chicago,IL,Platinum,Electronics,Organic Search,1,0,0.509,0.716,166,0,4,1021.06,255.265,301.58000000000004,75.39500000000001,73,10,4.0,0.0,0.0,4.0,1021.06,4.0,1021.06,Apparel,536.7,2,1.0,0.0,0.0,0.0,15.0,0.72,0.0,0.0,0.0,1.0,3.0,3.75,0.0,0.0,0.0,0.0,0.0,112.0,0.0,0.0,0.0,0.0,0.0,0.0,2025-08-01,0,0,576.46
C00074,33,Non-binary,Scottsdale,AZ,Silver,Grocery,Paid Search,0,0,0.419,0.793,246,0,2,351.95,175.975,46.5,23.25,104,15,2.0,0.0,0.0,0.0,0.0,2.0,351.95,Grocery,327.39,1,3.0,2.0,0.0,1.0,18.333333333333332,1.71,0.6666666666666666,0.0,0.3333333333333333,5.0,3.2,5.33,3.0,1.0,1.0,0.0,0.0,21.0,0.0,0.0,0.0,0.0,0.0,0.0,2025-08-01,0,0,54.62
C00075,63,Female,Buffalo,NY,Unknown,Baby,Referral,1,0,0.528,0.778,283,0,3,2100.12,700.04,217.94,72.64666666666666,200,80,1.125,0.0,0.0,0.0,0.0,0.0,0.0,Beauty,876.67,4,1.0,0.0,0.0,1.0,5.0,0.72,0.0,0.0,1.0,6.0,5.0,7.927777777777777,4.0,2.0,3.0,2.0,2.0,128.0,0.3333333333333333,0.6666666666666666,0.0,0.0,0.0,0.0,2025-08-01,1,0,432.9
C00076,44,Non-binary,Buffalo,NY,Unknown,Apparel,Organic Search,1,1,0.234,0.582,359,0,2,637.1,318.55,65.66,32.83,69,161,0.3726708074534162,0.0,0.0,1.0,163.63,1.0,163.63,Apparel,339.37,3,1.0,1.0,1.0,1.0,25.0,0.85,1.0,1.0,1.0,9.0,4.555555555555555,7.4944444444444445,5.0,3.0,4.0,3.0,3.0,13.0,0.3333333333333333,0.75,0.0,0.0,0.0,0.0,2025-08-01,0,0,146.62
C00078,28,Prefer not to say,Scottsdale,AZ,Gold,Apparel,Direct,1,0,0.54,0.89,172,0,1,73.19,73.19,11.06,11.06,7,0,1.0,1.0,73.19,1.0,73.19,1.0,73.19,Electronics,68.08,1,3.0,1.0,0.0,0.0,20.0,2.9,0.3333333333333333,0.0,0.0,3.0,3.0,3.8944444444444444,1.0,1.0,0.0,0.0,0.0,129.0,0.0,0.0,0.0,0.0,0.0,0.0,2025-08-01,0,0,266.86
C00084,43,Male,Boston,MA,Silver,Sports,Organic Search,1,0,0.54,0.654,440,0,2,232.2,116.1,25.19,12.595,78,106,0.5660377358490566,0.0,0.0,1.0,41.57,1.0,41.57,Sports,177.33,2,4.0,1.0,0.0,2.0,20.0,3.21,0.25,0.0,0.5,8.0,5.125,9.352083333333333,4.0,1.0,5.0,5.0,5.0,93.0,0.625,1.0,0.0,0.0,0.0,0.0,2025-08-01,1,0,115.8
C00085,20,Prefer not to say,Denver,CO,Silver,Sports,Paid Search,1,1,0.684,0.731,104,0,1,70.47,70.47,13.59,13.59,98,0,1.0,0.0,0.0,0.0,0.0,1.0,70.47,Electronics,65.55,1,1.0,0.0,0.0,0.0,0.0,0.005,0.0,0.0,0.0,2.0,6.0,10.866666666666667,2.0,1.0,1.0,1.0,1.0,21.0,0.5,1.0,0.0,0.0,0.0,0.0,2025-08-01,0,0,322.12
C00086,33,Non-binary,Denver,CO,Gold,Electronics,Direct,1,1,0.416,0.431,339,0,3,843.17,281.0566666666667,119.8,39.93333333333333,143,134,0.6716417910447761,0.0,0.0,0.0,0.0,1.0,243.65,Electronics,491.96000000000004,3,2.0,0.0,0.0,0.0,12.5,1.44,0.0,0.0,0.0,1.0,3.0,3.433333333333333,0.0,0.0,0.0,0.0,0.0,227.0,0.0,0.0,1.0,23.0,4.0,0.0,2025-08-01,0,0,1040.31
C00087,42,Male,Los Angeles,CA,Unknown,Beauty,Referral,1,1,0.572,0.766,297,0,1,194.28,194.28,24.72,24.72,17,0,1.0,1.0,194.28,1.0,194.28,1.0,194.28,Grocery,180.73,1,7.0,2.0,1.0,0.0,10.0,3.295,0.2857142857142857,0.14285714285714285,0.0,7.0,4.0,6.804761904761905,3.0,3.0,3.0,1.0,1.0,1.0,0.14285714285714285,0.3333333333333333,0.0,0.0,0.0,0.0,2025-08-01,0,1,0.0
C00089,48,Male,Boston,MA,Unknown,Electronics,Referral,0,1,0.623,0.949,304,0,1,959.79,959.79,179.7,179.7,252,0,1.0,0.0,0.0,0.0,0.0,0.0,0.0,Pet,635.78,2,7.0,1.0,0.0,2.0,9.285714285714286,5.56,0.14285714285714285,0.0,0.2857142857142857,10.0,4.6,7.3933333333333335,6.0,4.0,5.0,3.0,3.0,54.0,0.3,0.6,0.0,0.0,0.0,0.0,2025-08-01,0,0,231.4
C00090,20,Male,Boston,MA,Silver,Grocery,Organic Search,1,0,0.232,0.853,289,0,5,898.46,179.692,111.98,22.396,16,261,0.574712643678161,2.0,104.85999999999999,2.0,104.85999999999999,2.0,104.85999999999999,Home,280.38,5,5.0,2.0,1.0,0.0,10.0,3.41,0.4,0.2,0.0,9.0,3.5555555555555554,4.983333333333333,4.0,2.0,1.0,0.0,0.0,17.0,0.0,0.0,0.0,0.0,0.0,0.0,2025-08-01,0,1,0.0
C00092,31,Prefer not to say,Boulder,CO,Silver,Electronics,Organic Search,1,0,0.805,0.738,435,0,4,1217.25,304.3125,273.98,68.495,4,345,0.34782608695652173,1.0,469.82,1.0,469.82,3.0,944.8,Electronics,349.61,4,2.0,0.0,0.0,0.0,12.5,0.855,0.0,0.0,0.0,9.0,4.555555555555555,8.103703703703705,8.0,5.0,3.0,0.0,0.0,30.0,0.0,0.0,0.0,0.0,0.0,0.0,2025-08-01,0,1,0.0
C00094,66,Female,New York,NY,Unknown,Apparel,Referral,1,1,0.495,0.579,332,0,3,944.8199999999999,314.94,146.73,48.91,190,116,0.7758620689655172,0.0,0.0,0.0,0.0,0.0,0.0,Home,479.99,3,0.0,0.0,0.0,0.0,0.0,0.0,0.0,0.0,0.0,9.0,4.666666666666667,7.705555555555557,6.0,4.0,4.0,2.0,2.0,23.0,0.2222222222222222,0.5,0.0,0.0,0.0,0.0,2025-08-01,0,0,606.67
C00095,74,Prefer not to say,San Francisco,CA,Unknown,Home,Organic Search,0,0,0.332,0.769,521,0,1,140.91,140.91,28.47,28.47,353,0,1.0,0.0,0.0,0.0,0.0,0.0,0.0,Home,131.08,1,9.0,3.0,1.0,1.0,10.555555555555555,6.045,0.3333333333333333,0.1111111111111111,0.1111111111111111,13.0,4.0,6.147435897435898,6.0,3.0,3.0,2.0,2.0,29.0,0.15384615384615385,0.6666666666666666,0.0,0.0,0.0,0.0,2025-08-01,0,0,37.39
C00096,37,Male,Denver,CO,Unknown,Electronics,Affiliate,1,1,0.806,0.182,291,0,1,460.47,460.47,72.9,72.9,192,0,1.0,0.0,0.0,0.0,0.0,0.0,0.0,Electronics,428.34000000000003,1,2.0,0.0,0.0,0.0,10.0,1.92,0.0,0.0,0.0,2.0,3.0,4.85,1.0,0.0,0.0,0.0,0.0,119.0,0.0,0.0,0.0,0.0,0.0,0.0,2025-08-01,0,1,0.0
C00099,56,Non-binary,Scottsdale,AZ,Silver,Apparel,Organic Search,1,1,0.264,0.857,263,0,3,933.5200000000001,311.17333333333335,8.68,2.893333333333333,47,52,1.7307692307692306,0.0,0.0,2.0,827.4200000000001,3.0,933.5200000000001,Electronics,678.8,2,7.0,2.0,1.0,0.0,11.428571428571429,6.015,0.2857142857142857,0.14285714285714285,0.0,3.0,5.666666666666667,10.894444444444446,3.0,3.0,2.0,0.0,0.0,15.0,0.0,0.0,0.0,0.0,0.0,0.0,2025-08-01,0,0,803.49
C00100,44,Non-binary,Boulder,CO,Unknown,Pet,Organic Search,1,0,0.604,0.829,492,0,3,604.02,201.34,97.92,32.64,46,329,0.2735562310030395,0.0,0.0,2.0,485.86,2.0,485.86,Pet,561.88,1,6.0,4.0,3.0,1.0,13.333333333333334,3.875,0.6666666666666666,0.5,0.16666666666666666,12.0,4.5,7.522222222222222,7.0,4.0,6.0,3.0,3.0,4.0,0.25,0.5,0.0,0.0,0.0,0.0,2025-08-01,0,1,0.0
C00102,71,Female,Tacoma,WA,Unknown,Baby,Direct,1,0,0.25,0.838,252,0,1,305.47,305.47,0.0,0.0,75,0,1.0,0.0,0.0,1.0,305.47,1.0,305.47,Baby,284.16,1,9.0,6.0,4.0,1.0,14.444444444444445,5.3149999999999995,0.6666666666666666,0.4444444444444444,0.1111111111111111,6.0,4.666666666666667,8.261111111111111,4.0,4.0,3.0,0.0,0.0,59.0,0.0,0.0,0.0,0.0,0.0,0.0,2025-08-01,0,0,733.25
C00103,23,Female,Seattle,WA,Unknown,Sports,Direct,1,1,0.422,0.487,331,0,1,1116.37,1116.37,185.15,185.15,279,0,1.0,0.0,0.0,0.0,0.0,0.0,0.0,Sports,802.71,2,2.0,0.0,0.0,0.0,20.0,1.505,0.0,0.0,0.0,6.0,4.0,5.3,3.0,3.0,2.0,1.0,1.0,47.0,0.16666666666666666,0.5,0.0,0.0,0.0,0.0,2025-08-01,0,1,0.0
C00105,22,Non-binary,Austin,TX,Unknown,Beauty,Direct,1,0,0.261,0.36,491,0,2,320.52,160.26,54.34,27.17,235,233,0.2575107296137339,0.0,0.0,0.0,0.0,0.0,0.0,Beauty,244.37,2,0.0,0.0,0.0,0.0,0.0,0.0,0.0,0.0,0.0,5.0,2.8,4.286666666666667,2.0,2.0,1.0,0.0,0.0,41.0,0.0,0.0,0.0,0.0,0.0,0.0,2025-08-01,0,1,0.0
C00107,34,Prefer not to say,Raleigh,NC,Silver,Electronics,Affiliate,1,1,0.467,0.36,118,0,1,81.56,81.56,24.45,24.45,31,0,1.0,0.0,0.0,1.0,81.56,1.0,81.56,Sports,75.87,1,1.0,0.0,0.0,0.0,20.0,0.72,0.0,0.0,0.0,4.0,3.75,4.429166666666667,3.0,1.0,0.0,0.0,0.0,26.0,0.0,0.0,0.0,0.0,0.0,0.0,2025-08-01,0,0,1040.22
C00108,37,Female,Chicago,IL,Silver,Baby,Paid Social,1,1,0.446,0.848,462,0,1,73.8,73.8,12.45,12.45,50,0,1.0,0.0,0.0,1.0,73.8,1.0,73.8,Baby,68.65,1,5.0,1.0,1.0,0.0,13.0,4.6899999999999995,0.2,0.2,0.0,9.0,5.333333333333333,8.761111111111111,7.0,5.0,4.0,3.0,3.0,46.0,0.3333333333333333,0.75,0.0,0.0,0.0,0.0,2025-08-01,0,1,0.0
C00110,36,Male,Boulder,CO,Silver,Baby,Affiliate,1,0,0.335,0.836,185,0,3,350.04,116.68,44.32,14.773333333333333,64,70,1.2857142857142856,0.0,0.0,2.0,158.93,3.0,350.04,Home,305.06,2,1.0,0.0,0.0,1.0,10.0,0.72,0.0,0.0,1.0,8.0,4.625,7.527083333333334,6.0,4.0,3.0,2.0,2.0,7.0,0.25,0.6666666666666666,0.0,0.0,0.0,0.0,2025-08-01,0,0,132.89
C00112,26,Male,Phoenix,AZ,Unknown,Home,Organic Search,1,1,0.471,0.421,489,0,4,1391.38,347.845,118.37,29.5925,24,465,0.25806451612903225,1.0,902.47,1.0,902.47,1.0,902.47,Home,872.41,3,3.0,0.0,0.0,0.0,10.0,3.7199999999999998,0.0,0.0,0.0,7.0,4.0,5.464285714285714,5.0,2.0,2.0,0.0,0.0,97.0,0.0,0.0,0.0,0.0,0.0,0.0,2025-08-01,0,1,0.0
C00114,74,Non-binary,Cambridge,MA,Silver,Apparel,Referral,1,1,0.838,0.562,325,0,3,787.25,262.4166666666667,194.73,64.91,29,145,0.6206896551724138,1.0,201.81,1.0,201.81,3.0,787.25,Apparel,732.33,1,5.0,1.0,0.0,0.0,13.0,1.5999999999999999,0.2,0.0,0.0,2.0,5.0,10.616666666666665,1.0,1.0,1.0,1.0,1.0,92.0,0.5,1.0,0.0,0.0,0.0,0.0,2025-08-01,0,0,707.56
C00117,51,Prefer not to say,Miami,FL,Platinum,Apparel,Organic Search,1,0,0.664,0.676,198,0,2,527.99,263.995,103.94,51.97,116,58,1.0344827586206897,0.0,0.0,0.0,0.0,2.0,527.99,Baby,408.03,3,6.0,3.0,2.0,2.0,13.333333333333334,5.97,0.5,0.3333333333333333,0.3333333333333333,8.0,4.375,7.377083333333333,5.0,3.0,2.0,1.0,1.0,3.0,0.125,0.5,0.0,0.0,0.0,0.0,2025-08-01,1,0,543.17
C00118,27,Female,Miami,FL,Silver,Pet,Affiliate,1,1,0.715,0.891,146,0,3,574.9300000000001,191.64333333333335,111.18,37.06,76,63,1.4285714285714286,0.0,0.0,2.0,491.36,3.0,574.9300000000001,Pet,288.9,2,3.0,1.0,1.0,0.0,15.0,1.58,0.3333333333333333,0.3333333333333333,0.0,9.0,3.5555555555555554,5.931481481481481,4.0,3.0,4.0,1.0,1.0,38.0,0.1111111111111111,0.25,0.0,0.0,0.0,0.0,2025-08-01,0,0,438.62
C00122,22,Non-binary,Tacoma,WA,Gold,Home,Direct,0,1,0.32,0.29,422,0,6,1453.73,242.28833333333333,188.0,31.333333333333332,35,342,0.5263157894736842,0.0,0.0,1.0,369.64,3.0,789.3199999999999,Electronics,343.85,7,2.0,1.0,0.0,0.0,10.0,1.21,0.5,0.0,0.0,3.0,5.0,11.027777777777777,1.0,1.0,2.0,2.0,2.0,76.0,0.6666666666666666,1.0,0.0,0.0,0.0,0.0,2025-08-01,1,0,816.45
C00123,51,Non-binary,Austin,TX,Unknown,Home,Paid Social,1,0,0.583,0.856,328,0,1,427.63,427.63,53.98,53.98,158,0,1.0,0.0,0.0,0.0,0.0,1.0,427.63,Beauty,397.8,1,7.0,3.0,2.0,1.0,12.142857142857142,4.88,0.42857142857142855,0.2857142857142857,0.14285714285714285,10.0,4.3,8.106666666666666,8.0,3.0,2.0,1.0,1.0,32.0,0.1,0.5,1.0,3.1,4.0,0.0,2025-08-01,1,0,924.41
C00124,28,Non-binary,Austin,TX,Unknown,Electronics,Paid Social,1,0,0.396,0.889,303,0,3,696.99,232.33,34.36,11.453333333333333,18,259,0.3474903474903475,1.0,334.25,2.0,647.76,2.0,647.76,Apparel,310.93,3,6.0,5.0,1.0,1.0,13.333333333333334,3.575,0.8333333333333334,0.16666666666666666,0.16666666666666666,5.0,4.8,8.48,2.0,1.0,3.0,3.0,3.0,1.0,0.6,1.0,0.0,0.0,0.0,0.0,2025-08-01,0,0,326.77
C00126,73,Non-binary,Tacoma,WA,Unknown,Grocery,Paid Social,1,1,0.619,0.648,251,0,2,740.44,370.22,195.47,97.735,11,21,2.0,1.0,564.2,2.0,740.44,2.0,740.44,Electronics,524.84,2,6.0,2.0,1.0,2.0,17.5,5.65,0.3333333333333333,0.16666666666666666,0.3333333333333333,8.0,4.0,6.177083333333333,5.0,4.0,3.0,0.0,0.0,0.0,0.0,0.0,0.0,0.0,0.0,0.0,2025-08-01,0,1,0.0
C00127,62,Female,Buffalo,NY,Silver,Apparel,Organic Search,1,1,0.702,0.675,201,0,2,721.82,360.91,114.27,57.135,172,8,2.0,0.0,0.0,0.0,0.0,2.0,721.82,Home,671.46,1,6.0,2.0,0.0,1.0,13.333333333333334,5.4799999999999995,0.3333333333333333,0.0,0.16666666666666666,6.0,4.166666666666667,6.958333333333333,3.0,3.0,2.0,1.0,1.0,7.0,0.16666666666666666,0.5,0.0,0.0,0.0,0.0,2025-08-01,0,0,293.03
C00129,38,Prefer not to say,Charlotte,NC,Unknown,Sports,Affiliate,1,0,0.7,0.826,502,0,3,1673.22,557.74,304.94,101.64666666666666,90,127,0.7086614173228346,0.0,0.0,1.0,72.92,2.0,462.69,Sports,773.17,4,5.0,3.0,2.0,0.0,17.0,5.225,0.6,0.4,0.0,10.0,4.8,7.881666666666666,5.0,4.0,5.0,4.0,4.0,86.0,0.4,0.8,0.0,0.0,0.0,0.0,2025-08-01,0,0,408.23
C00130,43,Female,Tacoma,WA,Silver,Home,Paid Social,1,1,0.309,0.495,116,0,2,421.87,210.935,39.510000000000005,19.755000000000003,9,45,1.3333333333333333,1.0,225.31,2.0,421.87,2.0,421.87,Beauty,209.59,2,0.0,0.0,0.0,0.0,0.0,0.0,0.0,0.0,0.0,2.0,5.5,10.766666666666666,1.0,1.0,2.0,1.0,1.0,14.0,0.5,0.5,0.0,0.0,0.0,0.0,2025-08-01,0,0,47.08
C00131,59,Female,Scottsdale,AZ,Unknown,Pet,Organic Search,1,1,0.563,0.488,164,0,2,820.72,410.36,104.17,52.085,24,88,0.6818181818181819,1.0,647.72,1.0,647.72,2.0,820.72,Pet,763.46,1,2.0,1.0,0.0,0.0,7.5,1.5699999999999998,0.5,0.0,0.0,7.0,4.428571428571429,7.190476190476191,5.0,4.0,4.0,0.0,0.0,3.0,0.0,0.0,0.0,0.0,0.0,0.0,2025-08-01,0,1,0.0
C00133,30,Male,Miami,FL,Silver,Baby,Referral,1,1,0.676,0.734,359,0,3,676.0999999999999,225.36666666666665,161.54000000000002,53.84666666666667,100,254,0.3543307086614173,0.0,0.0,0.0,0.0,2.0,615.96,Baby,572.99,2,7.0,5.0,3.0,2.0,14.285714285714286,3.27,0.7142857142857143,0.42857142857142855,0.2857142857142857,8.0,5.125,7.583333333333333,6.0,4.0,4.0,3.0,3.0,17.0,0.375,0.75,0.0,0.0,0.0,0.0,2025-08-01,0,0,345.57000000000005
C00135,65,Non-binary,Denver,CO,Unknown,Electronics,Direct,1,0,0.616,0.696,306,0,2,650.23,325.115,125.0,62.5,91,41,1.4634146341463414,0.0,0.0,0.0,0.0,2.0,650.23,Electronics,604.86,1,5.0,4.0,2.0,1.0,17.0,3.26,0.8,0.4,0.2,5.0,3.2,5.863333333333333,2.0,0.0,0.0,0.0,0.0,68.0,0.0,0.0,1.0,4.7,4.0,0.0,2025-08-01,0,0,627.8100000000001
C00137,37,Non-binary,San Jose,CA,Platinum,Beauty,Paid Search,1,1,0.421,0.582,247,0,3,665.5799999999999,221.85999999999999,75.27,25.09,55,152,0.5921052631578948,0.0,0.0,1.0,223.33,2.0,373.99,Beauty,479.0,2,7.0,2.0,1.0,1.0,20.714285714285715,4.935,0.2857142857142857,0.14285714285714285,0.14285714285714285,8.0,3.875,5.835416666666667,4.0,2.0,3.0,2.0,2.0,79.0,0.25,0.6666666666666666,0.0,0.0,0.0,0.0,2025-08-01,1,0,2562.14
C00140,69,Female,Cambridge,MA,Silver,Sports,Organic Search,1,0,0.234,0.777,408,0,2,759.36,379.68,72.92,36.46,55,17,2.0,0.0,0.0,2.0,759.36,2.0,759.36,Sports,706.38,1,8.0,5.0,2.0,1.0,3.75,3.4699999999999998,0.625,0.25,0.125,11.0,3.6363636363636362,4.806060606060606,4.0,3.0,2.0,2.0,2.0,39.0,0.18181818181818182,1.0,0.0,0.0,0.0,0.0,2025-08-01,0,1,0.0
C00141,56,Prefer not to say,Chicago,IL,Gold,Sports,Organic Search,1,1,0.083,0.541,503,0,10,3388.09,338.809,174.89999999999998,17.49,49,428,0.7009345794392523,0.0,0.0,2.0,985.56,2.0,985.56,Sports,1476.73,5,7.0,3.0,1.0,1.0,12.142857142857142,5.535,0.42857142857142855,0.14285714285714285,0.14285714285714285,5.0,5.4,10.59,4.0,2.0,2.0,2.0,2.0,0.0,0.4,1.0,1.0,6.1,4.0,0.0,2025-08-01,0,0,709.68
C00142,58,Prefer not to say,Boston,MA,Unknown,Apparel,Organic Search,1,1,0.829,0.868,384,0,1,261.69,261.69,66.01,66.01,210,0,1.0,0.0,0.0,0.0,0.0,0.0,0.0,Beauty,243.43,1,5.0,4.0,2.0,0.0,14.0,2.2399999999999998,0.8,0.4,0.0,10.0,5.2,9.55,8.0,5.0,6.0,2.0,2.0,2.0,0.2,0.3333333333333333,0.0,0.0,0.0,0.0,2025-08-01,0,1,0.0
C00143,41,Male,Dallas,TX,Silver,Home,Organic Search,1,1,0.398,0.525,280,0,2,276.9,138.45,41.51,20.755,27,220,0.27272727272727276,1.0,168.99,1.0,168.99,1.0,168.99,Home,257.58000000000004,1,6.0,2.0,1.0,0.0,8.333333333333334,3.805,0.3333333333333333,0.16666666666666666,0.0,4.0,2.5,3.470833333333333,1.0,0.0,0.0,0.0,0.0,74.0,0.0,0.0,0.0,0.0,0.0,0.0,2025-08-01,0,0,555.61
C00144,71,Prefer not to say,Tacoma,WA,Unknown,Beauty,Affiliate,1,0,0.868,0.547,347,0,1,196.25,196.25,51.07,51.07,282,0,1.0,0.0,0.0,0.0,0.0,0.0,0.0,Beauty,182.56,1,3.0,2.0,1.0,0.0,13.333333333333334,3.9,0.6666666666666666,0.3333333333333333,0.0,6.0,4.5,6.330555555555556,5.0,2.0,1.0,1.0,1.0,48.0,0.16666666666666666,1.0,0.0,0.0,0.0,0.0,2025-08-01,0,1,0.0
C00148,61,Female,San Jose,CA,Silver,Grocery,Paid Search,1,0,0.557,0.49,167,0,3,502.66,167.55333333333334,127.11000000000001,42.370000000000005,22,74,1.2162162162162162,1.0,112.8,1.0,112.8,3.0,502.66,Grocery,209.27,4,2.0,1.0,0.0,0.0,7.5,1.92,0.5,0.0,0.0,4.0,5.5,9.591666666666667,3.0,1.0,3.0,2.0,2.0,26.0,0.5,0.6666666666666666,1.0,18.8,4.0,0.0,2025-08-01,0,0,907.55
C00151,67,Female,Dallas,TX,Silver,Sports,Paid Search,1,1,0.285,0.407,314,0,2,1187.16,593.58,125.49,62.745,101,111,0.5405405405405405,0.0,0.0,0.0,0.0,1.0,320.3,Sports,685.0699999999999,2,5.0,0.0,0.0,0.0,5.0,4.21,0.0,0.0,0.0,6.0,3.8333333333333335,4.641666666666667,4.0,2.0,1.0,0.0,0.0,22.0,0.0,0.0,0.0,0.0,0.0,0.0,2025-08-01,1,0,347.01
C00152,55,Female,New York,NY,Silver,Apparel,Affiliate,0,0,0.734,0.411,570,0,4,796.49,199.1225,176.32,44.08,141,314,0.38216560509554137,0.0,0.0,0.0,0.0,1.0,332.71,Apparel,173.3,6,1.0,0.0,0.0,0.0,5.0,0.85,0.0,0.0,0.0,3.0,4.666666666666667,6.6000000000000005,3.0,1.0,1.0,0.0,0.0,168.0,0.0,0.0,0.0,0.0,0.0,0.0,2025-08-01,0,0,458.58
C00154,63,Male,Raleigh,NC,Silver,Grocery,Direct,1,0,0.516,0.521,520,0,2,432.23,216.115,51.839999999999996,25.919999999999998,168,229,0.26200873362445415,0.0,0.0,0.0,0.0,1.0,358.57,Apparel,289.75,3,7.0,2.0,0.0,0.0,10.0,4.0,0.2857142857142857,0.0,0.0,8.0,5.625,9.0625,6.0,5.0,5.0,3.0,3.0,70.0,0.375,0.6,1.0,6.7,4.0,0.0,2025-08-01,1,0,587.96
C00157,39,Male,Orlando,FL,Gold,Pet,Direct,1,1,0.182,0.592,523,0,10,2998.5499999999997,299.85499999999996,190.56,19.056,26,443,0.6772009029345372,1.0,155.1,1.0,155.1,3.0,706.75,Pet,1812.1499999999999,6,4.0,1.0,1.0,1.0,8.75,2.645,0.25,0.25,0.25,10.0,3.2,4.703333333333333,5.0,3.0,1.0,0.0,0.0,33.0,0.0,0.0,0.0,0.0,0.0,0.0,2025-08-01,0,0,2142.31
C00158,41,Female,Orlando,FL,Unknown,Beauty,Affiliate,1,0,0.776,0.932,364,0,2,634.5,317.25,78.74000000000001,39.370000000000005,13,131,0.45801526717557256,1.0,439.26,1.0,439.26,2.0,634.5,Beauty,408.61,2,5.0,5.0,2.0,0.0,13.0,5.109999999999999,1.0,0.4,0.0,4.0,6.0,11.662500000000001,4.0,2.0,2.0,2.0,2.0,36.0,0.5,1.0,1.0,5.2,5.0,0.0,2025-08-01,0,0,218.36
C00160,56,Female,Los Angeles,CA,Gold,Beauty,Organic Search,1,1,0.383,0.336,165,0,2,217.62,108.81,22.94,11.47,96,24,2.0,0.0,0.0,0.0,0.0,2.0,217.62,Electronics,202.44,1,3.0,1.0,0.0,0.0,8.333333333333334,2.36,0.3333333333333333,0.0,0.0,1.0,3.0,2.316666666666667,0.0,0.0,0.0,0.0,0.0,153.0,0.0,0.0,0.0,0.0,0.0,0.0,2025-08-01,0,0,50.2
C00162,49,Male,Houston,TX,Unknown,Baby,Referral,1,1,0.451,0.545,289,0,2,298.78,149.39,70.78999999999999,35.394999999999996,95,77,0.7792207792207791,0.0,0.0,0.0,0.0,2.0,298.78,Apparel,170.34,2,2.0,1.0,0.0,0.0,10.0,1.505,0.5,0.0,0.0,8.0,4.25,7.61875,6.0,2.0,1.0,1.0,1.0,1.0,0.125,1.0,1.0,21.6,4.0,0.0,2025-08-01,0,1,0.0
C00164,35,Female,Tacoma,WA,Silver,Grocery,Paid Social,1,1,0.248,0.333,538,0,6,1444.78,240.79666666666665,112.22,18.703333333333333,111,368,0.48913043478260865,0.0,0.0,0.0,0.0,2.0,393.17,Home,541.49,4,2.0,1.0,1.0,0.0,20.0,1.2049999999999998,0.5,0.5,0.0,5.0,4.2,7.113333333333332,3.0,2.0,1.0,1.0,1.0,206.0,0.2,1.0,1.0,12.2,3.0,0.0,2025-08-01,1,0,2368.8700000000003
C00166,48,Non-binary,Scottsdale,AZ,Platinum,Apparel,Paid Search,1,1,0.778,0.709,157,0,1,120.91,120.91,19.33,19.33,80,0,1.0,0.0,0.0,1.0,120.91,1.0,120.91,Sports,112.47,1,4.0,2.0,1.0,1.0,10.0,1.93,0.5,0.25,0.25,6.0,4.0,6.838888888888889,4.0,4.0,2.0,0.0,0.0,17.0,0.0,0.0,0.0,0.0,0.0,0.0,2025-08-01,1,0,326.6
C00168,68,Non-binary,Phoenix,AZ,Silver,Baby,Direct,1,0,0.3,0.503,498,0,7,1381.62,197.3742857142857,108.57,15.51,23,461,0.455531453362256,1.0,137.87,1.0,137.87,2.0,282.0,Grocery,319.28999999999996,6,5.0,1.0,0.0,0.0,11.0,2.715,0.2,0.0,0.0,8.0,4.375,8.427083333333334,4.0,3.0,4.0,2.0,2.0,56.0,0.25,0.5,0.0,0.0,0.0,0.0,2025-08-01,1,0,132.29
C00171,70,Male,Phoenix,AZ,Platinum,Electronics,Referral,1,1,0.482,0.614,441,0,9,2186.58,242.95333333333332,367.46,40.82888888888888,36,394,0.6852791878172589,0.0,0.0,1.0,390.04,3.0,973.7,Electronics,1380.0900000000001,5,6.0,1.0,0.0,0.0,18.333333333333332,2.665,0.16666666666666666,0.0,0.0,6.0,2.1666666666666665,2.438888888888889,1.0,0.0,0.0,0.0,0.0,14.0,0.0,0.0,0.0,0.0,0.0,0.0,2025-08-01,0,0,698.63
C00172,62,Non-binary,Denver,CO,Unknown,Sports,Paid Search,1,0,0.676,0.372,249,0,2,637.6600000000001,318.83000000000004,195.08,97.54,42,119,0.5042016806722689,0.0,0.0,1.0,496.86,2.0,637.6600000000001,Electronics,450.2,2,3.0,0.0,0.0,0.0,8.333333333333334,1.5799999999999998,0.0,0.0,0.0,7.0,4.571428571428571,6.880952380952381,5.0,4.0,2.0,1.0,1.0,8.0,0.14285714285714285,0.5,1.0,6.5,3.0,0.0,2025-08-01,0,0,547.68
C00174,61,Male,Los Angeles,CA,Unknown,Pet,Direct,1,1,0.601,0.629,430,0,2,1003.85,501.925,130.72,65.36,1,78,0.7692307692307692,1.0,626.23,2.0,1003.85,2.0,1003.85,Electronics,582.54,3,5.0,2.0,0.0,0.0,13.0,3.6149999999999998,0.4,0.0,0.0,5.0,3.8,4.183333333333334,4.0,2.0,0.0,0.0,0.0,94.0,0.0,0.0,0.0,0.0,0.0,0.0,2025-08-01,1,0,16.82
C00176,56,Female,Houston,TX,Gold,Beauty,Affiliate,1,1,0.239,0.903,397,0,4,1308.51,327.1275,146.23000000000002,36.557500000000005,15,274,0.43795620437956206,1.0,196.84,2.0,371.6,2.0,371.6,Beauty,608.4300000000001,4,7.0,5.0,4.0,1.0,14.285714285714286,6.93,0.7142857142857143,0.5714285714285714,0.14285714285714285,13.0,4.384615384615385,6.920512820512821,5.0,4.0,6.0,5.0,5.0,49.0,0.38461538461538464,0.8333333333333334,0.0,0.0,0.0,0.0,2025-08-01,0,1,0.0
C00179,31,Male,Naperville,IL,Silver,Baby,Organic Search,1,0,0.409,0.277,49,1,1,327.39,327.39,69.34,69.34,39,0,1.0,0.0,0.0,1.0,327.39,1.0,327.39,Grocery,304.55,1,0.0,0.0,0.0,0.0,0.0,0.0,0.0,0.0,0.0,2.0,3.0,4.275,1.0,0.0,0.0,0.0,0.0,9.0,0.0,0.0,0.0,0.0,0.0,0.0,2025-08-01,0,1,0.0
C00181,60,Female,San Francisco,CA,Unknown,Home,Paid Search,1,1,0.476,0.333,31,1,1,182.57,182.57,44.12,44.12,25,0,1.0,1.0,182.57,1.0,182.57,1.0,182.57,Sports,157.08,2,0.0,0.0,0.0,0.0,0.0,0.0,0.0,0.0,0.0,3.0,3.6666666666666665,5.688888888888889,2.0,2.0,0.0,0.0,0.0,1.0,0.0,0.0,0.0,0.0,0.0,0.0,2025-08-01,0,0,133.21
C00182,53,Female,Boulder,CO,Silver,Beauty,Paid Search,1,0,0.311,0.11,178,0,3,751.21,250.40333333333334,63.41,21.136666666666667,92,43,2.0930232558139537,0.0,0.0,0.0,0.0,3.0,751.21,Electronics,296.55,4,4.0,1.0,0.0,0.0,17.5,3.75,0.25,0.0,0.0,5.0,3.8,7.386666666666668,3.0,2.0,1.0,0.0,0.0,46.0,0.0,0.0,0.0,0.0,0.0,0.0,2025-08-01,0,0,17.28
C00185,46,Non-binary,Orlando,FL,Platinum,Pet,Referral,1,1,0.596,0.616,140,0,2,444.94,222.47,100.75,50.375,49,86,0.6976744186046512,0.0,0.0,1.0,213.88,2.0,444.94,Pet,413.9,1,2.0,1.0,0.0,0.0,12.5,0.86,0.5,0.0,0.0,4.0,6.25,9.704166666666666,4.0,4.0,3.0,1.0,1.0,16.0,0.25,0.3333333333333333,0.0,0.0,0.0,0.0,2025-08-01,1,0,1147.54
C00188,31,Non-binary,Scottsdale,AZ,Gold,Beauty,Referral,0,0,0.705,0.654,435,0,3,544.94,181.64666666666668,118.71000000000001,39.57,118,265,0.33962264150943394,0.0,0.0,0.0,0.0,2.0,387.09000000000003,Beauty,327.99,2,5.0,1.0,1.0,0.0,13.0,3.02,0.2,0.2,0.0,3.0,4.333333333333333,7.894444444444445,2.0,1.0,1.0,0.0,0.0,10.0,0.0,0.0,0.0,0.0,0.0,0.0,2025-08-01,0,1,0.0
C00189,76,Male,Naperville,IL,Gold,Apparel,Paid Social,1,1,0.438,0.647,538,0,5,1095.1,219.01999999999998,169.22,33.844,44,293,0.5119453924914675,0.0,0.0,1.0,126.94,2.0,362.98,Apparel,645.1700000000001,3,3.0,1.0,0.0,0.0,10.0,2.42,0.3333333333333333,0.0,0.0,8.0,4.75,8.422916666666666,5.0,4.0,3.0,3.0,3.0,114.0,0.375,1.0,0.0,0.0,0.0,0.0,2025-08-01,0,1,0.0
C00190,60,Male,Raleigh,NC,Platinum,Beauty,Paid Social,1,1,0.459,0.311,85,1,1,1457.58,1457.58,155.44,155.44,69,0,1.0,0.0,0.0,1.0,1457.58,1.0,1457.58,Beauty,1355.89,1,1.0,1.0,0.0,0.0,25.0,1.5,1.0,0.0,0.0,1.0,6.0,9.2,1.0,1.0,1.0,0.0,0.0,59.0,0.0,0.0,1.0,15.3,4.0,0.0,2025-08-01,0,0,1336.95
C00195,55,Non-binary,Tacoma,WA,Unknown,Sports,Affiliate,1,1,0.581,0.913,493,0,2,1379.44,689.72,204.14999999999998,102.07499999999999,68,407,0.14742014742014742,0.0,0.0,1.0,621.04,1.0,621.04,Home,659.76,4,5.0,2.0,1.0,0.0,15.0,2.3,0.4,0.2,0.0,12.0,3.6666666666666665,6.166666666666667,6.0,4.0,3.0,1.0,1.0,4.0,0.08333333333333333,0.3333333333333333,0.0,0.0,0.0,0.0,2025-08-01,1,0,546.4
C00196,43,Male,Boston,MA,Unknown,Sports,Direct,1,0,0.719,0.525,296,0,3,1120.1,373.3666666666666,146.81,48.93666666666667,13,242,0.37190082644628103,1.0,754.74,1.0,754.74,1.0,754.74,Sports,739.19,2,2.0,0.0,0.0,0.0,17.5,1.2049999999999998,0.0,0.0,0.0,4.0,4.5,6.8125,2.0,2.0,1.0,1.0,1.0,11.0,0.25,1.0,0.0,0.0,0.0,0.0,2025-08-01,0,0,55.85
C00197,70,Male,Dallas,TX,Gold,Sports,Affiliate,1,1,0.612,0.187,413,0,5,1787.44,357.488,315.73,63.146,158,238,0.6302521008403361,0.0,0.0,0.0,0.0,2.0,625.38,Sports,974.9100000000001,4,5.0,1.0,0.0,0.0,19.0,4.22,0.2,0.0,0.0,6.0,3.5,3.702777777777778,4.0,2.0,0.0,0.0,0.0,30.0,0.0,0.0,0.0,0.0,0.0,0.0,2025-08-01,1,0,944.6700000000001
C00198,29,Prefer not to say,Naperville,IL,Gold,Electronics,Organic Search,1,0,0.678,0.833,351,0,3,429.01,143.00333333333333,88.2,29.400000000000002,151,197,0.4568527918781726,0.0,0.0,0.0,0.0,1.0,241.35,Grocery,224.51,3,7.0,4.0,2.0,0.0,12.142857142857142,5.305,0.5714285714285714,0.2857142857142857,0.0,6.0,3.3333333333333335,4.980555555555555,1.0,1.0,2.0,1.0,1.0,7.0,0.16666666666666666,0.5,0.0,0.0,0.0,0.0,2025-08-01,0,1,0.0
C00001,33,Female,Scottsdale,AZ,Silver,Beauty,Paid Search,1,0,0.852,0.38,216,0,1,185.13,185.13,44.98,44.98,207,0,1.0,0.0,0.0,0.0,0.0,0.0,0.0,Apparel,172.21,1,2.0,1.0,0.0,1.0,7.5,0.73,0.5,0.0,0.5,8.0,4.875,6.658333333333333,6.0,5.0,3.0,1.0,1.0,5.0,0.125,0.3333333333333333,0.0,0.0,0.0,0.0,2025-09-01,0,0,186.92
C00002,34,Male,Raleigh,NC,Silver,Baby,Affiliate,1,1,0.559,0.441,37,1,1,71.77,71.77,14.34,14.34,33,0,1.0,0.0,0.0,1.0,71.77,1.0,71.77,Baby,66.76,1,2.0,0.0,0.0,1.0,17.5,2.2199999999999998,0.0,0.0,0.5,2.0,4.5,6.283333333333333,2.0,1.0,0.0,0.0,0.0,16.0,0.0,0.0,0.0,0.0,0.0,0.0,2025-09-01,0,0,366.87
C00003,44,Female,Austin,TX,Unknown,Pet,Referral,1,0,0.349,0.49,159,0,1,354.37,354.37,77.42,77.42,6,0,1.0,1.0,354.37,1.0,354.37,1.0,354.37,Pet,329.65,1,2.0,0.0,0.0,1.0,2.5,0.725,0.0,0.0,0.5,5.0,4.4,7.269999999999999,3.0,3.0,3.0,0.0,0.0,33.0,0.0,0.0,0.0,0.0,0.0,0.0,2025-09-01,0,0,397.52
C00006,40,Male,New York,NY,Silver,Grocery,Direct,1,1,0.507,0.902,274,0,1,418.79,418.79,77.39,77.39,86,0,1.0,0.0,0.0,1.0,418.79,1.0,418.79,Beauty,389.57,1,6.0,2.0,1.0,1.0,20.0,6.62,0.3333333333333333,0.16666666666666666,0.16666666666666666,6.0,4.333333333333333,7.508333333333333,3.0,2.0,2.0,2.0,2.0,87.0,0.3333333333333333,1.0,0.0,0.0,0.0,0.0,2025-09-01,0,0,555.64
C00008,56,Female,Charlotte,NC,Unknown,Sports,Paid Social,1,0,0.755,0.458,290,0,4,2082.87,520.7175,466.16999999999996,116.54249999999999,12,259,0.46332046332046334,1.0,390.32,1.0,390.32,2.0,743.22,Sports,1580.53,3,2.0,1.0,0.0,0.0,15.0,2.2199999999999998,0.5,0.0,0.0,5.0,4.4,6.609999999999999,2.0,2.0,1.0,1.0,1.0,63.0,0.2,1.0,0.0,0.0,0.0,0.0,2025-09-01,0,1,0.0
C00014,23,Male,Seattle,WA,Unknown,Baby,Affiliate,1,1,0.251,0.454,557,0,4,1401.16,350.29,131.10999999999999,32.777499999999996,34,444,0.27027027027027023,0.0,0.0,2.0,780.19,3.0,1269.83,Sports,780.8199999999999,4,1.0,1.0,0.0,0.0,20.0,0.01,1.0,0.0,0.0,6.0,5.833333333333333,9.822222222222223,4.0,3.0,4.0,4.0,4.0,0.0,0.6666666666666666,1.0,0.0,0.0,0.0,0.0,2025-09-01,1,0,80.94
C00016,68,Male,Boulder,CO,Platinum,Electronics,Organic Search,1,0,0.466,0.649,432,0,3,799.2,266.40000000000003,170.94,56.98,288,31,2.9032258064516125,0.0,0.0,0.0,0.0,0.0,0.0,Electronics,257.9,4,4.0,3.0,2.0,0.0,17.5,1.72,0.75,0.5,0.0,5.0,3.8,5.2700000000000005,2.0,1.0,2.0,1.0,1.0,5.0,0.2,0.5,0.0,0.0,0.0,0.0,2025-09-01,1,0,448.98
C00017,35,Prefer not to say,Orlando,FL,Platinum,Beauty,Organic Search,1,0,0.472,0.673,337,0,9,2655.2200000000003,295.0244444444445,396.59000000000003,44.06555555555556,26,303,0.8910891089108911,1.0,296.37,2.0,792.48,6.0,1800.63,Beauty,1110.76,5,5.0,3.0,1.0,1.0,14.0,3.26,0.6,0.2,0.2,6.0,5.166666666666667,7.002777777777777,5.0,3.0,3.0,1.0,1.0,14.0,0.16666666666666666,0.3333333333333333,2.0,21.3,4.5,0.0,2025-09-01,1,0,1487.32
C00019,66,Female,Raleigh,NC,Silver,Baby,Organic Search,1,1,0.724,0.433,424,0,3,333.25,111.08333333333333,64.38,21.459999999999997,100,229,0.3930131004366812,0.0,0.0,0.0,0.0,1.0,19.4,Beauty,184.98,4,2.0,0.0,0.0,0.0,17.5,1.505,0.0,0.0,0.0,9.0,3.111111111111111,4.07037037037037,5.0,1.0,0.0,0.0,0.0,18.0,0.0,0.0,0.0,0.0,0.0,0.0,2025-09-01,0,1,0.0
C00021,59,Male,San Francisco,CA,Unknown,Pet,Direct,1,0,0.943,0.728,485,0,1,136.83,136.83,37.09,37.09,474,0,1.0,0.0,0.0,0.0,0.0,0.0,0.0,Apparel,127.28,1,7.0,3.0,1.0,1.0,15.0,5.779999999999999,0.42857142857142855,0.14285714285714285,0.14285714285714285,9.0,4.333333333333333,6.359259259259259,6.0,2.0,4.0,2.0,2.0,3.0,0.2222222222222222,0.5,0.0,0.0,0.0,0.0,2025-09-01,0,0,1041.47
C00024,72,Prefer not to say,Scottsdale,AZ,Platinum,Beauty,Direct,1,0,0.674,0.414,71,1,1,83.46,83.46,22.68,22.68,16,0,1.0,1.0,83.46,1.0,83.46,1.0,83.46,Sports,77.64,1,0.0,0.0,0.0,0.0,0.0,0.0,0.0,0.0,0.0,1.0,4.0,8.3,1.0,0.0,0.0,0.0,0.0,40.0,0.0,0.0,1.0,5.9,4.0,0.0,2025-09-01,0,0,920.5699999999999
C00026,27,Male,Cambridge,MA,Gold,Sports,Direct,1,1,0.732,0.88,226,0,5,1117.38,223.47600000000003,261.24,52.248000000000005,42,168,0.8928571428571429,0.0,0.0,2.0,524.02,4.0,966.99,Sports,616.68,3,4.0,2.0,1.0,0.0,11.25,3.255,0.5,0.25,0.0,11.0,4.454545454545454,8.422727272727274,7.0,6.0,4.0,2.0,2.0,2.0,0.18181818181818182,0.5,1.0,8.8,4.0,0.0,2025-09-01,0,0,1579.18
C00027,62,Non-binary,Phoenix,AZ,Unknown,Beauty,Direct,1,1,0.218,0.407,600,0,2,705.3199999999999,352.65999999999997,103.21000000000001,51.605000000000004,336,112,0.5357142857142857,0.0,0.0,0.0,0.0,0.0,0.0,Electronics,587.13,2,8.0,3.0,1.0,0.0,15.625,7.109999999999999,0.375,0.125,0.0,7.0,4.714285714285714,8.083333333333334,6.0,4.0,3.0,0.0,0.0,22.0,0.0,0.0,0.0,0.0,0.0,0.0,2025-09-01,0,0,578.5600000000001
C00029,48,Non-binary,Houston,TX,Unknown,Grocery,Paid Social,1,1,0.833,0.897,475,0,2,581.05,290.525,107.71000000000001,53.855000000000004,259,72,0.8333333333333334,0.0,0.0,0.0,0.0,0.0,0.0,Beauty,185.53,4,3.0,0.0,0.0,0.0,5.0,2.16,0.0,0.0,0.0,8.0,4.125,5.797916666666667,4.0,3.0,3.0,2.0,2.0,62.0,0.25,0.6666666666666666,1.0,4.4,4.0,0.0,2025-09-01,0,0,270.32
C00030,55,Prefer not to say,Orlando,FL,Unknown,Pet,Organic Search,1,1,0.554,0.489,532,0,5,1262.28,252.456,163.5,32.7,111,360,0.4166666666666667,0.0,0.0,0.0,0.0,1.0,156.46,Pet,589.11,3,2.0,1.0,1.0,0.0,10.0,0.73,0.5,0.5,0.0,11.0,3.909090909090909,6.871212121212122,5.0,4.0,4.0,1.0,1.0,93.0,0.09090909090909091,0.25,0.0,0.0,0.0,0.0,2025-09-01,1,0,529.25
C00033,56,Female,Dallas,TX,Unknown,Electronics,Paid Search,0,1,0.298,0.419,144,0,1,291.23,291.23,31.59,31.59,124,0,1.0,0.0,0.0,0.0,0.0,1.0,291.23,Electronics,270.91,1,1.0,1.0,1.0,0.0,0.0,0.005,1.0,1.0,0.0,4.0,4.0,6.654166666666667,1.0,0.0,2.0,2.0,2.0,16.0,0.5,1.0,0.0,0.0,0.0,0.0,2025-09-01,1,0,500.78999999999996
C00035,75,Female,Scottsdale,AZ,Silver,Electronics,Affiliate,1,1,0.544,0.406,498,0,3,1246.17,415.39000000000004,175.05,58.35,120,208,0.43269230769230765,0.0,0.0,0.0,0.0,1.0,460.58,Electronics,734.76,2,4.0,3.0,0.0,1.0,10.0,2.715,0.75,0.0,0.25,6.0,4.0,6.230555555555555,4.0,2.0,1.0,1.0,1.0,86.0,0.16666666666666666,1.0,0.0,0.0,0.0,0.0,2025-09-01,0,0,198.63
C00040,35,Prefer not to say,Naperville,IL,Gold,Apparel,Referral,1,1,0.591,0.195,145,0,1,431.16,431.16,91.82,91.82,62,0,1.0,0.0,0.0,1.0,431.16,1.0,431.16,Sports,401.08000000000004,1,1.0,0.0,0.0,0.0,5.0,1.2,0.0,0.0,0.0,2.0,1.5,1.6583333333333334,0.0,0.0,0.0,0.0,0.0,17.0,0.0,0.0,0.0,0.0,0.0,0.0,2025-09-01,1,0,834.2
C00041,67,Male,Boulder,CO,Gold,Sports,Paid Social,1,1,0.209,0.683,389,0,6,2405.5099999999998,400.9183333333333,196.54,32.75666666666667,68,250,0.72,0.0,0.0,2.0,155.15,4.0,546.97,Baby,922.78,5,7.0,3.0,1.0,0.0,13.571428571428571,4.425,0.42857142857142855,0.14285714285714285,0.0,10.0,5.0,7.863333333333334,7.0,4.0,5.0,4.0,4.0,1.0,0.4,0.8,1.0,4.6,3.0,0.0,2025-09-01,0,0,414.4
C00045,58,Non-binary,Orlando,FL,Unknown,Baby,Affiliate,1,1,0.437,0.815,532,0,3,414.84000000000003,138.28,40.3,13.433333333333332,94,418,0.21531100478468898,0.0,0.0,0.0,0.0,1.0,281.23,Baby,385.90000000000003,1,5.0,3.0,0.0,0.0,13.0,4.2749999999999995,0.6,0.0,0.0,8.0,6.0,9.00625,6.0,5.0,6.0,4.0,4.0,24.0,0.5,0.6666666666666666,0.0,0.0,0.0,0.0,2025-09-01,0,0,21.6
C00048,39,Female,Charlotte,NC,Platinum,Grocery,Paid Social,1,0,0.137,0.355,263,0,10,3309.9,330.99,231.26,23.125999999999998,40,188,1.5957446808510638,0.0,0.0,4.0,1326.45,9.0,3058.52,Sports,861.32,7,3.0,1.0,0.0,0.0,8.333333333333334,1.515,0.3333333333333333,0.0,0.0,4.0,3.0,3.3625000000000003,2.0,1.0,0.0,0.0,0.0,54.0,0.0,0.0,1.0,6.9,4.0,0.0,2025-09-01,0,0,474.29
C00050,51,Female,Buffalo,NY,Silver,Baby,Affiliate,1,1,0.535,0.708,425,0,3,500.52,166.84,72.52000000000001,24.173333333333336,163,132,0.6818181818181818,0.0,0.0,0.0,0.0,1.0,252.97,Baby,459.1,1,5.0,3.0,2.0,0.0,11.0,1.54,0.6,0.4,0.0,6.0,2.1666666666666665,2.316666666666667,1.0,1.0,1.0,0.0,0.0,20.0,0.0,0.0,0.0,0.0,0.0,0.0,2025-09-01,0,0,843.47
C00051,46,Prefer not to say,Orlando,FL,Unknown,Beauty,Referral,1,1,0.288,0.326,443,0,3,1478.01,492.67,170.87,56.95666666666667,152,235,0.3829787234042553,0.0,0.0,0.0,0.0,2.0,835.11,Beauty,776.84,2,3.0,2.0,0.0,0.0,15.0,3.12,0.6666666666666666,0.0,0.0,4.0,4.0,5.5625,2.0,2.0,2.0,0.0,0.0,8.0,0.0,0.0,1.0,42.7,4.0,0.0,2025-09-01,0,1,0.0
C00052,71,Prefer not to say,New York,NY,Unknown,Beauty,Paid Search,1,0,0.481,0.323,444,0,4,2378.35,594.5875,319.44,79.86,173,255,0.47058823529411764,0.0,0.0,0.0,0.0,1.0,786.04,Beauty,1689.1599999999999,3,2.0,2.0,1.0,0.0,7.5,1.51,1.0,0.5,0.0,5.0,5.0,7.7333333333333325,4.0,2.0,2.0,1.0,1.0,65.0,0.2,0.5,0.0,0.0,0.0,0.0,2025-09-01,0,0,1098.45
C00053,71,Prefer not to say,Boston,MA,Platinum,Grocery,Direct,1,1,0.411,0.855,582,0,9,3228.89,358.7655555555555,517.42,57.49111111111111,65,503,0.5367793240556661,0.0,0.0,1.0,231.33,2.0,821.8100000000001,Grocery,1424.27,6,11.0,7.0,2.0,0.0,14.090909090909092,7.199999999999999,0.6363636363636364,0.18181818181818182,0.0,12.0,5.333333333333333,9.690277777777778,7.0,6.0,9.0,6.0,6.0,121.0,0.5,0.6666666666666666,0.0,0.0,0.0,0.0,2025-09-01,1,0,578.9
C00054,68,Prefer not to say,San Jose,CA,Silver,Beauty,Organic Search,1,1,0.511,0.85,528,0,9,3331.3300000000004,370.14777777777783,391.88,43.54222222222222,12,483,0.5590062111801242,1.0,132.59,2.0,268.98,3.0,721.58,Beauty,2363.59,4,7.0,3.0,1.0,0.0,1.4285714285714286,5.85,0.42857142857142855,0.14285714285714285,0.0,15.0,4.866666666666666,7.954444444444444,11.0,10.0,6.0,3.0,3.0,64.0,0.2,0.5,1.0,10.7,5.0,0.0,2025-09-01,1,0,1122.86
C00056,52,Non-binary,Seattle,WA,Unknown,Grocery,Direct,1,0,0.541,0.797,227,0,1,350.73,350.73,13.14,13.14,124,0,1.0,0.0,0.0,0.0,0.0,1.0,350.73,Electronics,326.26,1,2.0,0.0,0.0,0.0,5.0,1.44,0.0,0.0,0.0,6.0,6.166666666666667,11.866666666666667,5.0,5.0,4.0,3.0,3.0,3.0,0.5,0.75,0.0,0.0,0.0,0.0,2025-09-01,1,0,184.53
C00060,68,Prefer not to say,Seattle,WA,Unknown,Electronics,Paid Search,1,0,0.258,0.86,164,0,1,107.99,107.99,11.47,11.47,37,0,1.0,0.0,0.0,1.0,107.99,1.0,107.99,Electronics,100.46,1,2.0,1.0,0.0,0.0,10.0,1.5699999999999998,0.5,0.0,0.0,3.0,2.6666666666666665,3.1055555555555556,0.0,0.0,0.0,0.0,0.0,12.0,0.0,0.0,0.0,0.0,0.0,0.0,2025-09-01,0,1,0.0
C00062,63,Prefer not to say,Seattle,WA,Unknown,Baby,Direct,0,0,0.241,0.769,489,0,6,1975.51,329.25166666666667,157.32999999999998,26.221666666666664,2,484,0.37190082644628103,1.0,82.21,2.0,291.76,2.0,291.76,Baby,1081.6200000000001,4,4.0,2.0,1.0,0.0,13.75,3.08,0.5,0.25,0.0,5.0,3.4,4.676666666666667,2.0,1.0,0.0,0.0,0.0,199.0,0.0,0.0,1.0,7.7,4.0,0.0,2025-09-01,0,0,296.44
C00064,22,Male,Scottsdale,AZ,Unknown,Beauty,Direct,1,1,0.664,0.513,232,0,1,220.15,220.15,35.61,35.61,166,0,1.0,0.0,0.0,0.0,0.0,1.0,220.15,Sports,204.79,1,4.0,2.0,0.0,0.0,10.0,3.0749999999999997,0.5,0.0,0.0,5.0,3.4,5.206666666666667,2.0,1.0,1.0,1.0,1.0,9.0,0.2,1.0,0.0,0.0,0.0,0.0,2025-09-01,0,0,527.99
C00067,40,Prefer not to say,Seattle,WA,Silver,Electronics,Paid Social,1,1,0.304,0.476,194,0,3,956.77,318.92333333333335,104.53999999999999,34.846666666666664,78,104,0.8653846153846153,0.0,0.0,1.0,335.65,2.0,435.65999999999997,Electronics,890.0100000000001,1,1.0,0.0,0.0,0.0,10.0,0.72,0.0,0.0,0.0,5.0,5.0,8.513333333333332,4.0,4.0,4.0,0.0,0.0,55.0,0.0,0.0,0.0,0.0,0.0,0.0,2025-09-01,0,0,418.5
C00068,38,Male,Phoenix,AZ,Gold,Baby,Referral,0,1,0.471,0.733,362,0,4,920.28,230.07,187.26,46.815,153,103,1.1650485436893205,0.0,0.0,0.0,0.0,2.0,461.02,Beauty,361.49,3,8.0,4.0,2.0,1.0,13.75,6.6899999999999995,0.5,0.25,0.125,2.0,2.5,2.808333333333333,1.0,0.0,0.0,0.0,0.0,136.0,0.0,0.0,0.0,0.0,0.0,0.0,2025-09-01,0,0,12.67
C00069,72,Female,Scottsdale,AZ,Platinum,Sports,Paid Search,0,0,0.671,0.256,294,0,11,3083.41,280.31,536.22,48.74727272727273,38,252,1.3095238095238095,0.0,0.0,4.0,1486.4499999999998,7.0,2257.67,Sports,2232.29,5,8.0,1.0,0.0,0.0,14.375,7.905,0.125,0.0,0.0,3.0,4.0,6.322222222222223,2.0,2.0,1.0,0.0,0.0,253.0,0.0,0.0,1.0,18.2,3.0,0.0,2025-09-01,0,0,579.48
C00070,61,Female,Chicago,IL,Platinum,Electronics,Organic Search,1,0,0.509,0.716,197,0,4,1021.06,255.265,301.58000000000004,75.39500000000001,104,10,4.0,0.0,0.0,0.0,0.0,4.0,1021.06,Apparel,536.7,2,3.0,0.0,0.0,0.0,13.333333333333334,1.45,0.0,0.0,0.0,1.0,3.0,3.75,0.0,0.0,0.0,0.0,0.0,143.0,0.0,0.0,0.0,0.0,0.0,0.0,2025-09-01,1,0,576.46
C00074,33,Non-binary,Scottsdale,AZ,Silver,Grocery,Paid Search,0,0,0.419,0.793,277,0,2,351.95,175.975,46.5,23.25,135,15,2.0,0.0,0.0,0.0,0.0,2.0,351.95,Grocery,327.39,1,3.0,2.0,0.0,1.0,18.333333333333332,1.71,0.6666666666666666,0.0,0.3333333333333333,6.0,3.3333333333333335,5.605555555555555,4.0,1.0,1.0,0.0,0.0,24.0,0.0,0.0,0.0,0.0,0.0,0.0,2025-09-01,0,0,54.62
C00075,63,Female,Buffalo,NY,Unknown,Baby,Referral,1,0,0.528,0.778,314,0,4,2238.4300000000003,559.6075000000001,232.59,58.1475,6,305,0.3934426229508197,1.0,138.31,1.0,138.31,1.0,138.31,Beauty,876.67,4,1.0,0.0,0.0,1.0,5.0,0.72,0.0,0.0,1.0,7.0,5.0,8.166666666666666,5.0,3.0,3.0,2.0,2.0,24.0,0.2857142857142857,0.6666666666666666,0.0,0.0,0.0,0.0,2025-09-01,0,0,294.59
C00076,44,Non-binary,Buffalo,NY,Unknown,Apparel,Organic Search,1,1,0.234,0.582,390,0,3,783.72,261.24,84.99000000000001,28.330000000000002,1,260,0.3461538461538462,1.0,146.62,1.0,146.62,2.0,310.25,Apparel,475.76,3,1.0,1.0,1.0,1.0,25.0,0.85,1.0,1.0,1.0,11.0,4.636363636363637,8.015151515151516,7.0,5.0,4.0,3.0,3.0,2.0,0.2727272727272727,0.75,0.0,0.0,0.0,0.0,2025-09-01,0,1,0.0
C00078,28,Prefer not to say,Scottsdale,AZ,Gold,Apparel,Direct,1,0,0.54,0.89,203,0,1,73.19,73.19,11.06,11.06,38,0,1.0,0.0,0.0,1.0,73.19,1.0,73.19,Electronics,68.08,1,3.0,1.0,0.0,0.0,20.0,2.9,0.3333333333333333,0.0,0.0,6.0,4.333333333333333,6.941666666666666,4.0,4.0,2.0,0.0,0.0,2.0,0.0,0.0,0.0,0.0,0.0,0.0,2025-09-01,0,0,1430.87
C00084,43,Male,Boston,MA,Silver,Sports,Organic Search,1,0,0.54,0.654,471,0,3,348.0,116.0,49.269999999999996,16.423333333333332,30,185,0.48648648648648646,1.0,115.8,1.0,115.8,2.0,157.37,Sports,285.05,2,4.0,1.0,0.0,2.0,20.0,3.21,0.25,0.0,0.5,9.0,5.111111111111111,9.237037037037037,5.0,2.0,5.0,5.0,5.0,1.0,0.5555555555555556,1.0,0.0,0.0,0.0,0.0,2025-09-01,0,0,229.29
C00085,20,Prefer not to say,Denver,CO,Silver,Sports,Paid Search,1,1,0.684,0.731,135,0,1,70.47,70.47,13.59,13.59,129,0,1.0,0.0,0.0,0.0,0.0,1.0,70.47,Electronics,65.55,1,3.0,1.0,0.0,0.0,3.3333333333333335,2.705,0.3333333333333333,0.0,0.0,2.0,6.0,10.866666666666667,2.0,1.0,1.0,1.0,1.0,52.0,0.5,1.0,0.0,0.0,0.0,0.0,2025-09-01,0,0,322.12
C00086,33,Non-binary,Denver,CO,Gold,Electronics,Direct,1,1,0.416,0.431,370,0,3,843.17,281.0566666666667,119.8,39.93333333333333,174,134,0.6716417910447761,0.0,0.0,0.0,0.0,1.0,243.65,Electronics,491.96000000000004,3,2.0,0.0,0.0,0.0,12.5,1.44,0.0,0.0,0.0,3.0,3.3333333333333335,3.8944444444444444,0.0,0.0,1.0,1.0,1.0,0.0,0.3333333333333333,1.0,1.0,23.0,4.0,0.0,2025-09-01,1,0,1040.31
C00087,42,Male,Los Angeles,CA,Unknown,Beauty,Referral,1,1,0.572,0.766,328,0,1,194.28,194.28,24.72,24.72,48,0,1.0,0.0,0.0,1.0,194.28,1.0,194.28,Grocery,180.73,1,7.0,2.0,1.0,0.0,10.0,3.295,0.2857142857142857,0.14285714285714285,0.0,8.0,4.5,7.891666666666667,4.0,4.0,4.0,2.0,2.0,16.0,0.25,0.5,0.0,0.0,0.0,0.0,2025-09-01,0,1,0.0
C00089,48,Male,Boston,MA,Unknown,Electronics,Referral,0,1,0.623,0.949,335,0,1,959.79,959.79,179.7,179.7,283,0,1.0,0.0,0.0,0.0,0.0,0.0,0.0,Pet,635.78,2,7.0,1.0,0.0,2.0,9.285714285714286,5.56,0.14285714285714285,0.0,0.2857142857142857,11.0,4.363636363636363,6.745454545454546,6.0,4.0,5.0,3.0,3.0,5.0,0.2727272727272727,0.6,0.0,0.0,0.0,0.0,2025-09-01,0,0,231.4
C00090,20,Male,Boston,MA,Silver,Grocery,Organic Search,1,0,0.232,0.853,320,0,5,898.46,179.692,111.98,22.396,47,261,0.574712643678161,0.0,0.0,2.0,104.85999999999999,2.0,104.85999999999999,Home,280.38,5,6.0,3.0,1.0,0.0,12.5,3.42,0.5,0.16666666666666666,0.0,10.0,4.0,5.595000000000001,5.0,3.0,2.0,1.0,1.0,14.0,0.1,0.5,0.0,0.0,0.0,0.0,2025-09-01,0,1,0.0
C00092,31,Prefer not to say,Boulder,CO,Silver,Electronics,Organic Search,1,0,0.805,0.738,466,0,4,1217.25,304.3125,273.98,68.495,35,345,0.34782608695652173,0.0,0.0,1.0,469.82,2.0,739.74,Electronics,349.61,4,2.0,0.0,0.0,0.0,12.5,0.855,0.0,0.0,0.0,9.0,4.555555555555555,8.103703703703705,8.0,5.0,3.0,0.0,0.0,61.0,0.0,0.0,0.0,0.0,0.0,0.0,2025-09-01,0,1,0.0
C00094,66,Female,New York,NY,Unknown,Apparel,Referral,1,1,0.495,0.579,363,0,3,944.8199999999999,314.94,146.73,48.91,221,116,0.7758620689655172,0.0,0.0,0.0,0.0,0.0,0.0,Home,479.99,3,0.0,0.0,0.0,0.0,0.0,0.0,0.0,0.0,0.0,9.0,4.666666666666667,7.705555555555557,6.0,4.0,4.0,2.0,2.0,54.0,0.2222222222222222,0.5,0.0,0.0,0.0,0.0,2025-09-01,1,0,606.67
C00095,74,Prefer not to say,San Francisco,CA,Unknown,Home,Organic Search,0,0,0.332,0.769,552,0,1,140.91,140.91,28.47,28.47,384,0,1.0,0.0,0.0,0.0,0.0,0.0,0.0,Home,131.08,1,9.0,3.0,1.0,1.0,10.555555555555555,6.045,0.3333333333333333,0.1111111111111111,0.1111111111111111,13.0,4.0,6.147435897435898,6.0,3.0,3.0,2.0,2.0,60.0,0.15384615384615385,0.6666666666666666,0.0,0.0,0.0,0.0,2025-09-01,1,0,37.39
C00096,37,Male,Denver,CO,Unknown,Electronics,Affiliate,1,1,0.806,0.182,322,0,1,460.47,460.47,72.9,72.9,223,0,1.0,0.0,0.0,0.0,0.0,0.0,0.0,Electronics,428.34000000000003,1,2.0,0.0,0.0,0.0,10.0,1.92,0.0,0.0,0.0,2.0,3.0,4.85,1.0,0.0,0.0,0.0,0.0,150.0,0.0,0.0,0.0,0.0,0.0,0.0,2025-09-01,0,0,250.11
C00099,56,Non-binary,Scottsdale,AZ,Silver,Apparel,Organic Search,1,1,0.264,0.857,294,0,3,933.5200000000001,311.17333333333335,8.68,2.893333333333333,78,52,1.7307692307692306,0.0,0.0,2.0,827.4200000000001,3.0,933.5200000000001,Electronics,678.8,2,7.0,2.0,1.0,0.0,11.428571428571429,6.015,0.2857142857142857,0.14285714285714285,0.0,5.0,6.6,13.079999999999998,5.0,5.0,4.0,2.0,2.0,8.0,0.4,0.5,0.0,0.0,0.0,0.0,2025-09-01,0,0,1202.49
C00100,44,Non-binary,Boulder,CO,Unknown,Pet,Organic Search,1,0,0.604,0.829,523,0,3,604.02,201.34,97.92,32.64,77,329,0.2735562310030395,0.0,0.0,1.0,222.57,2.0,485.86,Pet,561.88,1,6.0,4.0,3.0,1.0,13.333333333333334,3.875,0.6666666666666666,0.5,0.16666666666666666,15.0,3.8,6.017777777777778,7.0,4.0,6.0,3.0,3.0,15.0,0.2,0.5,0.0,0.0,0.0,0.0,2025-09-01,0,1,0.0
C00102,71,Female,Tacoma,WA,Unknown,Baby,Direct,1,0,0.25,0.838,283,0,1,305.47,305.47,0.0,0.0,106,0,1.0,0.0,0.0,0.0,0.0,1.0,305.47,Baby,284.16,1,9.0,6.0,4.0,1.0,14.444444444444445,5.3149999999999995,0.6666666666666666,0.4444444444444444,0.1111111111111111,6.0,4.666666666666667,8.261111111111111,4.0,4.0,3.0,0.0,0.0,90.0,0.0,0.0,0.0,0.0,0.0,0.0,2025-09-01,1,0,733.25
C00103,23,Female,Seattle,WA,Unknown,Sports,Direct,1,1,0.422,0.487,362,0,1,1116.37,1116.37,185.15,185.15,310,0,1.0,0.0,0.0,0.0,0.0,0.0,0.0,Sports,802.71,2,2.0,0.0,0.0,0.0,20.0,1.505,0.0,0.0,0.0,6.0,4.0,5.3,3.0,3.0,2.0,1.0,1.0,78.0,0.16666666666666666,0.5,0.0,0.0,0.0,0.0,2025-09-01,0,1,0.0
C00105,22,Non-binary,Austin,TX,Unknown,Beauty,Direct,1,0,0.261,0.36,522,0,2,320.52,160.26,54.34,27.17,266,233,0.2575107296137339,0.0,0.0,0.0,0.0,0.0,0.0,Beauty,244.37,2,0.0,0.0,0.0,0.0,0.0,0.0,0.0,0.0,0.0,5.0,2.8,4.286666666666667,2.0,2.0,1.0,0.0,0.0,72.0,0.0,0.0,0.0,0.0,0.0,0.0,2025-09-01,0,1,0.0
C00107,34,Prefer not to say,Raleigh,NC,Silver,Electronics,Affiliate,1,1,0.467,0.36,149,0,1,81.56,81.56,24.45,24.45,62,0,1.0,0.0,0.0,1.0,81.56,1.0,81.56,Sports,75.87,1,1.0,0.0,0.0,0.0,20.0,0.72,0.0,0.0,0.0,4.0,3.75,4.429166666666667,3.0,1.0,0.0,0.0,0.0,57.0,0.0,0.0,0.0,0.0,0.0,0.0,2025-09-01,0,0,1040.22
C00108,37,Female,Chicago,IL,Silver,Baby,Paid Social,1,1,0.446,0.848,493,0,1,73.8,73.8,12.45,12.45,81,0,1.0,0.0,0.0,1.0,73.8,1.0,73.8,Baby,68.65,1,5.0,1.0,1.0,0.0,13.0,4.6899999999999995,0.2,0.2,0.0,10.0,5.4,9.243333333333334,8.0,6.0,5.0,3.0,3.0,1.0,0.3,0.6,0.0,0.0,0.0,0.0,2025-09-01,0,1,0.0
C00109,57,Female,Raleigh,NC,Gold,Sports,Organic Search,1,1,0.438,0.607,181,0,1,681.81,681.81,51.17,51.17,22,0,1.0,1.0,681.81,1.0,681.81,1.0,681.81,Beauty,634.24,1,1.0,0.0,0.0,0.0,25.0,1.2,0.0,0.0,0.0,2.0,4.0,6.075,1.0,1.0,1.0,0.0,0.0,155.0,0.0,0.0,0.0,0.0,0.0,0.0,2025-09-01,0,0,521.1
C00110,36,Male,Boulder,CO,Silver,Baby,Affiliate,1,0,0.335,0.836,216,0,3,350.04,116.68,44.32,14.773333333333333,95,70,1.2857142857142856,0.0,0.0,0.0,0.0,3.0,350.04,Home,305.06,2,1.0,0.0,0.0,1.0,10.0,0.72,0.0,0.0,1.0,8.0,4.625,7.527083333333334,6.0,4.0,3.0,2.0,2.0,38.0,0.25,0.6666666666666666,0.0,0.0,0.0,0.0,2025-09-01,0,0,132.89
C00111,59,Male,Boulder,CO,Gold,Home,Organic Search,1,1,0.239,0.598,47,1,1,555.14,555.14,43.25,43.25,24,0,1.0,1.0,555.14,1.0,555.14,1.0,555.14,Apparel,268.59,2,1.0,0.0,0.0,1.0,20.0,1.2,0.0,0.0,1.0,3.0,3.6666666666666665,5.4944444444444445,2.0,2.0,0.0,0.0,0.0,28.0,0.0,0.0,0.0,0.0,0.0,0.0,2025-09-01,0,0,1087.95
C00112,26,Male,Phoenix,AZ,Unknown,Home,Organic Search,1,1,0.471,0.421,520,0,4,1391.38,347.845,118.37,29.5925,55,465,0.25806451612903225,0.0,0.0,1.0,902.47,1.0,902.47,Home,872.41,3,3.0,0.0,0.0,0.0,10.0,3.7199999999999998,0.0,0.0,0.0,7.0,4.0,5.464285714285714,5.0,2.0,2.0,0.0,0.0,128.0,0.0,0.0,0.0,0.0,0.0,0.0,2025-09-01,0,1,0.0
C00114,74,Non-binary,Cambridge,MA,Silver,Apparel,Referral,1,1,0.838,0.562,356,0,3,787.25,262.4166666666667,194.73,64.91,60,145,0.6206896551724138,0.0,0.0,1.0,201.81,1.0,201.81,Apparel,732.33,1,5.0,1.0,0.0,0.0,13.0,1.5999999999999999,0.2,0.0,0.0,2.0,5.0,10.616666666666665,1.0,1.0,1.0,1.0,1.0,123.0,0.5,1.0,0.0,0.0,0.0,0.0,2025-09-01,1,0,1758.61
C00117,51,Prefer not to say,Miami,FL,Platinum,Apparel,Organic Search,1,0,0.664,0.676,229,0,3,596.39,198.79666666666665,118.17,39.39,25,180,0.5,1.0,68.4,1.0,68.4,2.0,580.54,Baby,408.03,4,7.0,4.0,2.0,2.0,14.285714285714286,5.9799999999999995,0.5714285714285714,0.2857142857142857,0.2857142857142857,11.0,4.0,6.78939393939394,6.0,4.0,3.0,1.0,1.0,1.0,0.09090909090909091,0.3333333333333333,0.0,0.0,0.0,0.0,2025-09-01,0,0,983.2
C00118,27,Female,Miami,FL,Silver,Pet,Affiliate,1,1,0.715,0.891,177,0,3,574.9300000000001,191.64333333333335,111.18,37.06,107,63,1.4285714285714286,0.0,0.0,0.0,0.0,3.0,574.9300000000001,Pet,288.9,2,3.0,1.0,1.0,0.0,15.0,1.58,0.3333333333333333,0.3333333333333333,0.0,12.0,3.5,5.5249999999999995,6.0,4.0,4.0,1.0,1.0,7.0,0.08333333333333333,0.25,0.0,0.0,0.0,0.0,2025-09-01,1,0,438.62
C00122,22,Non-binary,Tacoma,WA,Gold,Home,Direct,0,1,0.32,0.29,453,0,7,1478.61,211.23,192.31,27.472857142857144,17,391,0.5370843989769821,1.0,24.88,2.0,394.52,4.0,814.2,Electronics,343.85,7,2.0,1.0,0.0,0.0,10.0,1.21,0.5,0.0,0.0,3.0,5.0,11.027777777777777,1.0,1.0,2.0,2.0,2.0,107.0,0.6666666666666666,1.0,0.0,0.0,0.0,0.0,2025-09-01,0,0,791.5699999999999
C00123,51,Non-binary,Austin,TX,Unknown,Home,Paid Social,1,0,0.583,0.856,359,0,2,1204.56,602.28,201.88,100.94,15,174,0.3448275862068966,1.0,776.93,1.0,776.93,1.0,776.93,Home,528.71,3,8.0,3.0,2.0,1.0,13.125,5.6,0.375,0.25,0.125,12.0,4.5,8.23611111111111,10.0,5.0,3.0,1.0,1.0,7.0,0.08333333333333333,0.3333333333333333,1.0,3.1,4.0,0.0,2025-09-01,1,0,147.48
C00124,28,Non-binary,Austin,TX,Unknown,Electronics,Paid Social,1,0,0.396,0.889,334,0,3,696.99,232.33,34.36,11.453333333333333,49,259,0.3474903474903475,0.0,0.0,1.0,334.25,2.0,647.76,Apparel,310.93,3,6.0,5.0,1.0,1.0,13.333333333333334,3.575,0.8333333333333334,0.16666666666666666,0.16666666666666666,6.0,4.833333333333333,8.061111111111112,2.0,1.0,4.0,4.0,4.0,4.0,0.6666666666666666,1.0,0.0,0.0,0.0,0.0,2025-09-01,0,0,326.77
C00126,73,Non-binary,Tacoma,WA,Unknown,Grocery,Paid Social,1,1,0.619,0.648,282,0,2,740.44,370.22,195.47,97.735,42,21,2.0,0.0,0.0,2.0,740.44,2.0,740.44,Electronics,524.84,2,7.0,2.0,1.0,2.0,17.857142857142858,5.66,0.2857142857142857,0.14285714285714285,0.2857142857142857,9.0,4.222222222222222,6.759259259259259,6.0,5.0,4.0,0.0,0.0,6.0,0.0,0.0,0.0,0.0,0.0,0.0,2025-09-01,0,0,95.41
C00127,62,Female,Buffalo,NY,Silver,Apparel,Organic Search,1,1,0.702,0.675,232,0,2,721.82,360.91,114.27,57.135,203,8,2.0,0.0,0.0,0.0,0.0,0.0,0.0,Home,671.46,1,6.0,2.0,0.0,1.0,13.333333333333334,5.4799999999999995,0.3333333333333333,0.0,0.16666666666666666,7.0,3.857142857142857,6.140476190476191,3.0,3.0,2.0,1.0,1.0,26.0,0.14285714285714285,0.5,0.0,0.0,0.0,0.0,2025-09-01,1,0,293.03
C00129,38,Prefer not to say,Charlotte,NC,Unknown,Sports,Affiliate,1,0,0.7,0.826,533,0,3,1673.22,557.74,304.94,101.64666666666666,121,127,0.7086614173228346,0.0,0.0,0.0,0.0,1.0,72.92,Sports,773.17,4,6.0,4.0,2.0,0.0,15.833333333333334,6.425,0.6666666666666666,0.3333333333333333,0.0,11.0,4.7272727272727275,7.774242424242424,6.0,4.0,5.0,4.0,4.0,1.0,0.36363636363636365,0.8,0.0,0.0,0.0,0.0,2025-09-01,0,0,408.23
C00130,43,Female,Tacoma,WA,Silver,Home,Paid Social,1,1,0.309,0.495,147,0,2,421.87,210.935,39.510000000000005,19.755000000000003,40,45,1.3333333333333333,0.0,0.0,2.0,421.87,2.0,421.87,Beauty,209.59,2,1.0,1.0,0.0,0.0,25.0,0.85,1.0,0.0,0.0,2.0,5.5,10.766666666666666,1.0,1.0,2.0,1.0,1.0,45.0,0.5,0.5,0.0,0.0,0.0,0.0,2025-09-01,0,0,47.08
C00131,59,Female,Scottsdale,AZ,Unknown,Pet,Organic Search,1,1,0.563,0.488,195,0,2,820.72,410.36,104.17,52.085,55,88,0.6818181818181819,0.0,0.0,1.0,647.72,2.0,820.72,Pet,763.46,1,2.0,1.0,0.0,0.0,7.5,1.5699999999999998,0.5,0.0,0.0,7.0,4.428571428571429,7.190476190476191,5.0,4.0,4.0,0.0,0.0,34.0,0.0,0.0,0.0,0.0,0.0,0.0,2025-09-01,0,1,0.0
C00133,30,Male,Miami,FL,Silver,Baby,Referral,1,1,0.676,0.734,390,0,3,676.0999999999999,225.36666666666665,161.54000000000002,53.84666666666667,131,254,0.3543307086614173,0.0,0.0,0.0,0.0,2.0,615.96,Baby,572.99,2,8.0,6.0,3.0,2.0,15.625,4.12,0.75,0.375,0.25,9.0,4.888888888888889,7.422222222222222,6.0,4.0,4.0,3.0,3.0,24.0,0.3333333333333333,0.75,0.0,0.0,0.0,0.0,2025-09-01,0,0,345.57000000000005
C00135,65,Non-binary,Denver,CO,Unknown,Electronics,Direct,1,0,0.616,0.696,337,0,2,650.23,325.115,125.0,62.5,122,41,1.4634146341463414,0.0,0.0,0.0,0.0,2.0,650.23,Electronics,604.86,1,5.0,4.0,2.0,1.0,17.0,3.26,0.8,0.4,0.2,6.0,3.5,6.091666666666666,2.0,0.0,1.0,1.0,1.0,10.0,0.16666666666666666,1.0,1.0,4.7,4.0,0.0,2025-09-01,1,0,627.8100000000001
C00137,37,Non-binary,San Jose,CA,Platinum,Beauty,Paid Search,1,1,0.421,0.582,278,0,4,1336.79,334.1975,185.73,46.4325,14,224,0.5357142857142857,1.0,671.21,2.0,894.5400000000001,2.0,894.5400000000001,Beauty,479.0,4,7.0,2.0,1.0,1.0,20.714285714285715,4.935,0.2857142857142857,0.14285714285714285,0.14285714285714285,8.0,3.875,5.835416666666667,4.0,2.0,3.0,2.0,2.0,110.0,0.25,0.6666666666666666,0.0,0.0,0.0,0.0,2025-09-01,0,0,2067.56
C00140,69,Female,Cambridge,MA,Silver,Sports,Organic Search,1,0,0.234,0.777,439,0,2,759.36,379.68,72.92,36.46,86,17,2.0,0.0,0.0,1.0,607.57,2.0,759.36,Sports,706.38,1,8.0,5.0,2.0,1.0,3.75,3.4699999999999998,0.625,0.25,0.125,11.0,3.6363636363636362,4.806060606060606,4.0,3.0,2.0,2.0,2.0,70.0,0.18181818181818182,1.0,0.0,0.0,0.0,0.0,2025-09-01,0,1,0.0
C00141,56,Prefer not to say,Chicago,IL,Gold,Sports,Organic Search,1,1,0.083,0.541,534,0,10,3388.09,338.809,174.89999999999998,17.49,80,428,0.7009345794392523,0.0,0.0,1.0,784.86,2.0,985.56,Sports,1476.73,5,7.0,3.0,1.0,1.0,12.142857142857142,5.535,0.42857142857142855,0.14285714285714285,0.14285714285714285,6.0,4.833333333333333,8.941666666666666,4.0,2.0,2.0,2.0,2.0,22.0,0.3333333333333333,1.0,1.0,6.1,4.0,0.0,2025-09-01,0,0,709.68
C00142,58,Prefer not to say,Boston,MA,Unknown,Apparel,Organic Search,1,1,0.829,0.868,415,0,1,261.69,261.69,66.01,66.01,241,0,1.0,0.0,0.0,0.0,0.0,0.0,0.0,Beauty,243.43,1,6.0,5.0,3.0,1.0,14.166666666666666,3.09,0.8333333333333334,0.5,0.16666666666666666,11.0,5.090909090909091,9.387878787878789,9.0,5.0,6.0,2.0,2.0,5.0,0.18181818181818182,0.3333333333333333,0.0,0.0,0.0,0.0,2025-09-01,0,1,0.0
C00143,41,Male,Dallas,TX,Silver,Home,Organic Search,1,1,0.398,0.525,311,0,2,276.9,138.45,41.51,20.755,58,220,0.27272727272727276,0.0,0.0,1.0,168.99,1.0,168.99,Home,257.58000000000004,1,6.0,2.0,1.0,0.0,8.333333333333334,3.805,0.3333333333333333,0.16666666666666666,0.0,4.0,2.5,3.470833333333333,1.0,0.0,0.0,0.0,0.0,105.0,0.0,0.0,0.0,0.0,0.0,0.0,2025-09-01,0,0,555.61
C00144,71,Prefer not to say,Tacoma,WA,Unknown,Beauty,Affiliate,1,0,0.868,0.547,378,0,1,196.25,196.25,51.07,51.07,313,0,1.0,0.0,0.0,0.0,0.0,0.0,0.0,Beauty,182.56,1,5.0,4.0,1.0,1.0,18.0,5.109999999999999,0.8,0.2,0.2,6.0,4.5,6.330555555555556,5.0,2.0,1.0,1.0,1.0,79.0,0.16666666666666666,1.0,0.0,0.0,0.0,0.0,2025-09-01,0,1,0.0
C00148,61,Female,San Jose,CA,Silver,Grocery,Paid Search,1,0,0.557,0.49,198,0,3,502.66,167.55333333333334,127.11000000000001,42.370000000000005,53,74,1.2162162162162162,0.0,0.0,1.0,112.8,3.0,502.66,Grocery,209.27,4,2.0,1.0,0.0,0.0,7.5,1.92,0.5,0.0,0.0,4.0,5.5,9.591666666666667,3.0,1.0,3.0,2.0,2.0,57.0,0.5,0.6666666666666666,1.0,18.8,4.0,0.0,2025-09-01,1,0,907.55
C00151,67,Female,Dallas,TX,Silver,Sports,Paid Search,1,1,0.285,0.407,345,0,3,1336.8400000000001,445.6133333333334,155.95,51.98333333333333,10,233,0.38626609442060084,1.0,149.68,1.0,149.68,2.0,469.98,Sports,685.0699999999999,3,5.0,0.0,0.0,0.0,5.0,4.21,0.0,0.0,0.0,6.0,3.8333333333333335,4.641666666666667,4.0,2.0,1.0,0.0,0.0,53.0,0.0,0.0,0.0,0.0,0.0,0.0,2025-09-01,0,0,197.33
C00152,55,Female,New York,NY,Silver,Apparel,Affiliate,0,0,0.734,0.411,601,0,4,796.49,199.1225,176.32,44.08,172,314,0.38216560509554137,0.0,0.0,0.0,0.0,1.0,332.71,Apparel,173.3,6,1.0,0.0,0.0,0.0,5.0,0.85,0.0,0.0,0.0,4.0,3.75,4.95,3.0,1.0,1.0,0.0,0.0,24.0,0.0,0.0,0.0,0.0,0.0,0.0,2025-09-01,0,0,458.58
C00154,63,Male,Raleigh,NC,Silver,Grocery,Direct,1,0,0.516,0.521,551,0,3,1020.19,340.06333333333333,100.83,33.61,28,400,0.22499999999999998,1.0,587.96,1.0,587.96,1.0,587.96,Sports,458.41,4,9.0,3.0,0.0,0.0,12.222222222222221,5.57,0.3333333333333333,0.0,0.0,9.0,5.555555555555555,8.899999999999999,7.0,6.0,5.0,3.0,3.0,23.0,0.3333333333333333,0.6,1.0,6.7,4.0,0.0,2025-09-01,0,0,208.37
C00157,39,Male,Orlando,FL,Gold,Pet,Direct,1,1,0.182,0.592,554,0,10,2998.5499999999997,299.85499999999996,190.56,19.056,57,443,0.6772009029345372,0.0,0.0,1.0,155.1,2.0,623.05,Pet,1812.1499999999999,6,4.0,1.0,1.0,1.0,8.75,2.645,0.25,0.25,0.25,10.0,3.2,4.703333333333333,5.0,3.0,1.0,0.0,0.0,64.0,0.0,0.0,0.0,0.0,0.0,0.0,2025-09-01,1,0,2152.17
C00158,41,Female,Orlando,FL,Unknown,Beauty,Affiliate,1,0,0.776,0.932,395,0,2,634.5,317.25,78.74000000000001,39.370000000000005,44,131,0.45801526717557256,0.0,0.0,1.0,439.26,2.0,634.5,Beauty,408.61,2,6.0,5.0,2.0,0.0,11.666666666666666,5.96,0.8333333333333334,0.3333333333333333,0.0,6.0,5.5,10.469444444444445,5.0,3.0,3.0,3.0,3.0,27.0,0.5,1.0,1.0,5.2,5.0,0.0,2025-09-01,0,0,218.36
C00160,56,Female,Los Angeles,CA,Gold,Beauty,Organic Search,1,1,0.383,0.336,196,0,2,217.62,108.81,22.94,11.47,127,24,2.0,0.0,0.0,0.0,0.0,2.0,217.62,Electronics,202.44,1,3.0,1.0,0.0,0.0,8.333333333333334,2.36,0.3333333333333333,0.0,0.0,1.0,3.0,2.316666666666667,0.0,0.0,0.0,0.0,0.0,184.0,0.0,0.0,0.0,0.0,0.0,0.0,2025-09-01,0,0,706.5400000000001
C00162,49,Male,Houston,TX,Unknown,Baby,Referral,1,1,0.451,0.545,320,0,2,298.78,149.39,70.78999999999999,35.394999999999996,126,77,0.7792207792207791,0.0,0.0,0.0,0.0,1.0,55.34,Apparel,170.34,2,5.0,2.0,0.0,0.0,12.0,3.025,0.4,0.0,0.0,10.0,4.2,7.611666666666666,7.0,3.0,2.0,1.0,1.0,1.0,0.1,0.5,1.0,21.6,4.0,0.0,2025-09-01,0,1,0.0
C00164,35,Female,Tacoma,WA,Silver,Grocery,Paid Social,1,1,0.248,0.333,569,0,7,1852.94,264.7057142857143,143.44,20.49142857142857,27,483,0.43478260869565216,1.0,408.16,1.0,408.16,3.0,801.33,Grocery,816.4300000000001,4,2.0,1.0,1.0,0.0,20.0,1.2049999999999998,0.5,0.5,0.0,6.0,4.166666666666667,6.627777777777777,4.0,2.0,1.0,1.0,1.0,4.0,0.16666666666666666,1.0,1.0,12.2,3.0,0.0,2025-09-01,0,0,1960.71
C00166,48,Non-binary,Scottsdale,AZ,Platinum,Apparel,Paid Search,1,1,0.778,0.709,188,0,2,447.51,223.755,128.19,64.095,31,80,0.75,0.0,0.0,1.0,326.6,2.0,447.51,Grocery,303.81,2,7.0,5.0,2.0,1.0,10.714285714285714,4.285,0.7142857142857143,0.2857142857142857,0.14285714285714285,9.0,3.6666666666666665,5.951851851851852,4.0,4.0,3.0,1.0,1.0,12.0,0.1111111111111111,0.3333333333333333,0.0,0.0,0.0,0.0,2025-09-01,0,1,0.0
C00168,68,Non-binary,Phoenix,AZ,Silver,Baby,Direct,1,0,0.3,0.503,529,0,8,1418.06,177.2575,110.49,13.81125,10,505,0.4752475247524753,1.0,36.44,2.0,174.31,2.0,174.31,Grocery,319.28999999999996,6,5.0,1.0,0.0,0.0,11.0,2.715,0.2,0.0,0.0,8.0,4.375,8.427083333333334,4.0,3.0,4.0,2.0,2.0,87.0,0.25,0.5,0.0,0.0,0.0,0.0,2025-09-01,0,0,95.85
C00170,20,Female,Naperville,IL,Unknown,Electronics,Referral,1,0,0.737,0.51,75,1,1,108.79,108.79,26.38,26.38,20,0,1.0,1.0,108.79,1.0,108.79,1.0,108.79,Baby,101.2,1,2.0,1.0,0.0,1.0,17.5,2.05,0.5,0.0,0.5,2.0,4.0,6.025,2.0,0.0,0.0,0.0,0.0,8.0,0.0,0.0,0.0,0.0,0.0,0.0,2025-09-01,0,0,206.13
C00171,70,Male,Phoenix,AZ,Platinum,Electronics,Referral,1,1,0.482,0.614,472,0,9,2186.58,242.95333333333332,367.46,40.82888888888888,67,394,0.6852791878172589,0.0,0.0,1.0,390.04,2.0,717.26,Electronics,1380.0900000000001,5,6.0,1.0,0.0,0.0,18.333333333333332,2.665,0.16666666666666666,0.0,0.0,8.0,2.375,3.177083333333333,2.0,0.0,0.0,0.0,0.0,13.0,0.0,0.0,0.0,0.0,0.0,0.0,2025-09-01,0,0,698.63
C00172,62,Non-binary,Denver,CO,Unknown,Sports,Paid Search,1,0,0.676,0.372,280,0,2,637.6600000000001,318.83000000000004,195.08,97.54,73,119,0.5042016806722689,0.0,0.0,1.0,496.86,1.0,496.86,Electronics,450.2,2,3.0,0.0,0.0,0.0,8.333333333333334,1.5799999999999998,0.0,0.0,0.0,8.0,4.625,7.21875,6.0,5.0,2.0,1.0,1.0,29.0,0.125,0.5,1.0,6.5,3.0,0.0,2025-09-01,0,0,547.68
C00174,61,Male,Los Angeles,CA,Unknown,Pet,Direct,1,1,0.601,0.629,461,0,3,1020.6700000000001,340.22333333333336,132.04000000000002,44.01333333333334,19,91,0.989010989010989,1.0,16.82,2.0,643.0500000000001,3.0,1020.6700000000001,Electronics,582.54,3,5.0,2.0,0.0,0.0,13.0,3.6149999999999998,0.4,0.0,0.0,7.0,3.7142857142857144,4.166666666666667,5.0,2.0,0.0,0.0,0.0,10.0,0.0,0.0,0.0,0.0,0.0,0.0,2025-09-01,0,1,0.0
C00176,56,Female,Houston,TX,Gold,Beauty,Affiliate,1,1,0.239,0.903,428,0,4,1308.51,327.1275,146.23000000000002,36.557500000000005,46,274,0.43795620437956206,0.0,0.0,1.0,196.84,2.0,371.6,Beauty,608.4300000000001,4,7.0,5.0,4.0,1.0,14.285714285714286,6.93,0.7142857142857143,0.5714285714285714,0.14285714285714285,14.0,4.5,7.335714285714286,6.0,5.0,7.0,5.0,5.0,2.0,0.35714285714285715,0.7142857142857143,0.0,0.0,0.0,0.0,2025-09-01,0,1,0.0
C00179,31,Male,Naperville,IL,Silver,Baby,Organic Search,1,0,0.409,0.277,80,1,1,327.39,327.39,69.34,69.34,70,0,1.0,0.0,0.0,1.0,327.39,1.0,327.39,Grocery,304.55,1,2.0,0.0,0.0,0.0,10.0,2.2199999999999998,0.0,0.0,0.0,2.0,3.0,4.275,1.0,0.0,0.0,0.0,0.0,40.0,0.0,0.0,0.0,0.0,0.0,0.0,2025-09-01,0,1,0.0
C00181,60,Female,San Francisco,CA,Unknown,Home,Paid Search,1,1,0.476,0.333,62,1,1,182.57,182.57,44.12,44.12,56,0,1.0,0.0,0.0,1.0,182.57,1.0,182.57,Sports,157.08,2,1.0,0.0,0.0,0.0,20.0,0.85,0.0,0.0,0.0,5.0,3.8,5.386666666666667,3.0,3.0,0.0,0.0,0.0,19.0,0.0,0.0,0.0,0.0,0.0,0.0,2025-09-01,0,0,133.21
C00182,53,Female,Boulder,CO,Silver,Beauty,Paid Search,1,0,0.311,0.11,209,0,3,751.21,250.40333333333334,63.41,21.136666666666667,123,43,2.0930232558139537,0.0,0.0,0.0,0.0,3.0,751.21,Electronics,296.55,4,4.0,1.0,0.0,0.0,17.5,3.75,0.25,0.0,0.0,6.0,3.8333333333333335,6.902777777777779,4.0,2.0,1.0,0.0,0.0,6.0,0.0,0.0,0.0,0.0,0.0,0.0,2025-09-01,0,0,17.28
C00185,46,Non-binary,Orlando,FL,Platinum,Pet,Referral,1,1,0.596,0.616,171,0,3,798.6700000000001,266.22333333333336,171.34000000000003,57.113333333333344,14,152,0.5921052631578948,1.0,353.73,2.0,567.61,3.0,798.6700000000001,Pet,572.87,2,2.0,1.0,0.0,0.0,12.5,0.86,0.5,0.0,0.0,4.0,6.25,9.704166666666666,4.0,4.0,3.0,1.0,1.0,47.0,0.25,0.3333333333333333,0.0,0.0,0.0,0.0,2025-09-01,1,0,793.8100000000001
C00188,31,Non-binary,Scottsdale,AZ,Gold,Beauty,Referral,0,0,0.705,0.654,466,0,3,544.94,181.64666666666668,118.71000000000001,39.57,149,265,0.33962264150943394,0.0,0.0,0.0,0.0,2.0,387.09000000000003,Beauty,327.99,2,5.0,1.0,1.0,0.0,13.0,3.02,0.2,0.2,0.0,3.0,4.333333333333333,7.894444444444445,2.0,1.0,1.0,0.0,0.0,41.0,0.0,0.0,0.0,0.0,0.0,0.0,2025-09-01,0,0,284.23
C00189,76,Male,Naperville,IL,Gold,Apparel,Paid Social,1,1,0.438,0.647,569,0,5,1095.1,219.01999999999998,169.22,33.844,75,293,0.5119453924914675,0.0,0.0,1.0,126.94,2.0,362.98,Apparel,645.1700000000001,3,3.0,1.0,0.0,0.0,10.0,2.42,0.3333333333333333,0.0,0.0,8.0,4.75,8.422916666666666,5.0,4.0,3.0,3.0,3.0,145.0,0.375,1.0,0.0,0.0,0.0,0.0,2025-09-01,0,1,0.0
C00190,60,Male,Raleigh,NC,Platinum,Beauty,Paid Social,1,1,0.459,0.311,116,0,1,1457.58,1457.58,155.44,155.44,100,0,1.0,0.0,0.0,0.0,0.0,1.0,1457.58,Beauty,1355.89,1,2.0,1.0,0.0,0.0,15.0,1.505,0.5,0.0,0.0,1.0,6.0,9.2,1.0,1.0,1.0,0.0,0.0,90.0,0.0,0.0,1.0,15.3,4.0,0.0,2025-09-01,1,0,1336.95
C00195,55,Non-binary,Tacoma,WA,Unknown,Sports,Affiliate,1,1,0.581,0.913,524,0,3,1789.24,596.4133333333333,275.78,91.92666666666666,29,477,0.18867924528301885,1.0,409.8,1.0,409.8,2.0,1030.84,Home,932.23,4,5.0,2.0,1.0,0.0,15.0,2.3,0.4,0.2,0.0,13.0,3.8461538461538463,6.928205128205128,7.0,5.0,4.0,1.0,1.0,26.0,0.07692307692307693,0.25,0.0,0.0,0.0,0.0,2025-09-01,1,0,136.6
C00196,43,Male,Boston,MA,Unknown,Sports,Direct,1,0,0.719,0.525,327,0,3,1120.1,373.3666666666666,146.81,48.93666666666667,44,242,0.37190082644628103,0.0,0.0,1.0,754.74,1.0,754.74,Sports,739.19,2,3.0,0.0,0.0,0.0,18.333333333333332,2.705,0.0,0.0,0.0,5.0,4.8,7.1800000000000015,3.0,3.0,2.0,1.0,1.0,24.0,0.2,0.5,0.0,0.0,0.0,0.0,2025-09-01,0,0,55.85
C00197,70,Male,Dallas,TX,Gold,Sports,Affiliate,1,1,0.612,0.187,444,0,6,2401.01,400.16833333333335,427.07,71.17833333333333,29,398,0.4522613065326633,1.0,613.57,1.0,613.57,1.0,613.57,Sports,1545.67,4,5.0,1.0,0.0,0.0,19.0,4.22,0.2,0.0,0.0,6.0,3.5,3.702777777777778,4.0,2.0,0.0,0.0,0.0,61.0,0.0,0.0,0.0,0.0,0.0,0.0,2025-09-01,1,0,812.6400000000001
C00198,29,Prefer not to say,Naperville,IL,Gold,Electronics,Organic Search,1,0,0.678,0.833,382,0,3,429.01,143.00333333333333,88.2,29.400000000000002,182,197,0.4568527918781726,0.0,0.0,0.0,0.0,0.0,0.0,Grocery,224.51,3,9.0,5.0,2.0,0.0,13.88888888888889,6.8149999999999995,0.5555555555555556,0.2222222222222222,0.0,8.0,4.0,7.456250000000001,3.0,2.0,3.0,2.0,2.0,19.0,0.25,0.6666666666666666,0.0,0.0,0.0,0.0,2025-09-01,0,1,0.0
C00200,25,Non-binary,Raleigh,NC,Silver,Apparel,Direct,1,1,0.362,0.583,37,1,1,130.15,130.15,23.21,23.21,27,0,1.0,1.0,130.15,1.0,130.15,1.0,130.15,Pet,121.07,1,1.0,0.0,0.0,0.0,15.0,0.72,0.0,0.0,0.0,1.0,5.0,7.616666666666666,1.0,1.0,0.0,0.0,0.0,3.0,0.0,0.0,0.0,0.0,0.0,0.0,2025-09-01,1,0,1607.7
C00001,33,Female,Scottsdale,AZ,Silver,Beauty,Paid Search,1,0,0.852,0.38,246,0,1,185.13,185.13,44.98,44.98,237,0,1.0,0.0,0.0,0.0,0.0,0.0,0.0,Apparel,172.21,1,2.0,1.0,0.0,1.0,7.5,0.73,0.5,0.0,0.5,9.0,4.888888888888889,6.559259259259259,6.0,5.0,4.0,2.0,2.0,8.0,0.2222222222222222,0.5,0.0,0.0,0.0,0.0,2025-10-01,1,0,186.92
C00002,34,Male,Raleigh,NC,Silver,Baby,Affiliate,1,1,0.559,0.441,67,1,1,71.77,71.77,14.34,14.34,63,0,1.0,0.0,0.0,1.0,71.77,1.0,71.77,Baby,66.76,1,2.0,0.0,0.0,1.0,17.5,2.2199999999999998,0.0,0.0,0.5,3.0,3.6666666666666665,4.25,2.0,1.0,0.0,0.0,0.0,4.0,0.0,0.0,0.0,0.0,0.0,0.0,2025-10-01,1,0,366.87
C00003,44,Female,Austin,TX,Unknown,Pet,Referral,1,0,0.349,0.49,189,0,1,354.37,354.37,77.42,77.42,36,0,1.0,0.0,0.0,1.0,354.37,1.0,354.37,Pet,329.65,1,2.0,0.0,0.0,1.0,2.5,0.725,0.0,0.0,0.5,5.0,4.4,7.269999999999999,3.0,3.0,3.0,0.0,0.0,63.0,0.0,0.0,0.0,0.0,0.0,0.0,2025-10-01,0,0,397.52
C00006,40,Male,New York,NY,Silver,Grocery,Direct,1,1,0.507,0.902,304,0,1,418.79,418.79,77.39,77.39,116,0,1.0,0.0,0.0,0.0,0.0,1.0,418.79,Beauty,389.57,1,6.0,2.0,1.0,1.0,20.0,6.62,0.3333333333333333,0.16666666666666666,0.16666666666666666,6.0,4.333333333333333,7.508333333333333,3.0,2.0,2.0,2.0,2.0,117.0,0.3333333333333333,1.0,0.0,0.0,0.0,0.0,2025-10-01,1,0,1116.6799999999998
C00008,56,Female,Charlotte,NC,Unknown,Sports,Paid Social,1,0,0.755,0.458,320,0,4,2082.87,520.7175,466.16999999999996,116.54249999999999,42,259,0.46332046332046334,0.0,0.0,1.0,390.32,2.0,743.22,Sports,1580.53,3,2.0,1.0,0.0,0.0,15.0,2.2199999999999998,0.5,0.0,0.0,6.0,4.166666666666667,5.791666666666667,2.0,2.0,1.0,1.0,1.0,5.0,0.16666666666666666,1.0,0.0,0.0,0.0,0.0,2025-10-01,0,1,0.0
C00014,23,Male,Seattle,WA,Unknown,Baby,Affiliate,1,1,0.251,0.454,587,0,5,1482.1,296.41999999999996,136.92,27.383999999999997,16,492,0.30487804878048785,1.0,80.94,3.0,861.13,4.0,1350.77,Sports,780.8199999999999,4,2.0,2.0,0.0,0.0,12.5,0.015,1.0,0.0,0.0,6.0,5.833333333333333,9.822222222222223,4.0,3.0,4.0,4.0,4.0,30.0,0.6666666666666666,1.0,0.0,0.0,0.0,0.0,2025-10-01,0,1,0.0
C00016,68,Male,Boulder,CO,Platinum,Electronics,Organic Search,1,0,0.466,0.649,462,0,4,1248.18,312.045,220.24,55.06,18,331,0.36253776435045315,1.0,448.98,1.0,448.98,1.0,448.98,Beauty,417.65999999999997,5,4.0,3.0,2.0,0.0,17.5,1.72,0.75,0.5,0.0,6.0,4.5,7.541666666666667,3.0,2.0,3.0,2.0,2.0,26.0,0.3333333333333333,0.6666666666666666,0.0,0.0,0.0,0.0,2025-10-01,0,0,354.88
C00017,35,Prefer not to say,Orlando,FL,Platinum,Beauty,Organic Search,1,0,0.472,0.673,367,0,10,2867.93,286.793,432.05,43.205,18,341,0.8797653958944281,1.0,212.71,2.0,509.08000000000004,4.0,1368.26,Beauty,1308.63,5,5.0,3.0,1.0,1.0,14.0,3.26,0.6,0.2,0.2,8.0,5.125,7.133333333333333,6.0,4.0,4.0,2.0,2.0,11.0,0.25,0.5,2.0,21.3,4.5,0.0,2025-10-01,1,0,1274.61
C00019,66,Female,Raleigh,NC,Silver,Baby,Organic Search,1,1,0.724,0.433,454,0,3,333.25,111.08333333333333,64.38,21.459999999999997,130,229,0.3930131004366812,0.0,0.0,0.0,0.0,1.0,19.4,Beauty,184.98,4,2.0,0.0,0.0,0.0,17.5,1.505,0.0,0.0,0.0,9.0,3.111111111111111,4.07037037037037,5.0,1.0,0.0,0.0,0.0,48.0,0.0,0.0,0.0,0.0,0.0,0.0,2025-10-01,0,0,254.16
C00021,59,Male,San Francisco,CA,Unknown,Pet,Direct,1,0,0.943,0.728,515,0,1,136.83,136.83,37.09,37.09,504,0,1.0,0.0,0.0,0.0,0.0,0.0,0.0,Apparel,127.28,1,8.0,3.0,1.0,1.0,13.75,7.279999999999999,0.375,0.125,0.125,11.0,4.7272727272727275,7.292424242424243,7.0,2.0,6.0,4.0,4.0,16.0,0.36363636363636365,0.6666666666666666,0.0,0.0,0.0,0.0,2025-10-01,0,0,1041.47
C00023,20,Male,Boulder,CO,Silver,Grocery,Organic Search,0,1,0.84,0.391,74,1,1,96.93,96.93,19.61,19.61,22,0,1.0,1.0,96.93,1.0,96.93,1.0,96.93,Grocery,90.17,1,0.0,0.0,0.0,0.0,0.0,0.0,0.0,0.0,0.0,3.0,3.0,3.6055555555555556,1.0,1.0,0.0,0.0,0.0,48.0,0.0,0.0,0.0,0.0,0.0,0.0,2025-10-01,1,0,376.16999999999996
C00024,72,Prefer not to say,Scottsdale,AZ,Platinum,Beauty,Direct,1,0,0.674,0.414,101,0,1,83.46,83.46,22.68,22.68,46,0,1.0,0.0,0.0,1.0,83.46,1.0,83.46,Sports,77.64,1,1.0,0.0,0.0,0.0,0.0,0.01,0.0,0.0,0.0,2.0,5.0,8.933333333333334,1.0,0.0,1.0,1.0,1.0,25.0,0.5,1.0,1.0,5.9,4.0,0.0,2025-10-01,1,0,920.5699999999999
C00026,27,Male,Cambridge,MA,Gold,Sports,Direct,1,1,0.732,0.88,256,0,5,1117.38,223.47600000000003,261.24,52.248000000000005,72,168,0.8928571428571429,0.0,0.0,1.0,84.62,4.0,966.99,Sports,616.68,3,4.0,2.0,1.0,0.0,11.25,3.255,0.5,0.25,0.0,13.0,4.769230769230769,9.297435897435896,9.0,8.0,5.0,3.0,3.0,21.0,0.23076923076923078,0.6,1.0,8.8,4.0,0.0,2025-10-01,1,0,1684.49
C00027,62,Non-binary,Phoenix,AZ,Unknown,Beauty,Direct,1,1,0.218,0.407,630,0,2,705.3199999999999,352.65999999999997,103.21000000000001,51.605000000000004,366,112,0.5357142857142857,0.0,0.0,0.0,0.0,0.0,0.0,Electronics,587.13,2,8.0,3.0,1.0,0.0,15.625,7.109999999999999,0.375,0.125,0.0,8.0,4.75,7.977083333333334,7.0,5.0,3.0,0.0,0.0,14.0,0.0,0.0,0.0,0.0,0.0,0.0,2025-10-01,1,0,578.5600000000001
C00029,48,Non-binary,Houston,TX,Unknown,Grocery,Paid Social,1,1,0.833,0.897,505,0,2,581.05,290.525,107.71000000000001,53.855000000000004,289,72,0.8333333333333334,0.0,0.0,0.0,0.0,0.0,0.0,Beauty,185.53,4,3.0,0.0,0.0,0.0,5.0,2.16,0.0,0.0,0.0,9.0,4.111111111111111,5.955555555555556,4.0,3.0,4.0,3.0,3.0,24.0,0.3333333333333333,0.75,1.0,4.4,4.0,0.0,2025-10-01,0,0,270.32
C00030,55,Prefer not to say,Orlando,FL,Unknown,Pet,Organic Search,1,1,0.554,0.489,562,0,6,1655.17,275.8616666666667,253.23000000000002,42.205000000000005,12,489,0.36809815950920244,1.0,392.89,1.0,392.89,2.0,549.35,Pet,954.59,3,2.0,1.0,1.0,0.0,10.0,0.73,0.5,0.5,0.0,13.0,4.076923076923077,6.894871794871795,7.0,6.0,4.0,1.0,1.0,17.0,0.07692307692307693,0.25,0.0,0.0,0.0,0.0,2025-10-01,0,0,416.77000000000004
C00033,56,Female,Dallas,TX,Unknown,Electronics,Paid Search,0,1,0.298,0.419,174,0,2,450.49,225.245,39.16,19.58,3,151,0.3973509933774835,1.0,159.26,1.0,159.26,2.0,450.49,Electronics,270.91,2,1.0,1.0,1.0,0.0,0.0,0.005,1.0,1.0,0.0,5.0,3.4,5.323333333333333,1.0,0.0,2.0,2.0,2.0,25.0,0.4,1.0,0.0,0.0,0.0,0.0,2025-10-01,0,0,691.8299999999999
C00035,75,Female,Scottsdale,AZ,Silver,Electronics,Affiliate,1,1,0.544,0.406,528,0,3,1246.17,415.39000000000004,175.05,58.35,150,208,0.43269230769230765,0.0,0.0,0.0,0.0,1.0,460.58,Electronics,734.76,2,4.0,3.0,0.0,1.0,10.0,2.715,0.75,0.0,0.25,6.0,4.0,6.230555555555555,4.0,2.0,1.0,1.0,1.0,116.0,0.16666666666666666,1.0,0.0,0.0,0.0,0.0,2025-10-01,1,0,198.63
C00040,35,Prefer not to say,Naperville,IL,Gold,Apparel,Referral,1,1,0.591,0.195,175,0,2,823.6500000000001,411.82500000000005,140.73,70.365,20,72,0.8333333333333334,1.0,392.49,1.0,392.49,2.0,823.6500000000001,Sports,401.08000000000004,2,1.0,0.0,0.0,0.0,5.0,1.2,0.0,0.0,0.0,3.0,2.0,3.588888888888889,0.0,0.0,0.0,0.0,0.0,27.0,0.0,0.0,1.0,5.2,3.0,0.0,2025-10-01,0,0,441.71000000000004
C00041,67,Male,Boulder,CO,Gold,Sports,Paid Social,1,1,0.209,0.683,419,0,6,2405.5099999999998,400.9183333333333,196.54,32.75666666666667,98,250,0.72,0.0,0.0,0.0,0.0,2.0,155.15,Baby,922.78,5,8.0,4.0,1.0,0.0,11.875,5.625,0.5,0.125,0.0,12.0,5.25,9.299999999999999,9.0,6.0,6.0,5.0,5.0,0.0,0.4166666666666667,0.8333333333333334,1.0,4.6,3.0,0.0,2025-10-01,0,0,414.4
C00045,58,Non-binary,Orlando,FL,Unknown,Baby,Affiliate,1,1,0.437,0.815,562,0,3,414.84000000000003,138.28,40.3,13.433333333333332,124,418,0.21531100478468898,0.0,0.0,0.0,0.0,1.0,281.23,Baby,385.90000000000003,1,5.0,3.0,0.0,0.0,13.0,4.2749999999999995,0.6,0.0,0.0,9.0,5.444444444444445,8.005555555555555,6.0,5.0,6.0,4.0,4.0,15.0,0.4444444444444444,0.6666666666666666,0.0,0.0,0.0,0.0,2025-10-01,0,0,81.34
C00048,39,Female,Charlotte,NC,Platinum,Grocery,Paid Social,1,0,0.137,0.355,293,0,10,3309.9,330.99,231.26,23.125999999999998,70,188,1.5957446808510638,0.0,0.0,2.0,300.48,8.0,2743.72,Sports,861.32,7,3.0,1.0,0.0,0.0,8.333333333333334,1.515,0.3333333333333333,0.0,0.0,5.0,3.8,5.886666666666667,3.0,1.0,1.0,1.0,1.0,13.0,0.2,1.0,1.0,6.9,4.0,0.0,2025-10-01,0,0,474.29
C00050,51,Female,Buffalo,NY,Silver,Baby,Affiliate,1,1,0.535,0.708,455,0,3,500.52,166.84,72.52000000000001,24.173333333333336,193,132,0.6818181818181818,0.0,0.0,0.0,0.0,0.0,0.0,Baby,459.1,1,5.0,3.0,2.0,0.0,11.0,1.54,0.6,0.4,0.0,6.0,2.1666666666666665,2.316666666666667,1.0,1.0,1.0,0.0,0.0,50.0,0.0,0.0,0.0,0.0,0.0,0.0,2025-10-01,0,0,843.47
C00051,46,Prefer not to say,Orlando,FL,Unknown,Beauty,Referral,1,1,0.288,0.326,473,0,3,1478.01,492.67,170.87,56.95666666666667,182,235,0.3829787234042553,0.0,0.0,0.0,0.0,0.0,0.0,Beauty,776.84,2,3.0,2.0,0.0,0.0,15.0,3.12,0.6666666666666666,0.0,0.0,5.0,4.2,6.36,3.0,3.0,2.0,0.0,0.0,25.0,0.0,0.0,1.0,42.7,4.0,0.0,2025-10-01,0,1,0.0
C00052,71,Prefer not to say,New York,NY,Unknown,Beauty,Paid Search,1,0,0.481,0.323,474,0,4,2378.35,594.5875,319.44,79.86,203,255,0.47058823529411764,0.0,0.0,0.0,0.0,0.0,0.0,Beauty,1689.1599999999999,3,2.0,2.0,1.0,0.0,7.5,1.51,1.0,0.5,0.0,5.0,5.0,7.7333333333333325,4.0,2.0,2.0,1.0,1.0,95.0,0.2,0.5,0.0,0.0,0.0,0.0,2025-10-01,1,0,1098.45
C00053,71,Prefer not to say,Boston,MA,Platinum,Grocery,Direct,1,1,0.411,0.855,612,0,11,3734.91,339.5372727272727,596.57,54.23363636363637,2,596,0.5536912751677853,2.0,506.02,2.0,506.02,3.0,737.35,Grocery,1424.27,6,11.0,7.0,2.0,0.0,14.090909090909092,7.199999999999999,0.6363636363636364,0.18181818181818182,0.0,13.0,5.230769230769231,9.430769230769231,8.0,6.0,9.0,6.0,6.0,2.0,0.46153846153846156,0.6666666666666666,0.0,0.0,0.0,0.0,2025-10-01,0,0,124.88999999999999
C00054,68,Prefer not to say,San Jose,CA,Silver,Beauty,Organic Search,1,1,0.511,0.85,558,0,10,3609.15,360.915,429.7,42.97,30,495,0.6060606060606061,1.0,277.82,2.0,410.40999999999997,4.0,999.4,Beauty,2363.59,4,8.0,4.0,2.0,0.0,1.875,7.35,0.5,0.25,0.0,15.0,4.866666666666666,7.954444444444444,11.0,10.0,6.0,3.0,3.0,94.0,0.2,0.5,1.0,10.7,5.0,0.0,2025-10-01,0,0,845.04
C00056,52,Non-binary,Seattle,WA,Unknown,Grocery,Direct,1,0,0.541,0.797,257,0,2,535.26,267.63,47.54,23.77,15,139,0.4316546762589928,1.0,184.53,1.0,184.53,2.0,535.26,Electronics,326.26,2,3.0,0.0,0.0,0.0,6.666666666666667,1.45,0.0,0.0,0.0,6.0,6.166666666666667,11.866666666666667,5.0,5.0,4.0,3.0,3.0,33.0,0.5,0.75,0.0,0.0,0.0,0.0,2025-10-01,0,1,0.0
C00060,68,Prefer not to say,Seattle,WA,Unknown,Electronics,Paid Search,1,0,0.258,0.86,194,0,1,107.99,107.99,11.47,11.47,67,0,1.0,0.0,0.0,1.0,107.99,1.0,107.99,Electronics,100.46,1,2.0,1.0,0.0,0.0,10.0,1.5699999999999998,0.5,0.0,0.0,4.0,2.25,2.3291666666666666,0.0,0.0,0.0,0.0,0.0,21.0,0.0,0.0,0.0,0.0,0.0,0.0,2025-10-01,0,1,0.0
C00061,25,Female,Chicago,IL,Silver,Electronics,Referral,1,0,0.401,0.501,264,0,1,336.46,336.46,27.82,27.82,8,0,1.0,1.0,336.46,1.0,336.46,1.0,336.46,Home,312.99,1,3.0,1.0,0.0,0.0,16.666666666666668,2.6399999999999997,0.3333333333333333,0.0,0.0,6.0,3.8333333333333335,6.294444444444444,4.0,3.0,1.0,0.0,0.0,60.0,0.0,0.0,0.0,0.0,0.0,0.0,2025-10-01,0,0,858.9
C00062,63,Prefer not to say,Seattle,WA,Unknown,Baby,Direct,0,0,0.241,0.769,519,0,6,1975.51,329.25166666666667,157.32999999999998,26.221666666666664,32,484,0.37190082644628103,0.0,0.0,2.0,291.76,2.0,291.76,Baby,1081.6200000000001,4,4.0,2.0,1.0,0.0,13.75,3.08,0.5,0.25,0.0,6.0,3.0,3.897222222222222,2.0,1.0,0.0,0.0,0.0,15.0,0.0,0.0,1.0,7.7,4.0,0.0,2025-10-01,0,0,296.44
C00064,22,Male,Scottsdale,AZ,Unknown,Beauty,Direct,1,1,0.664,0.513,262,0,1,220.15,220.15,35.61,35.61,196,0,1.0,0.0,0.0,0.0,0.0,0.0,0.0,Sports,204.79,1,4.0,2.0,0.0,0.0,10.0,3.0749999999999997,0.5,0.0,0.0,5.0,3.4,5.206666666666667,2.0,1.0,1.0,1.0,1.0,39.0,0.2,1.0,0.0,0.0,0.0,0.0,2025-10-01,0,0,527.99
C00067,40,Prefer not to say,Seattle,WA,Silver,Electronics,Paid Social,1,1,0.304,0.476,224,0,3,956.77,318.92333333333335,104.53999999999999,34.846666666666664,108,104,0.8653846153846153,0.0,0.0,0.0,0.0,1.0,335.65,Electronics,890.0100000000001,1,1.0,0.0,0.0,0.0,10.0,0.72,0.0,0.0,0.0,5.0,5.0,8.513333333333332,4.0,4.0,4.0,0.0,0.0,85.0,0.0,0.0,0.0,0.0,0.0,0.0,2025-10-01,0,0,418.5
C00068,38,Male,Phoenix,AZ,Gold,Baby,Referral,0,1,0.471,0.733,392,0,4,920.28,230.07,187.26,46.815,183,103,1.1650485436893205,0.0,0.0,0.0,0.0,0.0,0.0,Beauty,361.49,3,9.0,4.0,2.0,1.0,13.333333333333334,7.41,0.4444444444444444,0.2222222222222222,0.1111111111111111,2.0,2.5,2.808333333333333,1.0,0.0,0.0,0.0,0.0,166.0,0.0,0.0,0.0,0.0,0.0,0.0,2025-10-01,0,0,12.67
C00069,72,Female,Scottsdale,AZ,Platinum,Sports,Paid Search,0,0,0.671,0.256,324,0,11,3083.41,280.31,536.22,48.74727272727273,68,252,1.3095238095238095,0.0,0.0,2.0,565.86,6.0,1862.31,Sports,2232.29,5,8.0,1.0,0.0,0.0,14.375,7.905,0.125,0.0,0.0,5.0,3.6,5.9,3.0,2.0,1.0,0.0,0.0,2.0,0.0,0.0,1.0,18.2,3.0,0.0,2025-10-01,1,0,579.48
C00070,61,Female,Chicago,IL,Platinum,Electronics,Organic Search,1,0,0.509,0.716,227,0,5,1438.6,287.71999999999997,353.78000000000003,70.756,2,142,1.056338028169014,1.0,417.54,1.0,417.54,5.0,1438.6,Electronics,801.53,2,4.0,0.0,0.0,0.0,15.0,2.65,0.0,0.0,0.0,2.0,3.0,3.708333333333333,0.0,0.0,0.0,0.0,0.0,8.0,0.0,0.0,0.0,0.0,0.0,0.0,2025-10-01,0,0,158.92000000000002
C00073,44,Prefer not to say,Charlotte,NC,Gold,Electronics,Direct,1,1,0.474,0.36,47,1,1,236.66,236.66,41.76,41.76,17,0,1.0,1.0,236.66,1.0,236.66,1.0,236.66,Home,220.15,1,0.0,0.0,0.0,0.0,0.0,0.0,0.0,0.0,0.0,3.0,6.0,7.461111111111111,2.0,2.0,2.0,2.0,2.0,10.0,0.6666666666666666,1.0,0.0,0.0,0.0,0.0,2025-10-01,0,0,1262.53
C00074,33,Non-binary,Scottsdale,AZ,Silver,Grocery,Paid Search,0,0,0.419,0.793,307,0,2,351.95,175.975,46.5,23.25,165,15,2.0,0.0,0.0,0.0,0.0,2.0,351.95,Grocery,327.39,1,4.0,3.0,1.0,1.0,17.5,1.7149999999999999,0.75,0.25,0.25,6.0,3.3333333333333335,5.605555555555555,4.0,1.0,1.0,0.0,0.0,54.0,0.0,0.0,0.0,0.0,0.0,0.0,2025-10-01,0,0,54.62
C00075,63,Female,Buffalo,NY,Unknown,Baby,Referral,1,0,0.528,0.778,344,0,4,2238.4300000000003,559.6075000000001,232.59,58.1475,36,305,0.3934426229508197,0.0,0.0,1.0,138.31,1.0,138.31,Beauty,876.67,4,2.0,0.0,0.0,1.0,2.5,2.2199999999999998,0.0,0.0,0.5,8.0,5.375,9.470833333333333,6.0,4.0,4.0,3.0,3.0,7.0,0.375,0.75,0.0,0.0,0.0,0.0,2025-10-01,0,0,294.59
C00076,44,Non-binary,Buffalo,NY,Unknown,Apparel,Organic Search,1,1,0.234,0.582,420,0,3,783.72,261.24,84.99000000000001,28.330000000000002,31,260,0.3461538461538462,0.0,0.0,1.0,146.62,2.0,310.25,Apparel,475.76,3,2.0,1.0,1.0,1.0,25.0,2.05,0.5,0.5,0.5,12.0,4.333333333333333,7.347222222222222,7.0,5.0,4.0,3.0,3.0,5.0,0.25,0.75,0.0,0.0,0.0,0.0,2025-10-01,0,1,0.0
C00078,28,Prefer not to say,Scottsdale,AZ,Gold,Apparel,Direct,1,0,0.54,0.89,233,0,1,73.19,73.19,11.06,11.06,68,0,1.0,0.0,0.0,1.0,73.19,1.0,73.19,Electronics,68.08,1,4.0,1.0,0.0,0.0,15.0,3.62,0.25,0.0,0.0,7.0,4.0,6.0,4.0,4.0,2.0,0.0,0.0,17.0,0.0,0.0,0.0,0.0,0.0,0.0,2025-10-01,0,0,1430.87
C00082,50,Prefer not to say,Austin,TX,Platinum,Pet,Referral,1,1,0.634,0.29,62,1,2,1066.77,533.385,368.46999999999997,184.23499999999999,6,20,2.0,2.0,1066.77,2.0,1066.77,2.0,1066.77,Apparel,746.47,2,0.0,0.0,0.0,0.0,0.0,0.0,0.0,0.0,0.0,2.0,7.0,9.433333333333334,2.0,2.0,2.0,1.0,1.0,14.0,0.5,0.5,0.0,0.0,0.0,0.0,2025-10-01,1,0,1291.8500000000001
C00084,43,Male,Boston,MA,Silver,Sports,Organic Search,1,0,0.54,0.654,501,0,3,348.0,116.0,49.269999999999996,16.423333333333332,60,185,0.48648648648648646,0.0,0.0,1.0,115.8,2.0,157.37,Sports,285.05,2,4.0,1.0,0.0,2.0,20.0,3.21,0.25,0.0,0.5,9.0,5.111111111111111,9.237037037037037,5.0,2.0,5.0,5.0,5.0,31.0,0.5555555555555556,1.0,0.0,0.0,0.0,0.0,2025-10-01,0,0,229.29
C00085,20,Prefer not to say,Denver,CO,Silver,Sports,Paid Search,1,1,0.684,0.731,165,0,1,70.47,70.47,13.59,13.59,159,0,1.0,0.0,0.0,0.0,0.0,1.0,70.47,Electronics,65.55,1,4.0,2.0,1.0,0.0,7.5,2.715,0.5,0.25,0.0,3.0,6.333333333333333,11.03888888888889,3.0,1.0,2.0,2.0,2.0,2.0,0.6666666666666666,1.0,0.0,0.0,0.0,0.0,2025-10-01,0,0,322.12
C00086,33,Non-binary,Denver,CO,Gold,Electronics,Direct,1,1,0.416,0.431,400,0,4,890.61,222.6525,121.82000000000001,30.455000000000002,30,308,0.3896103896103896,1.0,47.44,1.0,47.44,1.0,47.44,Electronics,491.96000000000004,3,2.0,0.0,0.0,0.0,12.5,1.44,0.0,0.0,0.0,3.0,3.3333333333333335,3.8944444444444444,0.0,0.0,1.0,1.0,1.0,30.0,0.3333333333333333,1.0,1.0,23.0,4.0,0.0,2025-10-01,0,0,992.87
C00087,42,Male,Los Angeles,CA,Unknown,Beauty,Referral,1,1,0.572,0.766,358,0,1,194.28,194.28,24.72,24.72,78,0,1.0,0.0,0.0,1.0,194.28,1.0,194.28,Grocery,180.73,1,7.0,2.0,1.0,0.0,10.0,3.295,0.2857142857142857,0.14285714285714285,0.0,9.0,4.444444444444445,7.633333333333334,4.0,4.0,5.0,3.0,3.0,12.0,0.3333333333333333,0.6,0.0,0.0,0.0,0.0,2025-10-01,0,1,0.0
C00089,48,Male,Boston,MA,Unknown,Electronics,Referral,0,1,0.623,0.949,365,0,1,959.79,959.79,179.7,179.7,313,0,1.0,0.0,0.0,0.0,0.0,0.0,0.0,Pet,635.78,2,7.0,1.0,0.0,2.0,9.285714285714286,5.56,0.14285714285714285,0.0,0.2857142857142857,12.0,4.666666666666667,7.477777777777778,7.0,5.0,6.0,4.0,4.0,17.0,0.3333333333333333,0.6666666666666666,0.0,0.0,0.0,0.0,2025-10-01,0,0,709.12
C00090,20,Male,Boston,MA,Silver,Grocery,Organic Search,1,0,0.232,0.853,350,0,5,898.46,179.692,111.98,22.396,77,261,0.574712643678161,0.0,0.0,2.0,104.85999999999999,2.0,104.85999999999999,Home,280.38,5,6.0,3.0,1.0,0.0,12.5,3.42,0.5,0.16666666666666666,0.0,10.0,4.0,5.595000000000001,5.0,3.0,2.0,1.0,1.0,44.0,0.1,0.5,0.0,0.0,0.0,0.0,2025-10-01,0,1,0.0
C00092,31,Prefer not to say,Boulder,CO,Silver,Electronics,Organic Search,1,0,0.805,0.738,496,0,4,1217.25,304.3125,273.98,68.495,65,345,0.34782608695652173,0.0,0.0,1.0,469.82,1.0,469.82,Electronics,349.61,4,2.0,0.0,0.0,0.0,12.5,0.855,0.0,0.0,0.0,10.0,4.6,7.953333333333333,9.0,6.0,3.0,0.0,0.0,24.0,0.0,0.0,0.0,0.0,0.0,0.0,2025-10-01,0,0,292.02
C00094,66,Female,New York,NY,Unknown,Apparel,Referral,1,1,0.495,0.579,393,0,4,1232.84,308.21,205.45999999999998,51.364999999999995,19,348,0.3448275862068966,1.0,288.02,1.0,288.02,1.0,288.02,Home,479.99,4,0.0,0.0,0.0,0.0,0.0,0.0,0.0,0.0,0.0,10.0,4.8,8.258333333333333,7.0,5.0,5.0,2.0,2.0,16.0,0.2,0.4,0.0,0.0,0.0,0.0,2025-10-01,0,0,318.65
C00095,74,Prefer not to say,San Francisco,CA,Unknown,Home,Organic Search,0,0,0.332,0.769,582,0,2,178.3,89.15,33.25,16.625,28,386,0.15544041450777202,1.0,37.39,1.0,37.39,1.0,37.39,Home,159.36,1,9.0,3.0,1.0,1.0,10.555555555555555,6.045,0.3333333333333333,0.1111111111111111,0.1111111111111111,14.0,4.285714285714286,6.696428571428571,7.0,4.0,4.0,3.0,3.0,21.0,0.21428571428571427,0.75,0.0,0.0,0.0,0.0,2025-10-01,0,1,0.0
C00096,37,Male,Denver,CO,Unknown,Electronics,Affiliate,1,1,0.806,0.182,352,0,1,460.47,460.47,72.9,72.9,253,0,1.0,0.0,0.0,0.0,0.0,0.0,0.0,Electronics,428.34000000000003,1,2.0,0.0,0.0,0.0,10.0,1.92,0.0,0.0,0.0,2.0,3.0,4.85,1.0,0.0,0.0,0.0,0.0,180.0,0.0,0.0,0.0,0.0,0.0,0.0,2025-10-01,0,0,250.11
C00099,56,Non-binary,Scottsdale,AZ,Silver,Apparel,Organic Search,1,1,0.264,0.857,324,0,3,933.5200000000001,311.17333333333335,8.68,2.893333333333333,108,52,1.7307692307692306,0.0,0.0,0.0,0.0,3.0,933.5200000000001,Electronics,678.8,2,8.0,2.0,1.0,0.0,10.625,7.515,0.25,0.125,0.0,6.0,5.666666666666667,10.899999999999999,5.0,5.0,4.0,2.0,2.0,27.0,0.3333333333333333,0.5,0.0,0.0,0.0,0.0,2025-10-01,1,0,1202.49
C00100,44,Non-binary,Boulder,CO,Unknown,Pet,Organic Search,1,0,0.604,0.829,553,0,3,604.02,201.34,97.92,32.64,107,329,0.2735562310030395,0.0,0.0,0.0,0.0,2.0,485.86,Pet,561.88,1,7.0,4.0,3.0,1.0,13.571428571428571,4.595,0.5714285714285714,0.42857142857142855,0.14285714285714285,15.0,3.8,6.017777777777778,7.0,4.0,6.0,3.0,3.0,45.0,0.2,0.5,0.0,0.0,0.0,0.0,2025-10-01,0,1,0.0
C00102,71,Female,Tacoma,WA,Unknown,Baby,Direct,1,0,0.25,0.838,313,0,2,560.6800000000001,280.34000000000003,33.07,16.535,23,113,0.5309734513274337,1.0,255.21,1.0,255.21,2.0,560.6800000000001,Baby,521.56,1,9.0,6.0,4.0,1.0,14.444444444444445,5.3149999999999995,0.6666666666666666,0.4444444444444444,0.1111111111111111,6.0,4.666666666666667,8.261111111111111,4.0,4.0,3.0,0.0,0.0,120.0,0.0,0.0,0.0,0.0,0.0,0.0,2025-10-01,0,0,478.04
C00103,23,Female,Seattle,WA,Unknown,Sports,Direct,1,1,0.422,0.487,392,0,1,1116.37,1116.37,185.15,185.15,340,0,1.0,0.0,0.0,0.0,0.0,0.0,0.0,Sports,802.71,2,3.0,0.0,0.0,0.0,13.333333333333334,1.515,0.0,0.0,0.0,6.0,4.0,5.3,3.0,3.0,2.0,1.0,1.0,108.0,0.16666666666666666,0.5,0.0,0.0,0.0,0.0,2025-10-01,0,1,0.0
C00104,61,Male,San Francisco,CA,Unknown,Sports,Organic Search,1,1,0.143,0.739,12,1,1,351.62,351.62,10.72,10.72,1,0,1.0,1.0,351.62,1.0,351.62,1.0,351.62,Sports,327.09,1,0.0,0.0,0.0,0.0,0.0,0.0,0.0,0.0,0.0,0.0,0.0,0.0,0.0,0.0,0.0,0.0,0.0,0.0,0.0,0.0,0.0,0.0,0.0,0.0,2025-10-01,0,1,0.0
C00105,22,Non-binary,Austin,TX,Unknown,Beauty,Direct,1,0,0.261,0.36,552,0,2,320.52,160.26,54.34,27.17,296,233,0.2575107296137339,0.0,0.0,0.0,0.0,0.0,0.0,Beauty,244.37,2,0.0,0.0,0.0,0.0,0.0,0.0,0.0,0.0,0.0,5.0,2.8,4.286666666666667,2.0,2.0,1.0,0.0,0.0,102.0,0.0,0.0,0.0,0.0,0.0,0.0,2025-10-01,0,1,0.0
C00107,34,Prefer not to say,Raleigh,NC,Silver,Electronics,Affiliate,1,1,0.467,0.36,179,0,1,81.56,81.56,24.45,24.45,92,0,1.0,0.0,0.0,0.0,0.0,1.0,81.56,Sports,75.87,1,2.0,0.0,0.0,0.0,10.0,0.725,0.0,0.0,0.0,4.0,3.75,4.429166666666667,3.0,1.0,0.0,0.0,0.0,87.0,0.0,0.0,0.0,0.0,0.0,0.0,2025-10-01,1,0,1040.22
C00108,37,Female,Chicago,IL,Silver,Baby,Paid Social,1,1,0.446,0.848,523,0,1,73.8,73.8,12.45,12.45,111,0,1.0,0.0,0.0,0.0,0.0,1.0,73.8,Baby,68.65,1,5.0,1.0,1.0,0.0,13.0,4.6899999999999995,0.2,0.2,0.0,11.0,5.636363636363637,9.733333333333333,9.0,7.0,6.0,4.0,4.0,5.0,0.36363636363636365,0.6666666666666666,0.0,0.0,0.0,0.0,2025-10-01,0,1,0.0
C00109,57,Female,Raleigh,NC,Gold,Sports,Organic Search,1,1,0.438,0.607,211,0,1,681.81,681.81,51.17,51.17,52,0,1.0,0.0,0.0,1.0,681.81,1.0,681.81,Beauty,634.24,1,1.0,0.0,0.0,0.0,25.0,1.2,0.0,0.0,0.0,3.0,4.666666666666667,8.016666666666667,2.0,2.0,2.0,0.0,0.0,2.0,0.0,0.0,0.0,0.0,0.0,0.0,2025-10-01,0,0,650.7
C00110,36,Male,Boulder,CO,Silver,Baby,Affiliate,1,0,0.335,0.836,246,0,3,350.04,116.68,44.32,14.773333333333333,125,70,1.2857142857142856,0.0,0.0,0.0,0.0,2.0,158.93,Home,305.06,2,1.0,0.0,0.0,1.0,10.0,0.72,0.0,0.0,1.0,9.0,5.0,8.43888888888889,7.0,5.0,4.0,3.0,3.0,17.0,0.3333333333333333,0.75,0.0,0.0,0.0,0.0,2025-10-01,0,0,132.89
C00111,59,Male,Boulder,CO,Gold,Home,Organic Search,1,1,0.239,0.598,77,1,1,555.14,555.14,43.25,43.25,54,0,1.0,0.0,0.0,1.0,555.14,1.0,555.14,Apparel,268.59,2,2.0,1.0,0.0,1.0,17.5,2.7,0.5,0.0,0.5,4.0,4.25,7.266666666666667,3.0,3.0,1.0,0.0,0.0,22.0,0.0,0.0,0.0,0.0,0.0,0.0,2025-10-01,0,0,1087.95
C00112,26,Male,Phoenix,AZ,Unknown,Home,Organic Search,1,1,0.471,0.421,550,0,4,1391.38,347.845,118.37,29.5925,85,465,0.25806451612903225,0.0,0.0,1.0,902.47,1.0,902.47,Home,872.41,3,3.0,0.0,0.0,0.0,10.0,3.7199999999999998,0.0,0.0,0.0,7.0,4.0,5.464285714285714,5.0,2.0,2.0,0.0,0.0,158.0,0.0,0.0,0.0,0.0,0.0,0.0,2025-10-01,0,1,0.0
C00113,73,Male,Denver,CO,Gold,Apparel,Paid Search,1,1,0.188,0.31,28,1,1,624.07,624.07,104.81,104.81,25,0,1.0,1.0,624.07,1.0,624.07,1.0,624.07,Apparel,580.53,1,1.0,0.0,0.0,0.0,20.0,1.2,0.0,0.0,0.0,0.0,0.0,0.0,0.0,0.0,0.0,0.0,0.0,0.0,0.0,0.0,0.0,0.0,0.0,0.0,2025-10-01,0,0,88.35
C00114,74,Non-binary,Cambridge,MA,Silver,Apparel,Referral,1,1,0.838,0.562,386,0,4,1494.81,373.7025,327.32,81.83,23,212,0.5660377358490566,1.0,707.56,2.0,909.3699999999999,2.0,909.3699999999999,Apparel,732.33,2,5.0,1.0,0.0,0.0,13.0,1.5999999999999999,0.2,0.0,0.0,2.0,5.0,10.616666666666665,1.0,1.0,1.0,1.0,1.0,153.0,0.5,1.0,0.0,0.0,0.0,0.0,2025-10-01,0,0,1051.05
C00117,51,Prefer not to say,Miami,FL,Platinum,Apparel,Organic Search,1,0,0.664,0.676,259,0,3,596.39,198.79666666666665,118.17,39.39,55,180,0.5,0.0,0.0,1.0,68.4,2.0,580.54,Baby,408.03,4,7.0,4.0,2.0,2.0,14.285714285714286,5.9799999999999995,0.5714285714285714,0.2857142857142857,0.2857142857142857,11.0,4.0,6.78939393939394,6.0,4.0,3.0,1.0,1.0,31.0,0.09090909090909091,0.3333333333333333,0.0,0.0,0.0,0.0,2025-10-01,0,0,983.2
C00118,27,Female,Miami,FL,Silver,Pet,Affiliate,1,1,0.715,0.891,207,0,4,1013.55,253.3875,194.19,48.5475,20,180,0.6666666666666666,1.0,438.62,1.0,438.62,3.0,929.98,Apparel,408.02,3,5.0,2.0,1.0,0.0,17.0,4.58,0.4,0.2,0.0,14.0,3.7142857142857144,5.813095238095237,7.0,5.0,5.0,2.0,2.0,1.0,0.14285714285714285,0.4,0.0,0.0,0.0,0.0,2025-10-01,0,1,0.0
C00122,22,Non-binary,Tacoma,WA,Gold,Home,Direct,0,1,0.32,0.29,483,0,7,1478.61,211.23,192.31,27.472857142857144,47,391,0.5370843989769821,0.0,0.0,1.0,24.88,3.0,561.84,Electronics,343.85,7,3.0,1.0,0.0,0.0,8.333333333333334,2.06,0.3333333333333333,0.0,0.0,4.0,4.75,9.254166666666666,2.0,1.0,2.0,2.0,2.0,10.0,0.5,1.0,0.0,0.0,0.0,0.0,2025-10-01,0,0,791.5699999999999
C00123,51,Non-binary,Austin,TX,Unknown,Home,Paid Social,1,0,0.583,0.856,389,0,3,1352.04,450.68,223.78,74.59333333333333,11,208,0.43269230769230765,1.0,147.48,2.0,924.41,2.0,924.41,Home,528.71,4,8.0,3.0,2.0,1.0,13.125,5.6,0.375,0.25,0.125,13.0,4.230769230769231,7.602564102564102,10.0,5.0,3.0,1.0,1.0,13.0,0.07692307692307693,0.3333333333333333,1.0,3.1,4.0,0.0,2025-10-01,0,1,0.0
C00124,28,Non-binary,Austin,TX,Unknown,Electronics,Paid Social,1,0,0.396,0.889,364,0,3,696.99,232.33,34.36,11.453333333333333,79,259,0.3474903474903475,0.0,0.0,1.0,334.25,2.0,647.76,Apparel,310.93,3,6.0,5.0,1.0,1.0,13.333333333333334,3.575,0.8333333333333334,0.16666666666666666,0.16666666666666666,7.0,4.571428571428571,7.788095238095238,2.0,1.0,4.0,4.0,4.0,21.0,0.5714285714285714,1.0,0.0,0.0,0.0,0.0,2025-10-01,0,0,326.77
C00126,73,Non-binary,Tacoma,WA,Unknown,Grocery,Paid Social,1,1,0.619,0.648,312,0,2,740.44,370.22,195.47,97.735,72,21,2.0,0.0,0.0,1.0,564.2,2.0,740.44,Electronics,524.84,2,7.0,2.0,1.0,2.0,17.857142857142858,5.66,0.2857142857142857,0.14285714285714285,0.2857142857142857,10.0,4.5,7.095000000000001,7.0,5.0,5.0,1.0,1.0,26.0,0.1,0.2,0.0,0.0,0.0,0.0,2025-10-01,0,0,95.41
C00127,62,Female,Buffalo,NY,Silver,Apparel,Organic Search,1,1,0.702,0.675,262,0,3,1014.85,338.28333333333336,168.34,56.11333333333334,28,213,0.4225352112676057,1.0,293.03,1.0,293.03,1.0,293.03,Home,671.46,2,6.0,2.0,0.0,1.0,13.333333333333334,5.4799999999999995,0.3333333333333333,0.0,0.16666666666666666,7.0,3.857142857142857,6.140476190476191,3.0,3.0,2.0,1.0,1.0,56.0,0.14285714285714285,0.5,0.0,0.0,0.0,0.0,2025-10-01,0,1,0.0
C00129,38,Prefer not to say,Charlotte,NC,Unknown,Sports,Affiliate,1,0,0.7,0.826,563,0,3,1673.22,557.74,304.94,101.64666666666666,151,127,0.7086614173228346,0.0,0.0,0.0,0.0,1.0,72.92,Sports,773.17,4,7.0,5.0,2.0,0.0,14.285714285714286,6.435,0.7142857142857143,0.2857142857142857,0.0,12.0,4.416666666666667,7.126388888888889,6.0,4.0,5.0,4.0,4.0,18.0,0.3333333333333333,0.8,0.0,0.0,0.0,0.0,2025-10-01,1,0,408.23
C00130,43,Female,Tacoma,WA,Silver,Home,Paid Social,1,1,0.309,0.495,177,0,2,421.87,210.935,39.510000000000005,19.755000000000003,70,45,1.3333333333333333,0.0,0.0,1.0,225.31,2.0,421.87,Beauty,209.59,2,1.0,1.0,0.0,0.0,25.0,0.85,1.0,0.0,0.0,2.0,5.5,10.766666666666666,1.0,1.0,2.0,1.0,1.0,75.0,0.5,0.5,0.0,0.0,0.0,0.0,2025-10-01,1,0,305.65999999999997
C00131,59,Female,Scottsdale,AZ,Unknown,Pet,Organic Search,1,1,0.563,0.488,225,0,2,820.72,410.36,104.17,52.085,85,88,0.6818181818181819,0.0,0.0,1.0,647.72,2.0,820.72,Pet,763.46,1,2.0,1.0,0.0,0.0,7.5,1.5699999999999998,0.5,0.0,0.0,7.0,4.428571428571429,7.190476190476191,5.0,4.0,4.0,0.0,0.0,64.0,0.0,0.0,0.0,0.0,0.0,0.0,2025-10-01,0,1,0.0
C00133,30,Male,Miami,FL,Silver,Baby,Referral,1,1,0.676,0.734,420,0,3,676.0999999999999,225.36666666666665,161.54000000000002,53.84666666666667,161,254,0.3543307086614173,0.0,0.0,0.0,0.0,1.0,369.8,Baby,572.99,2,9.0,6.0,3.0,2.0,15.0,4.125,0.6666666666666666,0.3333333333333333,0.2222222222222222,11.0,4.818181818181818,7.107575757575758,7.0,5.0,5.0,4.0,4.0,15.0,0.36363636363636365,0.8,0.0,0.0,0.0,0.0,2025-10-01,0,0,770.27
C00135,65,Non-binary,Denver,CO,Unknown,Electronics,Direct,1,0,0.616,0.696,367,0,3,775.0600000000001,258.35333333333335,148.47,49.49,23,170,0.5294117647058824,1.0,124.83,1.0,124.83,2.0,412.01,Electronics,604.86,2,7.0,5.0,2.0,1.0,15.0,4.765,0.7142857142857143,0.2857142857142857,0.14285714285714285,6.0,3.5,6.091666666666666,2.0,0.0,1.0,1.0,1.0,40.0,0.16666666666666666,1.0,1.0,4.7,4.0,0.0,2025-10-01,1,0,502.98
C00137,37,Non-binary,San Jose,CA,Platinum,Beauty,Paid Search,1,1,0.421,0.582,308,0,4,1336.79,334.1975,185.73,46.4325,44,224,0.5357142857142857,0.0,0.0,1.0,671.21,2.0,894.5400000000001,Beauty,479.0,4,7.0,2.0,1.0,1.0,20.714285714285715,4.935,0.2857142857142857,0.14285714285714285,0.14285714285714285,8.0,3.875,5.835416666666667,4.0,2.0,3.0,2.0,2.0,140.0,0.25,0.6666666666666666,0.0,0.0,0.0,0.0,2025-10-01,0,0,2067.56
C00140,69,Female,Cambridge,MA,Silver,Sports,Organic Search,1,0,0.234,0.777,469,0,2,759.36,379.68,72.92,36.46,116,17,2.0,0.0,0.0,0.0,0.0,2.0,759.36,Sports,706.38,1,10.0,6.0,3.0,2.0,6.5,4.325,0.6,0.3,0.2,11.0,3.6363636363636362,4.806060606060606,4.0,3.0,2.0,2.0,2.0,100.0,0.18181818181818182,1.0,0.0,0.0,0.0,0.0,2025-10-01,0,1,0.0
C00141,56,Prefer not to say,Chicago,IL,Gold,Sports,Organic Search,1,1,0.083,0.541,564,0,10,3388.09,338.809,174.89999999999998,17.49,110,428,0.7009345794392523,0.0,0.0,0.0,0.0,2.0,985.56,Sports,1476.73,5,7.0,3.0,1.0,1.0,12.142857142857142,5.535,0.42857142857142855,0.14285714285714285,0.14285714285714285,6.0,4.833333333333333,8.941666666666666,4.0,2.0,2.0,2.0,2.0,52.0,0.3333333333333333,1.0,1.0,6.1,4.0,0.0,2025-10-01,0,0,709.68
C00142,58,Prefer not to say,Boston,MA,Unknown,Apparel,Organic Search,1,1,0.829,0.868,445,0,1,261.69,261.69,66.01,66.01,271,0,1.0,0.0,0.0,0.0,0.0,0.0,0.0,Beauty,243.43,1,7.0,5.0,3.0,1.0,15.0,3.81,0.7142857142857143,0.42857142857142855,0.14285714285714285,12.0,5.166666666666667,9.341666666666667,9.0,5.0,7.0,3.0,3.0,29.0,0.25,0.42857142857142855,0.0,0.0,0.0,0.0,2025-10-01,0,1,0.0
C00143,41,Male,Dallas,TX,Silver,Home,Organic Search,1,1,0.398,0.525,341,0,2,276.9,138.45,41.51,20.755,88,220,0.27272727272727276,0.0,0.0,1.0,168.99,1.0,168.99,Home,257.58000000000004,1,6.0,2.0,1.0,0.0,8.333333333333334,3.805,0.3333333333333333,0.16666666666666666,0.0,5.0,2.2,2.7766666666666664,1.0,0.0,0.0,0.0,0.0,25.0,0.0,0.0,0.0,0.0,0.0,0.0,2025-10-01,0,0,555.61
C00144,71,Prefer not to say,Tacoma,WA,Unknown,Beauty,Affiliate,1,0,0.868,0.547,408,0,1,196.25,196.25,51.07,51.07,343,0,1.0,0.0,0.0,0.0,0.0,0.0,0.0,Beauty,182.56,1,5.0,4.0,1.0,1.0,18.0,5.109999999999999,0.8,0.2,0.2,7.0,4.142857142857143,5.511904761904761,5.0,2.0,1.0,1.0,1.0,12.0,0.14285714285714285,1.0,0.0,0.0,0.0,0.0,2025-10-01,0,1,0.0
C00148,61,Female,San Jose,CA,Silver,Grocery,Paid Search,1,0,0.557,0.49,228,0,4,827.04,206.76,163.17000000000002,40.792500000000004,10,147,0.8163265306122448,1.0,324.38,2.0,437.18,4.0,827.04,Sports,389.46,4,3.0,2.0,0.0,0.0,10.0,1.93,0.6666666666666666,0.0,0.0,4.0,5.5,9.591666666666667,3.0,1.0,3.0,2.0,2.0,87.0,0.5,0.6666666666666666,1.0,18.8,4.0,0.0,2025-10-01,1,0,583.17
C00151,67,Female,Dallas,TX,Silver,Sports,Paid Search,1,1,0.285,0.407,375,0,3,1336.8400000000001,445.6133333333334,155.95,51.98333333333333,40,233,0.38626609442060084,0.0,0.0,1.0,149.68,2.0,469.98,Sports,685.0699999999999,3,6.0,0.0,0.0,0.0,5.0,4.22,0.0,0.0,0.0,6.0,3.8333333333333335,4.641666666666667,4.0,2.0,1.0,0.0,0.0,83.0,0.0,0.0,0.0,0.0,0.0,0.0,2025-10-01,0,0,197.33
C00152,55,Female,New York,NY,Silver,Apparel,Affiliate,0,0,0.734,0.411,631,0,4,796.49,199.1225,176.32,44.08,202,314,0.38216560509554137,0.0,0.0,0.0,0.0,0.0,0.0,Apparel,173.3,6,2.0,0.0,0.0,0.0,10.0,1.5699999999999998,0.0,0.0,0.0,5.0,3.6,5.273333333333333,3.0,1.0,1.0,0.0,0.0,11.0,0.0,0.0,1.0,6.2,5.0,0.0,2025-10-01,0,0,458.58
C00154,63,Male,Raleigh,NC,Silver,Grocery,Direct,1,0,0.516,0.521,581,0,3,1020.19,340.06333333333333,100.83,33.61,58,400,0.22499999999999998,0.0,0.0,1.0,587.96,1.0,587.96,Sports,458.41,4,9.0,3.0,0.0,0.0,12.222222222222221,5.57,0.3333333333333333,0.0,0.0,9.0,5.555555555555555,8.899999999999999,7.0,6.0,5.0,3.0,3.0,53.0,0.3333333333333333,0.6,1.0,6.7,4.0,0.0,2025-10-01,0,0,208.37
C00157,39,Male,Orlando,FL,Gold,Pet,Direct,1,1,0.182,0.592,584,0,11,3158.9,287.1727272727273,233.82,21.256363636363634,3,527,0.6261859582542695,1.0,160.35,2.0,315.45,3.0,783.4,Pet,1961.31,6,4.0,1.0,1.0,1.0,8.75,2.645,0.25,0.25,0.25,11.0,3.0,4.275757575757575,5.0,3.0,1.0,0.0,0.0,15.0,0.0,0.0,0.0,0.0,0.0,0.0,2025-10-01,1,0,2145.86
C00158,41,Female,Orlando,FL,Unknown,Beauty,Affiliate,1,0,0.776,0.932,425,0,2,634.5,317.25,78.74000000000001,39.370000000000005,74,131,0.45801526717557256,0.0,0.0,1.0,439.26,1.0,439.26,Beauty,408.61,2,6.0,5.0,2.0,0.0,11.666666666666666,5.96,0.8333333333333334,0.3333333333333333,0.0,6.0,5.5,10.469444444444445,5.0,3.0,3.0,3.0,3.0,57.0,0.5,1.0,1.0,5.2,5.0,0.0,2025-10-01,0,0,218.36
C00160,56,Female,Los Angeles,CA,Gold,Beauty,Organic Search,1,1,0.383,0.336,226,0,2,217.62,108.81,22.94,11.47,157,24,2.0,0.0,0.0,0.0,0.0,1.0,39.7,Electronics,202.44,1,4.0,1.0,0.0,0.0,11.25,3.5599999999999996,0.25,0.0,0.0,2.0,4.0,5.658333333333333,1.0,1.0,0.0,0.0,0.0,19.0,0.0,0.0,0.0,0.0,0.0,0.0,2025-10-01,0,0,706.5400000000001
C00162,49,Male,Houston,TX,Unknown,Baby,Referral,1,1,0.451,0.545,350,0,2,298.78,149.39,70.78999999999999,35.394999999999996,156,77,0.7792207792207791,0.0,0.0,0.0,0.0,1.0,55.34,Apparel,170.34,2,7.0,3.0,0.0,0.0,12.857142857142858,5.075,0.42857142857142855,0.0,0.0,10.0,4.2,7.611666666666666,7.0,3.0,2.0,1.0,1.0,31.0,0.1,0.5,1.0,21.6,4.0,0.0,2025-10-01,0,1,0.0
C00164,35,Female,Tacoma,WA,Silver,Grocery,Paid Social,1,1,0.248,0.333,599,0,7,1852.94,264.7057142857143,143.44,20.49142857142857,57,483,0.43478260869565216,0.0,0.0,1.0,408.16,3.0,801.33,Grocery,816.4300000000001,4,3.0,1.0,1.0,0.0,13.333333333333334,2.705,0.3333333333333333,0.3333333333333333,0.0,6.0,4.166666666666667,6.627777777777777,4.0,2.0,1.0,1.0,1.0,34.0,0.16666666666666666,1.0,1.0,12.2,3.0,0.0,2025-10-01,1,0,1960.71
C00166,48,Non-binary,Scottsdale,AZ,Platinum,Apparel,Paid Search,1,1,0.778,0.709,218,0,2,447.51,223.755,128.19,64.095,61,80,0.75,0.0,0.0,1.0,326.6,2.0,447.51,Grocery,303.81,2,7.0,5.0,2.0,1.0,10.714285714285714,4.285,0.7142857142857143,0.2857142857142857,0.14285714285714285,10.0,3.4,5.3566666666666665,4.0,4.0,3.0,1.0,1.0,18.0,0.1,0.3333333333333333,0.0,0.0,0.0,0.0,2025-10-01,0,1,0.0
C00167,50,Male,Los Angeles,CA,Platinum,Beauty,Direct,1,0,0.505,0.789,12,1,1,490.17,490.17,64.91,64.91,6,0,1.0,1.0,490.17,1.0,490.17,1.0,490.17,Electronics,284.58,2,0.0,0.0,0.0,0.0,0.0,0.0,0.0,0.0,0.0,0.0,0.0,0.0,0.0,0.0,0.0,0.0,0.0,0.0,0.0,0.0,0.0,0.0,0.0,0.0,2025-10-01,0,0,1039.87
C00168,68,Non-binary,Phoenix,AZ,Silver,Baby,Direct,1,0,0.3,0.503,559,0,8,1418.06,177.2575,110.49,13.81125,40,505,0.4752475247524753,0.0,0.0,2.0,174.31,2.0,174.31,Grocery,319.28999999999996,6,5.0,1.0,0.0,0.0,11.0,2.715,0.2,0.0,0.0,8.0,4.375,8.427083333333334,4.0,3.0,4.0,2.0,2.0,117.0,0.25,0.5,0.0,0.0,0.0,0.0,2025-10-01,0,0,95.85
C00169,18,Non-binary,San Francisco,CA,Unknown,Baby,Direct,0,1,0.355,0.807,267,0,1,311.78,311.78,28.15,28.15,12,0,1.0,1.0,311.78,1.0,311.78,1.0,311.78,Baby,290.03,1,5.0,3.0,1.0,0.0,17.0,3.5700000000000003,0.6,0.2,0.0,10.0,4.5,7.904999999999999,6.0,6.0,3.0,1.0,1.0,18.0,0.1,0.3333333333333333,0.0,0.0,0.0,0.0,2025-10-01,0,0,1186.81
C00170,20,Female,Naperville,IL,Unknown,Electronics,Referral,1,0,0.737,0.51,105,0,1,108.79,108.79,26.38,26.38,50,0,1.0,0.0,0.0,1.0,108.79,1.0,108.79,Baby,101.2,1,2.0,1.0,0.0,1.0,17.5,2.05,0.5,0.0,0.5,4.0,5.5,8.445833333333333,4.0,2.0,2.0,1.0,1.0,10.0,0.25,0.5,0.0,0.0,0.0,0.0,2025-10-01,0,0,490.28
C00171,70,Male,Phoenix,AZ,Platinum,Electronics,Referral,1,1,0.482,0.614,502,0,9,2186.58,242.95333333333332,367.46,40.82888888888888,97,394,0.6852791878172589,0.0,0.0,0.0,0.0,1.0,390.04,Electronics,1380.0900000000001,5,6.0,1.0,0.0,0.0,18.333333333333332,2.665,0.16666666666666666,0.0,0.0,8.0,2.375,3.177083333333333,2.0,0.0,0.0,0.0,0.0,43.0,0.0,0.0,0.0,0.0,0.0,0.0,2025-10-01,0,0,790.84
C00172,62,Non-binary,Denver,CO,Unknown,Sports,Paid Search,1,0,0.676,0.372,310,0,2,637.6600000000001,318.83000000000004,195.08,97.54,103,119,0.5042016806722689,0.0,0.0,0.0,0.0,1.0,496.86,Electronics,450.2,2,3.0,0.0,0.0,0.0,8.333333333333334,1.5799999999999998,0.0,0.0,0.0,8.0,4.625,7.21875,6.0,5.0,2.0,1.0,1.0,59.0,0.125,0.5,1.0,6.5,3.0,0.0,2025-10-01,0,0,547.68
C00174,61,Male,Los Angeles,CA,Unknown,Pet,Direct,1,1,0.601,0.629,491,0,3,1020.6700000000001,340.22333333333336,132.04000000000002,44.01333333333334,49,91,0.989010989010989,0.0,0.0,2.0,643.0500000000001,3.0,1020.6700000000001,Electronics,582.54,3,6.0,3.0,0.0,0.0,13.333333333333334,3.625,0.5,0.0,0.0,7.0,3.7142857142857144,4.166666666666667,5.0,2.0,0.0,0.0,0.0,40.0,0.0,0.0,0.0,0.0,0.0,0.0,2025-10-01,0,0,518.86
C00176,56,Female,Houston,TX,Gold,Beauty,Affiliate,1,1,0.239,0.903,458,0,4,1308.51,327.1275,146.23000000000002,36.557500000000005,76,274,0.43795620437956206,0.0,0.0,1.0,196.84,2.0,371.6,Beauty,608.4300000000001,4,7.0,5.0,4.0,1.0,14.285714285714286,6.93,0.7142857142857143,0.5714285714285714,0.14285714285714285,15.0,4.6,7.182222222222222,6.0,5.0,8.0,6.0,6.0,9.0,0.4,0.75,0.0,0.0,0.0,0.0,2025-10-01,0,1,0.0
C00179,31,Male,Naperville,IL,Silver,Baby,Organic Search,1,0,0.409,0.277,110,0,1,327.39,327.39,69.34,69.34,100,0,1.0,0.0,0.0,0.0,0.0,1.0,327.39,Grocery,304.55,1,2.0,0.0,0.0,0.0,10.0,2.2199999999999998,0.0,0.0,0.0,2.0,3.0,4.275,1.0,0.0,0.0,0.0,0.0,70.0,0.0,0.0,0.0,0.0,0.0,0.0,2025-10-01,0,1,0.0
C00181,60,Female,San Francisco,CA,Unknown,Home,Paid Search,1,1,0.476,0.333,92,0,1,182.57,182.57,44.12,44.12,86,0,1.0,0.0,0.0,1.0,182.57,1.0,182.57,Sports,157.08,2,2.0,0.0,0.0,0.0,20.0,0.86,0.0,0.0,0.0,7.0,4.0,6.242857142857143,4.0,3.0,1.0,1.0,1.0,5.0,0.14285714285714285,1.0,0.0,0.0,0.0,0.0,2025-10-01,1,0,133.21
C00182,53,Female,Boulder,CO,Silver,Beauty,Paid Search,1,0,0.311,0.11,239,0,3,751.21,250.40333333333334,63.41,21.136666666666667,153,43,2.0930232558139537,0.0,0.0,0.0,0.0,2.0,493.6,Electronics,296.55,4,4.0,1.0,0.0,0.0,17.5,3.75,0.25,0.0,0.0,7.0,3.857142857142857,7.271428571428572,5.0,2.0,1.0,0.0,0.0,29.0,0.0,0.0,0.0,0.0,0.0,0.0,2025-10-01,0,0,226.7
C00183,47,Female,Buffalo,NY,Silver,Beauty,Direct,1,1,0.48,0.396,287,0,1,197.08,197.08,42.56,42.56,29,0,1.0,1.0,197.08,1.0,197.08,1.0,197.08,Beauty,183.33,1,5.0,2.0,0.0,0.0,8.0,1.5999999999999999,0.4,0.0,0.0,4.0,5.5,9.725,4.0,4.0,2.0,0.0,0.0,52.0,0.0,0.0,0.0,0.0,0.0,0.0,2025-10-01,0,0,344.45000000000005
C00185,46,Non-binary,Orlando,FL,Platinum,Pet,Referral,1,1,0.596,0.616,201,0,5,1138.32,227.664,233.06000000000003,46.61200000000001,6,190,0.7894736842105263,2.0,339.65,3.0,693.38,4.0,907.26,Pet,653.74,3,4.0,2.0,0.0,0.0,13.75,2.37,0.5,0.0,0.0,5.0,6.2,9.446666666666667,5.0,5.0,4.0,1.0,1.0,4.0,0.2,0.25,0.0,0.0,0.0,0.0,2025-10-01,0,0,454.16
C00188,31,Non-binary,Scottsdale,AZ,Gold,Beauty,Referral,0,0,0.705,0.654,496,0,3,544.94,181.64666666666668,118.71000000000001,39.57,179,265,0.33962264150943394,0.0,0.0,0.0,0.0,1.0,194.74,Beauty,327.99,2,5.0,1.0,1.0,0.0,13.0,3.02,0.2,0.2,0.0,3.0,4.333333333333333,7.894444444444445,2.0,1.0,1.0,0.0,0.0,71.0,0.0,0.0,0.0,0.0,0.0,0.0,2025-10-01,0,0,399.56
C00189,76,Male,Naperville,IL,Gold,Apparel,Paid Social,1,1,0.438,0.647,599,0,5,1095.1,219.01999999999998,169.22,33.844,105,293,0.5119453924914675,0.0,0.0,0.0,0.0,1.0,126.94,Apparel,645.1700000000001,3,5.0,1.0,0.0,0.0,10.0,2.4299999999999997,0.2,0.0,0.0,9.0,5.111111111111111,9.303703703703704,6.0,5.0,4.0,4.0,4.0,5.0,0.4444444444444444,1.0,0.0,0.0,0.0,0.0,2025-10-01,0,0,945.48
C00190,60,Male,Raleigh,NC,Platinum,Beauty,Paid Social,1,1,0.459,0.311,146,0,2,1713.57,856.785,189.35,94.675,13,117,0.5128205128205129,1.0,255.99,1.0,255.99,2.0,1713.57,Beauty,1553.3,2,2.0,1.0,0.0,0.0,15.0,1.505,0.5,0.0,0.0,1.0,6.0,9.2,1.0,1.0,1.0,0.0,0.0,120.0,0.0,0.0,1.0,15.3,4.0,0.0,2025-10-01,0,0,1080.96
C00195,55,Non-binary,Tacoma,WA,Unknown,Sports,Affiliate,1,1,0.581,0.913,554,0,4,1925.84,481.46,313.08,78.27,5,531,0.22598870056497175,1.0,136.6,2.0,546.4,3.0,1167.44,Home,932.23,5,5.0,2.0,1.0,0.0,15.0,2.3,0.4,0.2,0.0,15.0,3.8,6.496666666666667,8.0,5.0,4.0,1.0,1.0,3.0,0.06666666666666667,0.25,0.0,0.0,0.0,0.0,2025-10-01,0,1,0.0
C00196,43,Male,Boston,MA,Unknown,Sports,Direct,1,0,0.719,0.525,357,0,3,1120.1,373.3666666666666,146.81,48.93666666666667,74,242,0.37190082644628103,0.0,0.0,1.0,754.74,1.0,754.74,Sports,739.19,2,4.0,0.0,0.0,0.0,20.0,2.71,0.0,0.0,0.0,6.0,4.833333333333333,6.777777777777779,3.0,3.0,3.0,2.0,2.0,0.0,0.3333333333333333,0.6666666666666666,0.0,0.0,0.0,0.0,2025-10-01,0,0,55.85
C00197,70,Male,Dallas,TX,Gold,Sports,Affiliate,1,1,0.612,0.187,474,0,7,2732.11,390.3014285714286,483.27,69.03857142857143,17,440,0.4772727272727273,1.0,331.1,2.0,944.6700000000001,2.0,944.6700000000001,Sports,1703.72,5,5.0,1.0,0.0,0.0,19.0,4.22,0.2,0.0,0.0,6.0,3.5,3.702777777777778,4.0,2.0,0.0,0.0,0.0,91.0,0.0,0.0,0.0,0.0,0.0,0.0,2025-10-01,0,0,481.54
C00198,29,Prefer not to say,Naperville,IL,Gold,Electronics,Organic Search,1,0,0.678,0.833,412,0,3,429.01,143.00333333333333,88.2,29.400000000000002,212,197,0.4568527918781726,0.0,0.0,0.0,0.0,0.0,0.0,Grocery,224.51,3,10.0,5.0,2.0,0.0,14.0,6.825,0.5,0.2,0.0,8.0,4.0,7.456250000000001,3.0,2.0,3.0,2.0,2.0,49.0,0.25,0.6666666666666666,0.0,0.0,0.0,0.0,2025-10-01,0,0,206.25
C00200,25,Non-binary,Raleigh,NC,Silver,Apparel,Direct,1,1,0.362,0.583,67,1,2,713.86,356.93,70.32,35.16,12,45,1.3333333333333333,1.0,583.71,2.0,713.86,2.0,713.86,Apparel,542.99,2,1.0,0.0,0.0,0.0,15.0,0.72,0.0,0.0,0.0,1.0,5.0,7.616666666666666,1.0,1.0,0.0,0.0,0.0,33.0,0.0,0.0,1.0,9.8,5.0,0.0,2025-10-01,1,0,1023.99
C00001,33,Female,Scottsdale,AZ,Silver,Beauty,Paid Search,1,0,0.852,0.38,277,0,2,372.04999999999995,186.02499999999998,119.38999999999999,59.69499999999999,2,266,0.22556390977443608,1.0,186.92,1.0,186.92,1.0,186.92,Apparel,172.21,3,2.0,1.0,0.0,1.0,7.5,0.73,0.5,0.0,0.5,9.0,4.888888888888889,6.559259259259259,6.0,5.0,4.0,2.0,2.0,39.0,0.2222222222222222,0.5,0.0,0.0,0.0,0.0,2025-11-01,0,1,0.0
C00002,34,Male,Raleigh,NC,Silver,Baby,Affiliate,1,1,0.559,0.441,98,0,2,438.64,219.32,94.33,47.165,6,88,0.6818181818181819,1.0,366.87,1.0,366.87,2.0,438.64,Electronics,189.05,3,3.0,1.0,0.0,1.0,18.333333333333332,3.42,0.3333333333333333,0.0,0.3333333333333333,5.0,3.6,4.786666666666667,3.0,2.0,0.0,0.0,0.0,1.0,0.0,0.0,0.0,0.0,0.0,0.0,2025-11-01,0,0,245.12
C00003,44,Female,Austin,TX,Unknown,Pet,Referral,1,0,0.349,0.49,220,0,1,354.37,354.37,77.42,77.42,67,0,1.0,0.0,0.0,1.0,354.37,1.0,354.37,Pet,329.65,1,2.0,0.0,0.0,1.0,2.5,0.725,0.0,0.0,0.5,5.0,4.4,7.269999999999999,3.0,3.0,3.0,0.0,0.0,94.0,0.0,0.0,0.0,0.0,0.0,0.0,2025-11-01,0,0,397.52
C00006,40,Male,New York,NY,Silver,Grocery,Direct,1,1,0.507,0.902,335,0,2,483.8,241.9,94.55,47.275,14,133,0.45112781954887216,1.0,65.01,1.0,65.01,2.0,483.8,Beauty,389.57,2,7.0,3.0,2.0,1.0,19.285714285714285,8.12,0.42857142857142855,0.2857142857142857,0.14285714285714285,7.0,3.857142857142857,6.435714285714285,3.0,2.0,2.0,2.0,2.0,4.0,0.2857142857142857,1.0,0.0,0.0,0.0,0.0,2025-11-01,0,0,1051.67
C00008,56,Female,Charlotte,NC,Unknown,Sports,Paid Social,1,0,0.755,0.458,351,0,4,2082.87,520.7175,466.16999999999996,116.54249999999999,73,259,0.46332046332046334,0.0,0.0,1.0,390.32,1.0,390.32,Sports,1580.53,3,2.0,1.0,0.0,0.0,15.0,2.2199999999999998,0.5,0.0,0.0,8.0,3.625,4.808333333333334,2.0,2.0,1.0,1.0,1.0,5.0,0.125,1.0,0.0,0.0,0.0,0.0,2025-11-01,0,1,0.0
C00009,64,Non-binary,Boulder,CO,Unknown,Electronics,Referral,1,0,0.891,0.515,600,0,1,267.15,267.15,59.97,59.97,29,0,1.0,1.0,267.15,1.0,267.15,1.0,267.15,Grocery,248.51000000000002,1,7.0,4.0,1.0,0.0,10.0,7.325,0.5714285714285714,0.14285714285714285,0.0,7.0,4.428571428571429,6.702380952380952,5.0,4.0,3.0,0.0,0.0,25.0,0.0,0.0,0.0,0.0,0.0,0.0,2025-11-01,0,0,366.66
C00014,23,Male,Seattle,WA,Unknown,Baby,Affiliate,1,1,0.251,0.454,618,0,5,1482.1,296.41999999999996,136.92,27.383999999999997,47,492,0.30487804878048785,0.0,0.0,1.0,80.94,3.0,861.13,Sports,780.8199999999999,4,2.0,2.0,0.0,0.0,12.5,0.015,1.0,0.0,0.0,8.0,5.5,9.239583333333334,6.0,4.0,4.0,4.0,4.0,7.0,0.5,1.0,0.0,0.0,0.0,0.0,2025-11-01,0,1,0.0
C00016,68,Male,Boulder,CO,Platinum,Electronics,Organic Search,1,0,0.466,0.649,493,0,4,1248.18,312.045,220.24,55.06,49,331,0.36253776435045315,0.0,0.0,1.0,448.98,1.0,448.98,Beauty,417.65999999999997,5,5.0,4.0,3.0,1.0,15.0,1.73,0.8,0.6,0.2,7.0,4.714285714285714,7.642857142857143,3.0,2.0,4.0,3.0,3.0,29.0,0.42857142857142855,0.75,0.0,0.0,0.0,0.0,2025-11-01,0,0,354.88
C00017,35,Prefer not to say,Orlando,FL,Platinum,Beauty,Organic Search,1,0,0.472,0.673,398,0,11,3060.23,278.20272727272726,486.8,44.25454545454546,16,374,0.8823529411764706,1.0,192.3,3.0,701.38,4.0,1197.49,Beauty,1487.51,5,5.0,3.0,1.0,1.0,14.0,3.26,0.6,0.2,0.2,9.0,5.0,7.187037037037038,7.0,4.0,4.0,2.0,2.0,12.0,0.2222222222222222,0.5,2.0,21.3,4.5,0.0,2025-11-01,1,0,1082.31
C00019,66,Female,Raleigh,NC,Silver,Baby,Organic Search,1,1,0.724,0.433,485,0,3,333.25,111.08333333333333,64.38,21.459999999999997,161,229,0.3930131004366812,0.0,0.0,0.0,0.0,1.0,19.4,Beauty,184.98,4,2.0,0.0,0.0,0.0,17.5,1.505,0.0,0.0,0.0,9.0,3.111111111111111,4.07037037037037,5.0,1.0,0.0,0.0,0.0,79.0,0.0,0.0,0.0,0.0,0.0,0.0,2025-11-01,0,0,254.16
C00021,59,Male,San Francisco,CA,Unknown,Pet,Direct,1,0,0.943,0.728,546,0,1,136.83,136.83,37.09,37.09,535,0,1.0,0.0,0.0,0.0,0.0,0.0,0.0,Apparel,127.28,1,8.0,3.0,1.0,1.0,13.75,7.279999999999999,0.375,0.125,0.125,11.0,4.7272727272727275,7.292424242424243,7.0,2.0,6.0,4.0,4.0,47.0,0.36363636363636365,0.6666666666666666,0.0,0.0,0.0,0.0,2025-11-01,0,0,1041.47
C00023,20,Male,Boulder,CO,Silver,Grocery,Organic Search,0,1,0.84,0.391,105,0,3,473.1,157.70000000000002,96.22,32.07333333333333,18,35,2.571428571428571,2.0,376.16999999999996,3.0,473.1,3.0,473.1,Grocery,433.6,1,0.0,0.0,0.0,0.0,0.0,0.0,0.0,0.0,0.0,4.0,3.75,4.454166666666667,2.0,2.0,1.0,0.0,0.0,11.0,0.0,0.0,0.0,0.0,0.0,0.0,2025-11-01,0,0,409.71000000000004
C00024,72,Prefer not to say,Scottsdale,AZ,Platinum,Beauty,Direct,1,0,0.674,0.414,132,0,2,440.09999999999997,220.04999999999998,123.03,61.515,12,65,0.9230769230769231,1.0,356.64,2.0,440.09999999999997,2.0,440.09999999999997,Sports,260.81,2,1.0,0.0,0.0,0.0,0.0,0.01,0.0,0.0,0.0,2.0,5.0,8.933333333333334,1.0,0.0,1.0,1.0,1.0,56.0,0.5,1.0,1.0,5.9,4.0,0.0,2025-11-01,1,0,563.9300000000001
C00026,27,Male,Cambridge,MA,Gold,Sports,Direct,1,1,0.732,0.88,287,0,7,1453.69,207.67000000000002,331.08000000000004,47.297142857142866,1,270,0.7777777777777778,2.0,336.31,2.0,336.31,5.0,1107.46,Sports,929.52,3,6.0,4.0,1.0,0.0,15.0,3.275,0.6666666666666666,0.16666666666666666,0.0,13.0,4.769230769230769,9.297435897435896,9.0,8.0,5.0,3.0,3.0,52.0,0.23076923076923078,0.6,1.0,8.8,4.0,0.0,2025-11-01,1,0,1348.18
C00027,62,Non-binary,Phoenix,AZ,Unknown,Beauty,Direct,1,1,0.218,0.407,661,0,3,881.91,293.96999999999997,131.41,43.803333333333335,3,506,0.17786561264822134,1.0,176.59,1.0,176.59,1.0,176.59,Electronics,587.13,3,8.0,3.0,1.0,0.0,15.625,7.109999999999999,0.375,0.125,0.0,8.0,4.75,7.977083333333334,7.0,5.0,3.0,0.0,0.0,45.0,0.0,0.0,0.0,0.0,0.0,0.0,2025-11-01,1,0,401.97
C00029,48,Non-binary,Houston,TX,Unknown,Grocery,Paid Social,1,1,0.833,0.897,536,0,2,581.05,290.525,107.71000000000001,53.855000000000004,320,72,0.8333333333333334,0.0,0.0,0.0,0.0,0.0,0.0,Beauty,185.53,4,3.0,0.0,0.0,0.0,5.0,2.16,0.0,0.0,0.0,10.0,4.5,6.886666666666666,5.0,4.0,5.0,4.0,4.0,18.0,0.4,0.8,1.0,4.4,4.0,0.0,2025-11-01,0,0,270.32
C00030,55,Prefer not to say,Orlando,FL,Unknown,Pet,Organic Search,1,1,0.554,0.489,593,0,6,1655.17,275.8616666666667,253.23000000000002,42.205000000000005,43,489,0.36809815950920244,0.0,0.0,1.0,392.89,2.0,549.35,Pet,954.59,3,2.0,1.0,1.0,0.0,10.0,0.73,0.5,0.5,0.0,14.0,4.142857142857143,6.854761904761905,8.0,7.0,4.0,1.0,1.0,20.0,0.07142857142857142,0.25,0.0,0.0,0.0,0.0,2025-11-01,0,0,416.77000000000004
C00033,56,Female,Dallas,TX,Unknown,Electronics,Paid Search,0,1,0.298,0.419,205,0,2,450.49,225.245,39.16,19.58,34,151,0.3973509933774835,0.0,0.0,1.0,159.26,1.0,159.26,Electronics,270.91,2,1.0,1.0,1.0,0.0,0.0,0.005,1.0,1.0,0.0,7.0,3.142857142857143,4.84047619047619,1.0,0.0,2.0,2.0,2.0,3.0,0.2857142857142857,1.0,0.0,0.0,0.0,0.0,2025-11-01,0,0,968.15
C00035,75,Female,Scottsdale,AZ,Silver,Electronics,Affiliate,1,1,0.544,0.406,559,0,5,1444.8,288.96,238.24,47.648,5,384,0.390625,2.0,198.63,2.0,198.63,2.0,198.63,Electronics,734.76,4,6.0,5.0,0.0,1.0,13.333333333333334,2.735,0.8333333333333334,0.0,0.16666666666666666,7.0,4.142857142857143,6.683333333333333,5.0,3.0,1.0,1.0,1.0,25.0,0.14285714285714285,1.0,0.0,0.0,0.0,0.0,2025-11-01,0,1,0.0
C00036,74,Male,Raleigh,NC,Silver,Grocery,Referral,0,1,0.552,0.811,31,1,1,484.79,484.79,141.55,141.55,19,0,1.0,1.0,484.79,1.0,484.79,1.0,484.79,Grocery,450.97,1,2.0,2.0,0.0,2.0,10.0,0.855,1.0,0.0,1.0,0.0,0.0,0.0,0.0,0.0,0.0,0.0,0.0,0.0,0.0,0.0,0.0,0.0,0.0,0.0,2025-11-01,0,0,609.18
C00040,35,Prefer not to say,Naperville,IL,Gold,Apparel,Referral,1,1,0.591,0.195,206,0,2,823.6500000000001,411.82500000000005,140.73,70.365,51,72,0.8333333333333334,0.0,0.0,1.0,392.49,2.0,823.6500000000001,Sports,401.08000000000004,2,3.0,0.0,0.0,0.0,5.0,2.705,0.0,0.0,0.0,3.0,2.0,3.588888888888889,0.0,0.0,0.0,0.0,0.0,58.0,0.0,0.0,1.0,5.2,3.0,0.0,2025-11-01,1,0,441.71000000000004
C00041,67,Male,Boulder,CO,Gold,Sports,Paid Social,1,1,0.209,0.683,450,0,6,2405.5099999999998,400.9183333333333,196.54,32.75666666666667,129,250,0.72,0.0,0.0,0.0,0.0,2.0,155.15,Baby,922.78,5,8.0,4.0,1.0,0.0,11.875,5.625,0.5,0.125,0.0,12.0,5.25,9.299999999999999,9.0,6.0,6.0,5.0,5.0,31.0,0.4166666666666667,0.8333333333333334,1.0,4.6,3.0,0.0,2025-11-01,1,0,414.4
C00045,58,Non-binary,Orlando,FL,Unknown,Baby,Affiliate,1,1,0.437,0.815,593,0,3,414.84000000000003,138.28,40.3,13.433333333333332,155,418,0.21531100478468898,0.0,0.0,0.0,0.0,1.0,281.23,Baby,385.90000000000003,1,5.0,3.0,0.0,0.0,13.0,4.2749999999999995,0.6,0.0,0.0,9.0,5.444444444444445,8.005555555555555,6.0,5.0,6.0,4.0,4.0,46.0,0.4444444444444444,0.6666666666666666,0.0,0.0,0.0,0.0,2025-11-01,0,0,81.34
C00048,39,Female,Charlotte,NC,Platinum,Grocery,Paid Social,1,0,0.137,0.355,324,0,10,3309.9,330.99,231.26,23.125999999999998,101,188,1.5957446808510638,0.0,0.0,0.0,0.0,6.0,2118.53,Sports,861.32,7,4.0,1.0,0.0,0.0,7.5,2.715,0.25,0.0,0.0,6.0,4.0,6.622222222222223,3.0,1.0,2.0,2.0,2.0,22.0,0.3333333333333333,1.0,1.0,6.9,4.0,0.0,2025-11-01,0,0,549.5600000000001
C00050,51,Female,Buffalo,NY,Silver,Baby,Affiliate,1,1,0.535,0.708,486,0,3,500.52,166.84,72.52000000000001,24.173333333333336,224,132,0.6818181818181818,0.0,0.0,0.0,0.0,0.0,0.0,Baby,459.1,1,5.0,3.0,2.0,0.0,11.0,1.54,0.6,0.4,0.0,7.0,2.857142857142857,4.007142857142857,2.0,1.0,2.0,1.0,1.0,7.0,0.14285714285714285,0.5,0.0,0.0,0.0,0.0,2025-11-01,0,0,997.98
C00051,46,Prefer not to say,Orlando,FL,Unknown,Beauty,Referral,1,1,0.288,0.326,504,0,3,1478.01,492.67,170.87,56.95666666666667,213,235,0.3829787234042553,0.0,0.0,0.0,0.0,0.0,0.0,Beauty,776.84,2,4.0,2.0,0.0,0.0,11.25,4.32,0.5,0.0,0.0,5.0,4.2,6.36,3.0,3.0,2.0,0.0,0.0,56.0,0.0,0.0,1.0,42.7,4.0,0.0,2025-11-01,0,1,0.0
C00052,71,Prefer not to say,New York,NY,Unknown,Beauty,Paid Search,1,0,0.481,0.323,505,0,5,3476.8,695.36,435.65,87.13,31,458,0.32751091703056767,0.0,0.0,1.0,1098.45,1.0,1098.45,Beauty,2091.99,4,3.0,2.0,1.0,0.0,10.0,1.52,0.6666666666666666,0.3333333333333333,0.0,5.0,5.0,7.7333333333333325,4.0,2.0,2.0,1.0,1.0,126.0,0.2,0.5,0.0,0.0,0.0,0.0,2025-11-01,0,1,0.0
C00053,71,Prefer not to say,Boston,MA,Platinum,Grocery,Direct,1,1,0.411,0.855,643,0,11,3734.91,339.5372727272727,596.57,54.23363636363637,33,596,0.5536912751677853,0.0,0.0,2.0,506.02,3.0,737.35,Grocery,1424.27,6,11.0,7.0,2.0,0.0,14.090909090909092,7.199999999999999,0.6363636363636364,0.18181818181818182,0.0,14.0,5.071428571428571,9.019047619047619,8.0,6.0,9.0,6.0,6.0,11.0,0.42857142857142855,0.6666666666666666,1.0,7.2,4.0,0.0,2025-11-01,1,0,124.88999999999999
C00054,68,Prefer not to say,San Jose,CA,Silver,Beauty,Organic Search,1,1,0.511,0.85,589,0,10,3609.15,360.915,429.7,42.97,61,495,0.6060606060606061,0.0,0.0,2.0,410.40999999999997,3.0,546.8,Beauty,2363.59,4,8.0,4.0,2.0,0.0,1.875,7.35,0.5,0.25,0.0,15.0,4.866666666666666,7.954444444444444,11.0,10.0,6.0,3.0,3.0,125.0,0.2,0.5,1.0,10.7,5.0,0.0,2025-11-01,1,0,845.04
C00056,52,Non-binary,Seattle,WA,Unknown,Grocery,Direct,1,0,0.541,0.797,288,0,2,535.26,267.63,47.54,23.77,46,139,0.4316546762589928,0.0,0.0,1.0,184.53,1.0,184.53,Electronics,326.26,2,3.0,0.0,0.0,0.0,6.666666666666667,1.45,0.0,0.0,0.0,7.0,6.0,11.321428571428571,6.0,6.0,4.0,3.0,3.0,22.0,0.42857142857142855,0.75,0.0,0.0,0.0,0.0,2025-11-01,0,1,0.0
C00059,40,Prefer not to say,Austin,TX,Silver,Beauty,Direct,0,1,0.806,0.526,236,0,1,554.58,554.58,94.94,94.94,25,0,1.0,1.0,554.58,1.0,554.58,1.0,554.58,Beauty,515.89,1,3.0,2.0,2.0,0.0,15.0,2.0549999999999997,0.6666666666666666,0.6666666666666666,0.0,10.0,4.0,6.403333333333333,5.0,4.0,3.0,0.0,0.0,1.0,0.0,0.0,0.0,0.0,0.0,0.0,2025-11-01,0,1,0.0
C00060,68,Prefer not to say,Seattle,WA,Unknown,Electronics,Paid Search,1,0,0.258,0.86,225,0,1,107.99,107.99,11.47,11.47,98,0,1.0,0.0,0.0,0.0,0.0,1.0,107.99,Electronics,100.46,1,4.0,3.0,0.0,0.0,17.5,1.5799999999999998,0.75,0.0,0.0,5.0,3.0,5.243333333333333,1.0,1.0,1.0,0.0,0.0,20.0,0.0,0.0,0.0,0.0,0.0,0.0,2025-11-01,0,1,0.0
C00061,25,Female,Chicago,IL,Silver,Electronics,Referral,1,0,0.401,0.501,295,0,1,336.46,336.46,27.82,27.82,39,0,1.0,0.0,0.0,1.0,336.46,1.0,336.46,Home,312.99,1,3.0,1.0,0.0,0.0,16.666666666666668,2.6399999999999997,0.3333333333333333,0.0,0.0,8.0,4.0,6.810416666666667,5.0,4.0,2.0,0.0,0.0,13.0,0.0,0.0,0.0,0.0,0.0,0.0,2025-11-01,0,0,1032.73
C00062,63,Prefer not to say,Seattle,WA,Unknown,Baby,Direct,0,0,0.241,0.769,550,0,6,1975.51,329.25166666666667,157.32999999999998,26.221666666666664,63,484,0.37190082644628103,0.0,0.0,1.0,82.21,2.0,291.76,Baby,1081.6200000000001,4,5.0,3.0,2.0,0.0,11.0,4.58,0.6,0.4,0.0,6.0,3.0,3.897222222222222,2.0,1.0,0.0,0.0,0.0,46.0,0.0,0.0,1.0,7.7,4.0,0.0,2025-11-01,0,0,296.44
C00064,22,Male,Scottsdale,AZ,Unknown,Beauty,Direct,1,1,0.664,0.513,293,0,1,220.15,220.15,35.61,35.61,227,0,1.0,0.0,0.0,0.0,0.0,0.0,0.0,Sports,204.79,1,4.0,2.0,0.0,0.0,10.0,3.0749999999999997,0.5,0.0,0.0,5.0,3.4,5.206666666666667,2.0,1.0,1.0,1.0,1.0,70.0,0.2,1.0,0.0,0.0,0.0,0.0,2025-11-01,0,0,527.99
C00065,30,Non-binary,Chicago,IL,Gold,Beauty,Direct,1,1,0.298,0.62,141,0,1,225.46,225.46,29.91,29.91,21,0,1.0,1.0,225.46,1.0,225.46,1.0,225.46,Sports,209.73,1,1.0,1.0,0.0,0.0,15.0,0.01,1.0,0.0,0.0,5.0,5.4,10.24,4.0,2.0,3.0,2.0,2.0,9.0,0.4,0.6666666666666666,0.0,0.0,0.0,0.0,2025-11-01,0,0,303.17
C00067,40,Prefer not to say,Seattle,WA,Silver,Electronics,Paid Social,1,1,0.304,0.476,255,0,3,956.77,318.92333333333335,104.53999999999999,34.846666666666664,139,104,0.8653846153846153,0.0,0.0,0.0,0.0,1.0,335.65,Electronics,890.0100000000001,1,1.0,0.0,0.0,0.0,10.0,0.72,0.0,0.0,0.0,6.0,4.666666666666667,7.836111111111111,4.0,4.0,4.0,0.0,0.0,19.0,0.0,0.0,0.0,0.0,0.0,0.0,2025-11-01,0,0,418.5
C00068,38,Male,Phoenix,AZ,Gold,Baby,Referral,0,1,0.471,0.733,423,0,4,920.28,230.07,187.26,46.815,214,103,1.1650485436893205,0.0,0.0,0.0,0.0,0.0,0.0,Beauty,361.49,3,9.0,4.0,2.0,1.0,13.333333333333334,7.41,0.4444444444444444,0.2222222222222222,0.1111111111111111,2.0,2.5,2.808333333333333,1.0,0.0,0.0,0.0,0.0,197.0,0.0,0.0,0.0,0.0,0.0,0.0,2025-11-01,0,0,138.57
C00069,72,Female,Scottsdale,AZ,Platinum,Sports,Paid Search,0,0,0.671,0.256,355,0,12,3400.56,283.38,582.25,48.520833333333336,25,326,1.1042944785276072,1.0,317.15,1.0,317.15,7.0,2179.46,Sports,2527.31,5,8.0,1.0,0.0,0.0,14.375,7.905,0.125,0.0,0.0,5.0,3.6,5.9,3.0,2.0,1.0,0.0,0.0,33.0,0.0,0.0,1.0,18.2,3.0,0.0,2025-11-01,0,0,262.33
C00070,61,Female,Chicago,IL,Platinum,Electronics,Organic Search,1,0,0.509,0.716,258,0,5,1438.6,287.71999999999997,353.78000000000003,70.756,33,142,1.056338028169014,0.0,0.0,1.0,417.54,5.0,1438.6,Electronics,801.53,2,4.0,0.0,0.0,0.0,15.0,2.65,0.0,0.0,0.0,2.0,3.0,3.708333333333333,0.0,0.0,0.0,0.0,0.0,39.0,0.0,0.0,0.0,0.0,0.0,0.0,2025-11-01,1,0,158.92000000000002
C00073,44,Prefer not to say,Charlotte,NC,Gold,Electronics,Direct,1,1,0.474,0.36,78,1,1,236.66,236.66,41.76,41.76,48,0,1.0,0.0,0.0,1.0,236.66,1.0,236.66,Home,220.15,1,1.0,1.0,0.0,0.0,10.0,0.005,1.0,0.0,0.0,3.0,6.0,7.461111111111111,2.0,2.0,2.0,2.0,2.0,41.0,0.6666666666666666,1.0,0.0,0.0,0.0,0.0,2025-11-01,1,0,1262.53
C00074,33,Non-binary,Scottsdale,AZ,Silver,Grocery,Paid Search,0,0,0.419,0.793,338,0,2,351.95,175.975,46.5,23.25,196,15,2.0,0.0,0.0,0.0,0.0,0.0,0.0,Grocery,327.39,1,4.0,3.0,1.0,1.0,17.5,1.7149999999999999,0.75,0.25,0.25,6.0,3.3333333333333335,5.605555555555555,4.0,1.0,1.0,0.0,0.0,85.0,0.0,0.0,0.0,0.0,0.0,0.0,2025-11-01,0,0,54.62
C00075,63,Female,Buffalo,NY,Unknown,Baby,Referral,1,0,0.528,0.778,375,0,4,2238.4300000000003,559.6075000000001,232.59,58.1475,67,305,0.3934426229508197,0.0,0.0,1.0,138.31,1.0,138.31,Beauty,876.67,4,2.0,0.0,0.0,1.0,2.5,2.2199999999999998,0.0,0.0,0.5,8.0,5.375,9.470833333333333,6.0,4.0,4.0,3.0,3.0,38.0,0.375,0.75,0.0,0.0,0.0,0.0,2025-11-01,1,0,294.59
C00076,44,Non-binary,Buffalo,NY,Unknown,Apparel,Organic Search,1,1,0.234,0.582,451,0,3,783.72,261.24,84.99000000000001,28.330000000000002,62,260,0.3461538461538462,0.0,0.0,1.0,146.62,2.0,310.25,Apparel,475.76,3,2.0,1.0,1.0,1.0,25.0,2.05,0.5,0.5,0.5,12.0,4.333333333333333,7.347222222222222,7.0,5.0,4.0,3.0,3.0,36.0,0.25,0.75,0.0,0.0,0.0,0.0,2025-11-01,0,1,0.0
C00078,28,Prefer not to say,Scottsdale,AZ,Gold,Apparel,Direct,1,0,0.54,0.89,264,0,1,73.19,73.19,11.06,11.06,99,0,1.0,0.0,0.0,0.0,0.0,1.0,73.19,Electronics,68.08,1,4.0,1.0,0.0,0.0,15.0,3.62,0.25,0.0,0.0,7.0,4.0,6.0,4.0,4.0,2.0,0.0,0.0,48.0,0.0,0.0,0.0,0.0,0.0,0.0,2025-11-01,0,0,1430.87
C00082,50,Prefer not to say,Austin,TX,Platinum,Pet,Referral,1,1,0.634,0.29,93,0,3,1316.7,438.90000000000003,424.53999999999996,141.51333333333332,28,29,3.0,1.0,249.93,3.0,1316.7,3.0,1316.7,Apparel,746.47,3,2.0,0.0,0.0,0.0,25.0,0.725,0.0,0.0,0.0,2.0,7.0,9.433333333333334,2.0,2.0,2.0,1.0,1.0,45.0,0.5,0.5,0.0,0.0,0.0,0.0,2025-11-01,1,0,1041.92
C00084,43,Male,Boston,MA,Silver,Sports,Organic Search,1,0,0.54,0.654,532,0,3,348.0,116.0,49.269999999999996,16.423333333333332,91,185,0.48648648648648646,0.0,0.0,0.0,0.0,2.0,157.37,Sports,285.05,2,4.0,1.0,0.0,2.0,20.0,3.21,0.25,0.0,0.5,11.0,5.090909090909091,9.021212121212121,6.0,3.0,7.0,6.0,6.0,7.0,0.5454545454545454,0.8571428571428571,0.0,0.0,0.0,0.0,2025-11-01,0,0,229.29
C00085,20,Prefer not to say,Denver,CO,Silver,Sports,Paid Search,1,1,0.684,0.731,196,0,1,70.47,70.47,13.59,13.59,190,0,1.0,0.0,0.0,0.0,0.0,0.0,0.0,Electronics,65.55,1,4.0,2.0,1.0,0.0,7.5,2.715,0.5,0.25,0.0,4.0,5.0,8.279166666666667,3.0,1.0,2.0,2.0,2.0,12.0,0.5,1.0,0.0,0.0,0.0,0.0,2025-11-01,1,0,762.88
C00086,33,Non-binary,Denver,CO,Gold,Electronics,Direct,1,1,0.416,0.431,431,0,4,890.61,222.6525,121.82000000000001,30.455000000000002,61,308,0.3896103896103896,0.0,0.0,1.0,47.44,1.0,47.44,Electronics,491.96000000000004,3,2.0,0.0,0.0,0.0,12.5,1.44,0.0,0.0,0.0,3.0,3.3333333333333335,3.8944444444444444,0.0,0.0,1.0,1.0,1.0,61.0,0.3333333333333333,1.0,1.0,23.0,4.0,0.0,2025-11-01,0,0,992.87
C00087,42,Male,Los Angeles,CA,Unknown,Beauty,Referral,1,1,0.572,0.766,389,0,1,194.28,194.28,24.72,24.72,109,0,1.0,0.0,0.0,0.0,0.0,1.0,194.28,Grocery,180.73,1,7.0,2.0,1.0,0.0,10.0,3.295,0.2857142857142857,0.14285714285714285,0.0,9.0,4.444444444444445,7.633333333333334,4.0,4.0,5.0,3.0,3.0,43.0,0.3333333333333333,0.6,0.0,0.0,0.0,0.0,2025-11-01,0,1,0.0
C00089,48,Male,Boston,MA,Unknown,Electronics,Referral,0,1,0.623,0.949,396,0,1,959.79,959.79,179.7,179.7,344,0,1.0,0.0,0.0,0.0,0.0,0.0,0.0,Pet,635.78,2,7.0,1.0,0.0,2.0,9.285714285714286,5.56,0.14285714285714285,0.0,0.2857142857142857,14.0,4.714285714285714,7.329761904761904,9.0,6.0,7.0,4.0,4.0,17.0,0.2857142857142857,0.5714285714285714,0.0,0.0,0.0,0.0,2025-11-01,1,0,709.12
C00090,20,Male,Boston,MA,Silver,Grocery,Organic Search,1,0,0.232,0.853,381,0,5,898.46,179.692,111.98,22.396,108,261,0.574712643678161,0.0,0.0,0.0,0.0,2.0,104.85999999999999,Home,280.38,5,6.0,3.0,1.0,0.0,12.5,3.42,0.5,0.16666666666666666,0.0,10.0,4.0,5.595000000000001,5.0,3.0,2.0,1.0,1.0,75.0,0.1,0.5,0.0,0.0,0.0,0.0,2025-11-01,0,1,0.0
C00092,31,Prefer not to say,Boulder,CO,Silver,Electronics,Organic Search,1,0,0.805,0.738,527,0,4,1217.25,304.3125,273.98,68.495,96,345,0.34782608695652173,0.0,0.0,0.0,0.0,1.0,469.82,Electronics,349.61,4,2.0,0.0,0.0,0.0,12.5,0.855,0.0,0.0,0.0,10.0,4.6,7.953333333333333,9.0,6.0,3.0,0.0,0.0,55.0,0.0,0.0,0.0,0.0,0.0,0.0,2025-11-01,0,0,292.02
C00094,66,Female,New York,NY,Unknown,Apparel,Referral,1,1,0.495,0.579,424,0,4,1232.84,308.21,205.45999999999998,51.364999999999995,50,348,0.3448275862068966,0.0,0.0,1.0,288.02,1.0,288.02,Home,479.99,4,0.0,0.0,0.0,0.0,0.0,0.0,0.0,0.0,0.0,11.0,4.909090909090909,9.124242424242425,8.0,6.0,6.0,2.0,2.0,5.0,0.18181818181818182,0.3333333333333333,0.0,0.0,0.0,0.0,2025-11-01,1,0,318.65
C00095,74,Prefer not to say,San Francisco,CA,Unknown,Home,Organic Search,0,0,0.332,0.769,613,0,2,178.3,89.15,33.25,16.625,59,386,0.15544041450777202,0.0,0.0,1.0,37.39,1.0,37.39,Home,159.36,1,9.0,3.0,1.0,1.0,10.555555555555555,6.045,0.3333333333333333,0.1111111111111111,0.1111111111111111,14.0,4.285714285714286,6.696428571428571,7.0,4.0,4.0,3.0,3.0,52.0,0.21428571428571427,0.75,0.0,0.0,0.0,0.0,2025-11-01,0,1,0.0
C00096,37,Male,Denver,CO,Unknown,Electronics,Affiliate,1,1,0.806,0.182,383,0,1,460.47,460.47,72.9,72.9,284,0,1.0,0.0,0.0,0.0,0.0,0.0,0.0,Electronics,428.34000000000003,1,3.0,1.0,0.0,0.0,10.0,3.12,0.3333333333333333,0.0,0.0,3.0,2.6666666666666665,4.444444444444444,1.0,0.0,0.0,0.0,0.0,0.0,0.0,0.0,0.0,0.0,0.0,0.0,2025-11-01,0,0,250.11
C00097,56,Prefer not to say,Naperville,IL,Silver,Beauty,Organic Search,1,0,0.887,0.68,117,0,1,28.77,28.77,7.19,7.19,31,0,1.0,0.0,0.0,1.0,28.77,1.0,28.77,Beauty,20.26,1,5.0,1.0,1.0,1.0,15.0,2.3,0.2,0.2,0.2,3.0,3.6666666666666665,4.877777777777777,2.0,1.0,1.0,0.0,0.0,16.0,0.0,0.0,0.0,0.0,0.0,0.0,2025-11-01,0,0,962.82
C00098,58,Male,Scottsdale,AZ,Gold,Sports,Paid Social,1,1,0.375,0.836,209,0,1,32.99,32.99,0.69,0.69,6,0,1.0,1.0,32.99,1.0,32.99,1.0,32.99,Pet,30.69,1,4.0,2.0,2.0,0.0,7.5,3.5549999999999997,0.5,0.5,0.0,11.0,4.2727272727272725,7.390909090909091,7.0,3.0,5.0,2.0,2.0,1.0,0.18181818181818182,0.4,0.0,0.0,0.0,0.0,2025-11-01,0,0,140.09
C00099,56,Non-binary,Scottsdale,AZ,Silver,Apparel,Organic Search,1,1,0.264,0.857,355,0,4,1524.83,381.2075,40.44,10.11,31,160,0.75,0.0,0.0,1.0,591.31,3.0,1418.73,Electronics,678.8,4,9.0,2.0,1.0,0.0,9.444444444444445,8.235,0.2222222222222222,0.1111111111111111,0.0,9.0,5.777777777777778,12.077777777777778,8.0,8.0,5.0,3.0,3.0,1.0,0.3333333333333333,0.6,0.0,0.0,0.0,0.0,2025-11-01,1,0,611.1800000000001
C00100,44,Non-binary,Boulder,CO,Unknown,Pet,Organic Search,1,0,0.604,0.829,584,0,3,604.02,201.34,97.92,32.64,138,329,0.2735562310030395,0.0,0.0,0.0,0.0,2.0,485.86,Pet,561.88,1,7.0,4.0,3.0,1.0,13.571428571428571,4.595,0.5714285714285714,0.42857142857142855,0.14285714285714285,15.0,3.8,6.017777777777778,7.0,4.0,6.0,3.0,3.0,76.0,0.2,0.5,0.0,0.0,0.0,0.0,2025-11-01,0,1,0.0
C00102,71,Female,Tacoma,WA,Unknown,Baby,Direct,1,0,0.25,0.838,344,0,2,560.6800000000001,280.34000000000003,33.07,16.535,54,113,0.5309734513274337,0.0,0.0,1.0,255.21,2.0,560.6800000000001,Baby,521.56,1,10.0,7.0,4.0,1.0,14.5,6.515,0.7,0.4,0.1,9.0,4.666666666666667,8.06851851851852,5.0,5.0,5.0,1.0,1.0,19.0,0.1111111111111111,0.2,0.0,0.0,0.0,0.0,2025-11-01,0,0,478.04
C00103,23,Female,Seattle,WA,Unknown,Sports,Direct,1,1,0.422,0.487,423,0,1,1116.37,1116.37,185.15,185.15,371,0,1.0,0.0,0.0,0.0,0.0,0.0,0.0,Sports,802.71,2,4.0,1.0,1.0,0.0,13.75,2.365,0.25,0.25,0.0,6.0,4.0,5.3,3.0,3.0,2.0,1.0,1.0,139.0,0.16666666666666666,0.5,0.0,0.0,0.0,0.0,2025-11-01,0,1,0.0
C00104,61,Male,San Francisco,CA,Unknown,Sports,Organic Search,1,1,0.143,0.739,43,1,1,351.62,351.62,10.72,10.72,32,0,1.0,0.0,0.0,1.0,351.62,1.0,351.62,Sports,327.09,1,1.0,0.0,0.0,0.0,10.0,0.72,0.0,0.0,0.0,1.0,4.0,4.2,1.0,0.0,0.0,0.0,0.0,0.0,0.0,0.0,0.0,0.0,0.0,0.0,2025-11-01,0,1,0.0
C00105,22,Non-binary,Austin,TX,Unknown,Beauty,Direct,1,0,0.261,0.36,583,0,2,320.52,160.26,54.34,27.17,327,233,0.2575107296137339,0.0,0.0,0.0,0.0,0.0,0.0,Beauty,244.37,2,0.0,0.0,0.0,0.0,0.0,0.0,0.0,0.0,0.0,5.0,2.8,4.286666666666667,2.0,2.0,1.0,0.0,0.0,133.0,0.0,0.0,0.0,0.0,0.0,0.0,2025-11-01,0,1,0.0
C00107,34,Prefer not to say,Raleigh,NC,Silver,Electronics,Affiliate,1,1,0.467,0.36,210,0,3,795.36,265.12,116.49000000000001,38.830000000000005,1,122,0.7377049180327869,2.0,713.8000000000001,2.0,713.8000000000001,3.0,795.36,Electronics,664.0,2,2.0,0.0,0.0,0.0,10.0,0.725,0.0,0.0,0.0,5.0,4.6,6.236666666666666,4.0,2.0,1.0,1.0,1.0,19.0,0.2,1.0,0.0,0.0,0.0,0.0,2025-11-01,1,0,326.41999999999996
C00108,37,Female,Chicago,IL,Silver,Baby,Paid Social,1,1,0.446,0.848,554,0,1,73.8,73.8,12.45,12.45,142,0,1.0,0.0,0.0,0.0,0.0,1.0,73.8,Baby,68.65,1,6.0,2.0,1.0,0.0,13.333333333333334,5.89,0.3333333333333333,0.16666666666666666,0.0,14.0,5.142857142857143,8.951190476190476,10.0,7.0,7.0,5.0,5.0,13.0,0.35714285714285715,0.7142857142857143,0.0,0.0,0.0,0.0,2025-11-01,0,1,0.0
C00109,57,Female,Raleigh,NC,Gold,Sports,Organic Search,1,1,0.438,0.607,242,0,1,681.81,681.81,51.17,51.17,83,0,1.0,0.0,0.0,1.0,681.81,1.0,681.81,Beauty,634.24,1,1.0,0.0,0.0,0.0,25.0,1.2,0.0,0.0,0.0,4.0,4.75,7.9375,3.0,3.0,2.0,0.0,0.0,1.0,0.0,0.0,0.0,0.0,0.0,0.0,2025-11-01,1,0,650.7
C00110,36,Male,Boulder,CO,Silver,Baby,Affiliate,1,0,0.335,0.836,277,0,3,350.04,116.68,44.32,14.773333333333333,156,70,1.2857142857142856,0.0,0.0,0.0,0.0,2.0,158.93,Home,305.06,2,1.0,0.0,0.0,1.0,10.0,0.72,0.0,0.0,1.0,10.0,4.8,7.918333333333334,7.0,5.0,4.0,3.0,3.0,22.0,0.3,0.75,0.0,0.0,0.0,0.0,2025-11-01,0,0,132.89
C00111,59,Male,Boulder,CO,Gold,Home,Organic Search,1,1,0.239,0.598,108,0,1,555.14,555.14,43.25,43.25,85,0,1.0,0.0,0.0,1.0,555.14,1.0,555.14,Apparel,268.59,2,3.0,1.0,0.0,1.0,11.666666666666666,2.71,0.3333333333333333,0.0,0.3333333333333333,4.0,4.25,7.266666666666667,3.0,3.0,1.0,0.0,0.0,53.0,0.0,0.0,0.0,0.0,0.0,0.0,2025-11-01,1,0,1087.95
C00112,26,Male,Phoenix,AZ,Unknown,Home,Organic Search,1,1,0.471,0.421,581,0,4,1391.38,347.845,118.37,29.5925,116,465,0.25806451612903225,0.0,0.0,0.0,0.0,1.0,902.47,Home,872.41,3,3.0,0.0,0.0,0.0,10.0,3.7199999999999998,0.0,0.0,0.0,8.0,4.5,7.06875,6.0,3.0,3.0,1.0,1.0,3.0,0.125,0.3333333333333333,0.0,0.0,0.0,0.0,2025-11-01,0,1,0.0
C00113,73,Male,Denver,CO,Gold,Apparel,Paid Search,1,1,0.188,0.31,59,1,1,624.07,624.07,104.81,104.81,56,0,1.0,0.0,0.0,1.0,624.07,1.0,624.07,Apparel,580.53,1,1.0,0.0,0.0,0.0,20.0,1.2,0.0,0.0,0.0,2.0,1.0,0.0,0.0,0.0,0.0,0.0,0.0,5.0,0.0,0.0,0.0,0.0,0.0,0.0,2025-11-01,0,0,725.3100000000001
C00114,74,Non-binary,Cambridge,MA,Silver,Apparel,Referral,1,1,0.838,0.562,417,0,4,1494.81,373.7025,327.32,81.83,54,212,0.5660377358490566,0.0,0.0,1.0,707.56,2.0,909.3699999999999,Apparel,732.33,2,5.0,1.0,0.0,0.0,13.0,1.5999999999999999,0.2,0.0,0.0,3.0,3.6666666666666665,7.077777777777777,1.0,1.0,1.0,1.0,1.0,19.0,0.3333333333333333,1.0,0.0,0.0,0.0,0.0,2025-11-01,0,0,1051.05
C00117,51,Prefer not to say,Miami,FL,Platinum,Apparel,Organic Search,1,0,0.664,0.676,290,0,3,596.39,198.79666666666665,118.17,39.39,86,180,0.5,0.0,0.0,1.0,68.4,1.0,68.4,Baby,408.03,4,8.0,5.0,2.0,2.0,15.0,6.83,0.625,0.25,0.25,11.0,4.0,6.78939393939394,6.0,4.0,3.0,1.0,1.0,62.0,0.09090909090909091,0.3333333333333333,0.0,0.0,0.0,0.0,2025-11-01,1,0,983.2
C00118,27,Female,Miami,FL,Silver,Pet,Affiliate,1,1,0.715,0.891,238,0,4,1013.55,253.3875,194.19,48.5475,51,180,0.6666666666666666,0.0,0.0,1.0,438.62,3.0,929.98,Apparel,408.02,3,5.0,2.0,1.0,0.0,17.0,4.58,0.4,0.2,0.0,14.0,3.7142857142857144,5.813095238095237,7.0,5.0,5.0,2.0,2.0,32.0,0.14285714285714285,0.4,0.0,0.0,0.0,0.0,2025-11-01,0,1,0.0
C00122,22,Non-binary,Tacoma,WA,Gold,Home,Direct,0,1,0.32,0.29,514,0,7,1478.61,211.23,192.31,27.472857142857144,78,391,0.5370843989769821,0.0,0.0,1.0,24.88,2.0,394.52,Electronics,343.85,7,3.0,1.0,0.0,0.0,8.333333333333334,2.06,0.3333333333333333,0.0,0.0,4.0,4.75,9.254166666666666,2.0,1.0,2.0,2.0,2.0,41.0,0.5,1.0,0.0,0.0,0.0,0.0,2025-11-01,1,0,1460.37
C00123,51,Non-binary,Austin,TX,Unknown,Home,Paid Social,1,0,0.583,0.856,420,0,3,1352.04,450.68,223.78,74.59333333333333,42,208,0.43269230769230765,0.0,0.0,2.0,924.41,2.0,924.41,Home,528.71,4,8.0,3.0,2.0,1.0,13.125,5.6,0.375,0.25,0.125,13.0,4.230769230769231,7.602564102564102,10.0,5.0,3.0,1.0,1.0,44.0,0.07692307692307693,0.3333333333333333,1.0,3.1,4.0,0.0,2025-11-01,0,1,0.0
C00124,28,Non-binary,Austin,TX,Unknown,Electronics,Paid Social,1,0,0.396,0.889,395,0,3,696.99,232.33,34.36,11.453333333333333,110,259,0.3474903474903475,0.0,0.0,0.0,0.0,2.0,647.76,Apparel,310.93,3,6.0,5.0,1.0,1.0,13.333333333333334,3.575,0.8333333333333334,0.16666666666666666,0.16666666666666666,7.0,4.571428571428571,7.788095238095238,2.0,1.0,4.0,4.0,4.0,52.0,0.5714285714285714,1.0,0.0,0.0,0.0,0.0,2025-11-01,0,0,326.77
C00126,73,Non-binary,Tacoma,WA,Unknown,Grocery,Paid Social,1,1,0.619,0.648,343,0,2,740.44,370.22,195.47,97.735,103,21,2.0,0.0,0.0,0.0,0.0,2.0,740.44,Electronics,524.84,2,9.0,3.0,2.0,3.0,18.88888888888889,7.2299999999999995,0.3333333333333333,0.2222222222222222,0.3333333333333333,10.0,4.5,7.095000000000001,7.0,5.0,5.0,1.0,1.0,57.0,0.1,0.2,0.0,0.0,0.0,0.0,2025-11-01,0,0,95.41
C00127,62,Female,Buffalo,NY,Silver,Apparel,Organic Search,1,1,0.702,0.675,293,0,3,1014.85,338.28333333333336,168.34,56.11333333333334,59,213,0.4225352112676057,0.0,0.0,1.0,293.03,1.0,293.03,Home,671.46,2,6.0,2.0,0.0,1.0,13.333333333333334,5.4799999999999995,0.3333333333333333,0.0,0.16666666666666666,10.0,3.7,5.051666666666667,4.0,4.0,2.0,1.0,1.0,3.0,0.1,0.5,0.0,0.0,0.0,0.0,2025-11-01,0,1,0.0
C00129,38,Prefer not to say,Charlotte,NC,Unknown,Sports,Affiliate,1,0,0.7,0.826,594,0,4,2081.45,520.3625,405.99,101.4975,18,291,0.4123711340206186,1.0,408.23,1.0,408.23,1.0,408.23,Sports,1152.92,4,7.0,5.0,2.0,0.0,14.285714285714286,6.435,0.7142857142857143,0.2857142857142857,0.0,12.0,4.416666666666667,7.126388888888889,6.0,4.0,5.0,4.0,4.0,49.0,0.3333333333333333,0.8,0.0,0.0,0.0,0.0,2025-11-01,0,1,0.0
C00130,43,Female,Tacoma,WA,Silver,Home,Paid Social,1,1,0.309,0.495,208,0,3,468.95,156.31666666666666,39.510000000000005,13.170000000000002,18,128,0.703125,1.0,47.08,1.0,47.08,3.0,468.95,Beauty,209.59,3,1.0,1.0,0.0,0.0,25.0,0.85,1.0,0.0,0.0,5.0,4.4,8.676666666666666,3.0,2.0,3.0,1.0,1.0,4.0,0.2,0.3333333333333333,0.0,0.0,0.0,0.0,2025-11-01,0,0,258.58
C00131,59,Female,Scottsdale,AZ,Unknown,Pet,Organic Search,1,1,0.563,0.488,256,0,2,820.72,410.36,104.17,52.085,116,88,0.6818181818181819,0.0,0.0,0.0,0.0,1.0,647.72,Pet,763.46,1,2.0,1.0,0.0,0.0,7.5,1.5699999999999998,0.5,0.0,0.0,7.0,4.428571428571429,7.190476190476191,5.0,4.0,4.0,0.0,0.0,95.0,0.0,0.0,0.0,0.0,0.0,0.0,2025-11-01,0,1,0.0
C00133,30,Male,Miami,FL,Silver,Baby,Referral,1,1,0.676,0.734,451,0,3,676.0999999999999,225.36666666666665,161.54000000000002,53.84666666666667,192,254,0.3543307086614173,0.0,0.0,0.0,0.0,0.0,0.0,Baby,572.99,2,9.0,6.0,3.0,2.0,15.0,4.125,0.6666666666666666,0.3333333333333333,0.2222222222222222,11.0,4.818181818181818,7.107575757575758,7.0,5.0,5.0,4.0,4.0,46.0,0.36363636363636365,0.8,0.0,0.0,0.0,0.0,2025-11-01,0,0,1166.06
C00134,51,Non-binary,Phoenix,AZ,Silver,Grocery,Paid Search,1,0,0.541,0.958,113,0,2,453.52,226.76,54.75,27.375,17,3,2.0,2.0,453.52,2.0,453.52,2.0,453.52,Baby,243.85,2,5.0,4.0,0.0,0.0,11.0,3.2649999999999997,0.8,0.0,0.0,1.0,8.0,14.633333333333333,1.0,1.0,1.0,1.0,1.0,4.0,1.0,1.0,0.0,0.0,0.0,0.0,2025-11-01,1,0,711.93
C00135,65,Non-binary,Denver,CO,Unknown,Electronics,Direct,1,0,0.616,0.696,398,0,4,1278.04,319.51,208.2,52.05,12,212,0.5660377358490566,1.0,502.98,2.0,627.8100000000001,2.0,627.8100000000001,Electronics,1072.75,2,7.0,5.0,2.0,1.0,15.0,4.765,0.7142857142857143,0.2857142857142857,0.14285714285714285,6.0,3.5,6.091666666666666,2.0,0.0,1.0,1.0,1.0,71.0,0.16666666666666666,1.0,1.0,4.7,4.0,0.0,2025-11-01,0,1,0.0
C00137,37,Non-binary,San Jose,CA,Platinum,Beauty,Paid Search,1,1,0.421,0.582,339,0,4,1336.79,334.1975,185.73,46.4325,75,224,0.5357142857142857,0.0,0.0,1.0,671.21,2.0,894.5400000000001,Beauty,479.0,4,7.0,2.0,1.0,1.0,20.714285714285715,4.935,0.2857142857142857,0.14285714285714285,0.14285714285714285,9.0,4.111111111111111,6.716666666666667,5.0,3.0,4.0,2.0,2.0,20.0,0.2222222222222222,0.5,0.0,0.0,0.0,0.0,2025-11-01,1,0,2067.56
C00140,69,Female,Cambridge,MA,Silver,Sports,Organic Search,1,0,0.234,0.777,500,0,2,759.36,379.68,72.92,36.46,147,17,2.0,0.0,0.0,0.0,0.0,2.0,759.36,Sports,706.38,1,11.0,7.0,4.0,2.0,5.909090909090909,5.825,0.6363636363636364,0.36363636363636365,0.18181818181818182,12.0,3.8333333333333335,5.259722222222222,5.0,4.0,3.0,2.0,2.0,15.0,0.16666666666666666,0.6666666666666666,0.0,0.0,0.0,0.0,2025-11-01,0,1,0.0
C00141,56,Prefer not to say,Chicago,IL,Gold,Sports,Organic Search,1,1,0.083,0.541,595,0,10,3388.09,338.809,174.89999999999998,17.49,141,428,0.7009345794392523,0.0,0.0,0.0,0.0,1.0,784.86,Sports,1476.73,5,7.0,3.0,1.0,1.0,12.142857142857142,5.535,0.42857142857142855,0.14285714285714285,0.14285714285714285,6.0,4.833333333333333,8.941666666666666,4.0,2.0,2.0,2.0,2.0,83.0,0.3333333333333333,1.0,1.0,6.1,4.0,0.0,2025-11-01,0,0,709.68
C00142,58,Prefer not to say,Boston,MA,Unknown,Apparel,Organic Search,1,1,0.829,0.868,476,0,1,261.69,261.69,66.01,66.01,302,0,1.0,0.0,0.0,0.0,0.0,0.0,0.0,Beauty,243.43,1,7.0,5.0,3.0,1.0,15.0,3.81,0.7142857142857143,0.42857142857142855,0.14285714285714285,12.0,5.166666666666667,9.341666666666667,9.0,5.0,7.0,3.0,3.0,60.0,0.25,0.42857142857142855,0.0,0.0,0.0,0.0,2025-11-01,0,1,0.0
C00143,41,Male,Dallas,TX,Silver,Home,Organic Search,1,1,0.398,0.525,372,0,2,276.9,138.45,41.51,20.755,119,220,0.27272727272727276,0.0,0.0,0.0,0.0,1.0,168.99,Home,257.58000000000004,1,6.0,2.0,1.0,0.0,8.333333333333334,3.805,0.3333333333333333,0.16666666666666666,0.0,6.0,3.1666666666666665,4.569444444444445,2.0,1.0,1.0,1.0,1.0,0.0,0.16666666666666666,1.0,0.0,0.0,0.0,0.0,2025-11-01,1,0,555.61
C00144,71,Prefer not to say,Tacoma,WA,Unknown,Beauty,Affiliate,1,0,0.868,0.547,439,0,1,196.25,196.25,51.07,51.07,374,0,1.0,0.0,0.0,0.0,0.0,0.0,0.0,Beauty,182.56,1,6.0,4.0,1.0,1.0,15.833333333333334,5.115,0.6666666666666666,0.16666666666666666,0.16666666666666666,7.0,4.142857142857143,5.511904761904761,5.0,2.0,1.0,1.0,1.0,43.0,0.14285714285714285,1.0,0.0,0.0,0.0,0.0,2025-11-01,0,1,0.0
C00148,61,Female,San Jose,CA,Silver,Grocery,Paid Search,1,0,0.557,0.49,259,0,5,1410.21,282.04200000000003,277.76,55.552,14,174,0.8620689655172414,1.0,583.17,2.0,907.55,3.0,1020.3499999999999,Sports,389.46,5,4.0,2.0,0.0,0.0,13.75,3.4299999999999997,0.5,0.0,0.0,5.0,5.2,8.523333333333333,4.0,1.0,3.0,2.0,2.0,27.0,0.4,0.6666666666666666,1.0,18.8,4.0,0.0,2025-11-01,0,1,0.0
C00150,46,Male,Raleigh,NC,Platinum,Pet,Affiliate,1,1,0.302,0.724,134,0,1,9.62,9.62,1.51,1.51,25,0,1.0,1.0,9.62,1.0,9.62,1.0,9.62,Pet,8.95,1,3.0,2.0,0.0,0.0,23.333333333333332,0.025,0.6666666666666666,0.0,0.0,1.0,4.0,5.783333333333333,1.0,0.0,0.0,0.0,0.0,38.0,0.0,0.0,0.0,0.0,0.0,0.0,2025-11-01,0,0,712.88
C00151,67,Female,Dallas,TX,Silver,Sports,Paid Search,1,1,0.285,0.407,406,0,3,1336.8400000000001,445.6133333333334,155.95,51.98333333333333,71,233,0.38626609442060084,0.0,0.0,1.0,149.68,1.0,149.68,Sports,685.0699999999999,3,6.0,0.0,0.0,0.0,5.0,4.22,0.0,0.0,0.0,7.0,3.857142857142857,4.914285714285714,5.0,2.0,1.0,0.0,0.0,0.0,0.0,0.0,0.0,0.0,0.0,0.0,2025-11-01,1,0,197.33
C00152,55,Female,New York,NY,Silver,Apparel,Affiliate,0,0,0.734,0.411,662,0,4,796.49,199.1225,176.32,44.08,233,314,0.38216560509554137,0.0,0.0,0.0,0.0,0.0,0.0,Apparel,173.3,6,3.0,0.0,0.0,0.0,11.666666666666666,3.07,0.0,0.0,0.0,5.0,3.6,5.273333333333333,3.0,1.0,1.0,0.0,0.0,42.0,0.0,0.0,1.0,6.2,5.0,0.0,2025-11-01,1,0,458.58
C00154,63,Male,Raleigh,NC,Silver,Grocery,Direct,1,0,0.516,0.521,612,0,3,1020.19,340.06333333333333,100.83,33.61,89,400,0.22499999999999998,0.0,0.0,1.0,587.96,1.0,587.96,Sports,458.41,4,9.0,3.0,0.0,0.0,12.222222222222221,5.57,0.3333333333333333,0.0,0.0,10.0,5.2,8.129999999999999,7.0,6.0,5.0,3.0,3.0,22.0,0.3,0.6,1.0,6.7,4.0,0.0,2025-11-01,0,0,208.37
C00157,39,Male,Orlando,FL,Gold,Pet,Direct,1,1,0.182,0.592,615,0,14,4255.39,303.9564285714286,308.15999999999997,22.01142857142857,3,558,0.7526881720430108,3.0,1096.49,4.0,1256.8400000000001,5.0,1411.94,Pet,2633.7799999999997,7,4.0,1.0,1.0,1.0,8.75,2.645,0.25,0.25,0.25,12.0,3.1666666666666665,4.4125000000000005,5.0,3.0,2.0,1.0,1.0,22.0,0.08333333333333333,0.5,1.0,18.1,4.0,0.0,2025-11-01,0,0,1049.37
C00158,41,Female,Orlando,FL,Unknown,Beauty,Affiliate,1,0,0.776,0.932,456,0,2,634.5,317.25,78.74000000000001,39.370000000000005,105,131,0.45801526717557256,0.0,0.0,0.0,0.0,1.0,439.26,Beauty,408.61,2,7.0,6.0,2.0,1.0,10.714285714285714,7.46,0.8571428571428571,0.2857142857142857,0.14285714285714285,6.0,5.5,10.469444444444445,5.0,3.0,3.0,3.0,3.0,88.0,0.5,1.0,1.0,5.2,5.0,0.0,2025-11-01,0,0,938.91
C00159,26,Non-binary,Buffalo,NY,Gold,Grocery,Paid Social,1,1,0.393,0.631,29,1,1,60.61,60.61,4.43,4.43,15,0,1.0,1.0,60.61,1.0,60.61,1.0,60.61,Grocery,43.84,2,1.0,0.0,0.0,0.0,25.0,0.72,0.0,0.0,0.0,0.0,0.0,0.0,0.0,0.0,0.0,0.0,0.0,0.0,0.0,0.0,0.0,0.0,0.0,0.0,2025-11-01,1,0,228.46
C00160,56,Female,Los Angeles,CA,Gold,Beauty,Organic Search,1,1,0.383,0.336,257,0,2,217.62,108.81,22.94,11.47,188,24,2.0,0.0,0.0,0.0,0.0,0.0,0.0,Electronics,202.44,1,4.0,1.0,0.0,0.0,11.25,3.5599999999999996,0.25,0.0,0.0,2.0,4.0,5.658333333333333,1.0,1.0,0.0,0.0,0.0,50.0,0.0,0.0,1.0,14.0,3.0,0.0,2025-11-01,0,0,706.5400000000001
C00162,49,Male,Houston,TX,Unknown,Baby,Referral,1,1,0.451,0.545,381,0,2,298.78,149.39,70.78999999999999,35.394999999999996,187,77,0.7792207792207791,0.0,0.0,0.0,0.0,0.0,0.0,Apparel,170.34,2,7.0,3.0,0.0,0.0,12.857142857142858,5.075,0.42857142857142855,0.0,0.0,11.0,4.181818181818182,7.6878787878787875,8.0,3.0,2.0,1.0,1.0,7.0,0.09090909090909091,0.5,1.0,21.6,4.0,0.0,2025-11-01,0,1,0.0
C00164,35,Female,Tacoma,WA,Silver,Grocery,Paid Social,1,1,0.248,0.333,630,0,8,3404.8500000000004,425.60625000000005,310.75,38.84375,3,568,0.4225352112676056,1.0,1551.91,2.0,1960.0700000000002,2.0,1960.0700000000002,Grocery,1462.0,4,3.0,1.0,1.0,0.0,13.333333333333334,2.705,0.3333333333333333,0.3333333333333333,0.0,6.0,4.166666666666667,6.627777777777777,4.0,2.0,1.0,1.0,1.0,65.0,0.16666666666666666,1.0,1.0,12.2,3.0,0.0,2025-11-01,1,0,408.8
C00165,40,Female,Seattle,WA,Unknown,Baby,Referral,0,1,0.718,0.877,203,0,1,112.29,112.29,21.76,21.76,7,0,1.0,1.0,112.29,1.0,112.29,1.0,112.29,Sports,104.46,1,8.0,3.0,0.0,0.0,11.875,4.71,0.375,0.0,0.0,4.0,3.5,4.225,2.0,1.0,1.0,0.0,0.0,60.0,0.0,0.0,0.0,0.0,0.0,0.0,2025-11-01,0,1,0.0
C00166,48,Non-binary,Scottsdale,AZ,Platinum,Apparel,Paid Search,1,1,0.778,0.709,249,0,2,447.51,223.755,128.19,64.095,92,80,0.75,0.0,0.0,0.0,0.0,2.0,447.51,Grocery,303.81,2,7.0,5.0,2.0,1.0,10.714285714285714,4.285,0.7142857142857143,0.2857142857142857,0.14285714285714285,10.0,3.4,5.3566666666666665,4.0,4.0,3.0,1.0,1.0,49.0,0.1,0.3333333333333333,0.0,0.0,0.0,0.0,2025-11-01,0,1,0.0
C00167,50,Male,Los Angeles,CA,Platinum,Beauty,Direct,1,0,0.505,0.789,43,1,1,490.17,490.17,64.91,64.91,37,0,1.0,0.0,0.0,1.0,490.17,1.0,490.17,Electronics,284.58,2,0.0,0.0,0.0,0.0,0.0,0.0,0.0,0.0,0.0,2.0,5.5,8.791666666666666,1.0,1.0,1.0,1.0,1.0,6.0,0.5,1.0,0.0,0.0,0.0,0.0,2025-11-01,1,0,1039.87
C00168,68,Non-binary,Phoenix,AZ,Silver,Baby,Direct,1,0,0.3,0.503,590,0,8,1418.06,177.2575,110.49,13.81125,71,505,0.4752475247524753,0.0,0.0,1.0,36.44,2.0,174.31,Grocery,319.28999999999996,6,5.0,1.0,0.0,0.0,11.0,2.715,0.2,0.0,0.0,8.0,4.375,8.427083333333334,4.0,3.0,4.0,2.0,2.0,148.0,0.25,0.5,0.0,0.0,0.0,0.0,2025-11-01,0,0,203.57999999999998
C00169,18,Non-binary,San Francisco,CA,Unknown,Baby,Direct,0,1,0.355,0.807,298,0,1,311.78,311.78,28.15,28.15,43,0,1.0,0.0,0.0,1.0,311.78,1.0,311.78,Baby,290.03,1,6.0,3.0,1.0,0.0,16.666666666666668,4.77,0.5,0.16666666666666666,0.0,12.0,4.583333333333333,8.088888888888889,7.0,6.0,4.0,2.0,2.0,7.0,0.16666666666666666,0.5,0.0,0.0,0.0,0.0,2025-11-01,1,0,1186.81
C00170,20,Female,Naperville,IL,Unknown,Electronics,Referral,1,0,0.737,0.51,136,0,1,108.79,108.79,26.38,26.38,81,0,1.0,0.0,0.0,1.0,108.79,1.0,108.79,Baby,101.2,1,3.0,1.0,0.0,1.0,13.333333333333334,2.77,0.3333333333333333,0.0,0.3333333333333333,5.0,6.0,8.889999999999999,5.0,3.0,3.0,2.0,2.0,23.0,0.4,0.6666666666666666,0.0,0.0,0.0,0.0,2025-11-01,0,0,490.28
C00171,70,Male,Phoenix,AZ,Platinum,Electronics,Referral,1,1,0.482,0.614,533,0,9,2186.58,242.95333333333332,367.46,40.82888888888888,128,394,0.6852791878172589,0.0,0.0,0.0,0.0,1.0,390.04,Electronics,1380.0900000000001,5,7.0,1.0,0.0,0.0,16.428571428571427,3.385,0.14285714285714285,0.0,0.0,8.0,2.375,3.177083333333333,2.0,0.0,0.0,0.0,0.0,74.0,0.0,0.0,0.0,0.0,0.0,0.0,2025-11-01,1,0,832.76
C00172,62,Non-binary,Denver,CO,Unknown,Sports,Paid Search,1,0,0.676,0.372,341,0,2,637.6600000000001,318.83000000000004,195.08,97.54,134,119,0.5042016806722689,0.0,0.0,0.0,0.0,1.0,496.86,Electronics,450.2,2,3.0,0.0,0.0,0.0,8.333333333333334,1.5799999999999998,0.0,0.0,0.0,8.0,4.625,7.21875,6.0,5.0,2.0,1.0,1.0,90.0,0.125,0.5,1.0,6.5,3.0,0.0,2025-11-01,0,0,634.38
C00174,61,Male,Los Angeles,CA,Unknown,Pet,Direct,1,1,0.601,0.629,522,0,3,1020.6700000000001,340.22333333333336,132.04000000000002,44.01333333333334,80,91,0.989010989010989,0.0,0.0,1.0,16.82,3.0,1020.6700000000001,Electronics,582.54,3,6.0,3.0,0.0,0.0,13.333333333333334,3.625,0.5,0.0,0.0,8.0,3.75,4.5625,6.0,2.0,0.0,0.0,0.0,5.0,0.0,0.0,0.0,0.0,0.0,0.0,2025-11-01,0,0,518.86
C00176,56,Female,Houston,TX,Gold,Beauty,Affiliate,1,1,0.239,0.903,489,0,4,1308.51,327.1275,146.23000000000002,36.557500000000005,107,274,0.43795620437956206,0.0,0.0,0.0,0.0,2.0,371.6,Beauty,608.4300000000001,4,7.0,5.0,4.0,1.0,14.285714285714286,6.93,0.7142857142857143,0.5714285714285714,0.14285714285714285,15.0,4.6,7.182222222222222,6.0,5.0,8.0,6.0,6.0,40.0,0.4,0.75,0.0,0.0,0.0,0.0,2025-11-01,0,0,121.85
C00177,74,Male,Boulder,CO,Silver,Grocery,Paid Social,1,1,0.503,0.435,84,1,2,794.5,397.25,128.64,64.32,1,18,2.0,2.0,794.5,2.0,794.5,2.0,794.5,Electronics,581.91,2,0.0,0.0,0.0,0.0,0.0,0.0,0.0,0.0,0.0,3.0,4.666666666666667,7.0888888888888895,3.0,2.0,0.0,0.0,0.0,63.0,0.0,0.0,0.0,0.0,0.0,0.0,2025-11-01,0,1,0.0
C00179,31,Male,Naperville,IL,Silver,Baby,Organic Search,1,0,0.409,0.277,141,0,1,327.39,327.39,69.34,69.34,131,0,1.0,0.0,0.0,0.0,0.0,1.0,327.39,Grocery,304.55,1,2.0,0.0,0.0,0.0,10.0,2.2199999999999998,0.0,0.0,0.0,3.0,3.0,4.3500000000000005,1.0,0.0,0.0,0.0,0.0,6.0,0.0,0.0,0.0,0.0,0.0,0.0,2025-11-01,0,1,0.0
C00181,60,Female,San Francisco,CA,Unknown,Home,Paid Search,1,1,0.476,0.333,123,0,2,315.78,157.89,50.97,25.485,14,103,0.5825242718446603,1.0,133.21,1.0,133.21,2.0,315.78,Sports,157.08,2,4.0,1.0,0.0,0.0,22.5,2.065,0.25,0.0,0.0,7.0,4.0,6.242857142857143,4.0,3.0,1.0,1.0,1.0,36.0,0.14285714285714285,1.0,0.0,0.0,0.0,0.0,2025-11-01,0,1,0.0
C00182,53,Female,Boulder,CO,Silver,Beauty,Paid Search,1,0,0.311,0.11,270,0,3,751.21,250.40333333333334,63.41,21.136666666666667,184,43,2.0930232558139537,0.0,0.0,0.0,0.0,0.0,0.0,Electronics,296.55,4,4.0,1.0,0.0,0.0,17.5,3.75,0.25,0.0,0.0,7.0,3.857142857142857,7.271428571428572,5.0,2.0,1.0,0.0,0.0,60.0,0.0,0.0,0.0,0.0,0.0,0.0,2025-11-01,1,0,445.81
C00183,47,Female,Buffalo,NY,Silver,Beauty,Direct,1,1,0.48,0.396,318,0,1,197.08,197.08,42.56,42.56,60,0,1.0,0.0,0.0,1.0,197.08,1.0,197.08,Beauty,183.33,1,5.0,2.0,0.0,0.0,8.0,1.5999999999999999,0.4,0.0,0.0,5.0,4.8,8.45,4.0,4.0,2.0,0.0,0.0,2.0,0.0,0.0,1.0,3.5,5.0,0.0,2025-11-01,1,0,344.45000000000005
C00185,46,Non-binary,Orlando,FL,Platinum,Pet,Referral,1,1,0.596,0.616,232,0,5,1138.32,227.664,233.06000000000003,46.61200000000001,37,190,0.7894736842105263,0.0,0.0,3.0,693.38,4.0,907.26,Pet,653.74,3,4.0,2.0,0.0,0.0,13.75,2.37,0.5,0.0,0.0,6.0,6.5,11.674999999999999,6.0,6.0,5.0,2.0,2.0,8.0,0.3333333333333333,0.4,0.0,0.0,0.0,0.0,2025-11-01,1,0,732.37
C00188,31,Non-binary,Scottsdale,AZ,Gold,Beauty,Referral,0,0,0.705,0.654,527,0,3,544.94,181.64666666666668,118.71000000000001,39.57,210,265,0.33962264150943394,0.0,0.0,0.0,0.0,0.0,0.0,Beauty,327.99,2,5.0,1.0,1.0,0.0,13.0,3.02,0.2,0.2,0.0,4.0,4.25,7.883333333333333,3.0,1.0,1.0,0.0,0.0,26.0,0.0,0.0,0.0,0.0,0.0,0.0,2025-11-01,0,0,399.56
C00189,76,Male,Naperville,IL,Gold,Apparel,Paid Social,1,1,0.438,0.647,630,0,5,1095.1,219.01999999999998,169.22,33.844,136,293,0.5119453924914675,0.0,0.0,0.0,0.0,1.0,126.94,Apparel,645.1700000000001,3,5.0,1.0,0.0,0.0,10.0,2.4299999999999997,0.2,0.0,0.0,9.0,5.111111111111111,9.303703703703704,6.0,5.0,4.0,4.0,4.0,36.0,0.4444444444444444,1.0,2.0,5.3,4.5,0.0,2025-11-01,0,0,945.48
C00190,60,Male,Raleigh,NC,Platinum,Beauty,Paid Social,1,1,0.459,0.311,177,0,2,1713.57,856.785,189.35,94.675,44,117,0.5128205128205129,0.0,0.0,1.0,255.99,2.0,1713.57,Beauty,1553.3,2,2.0,1.0,0.0,0.0,15.0,1.505,0.5,0.0,0.0,3.0,4.666666666666667,9.011111111111111,2.0,2.0,1.0,0.0,0.0,7.0,0.0,0.0,1.0,15.3,4.0,0.0,2025-11-01,0,0,1248.46
C00195,55,Non-binary,Tacoma,WA,Unknown,Sports,Affiliate,1,1,0.581,0.913,585,0,4,1925.84,481.46,313.08,78.27,36,531,0.22598870056497175,0.0,0.0,2.0,546.4,3.0,1167.44,Home,932.23,5,5.0,2.0,1.0,0.0,15.0,2.3,0.4,0.2,0.0,17.0,3.823529411764706,6.388235294117647,9.0,6.0,5.0,1.0,1.0,11.0,0.058823529411764705,0.2,0.0,0.0,0.0,0.0,2025-11-01,0,1,0.0
C00196,43,Male,Boston,MA,Unknown,Sports,Direct,1,0,0.719,0.525,388,0,3,1120.1,373.3666666666666,146.81,48.93666666666667,105,242,0.37190082644628103,0.0,0.0,0.0,0.0,1.0,754.74,Sports,739.19,2,4.0,0.0,0.0,0.0,20.0,2.71,0.0,0.0,0.0,6.0,4.833333333333333,6.777777777777779,3.0,3.0,3.0,2.0,2.0,31.0,0.3333333333333333,0.6666666666666666,0.0,0.0,0.0,0.0,2025-11-01,0,0,55.85
C00197,70,Male,Dallas,TX,Gold,Sports,Affiliate,1,1,0.612,0.187,505,0,7,2732.11,390.3014285714286,483.27,69.03857142857143,48,440,0.4772727272727273,0.0,0.0,2.0,944.6700000000001,2.0,944.6700000000001,Sports,1703.72,5,5.0,1.0,0.0,0.0,19.0,4.22,0.2,0.0,0.0,6.0,3.5,3.702777777777778,4.0,2.0,0.0,0.0,0.0,122.0,0.0,0.0,0.0,0.0,0.0,0.0,2025-11-01,0,0,668.6800000000001
C00198,29,Prefer not to say,Naperville,IL,Gold,Electronics,Organic Search,1,0,0.678,0.833,443,0,3,429.01,143.00333333333333,88.2,29.400000000000002,243,197,0.4568527918781726,0.0,0.0,0.0,0.0,0.0,0.0,Grocery,224.51,3,11.0,5.0,2.0,0.0,12.727272727272727,8.325,0.45454545454545453,0.18181818181818182,0.0,9.0,4.222222222222222,7.644444444444444,4.0,3.0,4.0,2.0,2.0,14.0,0.2222222222222222,0.5,0.0,0.0,0.0,0.0,2025-11-01,0,0,206.25
C00200,25,Non-binary,Raleigh,NC,Silver,Apparel,Direct,1,1,0.362,0.583,98,0,3,989.0,329.6666666666667,110.22999999999999,36.74333333333333,17,71,1.267605633802817,1.0,275.14,3.0,989.0,3.0,989.0,Apparel,798.93,2,3.0,1.0,1.0,0.0,13.333333333333334,0.73,0.3333333333333333,0.3333333333333333,0.0,3.0,4.333333333333333,5.316666666666666,2.0,2.0,0.0,0.0,0.0,13.0,0.0,0.0,1.0,9.8,5.0,0.0,2025-11-01,1,0,748.8499999999999
C00001,33,Female,Scottsdale,AZ,Silver,Beauty,Paid Search,1,0,0.852,0.38,307,0,2,372.04999999999995,186.02499999999998,119.38999999999999,59.69499999999999,32,266,0.22556390977443608,0.0,0.0,1.0,186.92,1.0,186.92,Apparel,172.21,3,2.0,1.0,0.0,1.0,7.5,0.73,0.5,0.0,0.5,9.0,4.888888888888889,6.559259259259259,6.0,5.0,4.0,2.0,2.0,69.0,0.2222222222222222,0.5,0.0,0.0,0.0,0.0,2025-12-01,0,1,0.0
C00002,34,Male,Raleigh,NC,Silver,Baby,Affiliate,1,1,0.559,0.441,128,0,2,438.64,219.32,94.33,47.165,36,88,0.6818181818181819,0.0,0.0,1.0,366.87,2.0,438.64,Electronics,189.05,3,3.0,1.0,0.0,1.0,18.333333333333332,3.42,0.3333333333333333,0.0,0.3333333333333333,6.0,3.1666666666666665,3.988888888888889,3.0,2.0,0.0,0.0,0.0,7.0,0.0,0.0,0.0,0.0,0.0,0.0,2025-12-01,0,0,460.78
C00003,44,Female,Austin,TX,Unknown,Pet,Referral,1,0,0.349,0.49,250,0,1,354.37,354.37,77.42,77.42,97,0,1.0,0.0,0.0,0.0,0.0,1.0,354.37,Pet,329.65,1,4.0,1.0,1.0,2.0,8.75,3.425,0.25,0.25,0.5,5.0,4.4,7.269999999999999,3.0,3.0,3.0,0.0,0.0,124.0,0.0,0.0,0.0,0.0,0.0,0.0,2025-12-01,0,0,397.52
C00006,40,Male,New York,NY,Silver,Grocery,Direct,1,1,0.507,0.902,365,0,2,483.8,241.9,94.55,47.275,44,133,0.45112781954887216,0.0,0.0,1.0,65.01,2.0,483.8,Beauty,389.57,2,7.0,3.0,2.0,1.0,19.285714285714285,8.12,0.42857142857142855,0.2857142857142857,0.14285714285714285,7.0,3.857142857142857,6.435714285714285,3.0,2.0,2.0,2.0,2.0,34.0,0.2857142857142857,1.0,0.0,0.0,0.0,0.0,2025-12-01,0,0,1051.67
C00008,56,Female,Charlotte,NC,Unknown,Sports,Paid Social,1,0,0.755,0.458,381,0,4,2082.87,520.7175,466.16999999999996,116.54249999999999,103,259,0.46332046332046334,0.0,0.0,0.0,0.0,1.0,390.32,Sports,1580.53,3,3.0,2.0,1.0,0.0,18.333333333333332,3.07,0.6666666666666666,0.3333333333333333,0.0,8.0,3.625,4.808333333333334,2.0,2.0,1.0,1.0,1.0,35.0,0.125,1.0,0.0,0.0,0.0,0.0,2025-12-01,0,1,0.0
C00009,64,Non-binary,Boulder,CO,Unknown,Electronics,Referral,1,0,0.891,0.515,630,0,1,267.15,267.15,59.97,59.97,59,0,1.0,0.0,0.0,1.0,267.15,1.0,267.15,Grocery,248.51000000000002,1,7.0,4.0,1.0,0.0,10.0,7.325,0.5714285714285714,0.14285714285714285,0.0,7.0,4.428571428571429,6.702380952380952,5.0,4.0,3.0,0.0,0.0,55.0,0.0,0.0,0.0,0.0,0.0,0.0,2025-12-01,1,0,366.66
C00012,25,Male,Chicago,IL,Silver,Grocery,Paid Search,1,1,0.555,0.744,105,0,2,501.08000000000004,250.54000000000002,59.050000000000004,29.525000000000002,7,4,2.0,2.0,501.08000000000004,2.0,501.08000000000004,2.0,501.08000000000004,Home,394.75,2,4.0,3.0,2.0,0.0,15.0,3.255,0.75,0.5,0.0,2.0,2.0,3.4166666666666665,0.0,0.0,0.0,0.0,0.0,6.0,0.0,0.0,0.0,0.0,0.0,0.0,2025-12-01,0,0,419.84
C00014,23,Male,Seattle,WA,Unknown,Baby,Affiliate,1,1,0.251,0.454,648,0,5,1482.1,296.41999999999996,136.92,27.383999999999997,77,492,0.30487804878048785,0.0,0.0,1.0,80.94,3.0,861.13,Sports,780.8199999999999,4,3.0,2.0,0.0,0.0,11.666666666666666,1.2149999999999999,0.6666666666666666,0.0,0.0,10.0,5.0,8.184999999999999,7.0,4.0,4.0,4.0,4.0,1.0,0.4,1.0,0.0,0.0,0.0,0.0,2025-12-01,0,1,0.0
C00015,66,Male,New York,NY,Unknown,Sports,Paid Social,1,1,0.251,0.411,67,1,1,40.59,40.59,1.8,1.8,19,0,1.0,1.0,40.59,1.0,40.59,1.0,40.59,Home,31.26,1,2.0,1.0,0.0,0.0,2.5,2.7,0.5,0.0,0.0,4.0,4.75,10.025,3.0,2.0,2.0,0.0,0.0,23.0,0.0,0.0,0.0,0.0,0.0,0.0,2025-12-01,0,1,0.0
C00016,68,Male,Boulder,CO,Platinum,Electronics,Organic Search,1,0,0.466,0.649,523,0,4,1248.18,312.045,220.24,55.06,79,331,0.36253776435045315,0.0,0.0,1.0,448.98,1.0,448.98,Beauty,417.65999999999997,5,7.0,5.0,3.0,1.0,15.0,3.3,0.7142857142857143,0.42857142857142855,0.14285714285714285,7.0,4.714285714285714,7.642857142857143,3.0,2.0,4.0,3.0,3.0,59.0,0.42857142857142855,0.75,0.0,0.0,0.0,0.0,2025-12-01,0,0,997.39
C00017,35,Prefer not to say,Orlando,FL,Platinum,Beauty,Organic Search,1,0,0.472,0.673,428,0,12,3086.59,257.21583333333336,491.01,40.9175,5,415,0.8674698795180723,1.0,26.36,3.0,431.37,5.0,1223.8500000000001,Beauty,1487.51,5,5.0,3.0,1.0,1.0,14.0,3.26,0.6,0.2,0.2,9.0,5.0,7.187037037037038,7.0,4.0,4.0,2.0,2.0,42.0,0.2222222222222222,0.5,2.0,21.3,4.5,0.0,2025-12-01,1,0,1055.9499999999998
C00019,66,Female,Raleigh,NC,Silver,Baby,Organic Search,1,1,0.724,0.433,515,0,3,333.25,111.08333333333333,64.38,21.459999999999997,191,229,0.3930131004366812,0.0,0.0,0.0,0.0,0.0,0.0,Beauty,184.98,4,2.0,0.0,0.0,0.0,17.5,1.505,0.0,0.0,0.0,9.0,3.111111111111111,4.07037037037037,5.0,1.0,0.0,0.0,0.0,109.0,0.0,0.0,0.0,0.0,0.0,0.0,2025-12-01,0,0,254.16
C00021,59,Male,San Francisco,CA,Unknown,Pet,Direct,1,0,0.943,0.728,576,0,1,136.83,136.83,37.09,37.09,565,0,1.0,0.0,0.0,0.0,0.0,0.0,0.0,Apparel,127.28,1,9.0,3.0,1.0,1.0,12.777777777777779,8.0,0.3333333333333333,0.1111111111111111,0.1111111111111111,11.0,4.7272727272727275,7.292424242424243,7.0,2.0,6.0,4.0,4.0,77.0,0.36363636363636365,0.6666666666666666,0.0,0.0,0.0,0.0,2025-12-01,0,0,1041.47
C00023,20,Male,Boulder,CO,Silver,Grocery,Organic Search,0,1,0.84,0.391,135,0,3,473.1,157.70000000000002,96.22,32.07333333333333,48,35,2.571428571428571,0.0,0.0,3.0,473.1,3.0,473.1,Grocery,433.6,1,0.0,0.0,0.0,0.0,0.0,0.0,0.0,0.0,0.0,4.0,3.75,4.454166666666667,2.0,2.0,1.0,0.0,0.0,41.0,0.0,0.0,0.0,0.0,0.0,0.0,2025-12-01,0,0,409.71000000000004
C00024,72,Prefer not to say,Scottsdale,AZ,Platinum,Beauty,Direct,1,0,0.674,0.414,162,0,4,812.43,203.1075,195.59,48.8975,3,104,1.1538461538461537,2.0,372.33000000000004,3.0,728.97,4.0,812.43,Home,346.36,3,1.0,0.0,0.0,0.0,0.0,0.01,0.0,0.0,0.0,2.0,5.0,8.933333333333334,1.0,0.0,1.0,1.0,1.0,86.0,0.5,1.0,1.0,5.9,4.0,0.0,2025-12-01,0,0,610.47
C00025,75,Female,San Jose,CA,Unknown,Pet,Paid Social,1,1,0.607,0.678,146,0,1,130.0,130.0,23.35,23.35,26,0,1.0,1.0,130.0,1.0,130.0,1.0,130.0,Pet,120.93,1,6.0,3.0,2.0,1.0,5.833333333333333,2.315,0.5,0.3333333333333333,0.16666666666666666,3.0,4.0,4.861111111111112,2.0,1.0,0.0,0.0,0.0,63.0,0.0,0.0,1.0,3.4,4.0,0.0,2025-12-01,0,0,1029.99
C00026,27,Male,Cambridge,MA,Gold,Sports,Direct,1,1,0.732,0.88,317,0,9,2036.4099999999999,226.26777777777775,443.84000000000003,49.31555555555556,16,285,0.9473684210526315,2.0,582.72,4.0,919.03,6.0,1443.05,Sports,929.52,4,7.0,4.0,1.0,1.0,15.714285714285714,3.2849999999999997,0.5714285714285714,0.14285714285714285,0.14285714285714285,13.0,4.769230769230769,9.297435897435896,9.0,8.0,5.0,3.0,3.0,82.0,0.23076923076923078,0.6,1.0,8.8,4.0,0.0,2025-12-01,1,0,1527.88
C00027,62,Non-binary,Phoenix,AZ,Unknown,Beauty,Direct,1,1,0.218,0.407,691,0,4,1283.88,320.97,177.14,44.285,15,524,0.22900763358778628,1.0,401.97,2.0,578.5600000000001,2.0,578.5600000000001,Electronics,782.9399999999999,4,9.0,3.0,1.0,0.0,13.88888888888889,7.12,0.3333333333333333,0.1111111111111111,0.0,9.0,4.777777777777778,8.36111111111111,8.0,6.0,3.0,0.0,0.0,20.0,0.0,0.0,0.0,0.0,0.0,0.0,2025-12-01,0,1,0.0
C00029,48,Non-binary,Houston,TX,Unknown,Grocery,Paid Social,1,1,0.833,0.897,566,0,2,581.05,290.525,107.71000000000001,53.855000000000004,350,72,0.8333333333333334,0.0,0.0,0.0,0.0,0.0,0.0,Beauty,185.53,4,4.0,0.0,0.0,0.0,3.75,3.66,0.0,0.0,0.0,11.0,4.545454545454546,6.722727272727273,6.0,5.0,5.0,4.0,4.0,24.0,0.36363636363636365,0.8,1.0,4.4,4.0,0.0,2025-12-01,1,0,270.32
C00030,55,Prefer not to say,Orlando,FL,Unknown,Pet,Organic Search,1,1,0.554,0.489,623,0,6,1655.17,275.8616666666667,253.23000000000002,42.205000000000005,73,489,0.36809815950920244,0.0,0.0,1.0,392.89,1.0,392.89,Pet,954.59,3,2.0,1.0,1.0,0.0,10.0,0.73,0.5,0.5,0.0,15.0,4.2,7.052222222222222,9.0,8.0,4.0,1.0,1.0,16.0,0.06666666666666667,0.25,0.0,0.0,0.0,0.0,2025-12-01,1,0,416.77000000000004
C00033,56,Female,Dallas,TX,Unknown,Electronics,Paid Search,0,1,0.298,0.419,235,0,2,450.49,225.245,39.16,19.58,64,151,0.3973509933774835,0.0,0.0,1.0,159.26,1.0,159.26,Electronics,270.91,2,1.0,1.0,1.0,0.0,0.0,0.005,1.0,1.0,0.0,7.0,3.142857142857143,4.84047619047619,1.0,0.0,2.0,2.0,2.0,33.0,0.2857142857142857,1.0,0.0,0.0,0.0,0.0,2025-12-01,1,0,968.15
C00035,75,Female,Scottsdale,AZ,Silver,Electronics,Affiliate,1,1,0.544,0.406,589,0,5,1444.8,288.96,238.24,47.648,35,384,0.390625,0.0,0.0,2.0,198.63,2.0,198.63,Electronics,734.76,4,6.0,5.0,0.0,1.0,13.333333333333334,2.735,0.8333333333333334,0.0,0.16666666666666666,7.0,4.142857142857143,6.683333333333333,5.0,3.0,1.0,1.0,1.0,55.0,0.14285714285714285,1.0,0.0,0.0,0.0,0.0,2025-12-01,0,1,0.0
C00036,74,Male,Raleigh,NC,Silver,Grocery,Referral,0,1,0.552,0.811,61,1,1,484.79,484.79,141.55,141.55,49,0,1.0,0.0,0.0,1.0,484.79,1.0,484.79,Grocery,450.97,1,4.0,4.0,1.0,2.0,8.75,2.36,1.0,0.25,0.5,2.0,4.0,7.366666666666666,2.0,0.0,0.0,0.0,0.0,3.0,0.0,0.0,0.0,0.0,0.0,0.0,2025-12-01,0,0,609.18
C00040,35,Prefer not to say,Naperville,IL,Gold,Apparel,Referral,1,1,0.591,0.195,236,0,3,1083.5700000000002,361.19000000000005,194.79,64.92999999999999,27,126,0.7142857142857143,1.0,259.92,2.0,652.4100000000001,3.0,1083.5700000000002,Apparel,606.9,2,3.0,0.0,0.0,0.0,5.0,2.705,0.0,0.0,0.0,3.0,2.0,3.588888888888889,0.0,0.0,0.0,0.0,0.0,88.0,0.0,0.0,1.0,5.2,3.0,0.0,2025-12-01,1,0,1745.55
C00041,67,Male,Boulder,CO,Gold,Sports,Paid Social,1,1,0.209,0.683,480,0,7,2484.7799999999997,354.9685714285714,200.43,28.632857142857144,28,381,0.5511811023622047,1.0,79.27,1.0,79.27,3.0,234.42,Baby,922.78,6,9.0,4.0,1.0,0.0,13.333333333333334,6.345,0.4444444444444444,0.1111111111111111,0.0,12.0,5.25,9.299999999999999,9.0,6.0,6.0,5.0,5.0,61.0,0.4166666666666667,0.8333333333333334,1.0,4.6,3.0,0.0,2025-12-01,1,0,335.13
C00045,58,Non-binary,Orlando,FL,Unknown,Baby,Affiliate,1,1,0.437,0.815,623,0,3,414.84000000000003,138.28,40.3,13.433333333333332,185,418,0.21531100478468898,0.0,0.0,0.0,0.0,0.0,0.0,Baby,385.90000000000003,1,5.0,3.0,0.0,0.0,13.0,4.2749999999999995,0.6,0.0,0.0,9.0,5.444444444444445,8.005555555555555,6.0,5.0,6.0,4.0,4.0,76.0,0.4444444444444444,0.6666666666666666,0.0,0.0,0.0,0.0,2025-12-01,0,0,81.34
C00047,46,Male,Boulder,CO,Gold,Electronics,Paid Social,0,1,0.27,0.754,213,0,1,39.58,39.58,2.75,2.75,20,0,1.0,1.0,39.58,1.0,39.58,1.0,39.58,Electronics,36.82,1,5.0,4.0,1.0,0.0,11.0,5.119999999999999,0.8,0.2,0.0,8.0,4.25,5.947916666666667,7.0,4.0,0.0,0.0,0.0,5.0,0.0,0.0,0.0,0.0,0.0,0.0,2025-12-01,1,0,469.5
C00048,39,Female,Charlotte,NC,Platinum,Grocery,Paid Social,1,0,0.137,0.355,354,0,10,3309.9,330.99,231.26,23.125999999999998,131,188,1.5957446808510638,0.0,0.0,0.0,0.0,4.0,1326.45,Sports,861.32,7,4.0,1.0,0.0,0.0,7.5,2.715,0.25,0.0,0.0,8.0,3.875,6.6375,4.0,2.0,3.0,2.0,2.0,13.0,0.25,0.6666666666666666,1.0,6.9,4.0,0.0,2025-12-01,0,0,549.5600000000001
C00050,51,Female,Buffalo,NY,Silver,Baby,Affiliate,1,1,0.535,0.708,516,0,3,500.52,166.84,72.52000000000001,24.173333333333336,254,132,0.6818181818181818,0.0,0.0,0.0,0.0,0.0,0.0,Baby,459.1,1,5.0,3.0,2.0,0.0,11.0,1.54,0.6,0.4,0.0,8.0,3.0,4.55625,3.0,1.0,2.0,1.0,1.0,13.0,0.125,0.5,1.0,5.2,5.0,0.0,2025-12-01,1,0,997.98
C00051,46,Prefer not to say,Orlando,FL,Unknown,Beauty,Referral,1,1,0.288,0.326,534,0,3,1478.01,492.67,170.87,56.95666666666667,243,235,0.3829787234042553,0.0,0.0,0.0,0.0,0.0,0.0,Beauty,776.84,2,4.0,2.0,0.0,0.0,11.25,4.32,0.5,0.0,0.0,7.0,4.0,6.559523809523809,3.0,3.0,3.0,1.0,1.0,18.0,0.14285714285714285,0.3333333333333333,1.0,42.7,4.0,0.0,2025-12-01,0,0,89.05
C00052,71,Prefer not to say,New York,NY,Unknown,Beauty,Paid Search,1,0,0.481,0.323,535,0,5,3476.8,695.36,435.65,87.13,61,458,0.32751091703056767,0.0,0.0,1.0,1098.45,1.0,1098.45,Beauty,2091.99,4,4.0,2.0,1.0,0.0,10.0,1.53,0.5,0.25,0.0,6.0,4.333333333333333,6.444444444444444,4.0,2.0,2.0,1.0,1.0,25.0,0.16666666666666666,0.5,0.0,0.0,0.0,0.0,2025-12-01,0,1,0.0
C00053,71,Prefer not to say,Boston,MA,Platinum,Grocery,Direct,1,1,0.411,0.855,673,0,12,3807.79,317.31583333333333,606.4,50.53333333333333,10,649,0.5546995377503853,1.0,72.88,3.0,578.9,4.0,810.23,Grocery,1492.07,6,11.0,7.0,2.0,0.0,14.090909090909092,7.199999999999999,0.6363636363636364,0.18181818181818182,0.0,14.0,5.071428571428571,9.019047619047619,8.0,6.0,9.0,6.0,6.0,41.0,0.42857142857142855,0.6666666666666666,1.0,7.2,4.0,0.0,2025-12-01,0,0,52.01
C00054,68,Prefer not to say,San Jose,CA,Silver,Beauty,Organic Search,1,1,0.511,0.85,619,0,11,3897.7200000000003,354.33818181818185,442.04999999999995,40.18636363636363,16,570,0.5789473684210527,1.0,288.57,1.0,288.57,4.0,835.3699999999999,Beauty,2632.0299999999997,4,8.0,4.0,2.0,0.0,1.875,7.35,0.5,0.25,0.0,16.0,4.6875,7.546875,11.0,10.0,6.0,3.0,3.0,9.0,0.1875,0.5,1.0,10.7,5.0,0.0,2025-12-01,1,0,698.8499999999999
C00056,52,Non-binary,Seattle,WA,Unknown,Grocery,Direct,1,0,0.541,0.797,318,0,2,535.26,267.63,47.54,23.77,76,139,0.4316546762589928,0.0,0.0,1.0,184.53,1.0,184.53,Electronics,326.26,2,3.0,0.0,0.0,0.0,6.666666666666667,1.45,0.0,0.0,0.0,9.0,5.777777777777778,10.961111111111112,7.0,7.0,5.0,4.0,4.0,10.0,0.4444444444444444,0.8,0.0,0.0,0.0,0.0,2025-12-01,0,1,0.0
C00058,62,Prefer not to say,San Francisco,CA,Unknown,Grocery,Affiliate,1,1,0.403,0.651,335,0,1,174.75,174.75,43.5,43.5,6,0,1.0,1.0,174.75,1.0,174.75,1.0,174.75,Grocery,162.56,1,6.0,2.0,0.0,0.0,8.333333333333334,3.0949999999999998,0.3333333333333333,0.0,0.0,8.0,4.125,7.402083333333334,5.0,4.0,2.0,1.0,1.0,19.0,0.125,0.5,0.0,0.0,0.0,0.0,2025-12-01,0,0,36.5
C00059,40,Prefer not to say,Austin,TX,Silver,Beauty,Direct,0,1,0.806,0.526,266,0,1,554.58,554.58,94.94,94.94,55,0,1.0,0.0,0.0,1.0,554.58,1.0,554.58,Beauty,515.89,1,3.0,2.0,2.0,0.0,15.0,2.0549999999999997,0.6666666666666666,0.6666666666666666,0.0,11.0,3.8181818181818183,5.925757575757576,5.0,4.0,3.0,0.0,0.0,0.0,0.0,0.0,0.0,0.0,0.0,0.0,2025-12-01,0,0,932.9799999999999
C00060,68,Prefer not to say,Seattle,WA,Unknown,Electronics,Paid Search,1,0,0.258,0.86,255,0,1,107.99,107.99,11.47,11.47,128,0,1.0,0.0,0.0,0.0,0.0,1.0,107.99,Electronics,100.46,1,5.0,4.0,0.0,0.0,18.0,1.585,0.8,0.0,0.0,6.0,2.8333333333333335,4.572222222222222,1.0,1.0,1.0,0.0,0.0,24.0,0.0,0.0,0.0,0.0,0.0,0.0,2025-12-01,0,1,0.0
C00061,25,Female,Chicago,IL,Silver,Electronics,Referral,1,0,0.401,0.501,325,0,1,336.46,336.46,27.82,27.82,69,0,1.0,0.0,0.0,1.0,336.46,1.0,336.46,Home,312.99,1,3.0,1.0,0.0,0.0,16.666666666666668,2.6399999999999997,0.3333333333333333,0.0,0.0,9.0,3.888888888888889,6.5018518518518515,5.0,4.0,2.0,0.0,0.0,27.0,0.0,0.0,0.0,0.0,0.0,0.0,2025-12-01,0,0,1032.73
C00062,63,Prefer not to say,Seattle,WA,Unknown,Baby,Direct,0,0,0.241,0.769,580,0,6,1975.51,329.25166666666667,157.32999999999998,26.221666666666664,93,484,0.37190082644628103,0.0,0.0,0.0,0.0,2.0,291.76,Baby,1081.6200000000001,4,7.0,4.0,2.0,0.0,10.0,6.09,0.5714285714285714,0.2857142857142857,0.0,6.0,3.0,3.897222222222222,2.0,1.0,0.0,0.0,0.0,76.0,0.0,0.0,1.0,7.7,4.0,0.0,2025-12-01,0,0,296.44
C00064,22,Male,Scottsdale,AZ,Unknown,Beauty,Direct,1,1,0.664,0.513,323,0,1,220.15,220.15,35.61,35.61,257,0,1.0,0.0,0.0,0.0,0.0,0.0,0.0,Sports,204.79,1,4.0,2.0,0.0,0.0,10.0,3.0749999999999997,0.5,0.0,0.0,6.0,3.6666666666666665,5.883333333333334,3.0,2.0,1.0,1.0,1.0,15.0,0.16666666666666666,1.0,0.0,0.0,0.0,0.0,2025-12-01,1,0,527.99
C00065,30,Non-binary,Chicago,IL,Gold,Beauty,Direct,1,1,0.298,0.62,171,0,1,225.46,225.46,29.91,29.91,51,0,1.0,0.0,0.0,1.0,225.46,1.0,225.46,Sports,209.73,1,4.0,1.0,0.0,1.0,6.25,1.585,0.25,0.0,0.25,6.0,5.833333333333333,10.68611111111111,5.0,3.0,4.0,3.0,3.0,2.0,0.5,0.75,0.0,0.0,0.0,0.0,2025-12-01,0,0,303.17
C00067,40,Prefer not to say,Seattle,WA,Silver,Electronics,Paid Social,1,1,0.304,0.476,285,0,3,956.77,318.92333333333335,104.53999999999999,34.846666666666664,169,104,0.8653846153846153,0.0,0.0,0.0,0.0,1.0,335.65,Electronics,890.0100000000001,1,2.0,0.0,0.0,0.0,12.5,1.5699999999999998,0.0,0.0,0.0,7.0,4.571428571428571,7.516666666666667,5.0,4.0,4.0,0.0,0.0,22.0,0.0,0.0,0.0,0.0,0.0,0.0,2025-12-01,1,0,418.5
C00068,38,Male,Phoenix,AZ,Gold,Baby,Referral,0,1,0.471,0.733,453,0,4,920.28,230.07,187.26,46.815,244,103,1.1650485436893205,0.0,0.0,0.0,0.0,0.0,0.0,Beauty,361.49,3,10.0,5.0,2.0,1.0,13.5,8.61,0.5,0.2,0.1,2.0,2.5,2.808333333333333,1.0,0.0,0.0,0.0,0.0,227.0,0.0,0.0,0.0,0.0,0.0,0.0,2025-12-01,0,0,138.57
C00069,72,Female,Scottsdale,AZ,Platinum,Sports,Paid Search,0,0,0.671,0.256,385,0,12,3400.56,283.38,582.25,48.520833333333336,55,326,1.1042944785276072,0.0,0.0,1.0,317.15,5.0,1803.6,Sports,2527.31,5,9.0,1.0,0.0,0.0,15.555555555555555,7.915,0.1111111111111111,0.0,0.0,5.0,3.6,5.9,3.0,2.0,1.0,0.0,0.0,63.0,0.0,0.0,1.0,18.2,3.0,0.0,2025-12-01,1,0,1435.8
C00070,61,Female,Chicago,IL,Platinum,Electronics,Organic Search,1,0,0.509,0.716,288,0,6,1562.41,260.4016666666667,382.89,63.815,7,198,0.9090909090909092,1.0,123.81,2.0,541.35,2.0,541.35,Electronics,801.53,3,4.0,0.0,0.0,0.0,15.0,2.65,0.0,0.0,0.0,2.0,3.0,3.708333333333333,0.0,0.0,0.0,0.0,0.0,69.0,0.0,0.0,0.0,0.0,0.0,0.0,2025-12-01,0,0,35.11
C00073,44,Prefer not to say,Charlotte,NC,Gold,Electronics,Direct,1,1,0.474,0.36,108,0,2,477.27,238.635,71.28,35.64,12,66,0.9090909090909091,1.0,240.61,2.0,477.27,2.0,477.27,Beauty,223.82,2,2.0,2.0,0.0,0.0,5.0,0.015,1.0,0.0,0.0,4.0,5.25,7.095833333333333,2.0,2.0,2.0,2.0,2.0,15.0,0.5,1.0,0.0,0.0,0.0,0.0,2025-12-01,1,0,1021.92
C00074,33,Non-binary,Scottsdale,AZ,Silver,Grocery,Paid Search,0,0,0.419,0.793,368,0,2,351.95,175.975,46.5,23.25,226,15,2.0,0.0,0.0,0.0,0.0,0.0,0.0,Grocery,327.39,1,5.0,3.0,1.0,1.0,17.0,1.72,0.6,0.2,0.2,6.0,3.3333333333333335,5.605555555555555,4.0,1.0,1.0,0.0,0.0,115.0,0.0,0.0,0.0,0.0,0.0,0.0,2025-12-01,0,0,54.62
C00075,63,Female,Buffalo,NY,Unknown,Baby,Referral,1,0,0.528,0.778,405,0,5,2533.02,506.604,284.01,56.802,19,383,0.39164490861618795,1.0,294.59,1.0,294.59,2.0,432.9,Beauty,1068.56,5,3.0,0.0,0.0,1.0,3.3333333333333335,3.7199999999999998,0.0,0.0,0.3333333333333333,8.0,5.375,9.470833333333333,6.0,4.0,4.0,3.0,3.0,68.0,0.375,0.75,0.0,0.0,0.0,0.0,2025-12-01,0,1,0.0
C00076,44,Non-binary,Buffalo,NY,Unknown,Apparel,Organic Search,1,1,0.234,0.582,481,0,3,783.72,261.24,84.99000000000001,28.330000000000002,92,260,0.3461538461538462,0.0,0.0,0.0,0.0,1.0,146.62,Apparel,475.76,3,2.0,1.0,1.0,1.0,25.0,2.05,0.5,0.5,0.5,12.0,4.333333333333333,7.347222222222222,7.0,5.0,4.0,3.0,3.0,66.0,0.25,0.75,0.0,0.0,0.0,0.0,2025-12-01,0,1,0.0
C00078,28,Prefer not to say,Scottsdale,AZ,Gold,Apparel,Direct,1,0,0.54,0.89,294,0,1,73.19,73.19,11.06,11.06,129,0,1.0,0.0,0.0,0.0,0.0,1.0,73.19,Electronics,68.08,1,6.0,1.0,0.0,0.0,15.833333333333334,4.35,0.16666666666666666,0.0,0.0,9.0,3.4444444444444446,4.890740740740741,4.0,4.0,2.0,0.0,0.0,5.0,0.0,0.0,0.0,0.0,0.0,0.0,2025-12-01,0,0,1430.87
C00082,50,Prefer not to say,Austin,TX,Platinum,Pet,Referral,1,1,0.634,0.29,123,0,4,1592.25,398.0625,464.06,116.015,10,77,1.5584415584415583,1.0,275.55,4.0,1592.25,4.0,1592.25,Apparel,1002.8,3,4.0,1.0,1.0,0.0,21.25,2.295,0.25,0.25,0.0,2.0,7.0,9.433333333333334,2.0,2.0,2.0,1.0,1.0,75.0,0.5,0.5,1.0,3.3,4.0,0.0,2025-12-01,0,0,766.37
C00084,43,Male,Boston,MA,Silver,Sports,Organic Search,1,0,0.54,0.654,562,0,3,348.0,116.0,49.269999999999996,16.423333333333332,121,185,0.48648648648648646,0.0,0.0,0.0,0.0,1.0,115.8,Sports,285.05,2,4.0,1.0,0.0,2.0,20.0,3.21,0.25,0.0,0.5,12.0,5.166666666666667,9.45138888888889,7.0,4.0,8.0,6.0,6.0,22.0,0.5,0.75,0.0,0.0,0.0,0.0,2025-12-01,0,0,229.29
C00085,20,Prefer not to say,Denver,CO,Silver,Sports,Paid Search,1,1,0.684,0.731,226,0,2,392.59000000000003,196.29500000000002,51.75,25.875,7,213,0.28169014084507044,1.0,322.12,1.0,322.12,1.0,322.12,Sports,299.65,2,5.0,3.0,2.0,0.0,6.0,2.7249999999999996,0.6,0.4,0.0,5.0,4.4,6.68,3.0,1.0,2.0,2.0,2.0,9.0,0.4,1.0,0.0,0.0,0.0,0.0,2025-12-01,0,0,440.76
C00086,33,Non-binary,Denver,CO,Gold,Electronics,Direct,1,1,0.416,0.431,461,0,4,890.61,222.6525,121.82000000000001,30.455000000000002,91,308,0.3896103896103896,0.0,0.0,0.0,0.0,1.0,47.44,Electronics,491.96000000000004,3,2.0,0.0,0.0,0.0,12.5,1.44,0.0,0.0,0.0,3.0,3.3333333333333335,3.8944444444444444,0.0,0.0,1.0,1.0,1.0,91.0,0.3333333333333333,1.0,1.0,23.0,4.0,0.0,2025-12-01,1,0,992.87
C00087,42,Male,Los Angeles,CA,Unknown,Beauty,Referral,1,1,0.572,0.766,419,0,1,194.28,194.28,24.72,24.72,139,0,1.0,0.0,0.0,0.0,0.0,1.0,194.28,Grocery,180.73,1,8.0,2.0,1.0,0.0,10.625,4.495,0.25,0.125,0.0,10.0,4.4,7.784999999999999,5.0,4.0,5.0,3.0,3.0,0.0,0.3,0.6,0.0,0.0,0.0,0.0,2025-12-01,0,0,273.86
C00089,48,Male,Boston,MA,Unknown,Electronics,Referral,0,1,0.623,0.949,426,0,2,1191.19,595.595,205.1,102.55,27,347,0.1729106628242075,1.0,231.4,1.0,231.4,1.0,231.4,Pet,635.78,3,9.0,2.0,0.0,2.0,9.444444444444445,6.765,0.2222222222222222,0.0,0.2222222222222222,14.0,4.714285714285714,7.329761904761904,9.0,6.0,7.0,4.0,4.0,47.0,0.2857142857142857,0.5714285714285714,0.0,0.0,0.0,0.0,2025-12-01,0,0,477.72
C00090,20,Male,Boston,MA,Silver,Grocery,Organic Search,1,0,0.232,0.853,411,0,5,898.46,179.692,111.98,22.396,138,261,0.574712643678161,0.0,0.0,0.0,0.0,2.0,104.85999999999999,Home,280.38,5,6.0,3.0,1.0,0.0,12.5,3.42,0.5,0.16666666666666666,0.0,13.0,3.8461538461538463,5.033333333333333,6.0,3.0,2.0,1.0,1.0,6.0,0.07692307692307693,0.5,0.0,0.0,0.0,0.0,2025-12-01,0,1,0.0
C00092,31,Prefer not to say,Boulder,CO,Silver,Electronics,Organic Search,1,0,0.805,0.738,557,0,4,1217.25,304.3125,273.98,68.495,126,345,0.34782608695652173,0.0,0.0,0.0,0.0,1.0,469.82,Electronics,349.61,4,3.0,0.0,0.0,0.0,13.333333333333334,0.86,0.0,0.0,0.0,10.0,4.6,7.953333333333333,9.0,6.0,3.0,0.0,0.0,85.0,0.0,0.0,0.0,0.0,0.0,0.0,2025-12-01,0,0,292.02
C00094,66,Female,New York,NY,Unknown,Apparel,Referral,1,1,0.495,0.579,454,0,5,1458.74,291.748,234.95999999999998,46.992,21,407,0.36855036855036855,1.0,225.9,2.0,513.92,2.0,513.92,Sports,542.95,4,0.0,0.0,0.0,0.0,0.0,0.0,0.0,0.0,0.0,11.0,4.909090909090909,9.124242424242425,8.0,6.0,6.0,2.0,2.0,35.0,0.18181818181818182,0.3333333333333333,0.0,0.0,0.0,0.0,2025-12-01,1,0,92.75
C00095,74,Prefer not to say,San Francisco,CA,Unknown,Home,Organic Search,0,0,0.332,0.769,643,0,2,178.3,89.15,33.25,16.625,89,386,0.15544041450777202,0.0,0.0,1.0,37.39,1.0,37.39,Home,159.36,1,9.0,3.0,1.0,1.0,10.555555555555555,6.045,0.3333333333333333,0.1111111111111111,0.1111111111111111,14.0,4.285714285714286,6.696428571428571,7.0,4.0,4.0,3.0,3.0,82.0,0.21428571428571427,0.75,0.0,0.0,0.0,0.0,2025-12-01,0,1,0.0
C00096,37,Male,Denver,CO,Unknown,Electronics,Affiliate,1,1,0.806,0.182,413,0,1,460.47,460.47,72.9,72.9,314,0,1.0,0.0,0.0,0.0,0.0,0.0,0.0,Electronics,428.34000000000003,1,3.0,1.0,0.0,0.0,10.0,3.12,0.3333333333333333,0.0,0.0,3.0,2.6666666666666665,4.444444444444444,1.0,0.0,0.0,0.0,0.0,30.0,0.0,0.0,0.0,0.0,0.0,0.0,2025-12-01,0,0,298.96000000000004
C00097,56,Prefer not to say,Naperville,IL,Silver,Beauty,Organic Search,1,0,0.887,0.68,147,0,1,28.77,28.77,7.19,7.19,61,0,1.0,0.0,0.0,1.0,28.77,1.0,28.77,Beauty,20.26,1,7.0,2.0,1.0,2.0,17.142857142857142,5.0,0.2857142857142857,0.14285714285714285,0.2857142857142857,4.0,4.25,5.266666666666667,3.0,2.0,2.0,0.0,0.0,23.0,0.0,0.0,0.0,0.0,0.0,0.0,2025-12-01,0,0,962.82
C00098,58,Male,Scottsdale,AZ,Gold,Sports,Paid Social,1,1,0.375,0.836,239,0,1,32.99,32.99,0.69,0.69,36,0,1.0,0.0,0.0,1.0,32.99,1.0,32.99,Pet,30.69,1,7.0,3.0,3.0,0.0,10.714285714285714,5.13,0.42857142857142855,0.42857142857142855,0.0,12.0,4.583333333333333,8.055555555555555,8.0,4.0,6.0,3.0,3.0,5.0,0.25,0.5,0.0,0.0,0.0,0.0,2025-12-01,0,0,140.09
C00099,56,Non-binary,Scottsdale,AZ,Silver,Apparel,Organic Search,1,1,0.264,0.857,385,0,5,1737.01,347.402,60.25,12.05,25,196,0.7653061224489796,1.0,212.18,2.0,803.49,4.0,1630.91,Electronics,678.8,4,9.0,2.0,1.0,0.0,9.444444444444445,8.235,0.2222222222222222,0.1111111111111111,0.0,10.0,5.6,11.456666666666667,9.0,8.0,5.0,3.0,3.0,18.0,0.3,0.6,0.0,0.0,0.0,0.0,2025-12-01,0,0,399.0
C00100,44,Non-binary,Boulder,CO,Unknown,Pet,Organic Search,1,0,0.604,0.829,614,0,3,604.02,201.34,97.92,32.64,168,329,0.2735562310030395,0.0,0.0,0.0,0.0,1.0,222.57,Pet,561.88,1,7.0,4.0,3.0,1.0,13.571428571428571,4.595,0.5714285714285714,0.42857142857142855,0.14285714285714285,15.0,3.8,6.017777777777778,7.0,4.0,6.0,3.0,3.0,106.0,0.2,0.5,0.0,0.0,0.0,0.0,2025-12-01,0,1,0.0
C00102,71,Female,Tacoma,WA,Unknown,Baby,Direct,1,0,0.25,0.838,374,0,2,560.6800000000001,280.34000000000003,33.07,16.535,84,113,0.5309734513274337,0.0,0.0,1.0,255.21,1.0,255.21,Baby,521.56,1,10.0,7.0,4.0,1.0,14.5,6.515,0.7,0.4,0.1,10.0,4.8,8.370000000000001,6.0,6.0,6.0,1.0,1.0,0.0,0.1,0.16666666666666666,0.0,0.0,0.0,0.0,2025-12-01,1,0,478.04
C00103,23,Female,Seattle,WA,Unknown,Sports,Direct,1,1,0.422,0.487,453,0,1,1116.37,1116.37,185.15,185.15,401,0,1.0,0.0,0.0,0.0,0.0,0.0,0.0,Sports,802.71,2,4.0,1.0,1.0,0.0,13.75,2.365,0.25,0.25,0.0,6.0,4.0,5.3,3.0,3.0,2.0,1.0,1.0,169.0,0.16666666666666666,0.5,0.0,0.0,0.0,0.0,2025-12-01,0,1,0.0
C00104,61,Male,San Francisco,CA,Unknown,Sports,Organic Search,1,1,0.143,0.739,73,1,1,351.62,351.62,10.72,10.72,62,0,1.0,0.0,0.0,1.0,351.62,1.0,351.62,Sports,327.09,1,1.0,0.0,0.0,0.0,10.0,0.72,0.0,0.0,0.0,1.0,4.0,4.2,1.0,0.0,0.0,0.0,0.0,30.0,0.0,0.0,0.0,0.0,0.0,0.0,2025-12-01,0,1,0.0
C00105,22,Non-binary,Austin,TX,Unknown,Beauty,Direct,1,0,0.261,0.36,613,0,2,320.52,160.26,54.34,27.17,357,233,0.2575107296137339,0.0,0.0,0.0,0.0,0.0,0.0,Beauty,244.37,2,0.0,0.0,0.0,0.0,0.0,0.0,0.0,0.0,0.0,7.0,3.2857142857142856,4.833333333333334,3.0,3.0,2.0,0.0,0.0,4.0,0.0,0.0,0.0,0.0,0.0,0.0,2025-12-01,0,0,233.31
C00107,34,Prefer not to say,Raleigh,NC,Silver,Electronics,Affiliate,1,1,0.467,0.36,240,0,4,835.77,208.9425,124.97,31.2425,18,135,0.8888888888888888,1.0,40.41,3.0,754.21,4.0,835.77,Electronics,695.09,2,3.0,0.0,0.0,0.0,8.333333333333334,0.735,0.0,0.0,0.0,5.0,4.6,6.236666666666666,4.0,2.0,1.0,1.0,1.0,49.0,0.2,1.0,0.0,0.0,0.0,0.0,2025-12-01,0,0,286.01
C00108,37,Female,Chicago,IL,Silver,Baby,Paid Social,1,1,0.446,0.848,584,0,1,73.8,73.8,12.45,12.45,172,0,1.0,0.0,0.0,0.0,0.0,1.0,73.8,Baby,68.65,1,8.0,3.0,2.0,0.0,13.75,8.29,0.375,0.25,0.0,15.0,5.066666666666666,8.80888888888889,10.0,7.0,8.0,6.0,6.0,2.0,0.4,0.75,0.0,0.0,0.0,0.0,2025-12-01,0,1,0.0
C00109,57,Female,Raleigh,NC,Gold,Sports,Organic Search,1,1,0.438,0.607,272,0,2,1010.43,505.215,93.82,46.91,5,108,0.5555555555555556,1.0,328.62,1.0,328.62,2.0,1010.43,Beauty,634.24,2,3.0,0.0,0.0,0.0,20.0,3.12,0.0,0.0,0.0,4.0,4.75,7.9375,3.0,3.0,2.0,0.0,0.0,31.0,0.0,0.0,0.0,0.0,0.0,0.0,2025-12-01,1,0,595.6800000000001
C00110,36,Male,Boulder,CO,Silver,Baby,Affiliate,1,0,0.335,0.836,307,0,3,350.04,116.68,44.32,14.773333333333333,186,70,1.2857142857142856,0.0,0.0,0.0,0.0,0.0,0.0,Home,305.06,2,1.0,0.0,0.0,1.0,10.0,0.72,0.0,0.0,1.0,11.0,4.818181818181818,8.16060606060606,8.0,6.0,4.0,3.0,3.0,15.0,0.2727272727272727,0.75,0.0,0.0,0.0,0.0,2025-12-01,1,0,132.89
C00111,59,Male,Boulder,CO,Gold,Home,Organic Search,1,1,0.239,0.598,138,0,2,1148.54,574.27,108.67,54.335,9,106,0.5660377358490566,1.0,593.4,1.0,593.4,2.0,1148.54,Home,552.0,3,3.0,1.0,0.0,1.0,11.666666666666666,2.71,0.3333333333333333,0.0,0.3333333333333333,5.0,3.6,5.8133333333333335,3.0,3.0,1.0,0.0,0.0,3.0,0.0,0.0,0.0,0.0,0.0,0.0,2025-12-01,0,0,759.85
C00112,26,Male,Phoenix,AZ,Unknown,Home,Organic Search,1,1,0.471,0.421,611,0,4,1391.38,347.845,118.37,29.5925,146,465,0.25806451612903225,0.0,0.0,0.0,0.0,1.0,902.47,Home,872.41,3,3.0,0.0,0.0,0.0,10.0,3.7199999999999998,0.0,0.0,0.0,10.0,4.5,7.661666666666667,7.0,4.0,4.0,1.0,1.0,13.0,0.1,0.25,1.0,10.6,5.0,0.0,2025-12-01,0,1,0.0
C00113,73,Male,Denver,CO,Gold,Apparel,Paid Search,1,1,0.188,0.31,89,1,1,624.07,624.07,104.81,104.81,86,0,1.0,0.0,0.0,1.0,624.07,1.0,624.07,Apparel,580.53,1,1.0,0.0,0.0,0.0,20.0,1.2,0.0,0.0,0.0,2.0,1.0,0.0,0.0,0.0,0.0,0.0,0.0,35.0,0.0,0.0,0.0,0.0,0.0,0.0,2025-12-01,0,0,725.3100000000001
C00114,74,Non-binary,Cambridge,MA,Silver,Apparel,Referral,1,1,0.838,0.562,447,0,4,1494.81,373.7025,327.32,81.83,84,212,0.5660377358490566,0.0,0.0,1.0,707.56,2.0,909.3699999999999,Apparel,732.33,2,6.0,2.0,0.0,0.0,10.833333333333334,2.8,0.3333333333333333,0.0,0.0,4.0,4.25,7.054166666666666,2.0,2.0,2.0,1.0,1.0,13.0,0.25,0.5,0.0,0.0,0.0,0.0,2025-12-01,0,0,1051.05
C00117,51,Prefer not to say,Miami,FL,Platinum,Apparel,Organic Search,1,0,0.664,0.676,320,0,4,1071.1599999999999,267.78999999999996,268.22,67.055,24,272,0.4411764705882353,1.0,474.77,1.0,474.77,2.0,543.17,Apparel,505.28,4,8.0,5.0,2.0,2.0,15.0,6.83,0.625,0.25,0.25,11.0,4.0,6.78939393939394,6.0,4.0,3.0,1.0,1.0,92.0,0.09090909090909091,0.3333333333333333,0.0,0.0,0.0,0.0,2025-12-01,0,0,508.43
C00118,27,Female,Miami,FL,Silver,Pet,Affiliate,1,1,0.715,0.891,268,0,4,1013.55,253.3875,194.19,48.5475,81,180,0.6666666666666666,0.0,0.0,1.0,438.62,1.0,438.62,Apparel,408.02,3,6.0,2.0,1.0,0.0,15.833333333333334,5.779999999999999,0.3333333333333333,0.16666666666666666,0.0,15.0,3.6,5.535555555555556,7.0,5.0,5.0,2.0,2.0,10.0,0.13333333333333333,0.4,0.0,0.0,0.0,0.0,2025-12-01,0,1,0.0
C00122,22,Non-binary,Tacoma,WA,Gold,Home,Direct,0,1,0.32,0.29,544,0,8,1881.6799999999998,235.20999999999998,217.56,27.195,4,495,0.48484848484848486,1.0,403.07,1.0,403.07,3.0,797.5899999999999,Home,536.94,7,3.0,1.0,0.0,0.0,8.333333333333334,2.06,0.3333333333333333,0.0,0.0,5.0,4.8,8.506666666666666,3.0,2.0,2.0,2.0,2.0,20.0,0.4,1.0,0.0,0.0,0.0,0.0,2025-12-01,0,0,1057.3
C00123,51,Non-binary,Austin,TX,Unknown,Home,Paid Social,1,0,0.583,0.856,450,0,3,1352.04,450.68,223.78,74.59333333333333,72,208,0.43269230769230765,0.0,0.0,1.0,147.48,2.0,924.41,Home,528.71,4,8.0,3.0,2.0,1.0,13.125,5.6,0.375,0.25,0.125,13.0,4.230769230769231,7.602564102564102,10.0,5.0,3.0,1.0,1.0,74.0,0.07692307692307693,0.3333333333333333,1.0,3.1,4.0,0.0,2025-12-01,0,1,0.0
C00124,28,Non-binary,Austin,TX,Unknown,Electronics,Paid Social,1,0,0.396,0.889,425,0,3,696.99,232.33,34.36,11.453333333333333,140,259,0.3474903474903475,0.0,0.0,0.0,0.0,1.0,334.25,Apparel,310.93,3,6.0,5.0,1.0,1.0,13.333333333333334,3.575,0.8333333333333334,0.16666666666666666,0.16666666666666666,7.0,4.571428571428571,7.788095238095238,2.0,1.0,4.0,4.0,4.0,82.0,0.5714285714285714,1.0,0.0,0.0,0.0,0.0,2025-12-01,1,0,552.72
C00126,73,Non-binary,Tacoma,WA,Unknown,Grocery,Paid Social,1,1,0.619,0.648,373,0,2,740.44,370.22,195.47,97.735,133,21,2.0,0.0,0.0,0.0,0.0,2.0,740.44,Electronics,524.84,2,9.0,3.0,2.0,3.0,18.88888888888889,7.2299999999999995,0.3333333333333333,0.2222222222222222,0.3333333333333333,11.0,4.545454545454546,7.415151515151515,8.0,6.0,5.0,1.0,1.0,21.0,0.09090909090909091,0.2,0.0,0.0,0.0,0.0,2025-12-01,0,0,95.41
C00127,62,Female,Buffalo,NY,Silver,Apparel,Organic Search,1,1,0.702,0.675,323,0,3,1014.85,338.28333333333336,168.34,56.11333333333334,89,213,0.4225352112676057,0.0,0.0,1.0,293.03,1.0,293.03,Home,671.46,2,6.0,2.0,0.0,1.0,13.333333333333334,5.4799999999999995,0.3333333333333333,0.0,0.16666666666666666,11.0,3.727272727272727,5.304545454545455,5.0,4.0,2.0,1.0,1.0,29.0,0.09090909090909091,0.5,0.0,0.0,0.0,0.0,2025-12-01,0,0,80.45
C00129,38,Prefer not to say,Charlotte,NC,Unknown,Sports,Affiliate,1,0,0.7,0.826,624,0,4,2081.45,520.3625,405.99,101.4975,48,291,0.4123711340206186,0.0,0.0,1.0,408.23,1.0,408.23,Sports,1152.92,4,7.0,5.0,2.0,0.0,14.285714285714286,6.435,0.7142857142857143,0.2857142857142857,0.0,13.0,4.3076923076923075,7.0256410256410255,6.0,4.0,5.0,4.0,4.0,15.0,0.3076923076923077,0.8,0.0,0.0,0.0,0.0,2025-12-01,0,1,0.0
C00130,43,Female,Tacoma,WA,Silver,Home,Paid Social,1,1,0.309,0.495,238,0,3,468.95,156.31666666666666,39.510000000000005,13.170000000000002,48,128,0.703125,0.0,0.0,1.0,47.08,3.0,468.95,Beauty,209.59,3,1.0,1.0,0.0,0.0,25.0,0.85,1.0,0.0,0.0,5.0,4.4,8.676666666666666,3.0,2.0,3.0,1.0,1.0,34.0,0.2,0.3333333333333333,0.0,0.0,0.0,0.0,2025-12-01,0,0,258.58
C00131,59,Female,Scottsdale,AZ,Unknown,Pet,Organic Search,1,1,0.563,0.488,286,0,2,820.72,410.36,104.17,52.085,146,88,0.6818181818181819,0.0,0.0,0.0,0.0,1.0,647.72,Pet,763.46,1,2.0,1.0,0.0,0.0,7.5,1.5699999999999998,0.5,0.0,0.0,7.0,4.428571428571429,7.190476190476191,5.0,4.0,4.0,0.0,0.0,125.0,0.0,0.0,0.0,0.0,0.0,0.0,2025-12-01,0,1,0.0
C00133,30,Male,Miami,FL,Silver,Baby,Referral,1,1,0.676,0.734,481,0,3,676.0999999999999,225.36666666666665,161.54000000000002,53.84666666666667,222,254,0.3543307086614173,0.0,0.0,0.0,0.0,0.0,0.0,Baby,572.99,2,9.0,6.0,3.0,2.0,15.0,4.125,0.6666666666666666,0.3333333333333333,0.2222222222222222,11.0,4.818181818181818,7.107575757575758,7.0,5.0,5.0,4.0,4.0,76.0,0.36363636363636365,0.8,0.0,0.0,0.0,0.0,2025-12-01,1,0,1326.42
C00134,51,Non-binary,Phoenix,AZ,Silver,Grocery,Paid Search,1,0,0.541,0.958,143,0,3,528.79,176.26333333333332,63.019999999999996,21.006666666666664,17,33,2.727272727272727,1.0,75.27,3.0,528.79,3.0,528.79,Baby,256.39,3,5.0,4.0,0.0,0.0,11.0,3.2649999999999997,0.8,0.0,0.0,2.0,6.0,10.958333333333332,2.0,1.0,1.0,1.0,1.0,29.0,0.5,1.0,0.0,0.0,0.0,0.0,2025-12-01,0,0,636.66
C00135,65,Non-binary,Denver,CO,Unknown,Electronics,Direct,1,0,0.616,0.696,428,0,4,1278.04,319.51,208.2,52.05,42,212,0.5660377358490566,0.0,0.0,2.0,627.8100000000001,2.0,627.8100000000001,Electronics,1072.75,2,7.0,5.0,2.0,1.0,15.0,4.765,0.7142857142857143,0.2857142857142857,0.14285714285714285,8.0,3.75,6.8625,3.0,1.0,2.0,1.0,1.0,27.0,0.125,0.5,1.0,4.7,4.0,0.0,2025-12-01,0,1,0.0
C00137,37,Non-binary,San Jose,CA,Platinum,Beauty,Paid Search,1,1,0.421,0.582,369,0,6,2823.3,470.55,400.34999999999997,66.725,14,315,0.5714285714285714,2.0,1486.51,2.0,1486.51,4.0,2381.05,Electronics,1170.69,4,7.0,2.0,1.0,1.0,20.714285714285715,4.935,0.2857142857142857,0.14285714285714285,0.14285714285714285,9.0,4.111111111111111,6.716666666666667,5.0,3.0,4.0,2.0,2.0,50.0,0.2222222222222222,0.5,0.0,0.0,0.0,0.0,2025-12-01,1,0,1016.1800000000001
C00140,69,Female,Cambridge,MA,Silver,Sports,Organic Search,1,0,0.234,0.777,530,0,2,759.36,379.68,72.92,36.46,177,17,2.0,0.0,0.0,0.0,0.0,1.0,607.57,Sports,706.38,1,12.0,8.0,5.0,3.0,6.666666666666667,6.675,0.6666666666666666,0.4166666666666667,0.25,12.0,3.8333333333333335,5.259722222222222,5.0,4.0,3.0,2.0,2.0,45.0,0.16666666666666666,0.6666666666666666,0.0,0.0,0.0,0.0,2025-12-01,0,0,37.22
C00141,56,Prefer not to say,Chicago,IL,Gold,Sports,Organic Search,1,1,0.083,0.541,625,0,10,3388.09,338.809,174.89999999999998,17.49,171,428,0.7009345794392523,0.0,0.0,0.0,0.0,1.0,784.86,Sports,1476.73,5,7.0,3.0,1.0,1.0,12.142857142857142,5.535,0.42857142857142855,0.14285714285714285,0.14285714285714285,6.0,4.833333333333333,8.941666666666666,4.0,2.0,2.0,2.0,2.0,113.0,0.3333333333333333,1.0,1.0,6.1,4.0,0.0,2025-12-01,0,0,742.14
C00142,58,Prefer not to say,Boston,MA,Unknown,Apparel,Organic Search,1,1,0.829,0.868,506,0,1,261.69,261.69,66.01,66.01,332,0,1.0,0.0,0.0,0.0,0.0,0.0,0.0,Beauty,243.43,1,7.0,5.0,3.0,1.0,15.0,3.81,0.7142857142857143,0.42857142857142855,0.14285714285714285,13.0,4.923076923076923,8.914102564102565,9.0,5.0,7.0,3.0,3.0,2.0,0.23076923076923078,0.42857142857142855,0.0,0.0,0.0,0.0,2025-12-01,0,1,0.0
C00143,41,Male,Dallas,TX,Silver,Home,Organic Search,1,1,0.398,0.525,402,0,3,832.51,277.50333333333333,108.47999999999999,36.16,14,355,0.2535211267605634,1.0,555.61,1.0,555.61,2.0,724.6,Home,774.4300000000001,1,6.0,2.0,1.0,0.0,8.333333333333334,3.805,0.3333333333333333,0.16666666666666666,0.0,7.0,3.4285714285714284,4.652380952380952,3.0,2.0,1.0,1.0,1.0,5.0,0.14285714285714285,1.0,0.0,0.0,0.0,0.0,2025-12-01,0,1,0.0
C00144,71,Prefer not to say,Tacoma,WA,Unknown,Beauty,Affiliate,1,0,0.868,0.547,469,0,1,196.25,196.25,51.07,51.07,404,0,1.0,0.0,0.0,0.0,0.0,0.0,0.0,Beauty,182.56,1,6.0,4.0,1.0,1.0,15.833333333333334,5.115,0.6666666666666666,0.16666666666666666,0.16666666666666666,7.0,4.142857142857143,5.511904761904761,5.0,2.0,1.0,1.0,1.0,73.0,0.14285714285714285,1.0,0.0,0.0,0.0,0.0,2025-12-01,0,1,0.0
C00148,61,Female,San Jose,CA,Silver,Grocery,Paid Search,1,0,0.557,0.49,289,0,5,1410.21,282.04200000000003,277.76,55.552,44,174,0.8620689655172414,0.0,0.0,2.0,907.55,3.0,1020.3499999999999,Sports,389.46,5,4.0,2.0,0.0,0.0,13.75,3.4299999999999997,0.5,0.0,0.0,7.0,5.714285714285714,9.778571428571428,6.0,3.0,5.0,3.0,3.0,4.0,0.42857142857142855,0.6,1.0,18.8,4.0,0.0,2025-12-01,0,1,0.0
C00150,46,Male,Raleigh,NC,Platinum,Pet,Affiliate,1,1,0.302,0.724,164,0,1,9.62,9.62,1.51,1.51,55,0,1.0,0.0,0.0,1.0,9.62,1.0,9.62,Pet,8.95,1,6.0,4.0,1.0,0.0,16.666666666666668,1.95,0.6666666666666666,0.16666666666666666,0.0,3.0,4.0,6.677777777777777,2.0,1.0,1.0,0.0,0.0,12.0,0.0,0.0,0.0,0.0,0.0,0.0,2025-12-01,1,0,712.88
C00151,67,Female,Dallas,TX,Silver,Sports,Paid Search,1,1,0.285,0.407,436,0,4,1534.17,383.5425,172.34,43.085,25,309,0.3883495145631068,1.0,197.33,1.0,197.33,2.0,347.01,Sports,685.0699999999999,4,6.0,0.0,0.0,0.0,5.0,4.22,0.0,0.0,0.0,9.0,4.444444444444445,5.6759259259259265,6.0,2.0,3.0,2.0,2.0,7.0,0.2222222222222222,0.6666666666666666,0.0,0.0,0.0,0.0,2025-12-01,0,1,0.0
C00152,55,Female,New York,NY,Silver,Apparel,Affiliate,0,0,0.734,0.411,692,0,5,1255.07,251.01399999999998,250.91,50.182,15,562,0.2669039145907473,1.0,458.58,1.0,458.58,1.0,458.58,Home,383.65,6,3.0,0.0,0.0,0.0,11.666666666666666,3.07,0.0,0.0,0.0,5.0,3.6,5.273333333333333,3.0,1.0,1.0,0.0,0.0,72.0,0.0,0.0,1.0,6.2,5.0,0.0,2025-12-01,0,1,0.0
C00154,63,Male,Raleigh,NC,Silver,Grocery,Direct,1,0,0.516,0.521,642,0,3,1020.19,340.06333333333333,100.83,33.61,119,400,0.22499999999999998,0.0,0.0,0.0,0.0,1.0,587.96,Sports,458.41,4,9.0,3.0,0.0,0.0,12.222222222222221,5.57,0.3333333333333333,0.0,0.0,10.0,5.2,8.129999999999999,7.0,6.0,5.0,3.0,3.0,52.0,0.3,0.6,1.0,6.7,4.0,0.0,2025-12-01,0,0,208.37
C00157,39,Male,Orlando,FL,Gold,Pet,Direct,1,1,0.182,0.592,645,0,14,4255.39,303.9564285714286,308.15999999999997,22.01142857142857,33,558,0.7526881720430108,0.0,0.0,4.0,1256.8400000000001,5.0,1411.94,Pet,2633.7799999999997,7,4.0,1.0,1.0,1.0,8.75,2.645,0.25,0.25,0.25,12.0,3.1666666666666665,4.4125000000000005,5.0,3.0,2.0,1.0,1.0,52.0,0.08333333333333333,0.5,1.0,18.1,4.0,0.0,2025-12-01,1,0,1246.74
C00158,41,Female,Orlando,FL,Unknown,Beauty,Affiliate,1,0,0.776,0.932,486,0,2,634.5,317.25,78.74000000000001,39.370000000000005,135,131,0.45801526717557256,0.0,0.0,0.0,0.0,1.0,439.26,Beauty,408.61,2,8.0,7.0,3.0,2.0,11.25,8.31,0.875,0.375,0.25,6.0,5.5,10.469444444444445,5.0,3.0,3.0,3.0,3.0,118.0,0.5,1.0,1.0,5.2,5.0,0.0,2025-12-01,1,0,938.91
C00159,26,Non-binary,Buffalo,NY,Gold,Grocery,Paid Social,1,1,0.393,0.631,59,1,2,289.07,144.535,44.12,22.06,18,27,2.0,1.0,228.46,2.0,289.07,2.0,289.07,Grocery,256.36,2,2.0,0.0,0.0,0.0,15.0,1.44,0.0,0.0,0.0,3.0,5.0,8.572222222222223,2.0,2.0,2.0,1.0,1.0,14.0,0.3333333333333333,0.5,0.0,0.0,0.0,0.0,2025-12-01,0,0,167.74
C00160,56,Female,Los Angeles,CA,Gold,Beauty,Organic Search,1,1,0.383,0.336,287,0,2,217.62,108.81,22.94,11.47,218,24,2.0,0.0,0.0,0.0,0.0,0.0,0.0,Electronics,202.44,1,4.0,1.0,0.0,0.0,11.25,3.5599999999999996,0.25,0.0,0.0,4.0,5.5,8.116666666666667,3.0,1.0,2.0,2.0,2.0,4.0,0.5,1.0,1.0,14.0,3.0,0.0,2025-12-01,1,0,925.0600000000001
C00162,49,Male,Houston,TX,Unknown,Baby,Referral,1,1,0.451,0.545,411,0,2,298.78,149.39,70.78999999999999,35.394999999999996,217,77,0.7792207792207791,0.0,0.0,0.0,0.0,0.0,0.0,Apparel,170.34,2,8.0,4.0,1.0,0.0,14.375,5.925,0.5,0.125,0.0,13.0,4.153846153846154,7.037179487179487,9.0,4.0,2.0,1.0,1.0,4.0,0.07692307692307693,0.5,1.0,21.6,4.0,0.0,2025-12-01,0,1,0.0
C00164,35,Female,Tacoma,WA,Silver,Grocery,Paid Social,1,1,0.248,0.333,660,0,9,3813.65,423.7388888888889,343.14,38.126666666666665,18,583,0.4631217838765008,1.0,408.8,2.0,1960.71,3.0,2368.8700000000003,Grocery,1842.28,4,3.0,1.0,1.0,0.0,13.333333333333334,2.705,0.3333333333333333,0.3333333333333333,0.0,7.0,4.142857142857143,6.571428571428571,5.0,2.0,1.0,1.0,1.0,19.0,0.14285714285714285,1.0,1.0,12.2,3.0,0.0,2025-12-01,0,1,0.0
C00165,40,Female,Seattle,WA,Unknown,Baby,Referral,0,1,0.718,0.877,233,0,1,112.29,112.29,21.76,21.76,37,0,1.0,0.0,0.0,1.0,112.29,1.0,112.29,Sports,104.46,1,8.0,3.0,0.0,0.0,11.875,4.71,0.375,0.0,0.0,4.0,3.5,4.225,2.0,1.0,1.0,0.0,0.0,90.0,0.0,0.0,0.0,0.0,0.0,0.0,2025-12-01,0,1,0.0
C00166,48,Non-binary,Scottsdale,AZ,Platinum,Apparel,Paid Search,1,1,0.778,0.709,279,0,2,447.51,223.755,128.19,64.095,122,80,0.75,0.0,0.0,0.0,0.0,1.0,326.6,Grocery,303.81,2,7.0,5.0,2.0,1.0,10.714285714285714,4.285,0.7142857142857143,0.2857142857142857,0.14285714285714285,10.0,3.4,5.3566666666666665,4.0,4.0,3.0,1.0,1.0,79.0,0.1,0.3333333333333333,0.0,0.0,0.0,0.0,2025-12-01,0,1,0.0
C00167,50,Male,Los Angeles,CA,Platinum,Beauty,Direct,1,0,0.505,0.789,73,1,2,776.9300000000001,388.46500000000003,100.16,50.08,15,52,1.1538461538461537,1.0,286.76,2.0,776.9300000000001,2.0,776.9300000000001,Electronics,551.3299999999999,2,0.0,0.0,0.0,0.0,0.0,0.0,0.0,0.0,0.0,4.0,5.25,8.929166666666667,3.0,2.0,2.0,1.0,1.0,1.0,0.25,0.5,0.0,0.0,0.0,0.0,2025-12-01,0,0,1025.49
C00168,68,Non-binary,Phoenix,AZ,Silver,Baby,Direct,1,0,0.3,0.503,620,0,8,1418.06,177.2575,110.49,13.81125,101,505,0.4752475247524753,0.0,0.0,0.0,0.0,2.0,174.31,Grocery,319.28999999999996,6,5.0,1.0,0.0,0.0,11.0,2.715,0.2,0.0,0.0,8.0,4.375,8.427083333333334,4.0,3.0,4.0,2.0,2.0,178.0,0.25,0.5,0.0,0.0,0.0,0.0,2025-12-01,1,0,203.57999999999998
C00169,18,Non-binary,San Francisco,CA,Unknown,Baby,Direct,0,1,0.355,0.807,328,0,3,864.31,288.1033333333333,63.379999999999995,21.126666666666665,1,72,1.25,2.0,552.53,3.0,864.31,3.0,864.31,Sports,309.06,4,7.0,3.0,1.0,0.0,17.142857142857142,5.97,0.42857142857142855,0.14285714285714285,0.0,12.0,4.583333333333333,8.088888888888889,7.0,6.0,4.0,2.0,2.0,37.0,0.16666666666666666,0.5,0.0,0.0,0.0,0.0,2025-12-01,0,0,1507.94
C00170,20,Female,Naperville,IL,Unknown,Electronics,Referral,1,0,0.737,0.51,166,0,1,108.79,108.79,26.38,26.38,111,0,1.0,0.0,0.0,0.0,0.0,1.0,108.79,Baby,101.2,1,3.0,1.0,0.0,1.0,13.333333333333334,2.77,0.3333333333333333,0.0,0.3333333333333333,5.0,6.0,8.889999999999999,5.0,3.0,3.0,2.0,2.0,53.0,0.4,0.6666666666666666,0.0,0.0,0.0,0.0,2025-12-01,1,0,1161.25
C00171,70,Male,Phoenix,AZ,Platinum,Electronics,Referral,1,1,0.482,0.614,563,0,10,2885.21,288.521,465.02,46.501999999999995,28,524,0.5725190839694657,1.0,698.63,1.0,698.63,2.0,1088.67,Electronics,2029.98,5,7.0,1.0,0.0,0.0,16.428571428571427,3.385,0.14285714285714285,0.0,0.0,8.0,2.375,3.177083333333333,2.0,0.0,0.0,0.0,0.0,104.0,0.0,0.0,1.0,12.0,5.0,0.0,2025-12-01,0,0,134.13
C00172,62,Non-binary,Denver,CO,Unknown,Sports,Paid Search,1,0,0.676,0.372,371,0,2,637.6600000000001,318.83000000000004,195.08,97.54,164,119,0.5042016806722689,0.0,0.0,0.0,0.0,1.0,496.86,Electronics,450.2,2,3.0,0.0,0.0,0.0,8.333333333333334,1.5799999999999998,0.0,0.0,0.0,8.0,4.625,7.21875,6.0,5.0,2.0,1.0,1.0,120.0,0.125,0.5,1.0,6.5,3.0,0.0,2025-12-01,0,0,634.38
C00174,61,Male,Los Angeles,CA,Unknown,Pet,Direct,1,1,0.601,0.629,552,0,3,1020.6700000000001,340.22333333333336,132.04000000000002,44.01333333333334,110,91,0.989010989010989,0.0,0.0,0.0,0.0,2.0,643.0500000000001,Electronics,582.54,3,6.0,3.0,0.0,0.0,13.333333333333334,3.625,0.5,0.0,0.0,9.0,3.7777777777777777,4.618518518518518,7.0,2.0,0.0,0.0,0.0,11.0,0.0,0.0,0.0,0.0,0.0,0.0,2025-12-01,0,0,518.86
C00176,56,Female,Houston,TX,Gold,Beauty,Affiliate,1,1,0.239,0.903,519,0,4,1308.51,327.1275,146.23000000000002,36.557500000000005,137,274,0.43795620437956206,0.0,0.0,0.0,0.0,1.0,196.84,Beauty,608.4300000000001,4,7.0,5.0,4.0,1.0,14.285714285714286,6.93,0.7142857142857143,0.5714285714285714,0.14285714285714285,15.0,4.6,7.182222222222222,6.0,5.0,8.0,6.0,6.0,70.0,0.4,0.75,0.0,0.0,0.0,0.0,2025-12-01,0,0,121.85
C00177,74,Male,Boulder,CO,Silver,Grocery,Paid Social,1,1,0.503,0.435,114,0,2,794.5,397.25,128.64,64.32,31,18,2.0,0.0,0.0,2.0,794.5,2.0,794.5,Electronics,581.91,2,0.0,0.0,0.0,0.0,0.0,0.0,0.0,0.0,0.0,3.0,4.666666666666667,7.0888888888888895,3.0,2.0,0.0,0.0,0.0,93.0,0.0,0.0,0.0,0.0,0.0,0.0,2025-12-01,0,1,0.0
C00179,31,Male,Naperville,IL,Silver,Baby,Organic Search,1,0,0.409,0.277,171,0,1,327.39,327.39,69.34,69.34,161,0,1.0,0.0,0.0,0.0,0.0,1.0,327.39,Grocery,304.55,1,4.0,0.0,0.0,0.0,8.75,2.23,0.0,0.0,0.0,4.0,2.75,3.9250000000000003,1.0,0.0,0.0,0.0,0.0,3.0,0.0,0.0,0.0,0.0,0.0,0.0,2025-12-01,0,1,0.0
C00181,60,Female,San Francisco,CA,Unknown,Home,Paid Search,1,1,0.476,0.333,153,0,2,315.78,157.89,50.97,25.485,44,103,0.5825242718446603,0.0,0.0,1.0,133.21,2.0,315.78,Sports,157.08,2,5.0,1.0,0.0,1.0,23.0,3.2649999999999997,0.2,0.0,0.2,11.0,4.0,6.234848484848485,6.0,5.0,3.0,1.0,1.0,0.0,0.09090909090909091,0.3333333333333333,0.0,0.0,0.0,0.0,2025-12-01,0,1,0.0
C00182,53,Female,Boulder,CO,Silver,Beauty,Paid Search,1,0,0.311,0.11,300,0,4,768.49,192.1225,64.3,16.075,5,252,0.47619047619047616,1.0,17.28,1.0,17.28,1.0,17.28,Electronics,296.55,5,4.0,1.0,0.0,0.0,17.5,3.75,0.25,0.0,0.0,7.0,3.857142857142857,7.271428571428572,5.0,2.0,1.0,0.0,0.0,90.0,0.0,0.0,0.0,0.0,0.0,0.0,2025-12-01,0,0,428.53
C00183,47,Female,Buffalo,NY,Silver,Beauty,Direct,1,1,0.48,0.396,348,0,2,363.23,181.615,80.47,40.235,20,70,0.8571428571428571,1.0,166.15,2.0,363.23,2.0,363.23,Beauty,337.89,1,5.0,2.0,0.0,0.0,8.0,1.5999999999999999,0.4,0.0,0.0,6.0,4.833333333333333,8.525,5.0,5.0,2.0,0.0,0.0,15.0,0.0,0.0,1.0,3.5,5.0,0.0,2025-12-01,0,0,485.7
C00185,46,Non-binary,Orlando,FL,Platinum,Pet,Referral,1,1,0.596,0.616,262,0,6,1273.51,212.25166666666667,262.04,43.67333333333334,22,235,0.7659574468085106,1.0,135.19,3.0,474.84000000000003,5.0,1042.45,Pet,779.5,3,5.0,3.0,0.0,0.0,14.0,2.38,0.6,0.0,0.0,6.0,6.5,11.674999999999999,6.0,6.0,5.0,2.0,2.0,38.0,0.3333333333333333,0.4,1.0,2.7,5.0,0.0,2025-12-01,0,0,857.21
C00188,31,Non-binary,Scottsdale,AZ,Gold,Beauty,Referral,0,0,0.705,0.654,557,0,3,544.94,181.64666666666668,118.71000000000001,39.57,240,265,0.33962264150943394,0.0,0.0,0.0,0.0,0.0,0.0,Beauty,327.99,2,5.0,1.0,1.0,0.0,13.0,3.02,0.2,0.2,0.0,4.0,4.25,7.883333333333333,3.0,1.0,1.0,0.0,0.0,56.0,0.0,0.0,0.0,0.0,0.0,0.0,2025-12-01,0,0,399.56
C00189,76,Male,Naperville,IL,Gold,Apparel,Paid Social,1,1,0.438,0.647,660,0,5,1095.1,219.01999999999998,169.22,33.844,166,293,0.5119453924914675,0.0,0.0,0.0,0.0,1.0,126.94,Apparel,645.1700000000001,3,6.0,1.0,0.0,0.0,11.666666666666666,3.15,0.16666666666666666,0.0,0.0,10.0,4.7,8.373333333333333,6.0,5.0,4.0,4.0,4.0,21.0,0.4,1.0,2.0,5.3,4.5,0.0,2025-12-01,0,0,1421.92
C00190,60,Male,Raleigh,NC,Platinum,Beauty,Paid Social,1,1,0.459,0.311,207,0,2,1713.57,856.785,189.35,94.675,74,117,0.5128205128205129,0.0,0.0,1.0,255.99,1.0,255.99,Beauty,1553.3,2,2.0,1.0,0.0,0.0,15.0,1.505,0.5,0.0,0.0,4.0,5.0,7.808333333333334,3.0,3.0,2.0,0.0,0.0,4.0,0.0,0.0,1.0,15.3,4.0,0.0,2025-12-01,1,0,1954.55
C00191,27,Female,Phoenix,AZ,Gold,Beauty,Paid Social,0,1,0.72,0.619,210,0,2,795.4499999999999,397.72499999999997,86.42999999999999,43.214999999999996,2,18,2.0,2.0,795.4499999999999,2.0,795.4499999999999,2.0,795.4499999999999,Sports,607.14,2,3.0,2.0,1.0,1.0,23.333333333333332,2.0549999999999997,0.6666666666666666,0.3333333333333333,0.3333333333333333,6.0,5.333333333333333,9.450000000000001,3.0,2.0,5.0,4.0,4.0,15.0,0.6666666666666666,0.8,0.0,0.0,0.0,0.0,2025-12-01,0,0,116.76
C00192,32,Prefer not to say,Charlotte,NC,Unknown,Electronics,Affiliate,1,1,0.561,0.439,285,0,1,208.79,208.79,25.61,25.61,3,0,1.0,1.0,208.79,1.0,208.79,1.0,208.79,Electronics,194.22,1,4.0,2.0,2.0,0.0,11.25,2.4299999999999997,0.5,0.5,0.0,4.0,5.0,8.295833333333333,2.0,1.0,2.0,2.0,2.0,46.0,0.5,1.0,0.0,0.0,0.0,0.0,2025-12-01,0,0,363.0
C00195,55,Non-binary,Tacoma,WA,Unknown,Sports,Affiliate,1,1,0.581,0.913,615,0,4,1925.84,481.46,313.08,78.27,66,531,0.22598870056497175,0.0,0.0,1.0,136.6,2.0,546.4,Home,932.23,5,5.0,2.0,1.0,0.0,15.0,2.3,0.4,0.2,0.0,17.0,3.823529411764706,6.388235294117647,9.0,6.0,5.0,1.0,1.0,41.0,0.058823529411764705,0.2,0.0,0.0,0.0,0.0,2025-12-01,0,1,0.0
C00196,43,Male,Boston,MA,Unknown,Sports,Direct,1,0,0.719,0.525,418,0,3,1120.1,373.3666666666666,146.81,48.93666666666667,135,242,0.37190082644628103,0.0,0.0,0.0,0.0,1.0,754.74,Sports,739.19,2,4.0,0.0,0.0,0.0,20.0,2.71,0.0,0.0,0.0,7.0,4.571428571428571,6.390476190476191,3.0,3.0,3.0,2.0,2.0,1.0,0.2857142857142857,0.6666666666666666,0.0,0.0,0.0,0.0,2025-12-01,1,0,55.85
C00197,70,Male,Dallas,TX,Gold,Sports,Affiliate,1,1,0.612,0.187,535,0,7,2732.11,390.3014285714286,483.27,69.03857142857143,78,440,0.4772727272727273,0.0,0.0,1.0,331.1,2.0,944.6700000000001,Sports,1703.72,5,5.0,1.0,0.0,0.0,19.0,4.22,0.2,0.0,0.0,6.0,3.5,3.702777777777778,4.0,2.0,0.0,0.0,0.0,152.0,0.0,0.0,0.0,0.0,0.0,0.0,2025-12-01,0,0,1003.75
C00198,29,Prefer not to say,Naperville,IL,Gold,Electronics,Organic Search,1,0,0.678,0.833,473,0,3,429.01,143.00333333333333,88.2,29.400000000000002,273,197,0.4568527918781726,0.0,0.0,0.0,0.0,0.0,0.0,Grocery,224.51,3,11.0,5.0,2.0,0.0,12.727272727272727,8.325,0.45454545454545453,0.18181818181818182,0.0,9.0,4.222222222222222,7.644444444444444,4.0,3.0,4.0,2.0,2.0,44.0,0.2222222222222222,0.5,0.0,0.0,0.0,0.0,2025-12-01,0,0,206.25
C00200,25,Non-binary,Raleigh,NC,Silver,Apparel,Direct,1,1,0.362,0.583,128,0,4,1277.26,319.315,157.51,39.3775,19,99,1.2121212121212122,1.0,288.26,3.0,1147.1100000000001,4.0,1277.26,Apparel,798.93,3,3.0,1.0,1.0,0.0,13.333333333333334,0.73,0.3333333333333333,0.3333333333333333,0.0,6.0,4.333333333333333,6.447222222222223,3.0,3.0,1.0,1.0,1.0,4.0,0.16666666666666666,1.0,1.0,9.8,5.0,0.0,2025-12-01,1,0,460.59
C00001,33,Female,Scottsdale,AZ,Silver,Beauty,Paid Search,1,0,0.852,0.38,338,0,2,372.04999999999995,186.02499999999998,119.38999999999999,59.69499999999999,63,266,0.22556390977443608,0.0,0.0,1.0,186.92,1.0,186.92,Apparel,172.21,3,2.0,1.0,0.0,1.0,7.5,0.73,0.5,0.0,0.5,10.0,4.6,6.245,6.0,5.0,4.0,2.0,2.0,8.0,0.2,0.5,0.0,0.0,0.0,0.0,2026-01-01,0,1,0.0
C00002,34,Male,Raleigh,NC,Silver,Baby,Affiliate,1,1,0.559,0.441,159,0,2,438.64,219.32,94.33,47.165,67,88,0.6818181818181819,0.0,0.0,1.0,366.87,2.0,438.64,Electronics,189.05,3,4.0,1.0,0.0,1.0,17.5,3.425,0.25,0.0,0.25,8.0,3.25,4.352083333333334,4.0,3.0,0.0,0.0,0.0,10.0,0.0,0.0,0.0,0.0,0.0,0.0,2026-01-01,0,0,518.28
C00003,44,Female,Austin,TX,Unknown,Pet,Referral,1,0,0.349,0.49,281,0,1,354.37,354.37,77.42,77.42,128,0,1.0,0.0,0.0,0.0,0.0,1.0,354.37,Pet,329.65,1,5.0,1.0,1.0,2.0,9.0,4.145,0.2,0.2,0.4,6.0,4.5,7.605555555555555,4.0,4.0,3.0,0.0,0.0,24.0,0.0,0.0,0.0,0.0,0.0,0.0,2026-01-01,1,0,397.52
C00006,40,Male,New York,NY,Silver,Grocery,Direct,1,1,0.507,0.902,396,0,2,483.8,241.9,94.55,47.275,75,133,0.45112781954887216,0.0,0.0,1.0,65.01,1.0,65.01,Beauty,389.57,2,9.0,5.0,2.0,1.0,19.444444444444443,9.325,0.5555555555555556,0.2222222222222222,0.1111111111111111,8.0,4.0,6.420833333333333,4.0,3.0,2.0,2.0,2.0,18.0,0.25,1.0,0.0,0.0,0.0,0.0,2026-01-01,1,0,1051.67
C00008,56,Female,Charlotte,NC,Unknown,Sports,Paid Social,1,0,0.755,0.458,412,0,4,2082.87,520.7175,466.16999999999996,116.54249999999999,134,259,0.46332046332046334,0.0,0.0,0.0,0.0,1.0,390.32,Sports,1580.53,3,3.0,2.0,1.0,0.0,18.333333333333332,3.07,0.6666666666666666,0.3333333333333333,0.0,8.0,3.625,4.808333333333334,2.0,2.0,1.0,1.0,1.0,66.0,0.125,1.0,0.0,0.0,0.0,0.0,2026-01-01,0,1,0.0
C00009,64,Non-binary,Boulder,CO,Unknown,Electronics,Referral,1,0,0.891,0.515,661,0,2,353.46,176.73,91.61,45.805,8,82,0.7317073170731707,1.0,86.31,2.0,353.46,2.0,353.46,Grocery,248.51000000000002,2,7.0,4.0,1.0,0.0,10.0,7.325,0.5714285714285714,0.14285714285714285,0.0,8.0,4.625,6.86875,6.0,5.0,4.0,0.0,0.0,2.0,0.0,0.0,0.0,0.0,0.0,0.0,2026-01-01,0,0,280.35
C00012,25,Male,Chicago,IL,Silver,Grocery,Paid Search,1,1,0.555,0.744,136,0,2,501.08000000000004,250.54000000000002,59.050000000000004,29.525000000000002,38,4,2.0,0.0,0.0,2.0,501.08000000000004,2.0,501.08000000000004,Home,394.75,2,5.0,3.0,2.0,0.0,12.0,4.755,0.6,0.4,0.0,3.0,1.6666666666666667,2.2777777777777777,0.0,0.0,0.0,0.0,0.0,18.0,0.0,0.0,0.0,0.0,0.0,0.0,2026-01-01,1,0,419.84
C00014,23,Male,Seattle,WA,Unknown,Baby,Affiliate,1,1,0.251,0.454,679,0,5,1482.1,296.41999999999996,136.92,27.383999999999997,108,492,0.30487804878048785,0.0,0.0,0.0,0.0,3.0,861.13,Sports,780.8199999999999,4,5.0,2.0,0.0,0.0,15.0,3.915,0.4,0.0,0.0,11.0,4.636363636363637,7.4409090909090905,7.0,4.0,4.0,4.0,4.0,2.0,0.36363636363636365,1.0,0.0,0.0,0.0,0.0,2026-01-01,0,0,309.78
C00015,66,Male,New York,NY,Unknown,Sports,Paid Social,1,1,0.251,0.411,98,0,1,40.59,40.59,1.8,1.8,50,0,1.0,0.0,0.0,1.0,40.59,1.0,40.59,Home,31.26,1,3.0,2.0,0.0,0.0,8.333333333333334,3.9,0.6666666666666666,0.0,0.0,4.0,4.75,10.025,3.0,2.0,2.0,0.0,0.0,54.0,0.0,0.0,0.0,0.0,0.0,0.0,2026-01-01,0,1,0.0
C00016,68,Male,Boulder,CO,Platinum,Electronics,Organic Search,1,0,0.466,0.649,554,0,4,1248.18,312.045,220.24,55.06,110,331,0.36253776435045315,0.0,0.0,0.0,0.0,1.0,448.98,Beauty,417.65999999999997,5,7.0,5.0,3.0,1.0,15.0,3.3,0.7142857142857143,0.42857142857142855,0.14285714285714285,8.0,4.625,7.458333333333333,4.0,2.0,4.0,3.0,3.0,30.0,0.375,0.75,0.0,0.0,0.0,0.0,2026-01-01,0,0,997.39
C00017,35,Prefer not to say,Orlando,FL,Platinum,Beauty,Organic Search,1,0,0.472,0.673,459,0,13,3167.51,243.6546153846154,493.37,37.95153846153846,23,428,0.911214953271028,1.0,80.92,3.0,299.58000000000004,5.0,808.6600000000001,Beauty,1487.51,6,6.0,3.0,1.0,1.0,13.333333333333334,3.2649999999999997,0.5,0.16666666666666666,0.16666666666666666,9.0,5.0,7.187037037037038,7.0,4.0,4.0,2.0,2.0,73.0,0.2222222222222222,0.5,2.0,21.3,4.5,0.0,2026-01-01,0,0,999.6999999999999
C00019,66,Female,Raleigh,NC,Silver,Baby,Organic Search,1,1,0.724,0.433,546,0,3,333.25,111.08333333333333,64.38,21.459999999999997,222,229,0.3930131004366812,0.0,0.0,0.0,0.0,0.0,0.0,Beauty,184.98,4,2.0,0.0,0.0,0.0,17.5,1.505,0.0,0.0,0.0,9.0,3.111111111111111,4.07037037037037,5.0,1.0,0.0,0.0,0.0,140.0,0.0,0.0,0.0,0.0,0.0,0.0,2026-01-01,0,0,316.1
C00021,59,Male,San Francisco,CA,Unknown,Pet,Direct,1,0,0.943,0.728,607,0,1,136.83,136.83,37.09,37.09,596,0,1.0,0.0,0.0,0.0,0.0,0.0,0.0,Apparel,127.28,1,9.0,3.0,1.0,1.0,12.777777777777779,8.0,0.3333333333333333,0.1111111111111111,0.1111111111111111,11.0,4.7272727272727275,7.292424242424243,7.0,2.0,6.0,4.0,4.0,108.0,0.36363636363636365,0.6666666666666666,0.0,0.0,0.0,0.0,2026-01-01,1,0,1041.47
C00023,20,Male,Boulder,CO,Silver,Grocery,Organic Search,0,1,0.84,0.391,166,0,3,473.1,157.70000000000002,96.22,32.07333333333333,79,35,2.571428571428571,0.0,0.0,2.0,376.16999999999996,3.0,473.1,Grocery,433.6,1,1.0,1.0,0.0,0.0,20.0,0.85,1.0,0.0,0.0,4.0,3.75,4.454166666666667,2.0,2.0,1.0,0.0,0.0,72.0,0.0,0.0,0.0,0.0,0.0,0.0,2026-01-01,0,0,409.71000000000004
C00024,72,Prefer not to say,Scottsdale,AZ,Platinum,Beauty,Direct,1,0,0.674,0.414,193,0,4,812.43,203.1075,195.59,48.8975,34,104,1.1538461538461537,0.0,0.0,3.0,728.97,4.0,812.43,Home,346.36,3,2.0,1.0,0.0,1.0,0.0,1.51,0.5,0.0,0.5,2.0,5.0,8.933333333333334,1.0,0.0,1.0,1.0,1.0,117.0,0.5,1.0,1.0,5.9,4.0,0.0,2026-01-01,1,0,610.47
C00025,75,Female,San Jose,CA,Unknown,Pet,Paid Social,1,1,0.607,0.678,177,0,2,1099.62,549.81,233.56,116.78,1,56,1.0714285714285714,1.0,969.62,2.0,1099.62,2.0,1099.62,Electronics,901.97,2,6.0,3.0,2.0,1.0,5.833333333333333,2.315,0.5,0.3333333333333333,0.16666666666666666,3.0,4.0,4.861111111111112,2.0,1.0,0.0,0.0,0.0,94.0,0.0,0.0,1.0,3.4,4.0,0.0,2026-01-01,0,0,60.37
C00026,27,Male,Cambridge,MA,Gold,Sports,Direct,1,1,0.732,0.88,348,0,10,2567.12,256.712,477.78000000000003,47.778000000000006,25,307,0.977198697068404,1.0,530.71,4.0,1207.69,6.0,1534.3600000000001,Electronics,1035.75,4,9.0,5.0,1.0,1.0,15.0,4.01,0.5555555555555556,0.1111111111111111,0.1111111111111111,13.0,4.769230769230769,9.297435897435896,9.0,8.0,5.0,3.0,3.0,113.0,0.23076923076923078,0.6,1.0,8.8,4.0,0.0,2026-01-01,1,0,997.17
C00027,62,Non-binary,Phoenix,AZ,Unknown,Beauty,Direct,1,1,0.218,0.407,722,0,4,1283.88,320.97,177.14,44.285,46,524,0.22900763358778628,0.0,0.0,2.0,578.5600000000001,2.0,578.5600000000001,Electronics,782.9399999999999,4,9.0,3.0,1.0,0.0,13.88888888888889,7.12,0.3333333333333333,0.1111111111111111,0.0,9.0,4.777777777777778,8.36111111111111,8.0,6.0,3.0,0.0,0.0,51.0,0.0,0.0,1.0,8.2,5.0,0.0,2026-01-01,0,1,0.0
C00029,48,Non-binary,Houston,TX,Unknown,Grocery,Paid Social,1,1,0.833,0.897,597,0,3,851.37,283.79,194.06,64.68666666666667,8,445,0.20224719101123595,1.0,270.32,1.0,270.32,1.0,270.32,Sports,251.46,5,5.0,1.0,1.0,0.0,3.0,5.16,0.2,0.2,0.0,11.0,4.545454545454546,6.722727272727273,6.0,5.0,5.0,4.0,4.0,55.0,0.36363636363636365,0.8,1.0,4.4,4.0,0.0,2026-01-01,0,1,0.0
C00030,55,Prefer not to say,Orlando,FL,Unknown,Pet,Organic Search,1,1,0.554,0.489,654,0,7,1791.5300000000002,255.93285714285716,270.66,38.66571428571429,30,563,0.3730017761989343,1.0,136.36,1.0,136.36,2.0,529.25,Pet,1081.44,3,2.0,1.0,1.0,0.0,10.0,0.73,0.5,0.5,0.0,15.0,4.2,7.052222222222222,9.0,8.0,4.0,1.0,1.0,47.0,0.06666666666666667,0.25,0.0,0.0,0.0,0.0,2026-01-01,0,0,482.81000000000006
C00033,56,Female,Dallas,TX,Unknown,Electronics,Paid Search,0,1,0.298,0.419,266,0,3,792.02,264.00666666666666,62.510000000000005,20.83666666666667,29,217,0.4147465437788018,1.0,341.53,1.0,341.53,2.0,500.78999999999996,Sports,317.7,3,1.0,1.0,1.0,0.0,0.0,0.005,1.0,1.0,0.0,8.0,3.25,4.822916666666667,2.0,0.0,2.0,2.0,2.0,0.0,0.25,1.0,0.0,0.0,0.0,0.0,2026-01-01,0,0,626.62
C00035,75,Female,Scottsdale,AZ,Silver,Electronics,Affiliate,1,1,0.544,0.406,620,0,5,1444.8,288.96,238.24,47.648,66,384,0.390625,0.0,0.0,2.0,198.63,2.0,198.63,Electronics,734.76,4,7.0,5.0,0.0,1.0,12.857142857142858,2.7399999999999998,0.7142857142857143,0.0,0.14285714285714285,7.0,4.142857142857143,6.683333333333333,5.0,3.0,1.0,1.0,1.0,86.0,0.14285714285714285,1.0,0.0,0.0,0.0,0.0,2026-01-01,0,1,0.0
C00036,74,Male,Raleigh,NC,Silver,Grocery,Referral,0,1,0.552,0.811,92,0,1,484.79,484.79,141.55,141.55,80,0,1.0,0.0,0.0,1.0,484.79,1.0,484.79,Grocery,450.97,1,7.0,5.0,1.0,2.0,9.285714285714286,5.78,0.7142857142857143,0.14285714285714285,0.2857142857142857,4.0,2.5,3.683333333333333,2.0,0.0,0.0,0.0,0.0,5.0,0.0,0.0,0.0,0.0,0.0,0.0,2026-01-01,1,0,609.18
C00040,35,Prefer not to say,Naperville,IL,Gold,Apparel,Referral,1,1,0.591,0.195,267,0,4,1106.99,276.7475,200.45,50.1125,31,153,0.7843137254901962,0.0,0.0,2.0,283.34000000000003,3.0,675.83,Apparel,606.9,3,3.0,0.0,0.0,0.0,5.0,2.705,0.0,0.0,0.0,3.0,2.0,3.588888888888889,0.0,0.0,0.0,0.0,0.0,119.0,0.0,0.0,1.0,5.2,3.0,0.0,2026-01-01,1,0,1722.13
C00041,67,Male,Boulder,CO,Gold,Sports,Paid Social,1,1,0.209,0.683,511,0,8,2819.91,352.48875,237.02,29.6275,6,434,0.5529953917050692,1.0,335.13,2.0,414.4,2.0,414.4,Baby,922.78,6,10.0,5.0,2.0,1.0,14.0,7.845,0.5,0.2,0.1,14.0,5.071428571428571,9.189285714285715,10.0,7.0,6.0,5.0,5.0,21.0,0.35714285714285715,0.8333333333333334,1.0,4.6,3.0,0.0,2026-01-01,0,1,0.0
C00045,58,Non-binary,Orlando,FL,Unknown,Baby,Affiliate,1,1,0.437,0.815,654,0,3,414.84000000000003,138.28,40.3,13.433333333333332,216,418,0.21531100478468898,0.0,0.0,0.0,0.0,0.0,0.0,Baby,385.90000000000003,1,5.0,3.0,0.0,0.0,13.0,4.2749999999999995,0.6,0.0,0.0,9.0,5.444444444444445,8.005555555555555,6.0,5.0,6.0,4.0,4.0,107.0,0.4444444444444444,0.6666666666666666,0.0,0.0,0.0,0.0,2026-01-01,0,0,81.34
C00047,46,Male,Boulder,CO,Gold,Electronics,Paid Social,0,1,0.27,0.754,244,0,2,509.08,254.54,32.67,16.335,21,30,2.0,1.0,469.5,2.0,509.08,2.0,509.08,Electronics,352.09999999999997,2,6.0,5.0,2.0,0.0,10.0,6.619999999999999,0.8333333333333334,0.3333333333333333,0.0,8.0,4.25,5.947916666666667,7.0,4.0,0.0,0.0,0.0,36.0,0.0,0.0,0.0,0.0,0.0,0.0,2026-01-01,0,1,0.0
C00048,39,Female,Charlotte,NC,Platinum,Grocery,Paid Social,1,0,0.137,0.355,385,0,10,3309.9,330.99,231.26,23.125999999999998,162,188,1.5957446808510638,0.0,0.0,0.0,0.0,2.0,300.48,Sports,861.32,7,4.0,1.0,0.0,0.0,7.5,2.715,0.25,0.0,0.0,8.0,3.875,6.6375,4.0,2.0,3.0,2.0,2.0,44.0,0.25,0.6666666666666666,1.0,6.9,4.0,0.0,2026-01-01,1,0,1099.88
C00050,51,Female,Buffalo,NY,Silver,Baby,Affiliate,1,1,0.535,0.708,547,0,4,1343.99,335.9975,149.54,37.385,31,386,0.31088082901554404,0.0,0.0,1.0,843.47,1.0,843.47,Apparel,670.11,3,5.0,3.0,2.0,0.0,11.0,1.54,0.6,0.4,0.0,10.0,3.7,6.584999999999999,5.0,3.0,3.0,2.0,2.0,4.0,0.2,0.6666666666666666,1.0,5.2,5.0,0.0,2026-01-01,0,0,173.73999999999998
C00051,46,Prefer not to say,Orlando,FL,Unknown,Beauty,Referral,1,1,0.288,0.326,565,0,3,1478.01,492.67,170.87,56.95666666666667,274,235,0.3829787234042553,0.0,0.0,0.0,0.0,0.0,0.0,Beauty,776.84,2,4.0,2.0,0.0,0.0,11.25,4.32,0.5,0.0,0.0,8.0,3.625,5.739583333333333,3.0,3.0,3.0,1.0,1.0,1.0,0.125,0.3333333333333333,1.0,42.7,4.0,0.0,2026-01-01,0,0,288.03
C00052,71,Prefer not to say,New York,NY,Unknown,Beauty,Paid Search,1,0,0.481,0.323,566,0,5,3476.8,695.36,435.65,87.13,92,458,0.32751091703056767,0.0,0.0,0.0,0.0,1.0,1098.45,Beauty,2091.99,4,5.0,2.0,1.0,0.0,8.0,1.54,0.4,0.2,0.0,6.0,4.333333333333333,6.444444444444444,4.0,2.0,2.0,1.0,1.0,56.0,0.16666666666666666,0.5,0.0,0.0,0.0,0.0,2026-01-01,0,1,0.0
C00053,71,Prefer not to say,Boston,MA,Platinum,Grocery,Direct,1,1,0.411,0.855,704,0,12,3807.79,317.31583333333333,606.4,50.53333333333333,41,649,0.5546995377503853,0.0,0.0,1.0,72.88,3.0,578.9,Grocery,1492.07,6,12.0,8.0,2.0,0.0,14.166666666666666,7.205,0.6666666666666666,0.16666666666666666,0.0,14.0,5.071428571428571,9.019047619047619,8.0,6.0,9.0,6.0,6.0,72.0,0.42857142857142855,0.6666666666666666,1.0,7.2,4.0,0.0,2026-01-01,0,0,276.1
C00054,68,Prefer not to say,San Jose,CA,Silver,Beauty,Organic Search,1,1,0.511,0.85,650,0,12,4231.0,352.5833333333333,473.07,39.4225,25,592,0.6081081081081081,1.0,333.28,2.0,621.8499999999999,4.0,1032.26,Beauty,2632.0299999999997,5,8.0,4.0,2.0,0.0,1.875,7.35,0.5,0.25,0.0,16.0,4.6875,7.546875,11.0,10.0,6.0,3.0,3.0,40.0,0.1875,0.5,1.0,10.7,5.0,0.0,2026-01-01,1,0,652.69
C00056,52,Non-binary,Seattle,WA,Unknown,Grocery,Direct,1,0,0.541,0.797,349,0,2,535.26,267.63,47.54,23.77,107,139,0.4316546762589928,0.0,0.0,0.0,0.0,1.0,184.53,Electronics,326.26,2,4.0,0.0,0.0,0.0,11.25,2.17,0.0,0.0,0.0,10.0,5.8,11.068333333333333,7.0,7.0,6.0,5.0,5.0,20.0,0.5,0.8333333333333334,0.0,0.0,0.0,0.0,2026-01-01,0,1,0.0
C00058,62,Prefer not to say,San Francisco,CA,Unknown,Grocery,Affiliate,1,1,0.403,0.651,366,0,1,174.75,174.75,43.5,43.5,37,0,1.0,0.0,0.0,1.0,174.75,1.0,174.75,Grocery,162.56,1,6.0,2.0,0.0,0.0,8.333333333333334,3.0949999999999998,0.3333333333333333,0.0,0.0,8.0,4.125,7.402083333333334,5.0,4.0,2.0,1.0,1.0,50.0,0.125,0.5,0.0,0.0,0.0,0.0,2026-01-01,0,0,36.5
C00059,40,Prefer not to say,Austin,TX,Silver,Beauty,Direct,0,1,0.806,0.526,297,0,1,554.58,554.58,94.94,94.94,86,0,1.0,0.0,0.0,1.0,554.58,1.0,554.58,Beauty,515.89,1,4.0,3.0,3.0,0.0,13.75,3.5549999999999997,0.75,0.75,0.0,13.0,3.6923076923076925,5.705128205128205,6.0,5.0,3.0,0.0,0.0,15.0,0.0,0.0,0.0,0.0,0.0,0.0,2026-01-01,0,0,932.9799999999999
C00060,68,Prefer not to say,Seattle,WA,Unknown,Electronics,Paid Search,1,0,0.258,0.86,286,0,1,107.99,107.99,11.47,11.47,159,0,1.0,0.0,0.0,0.0,0.0,1.0,107.99,Electronics,100.46,1,5.0,4.0,0.0,0.0,18.0,1.585,0.8,0.0,0.0,6.0,2.8333333333333335,4.572222222222222,1.0,1.0,1.0,0.0,0.0,55.0,0.0,0.0,0.0,0.0,0.0,0.0,2026-01-01,0,1,0.0
C00061,25,Female,Chicago,IL,Silver,Electronics,Referral,1,0,0.401,0.501,356,0,1,336.46,336.46,27.82,27.82,100,0,1.0,0.0,0.0,0.0,0.0,1.0,336.46,Home,312.99,1,3.0,1.0,0.0,0.0,16.666666666666668,2.6399999999999997,0.3333333333333333,0.0,0.0,11.0,3.909090909090909,6.456060606060606,6.0,5.0,3.0,0.0,0.0,0.0,0.0,0.0,0.0,0.0,0.0,0.0,2026-01-01,0,0,1032.73
C00062,63,Prefer not to say,Seattle,WA,Unknown,Baby,Direct,0,0,0.241,0.769,611,0,6,1975.51,329.25166666666667,157.32999999999998,26.221666666666664,124,484,0.37190082644628103,0.0,0.0,0.0,0.0,2.0,291.76,Baby,1081.6200000000001,4,7.0,4.0,2.0,0.0,10.0,6.09,0.5714285714285714,0.2857142857142857,0.0,6.0,3.0,3.897222222222222,2.0,1.0,0.0,0.0,0.0,107.0,0.0,0.0,1.0,7.7,4.0,0.0,2026-01-01,0,0,296.44
C00064,22,Male,Scottsdale,AZ,Unknown,Beauty,Direct,1,1,0.664,0.513,354,0,2,748.14,374.07,136.04000000000002,68.02000000000001,29,259,0.23166023166023167,1.0,527.99,1.0,527.99,1.0,527.99,Pet,343.11,3,4.0,2.0,0.0,0.0,10.0,3.0749999999999997,0.5,0.0,0.0,6.0,3.6666666666666665,5.883333333333334,3.0,2.0,1.0,1.0,1.0,46.0,0.16666666666666666,1.0,0.0,0.0,0.0,0.0,2026-01-01,0,1,0.0
C00065,30,Non-binary,Chicago,IL,Gold,Beauty,Direct,1,1,0.298,0.62,202,0,1,225.46,225.46,29.91,29.91,82,0,1.0,0.0,0.0,1.0,225.46,1.0,225.46,Sports,209.73,1,5.0,1.0,0.0,1.0,9.0,2.785,0.2,0.0,0.2,6.0,5.833333333333333,10.68611111111111,5.0,3.0,4.0,3.0,3.0,33.0,0.5,0.75,0.0,0.0,0.0,0.0,2026-01-01,0,0,303.17
C00067,40,Prefer not to say,Seattle,WA,Silver,Electronics,Paid Social,1,1,0.304,0.476,316,0,4,1178.48,294.62,115.49,28.8725,7,297,0.40404040404040403,1.0,221.71,1.0,221.71,1.0,221.71,Electronics,890.0100000000001,2,3.0,1.0,1.0,0.0,15.0,2.77,0.3333333333333333,0.3333333333333333,0.0,7.0,4.571428571428571,7.516666666666667,5.0,4.0,4.0,0.0,0.0,53.0,0.0,0.0,0.0,0.0,0.0,0.0,2026-01-01,0,0,196.79
C00068,38,Male,Phoenix,AZ,Gold,Baby,Referral,0,1,0.471,0.733,484,0,4,920.28,230.07,187.26,46.815,275,103,1.1650485436893205,0.0,0.0,0.0,0.0,0.0,0.0,Beauty,361.49,3,10.0,5.0,2.0,1.0,13.5,8.61,0.5,0.2,0.1,4.0,2.75,4.075,2.0,1.0,0.0,0.0,0.0,1.0,0.0,0.0,0.0,0.0,0.0,0.0,2026-01-01,0,0,138.57
C00069,72,Female,Scottsdale,AZ,Platinum,Sports,Paid Search,0,0,0.671,0.256,416,0,13,3662.89,281.7607692307692,640.72,49.28615384615385,5,407,0.9582309582309583,1.0,262.33,2.0,579.48,3.0,957.3,Sports,2527.31,6,9.0,1.0,0.0,0.0,15.555555555555555,7.915,0.1111111111111111,0.0,0.0,7.0,4.0,6.897619047619047,4.0,3.0,2.0,1.0,1.0,7.0,0.14285714285714285,0.5,1.0,18.2,3.0,0.0,2026-01-01,0,0,1173.47
C00070,61,Female,Chicago,IL,Platinum,Electronics,Organic Search,1,0,0.509,0.716,319,0,6,1562.41,260.4016666666667,382.89,63.815,38,198,0.9090909090909092,0.0,0.0,1.0,123.81,2.0,541.35,Electronics,801.53,3,6.0,0.0,0.0,0.0,10.833333333333334,4.09,0.0,0.0,0.0,2.0,3.0,3.708333333333333,0.0,0.0,0.0,0.0,0.0,100.0,0.0,0.0,0.0,0.0,0.0,0.0,2026-01-01,1,0,35.11
C00073,44,Prefer not to say,Charlotte,NC,Gold,Electronics,Direct,1,1,0.474,0.36,139,0,4,933.29,233.3225,119.10000000000001,29.775000000000002,2,107,1.1214953271028036,2.0,456.02,3.0,696.63,4.0,933.29,Beauty,223.82,4,2.0,2.0,0.0,0.0,5.0,0.015,1.0,0.0,0.0,6.0,5.0,6.650000000000001,3.0,3.0,3.0,2.0,2.0,7.0,0.3333333333333333,0.6666666666666666,0.0,0.0,0.0,0.0,2026-01-01,0,0,565.9
C00074,33,Non-binary,Scottsdale,AZ,Silver,Grocery,Paid Search,0,0,0.419,0.793,399,0,2,351.95,175.975,46.5,23.25,257,15,2.0,0.0,0.0,0.0,0.0,0.0,0.0,Grocery,327.39,1,5.0,3.0,1.0,1.0,17.0,1.72,0.6,0.2,0.2,7.0,3.857142857142857,6.792857142857143,5.0,1.0,2.0,1.0,1.0,3.0,0.14285714285714285,0.5,0.0,0.0,0.0,0.0,2026-01-01,1,0,54.62
C00075,63,Female,Buffalo,NY,Unknown,Baby,Referral,1,0,0.528,0.778,436,0,5,2533.02,506.604,284.01,56.802,50,383,0.39164490861618795,0.0,0.0,1.0,294.59,2.0,432.9,Beauty,1068.56,5,3.0,0.0,0.0,1.0,3.3333333333333335,3.7199999999999998,0.0,0.0,0.3333333333333333,8.0,5.375,9.470833333333333,6.0,4.0,4.0,3.0,3.0,99.0,0.375,0.75,0.0,0.0,0.0,0.0,2026-01-01,0,1,0.0
C00076,44,Non-binary,Buffalo,NY,Unknown,Apparel,Organic Search,1,1,0.234,0.582,512,0,3,783.72,261.24,84.99000000000001,28.330000000000002,123,260,0.3461538461538462,0.0,0.0,0.0,0.0,1.0,146.62,Apparel,475.76,3,2.0,1.0,1.0,1.0,25.0,2.05,0.5,0.5,0.5,12.0,4.333333333333333,7.347222222222222,7.0,5.0,4.0,3.0,3.0,97.0,0.25,0.75,0.0,0.0,0.0,0.0,2026-01-01,0,1,0.0
C00078,28,Prefer not to say,Scottsdale,AZ,Gold,Apparel,Direct,1,0,0.54,0.89,325,0,1,73.19,73.19,11.06,11.06,160,0,1.0,0.0,0.0,0.0,0.0,1.0,73.19,Electronics,68.08,1,6.0,1.0,0.0,0.0,15.833333333333334,4.35,0.16666666666666666,0.0,0.0,12.0,4.0,6.194444444444444,6.0,5.0,4.0,2.0,2.0,9.0,0.16666666666666666,0.5,0.0,0.0,0.0,0.0,2026-01-01,1,0,1430.87
C00082,50,Prefer not to say,Austin,TX,Platinum,Pet,Referral,1,1,0.634,0.29,154,0,5,1857.99,371.598,532.65,106.53,1,117,1.2820512820512822,1.0,265.74,3.0,791.22,5.0,1857.99,Apparel,1002.8,3,5.0,1.0,1.0,0.0,22.0,2.3049999999999997,0.2,0.2,0.0,2.0,7.0,9.433333333333334,2.0,2.0,2.0,1.0,1.0,106.0,0.5,0.5,1.0,3.3,4.0,0.0,2026-01-01,1,0,500.63
C00084,43,Male,Boston,MA,Silver,Sports,Organic Search,1,0,0.54,0.654,593,0,3,348.0,116.0,49.269999999999996,16.423333333333332,152,185,0.48648648648648646,0.0,0.0,0.0,0.0,1.0,115.8,Sports,285.05,2,4.0,1.0,0.0,2.0,20.0,3.21,0.25,0.0,0.5,13.0,5.076923076923077,9.220512820512822,8.0,4.0,8.0,6.0,6.0,26.0,0.46153846153846156,0.75,0.0,0.0,0.0,0.0,2026-01-01,0,0,582.45
C00085,20,Prefer not to say,Denver,CO,Silver,Sports,Paid Search,1,1,0.684,0.731,257,0,2,392.59000000000003,196.29500000000002,51.75,25.875,38,213,0.28169014084507044,0.0,0.0,1.0,322.12,1.0,322.12,Sports,299.65,2,5.0,3.0,2.0,0.0,6.0,2.7249999999999996,0.6,0.4,0.0,6.0,4.333333333333333,6.4944444444444445,4.0,1.0,2.0,2.0,2.0,27.0,0.3333333333333333,1.0,0.0,0.0,0.0,0.0,2026-01-01,0,0,440.76
C00086,33,Non-binary,Denver,CO,Gold,Electronics,Direct,1,1,0.416,0.431,492,0,5,1883.48,376.696,216.42000000000002,43.284000000000006,9,421,0.35629453681710216,1.0,992.87,1.0,992.87,2.0,1040.31,Electronics,1415.56,3,3.0,0.0,0.0,0.0,15.0,2.6399999999999997,0.0,0.0,0.0,3.0,3.3333333333333335,3.8944444444444444,0.0,0.0,1.0,1.0,1.0,122.0,0.3333333333333333,1.0,1.0,23.0,4.0,0.0,2026-01-01,0,0,182.26
C00087,42,Male,Los Angeles,CA,Unknown,Beauty,Referral,1,1,0.572,0.766,450,0,1,194.28,194.28,24.72,24.72,170,0,1.0,0.0,0.0,0.0,0.0,1.0,194.28,Grocery,180.73,1,8.0,2.0,1.0,0.0,10.625,4.495,0.25,0.125,0.0,10.0,4.4,7.784999999999999,5.0,4.0,5.0,3.0,3.0,31.0,0.3,0.6,0.0,0.0,0.0,0.0,2026-01-01,0,0,273.86
C00089,48,Male,Boston,MA,Unknown,Electronics,Referral,0,1,0.623,0.949,457,0,2,1191.19,595.595,205.1,102.55,58,347,0.1729106628242075,0.0,0.0,1.0,231.4,1.0,231.4,Pet,635.78,3,10.0,3.0,1.0,2.0,10.0,8.265,0.3,0.1,0.2,15.0,4.533333333333333,6.931111111111111,9.0,6.0,7.0,4.0,4.0,28.0,0.26666666666666666,0.5714285714285714,0.0,0.0,0.0,0.0,2026-01-01,0,0,477.72
C00090,20,Male,Boston,MA,Silver,Grocery,Organic Search,1,0,0.232,0.853,442,0,5,898.46,179.692,111.98,22.396,169,261,0.574712643678161,0.0,0.0,0.0,0.0,2.0,104.85999999999999,Home,280.38,5,7.0,4.0,1.0,0.0,14.285714285714286,4.62,0.5714285714285714,0.14285714285714285,0.0,14.0,4.071428571428571,5.727380952380953,7.0,3.0,3.0,2.0,2.0,21.0,0.14285714285714285,0.6666666666666666,0.0,0.0,0.0,0.0,2026-01-01,0,0,529.25
C00092,31,Prefer not to say,Boulder,CO,Silver,Electronics,Organic Search,1,0,0.805,0.738,588,0,4,1217.25,304.3125,273.98,68.495,157,345,0.34782608695652173,0.0,0.0,0.0,0.0,1.0,469.82,Electronics,349.61,4,4.0,1.0,0.0,0.0,11.25,0.87,0.25,0.0,0.0,10.0,4.6,7.953333333333333,9.0,6.0,3.0,0.0,0.0,116.0,0.0,0.0,0.0,0.0,0.0,0.0,2026-01-01,0,0,292.02
C00094,66,Female,New York,NY,Unknown,Apparel,Referral,1,1,0.495,0.579,485,0,6,1551.49,258.58166666666665,260.61,43.435,31,428,0.4205607476635514,0.0,0.0,2.0,318.65,3.0,606.67,Sports,542.95,5,0.0,0.0,0.0,0.0,0.0,0.0,0.0,0.0,0.0,11.0,4.909090909090909,9.124242424242425,8.0,6.0,6.0,2.0,2.0,66.0,0.18181818181818182,0.3333333333333333,0.0,0.0,0.0,0.0,2026-01-01,0,1,0.0
C00095,74,Prefer not to say,San Francisco,CA,Unknown,Home,Organic Search,0,0,0.332,0.769,674,0,2,178.3,89.15,33.25,16.625,120,386,0.15544041450777202,0.0,0.0,0.0,0.0,1.0,37.39,Home,159.36,1,10.0,4.0,1.0,1.0,9.5,7.545,0.4,0.1,0.1,15.0,4.266666666666667,6.678888888888889,8.0,4.0,4.0,3.0,3.0,10.0,0.2,0.75,0.0,0.0,0.0,0.0,2026-01-01,0,1,0.0
C00096,37,Male,Denver,CO,Unknown,Electronics,Affiliate,1,1,0.806,0.182,444,0,1,460.47,460.47,72.9,72.9,345,0,1.0,0.0,0.0,0.0,0.0,0.0,0.0,Electronics,428.34000000000003,1,4.0,2.0,0.0,1.0,7.5,3.9699999999999998,0.5,0.0,0.25,3.0,2.6666666666666665,4.444444444444444,1.0,0.0,0.0,0.0,0.0,61.0,0.0,0.0,0.0,0.0,0.0,0.0,2026-01-01,0,0,298.96000000000004
C00097,56,Prefer not to say,Naperville,IL,Silver,Beauty,Organic Search,1,0,0.887,0.68,178,0,1,28.77,28.77,7.19,7.19,92,0,1.0,0.0,0.0,0.0,0.0,1.0,28.77,Beauty,20.26,1,7.0,2.0,1.0,2.0,17.142857142857142,5.0,0.2857142857142857,0.14285714285714285,0.2857142857142857,4.0,4.25,5.266666666666667,3.0,2.0,2.0,0.0,0.0,54.0,0.0,0.0,0.0,0.0,0.0,0.0,2026-01-01,0,0,962.82
C00098,58,Male,Scottsdale,AZ,Gold,Sports,Paid Social,1,1,0.375,0.836,270,0,1,32.99,32.99,0.69,0.69,67,0,1.0,0.0,0.0,1.0,32.99,1.0,32.99,Pet,30.69,1,7.0,3.0,3.0,0.0,10.714285714285714,5.13,0.42857142857142855,0.42857142857142855,0.0,14.0,4.285714285714286,7.253571428571428,9.0,4.0,6.0,3.0,3.0,0.0,0.21428571428571427,0.5,0.0,0.0,0.0,0.0,2026-01-01,1,0,890.49
C00099,56,Non-binary,Scottsdale,AZ,Silver,Apparel,Organic Search,1,1,0.264,0.857,416,0,5,1737.01,347.402,60.25,12.05,56,196,0.7653061224489796,0.0,0.0,1.0,212.18,2.0,803.49,Electronics,678.8,4,9.0,2.0,1.0,0.0,9.444444444444445,8.235,0.2222222222222222,0.1111111111111111,0.0,10.0,5.6,11.456666666666667,9.0,8.0,5.0,3.0,3.0,49.0,0.3,0.6,0.0,0.0,0.0,0.0,2026-01-01,0,0,482.45
C00100,44,Non-binary,Boulder,CO,Unknown,Pet,Organic Search,1,0,0.604,0.829,645,0,3,604.02,201.34,97.92,32.64,199,329,0.2735562310030395,0.0,0.0,0.0,0.0,0.0,0.0,Pet,561.88,1,7.0,4.0,3.0,1.0,13.571428571428571,4.595,0.5714285714285714,0.42857142857142855,0.14285714285714285,16.0,3.625,5.641666666666667,7.0,4.0,6.0,3.0,3.0,23.0,0.1875,0.5,0.0,0.0,0.0,0.0,2026-01-01,0,1,0.0
C00102,71,Female,Tacoma,WA,Unknown,Baby,Direct,1,0,0.25,0.838,405,0,3,1038.72,346.24,101.41999999999999,33.806666666666665,4,224,0.4017857142857143,1.0,478.04,1.0,478.04,2.0,733.25,Baby,521.56,2,10.0,7.0,4.0,1.0,14.5,6.515,0.7,0.4,0.1,10.0,4.8,8.370000000000001,6.0,6.0,6.0,1.0,1.0,31.0,0.1,0.16666666666666666,0.0,0.0,0.0,0.0,2026-01-01,0,1,0.0
C00103,23,Female,Seattle,WA,Unknown,Sports,Direct,1,1,0.422,0.487,484,0,1,1116.37,1116.37,185.15,185.15,432,0,1.0,0.0,0.0,0.0,0.0,0.0,0.0,Sports,802.71,2,5.0,1.0,1.0,0.0,14.0,3.215,0.2,0.2,0.0,6.0,4.0,5.3,3.0,3.0,2.0,1.0,1.0,200.0,0.16666666666666666,0.5,0.0,0.0,0.0,0.0,2026-01-01,0,0,220.86
C00104,61,Male,San Francisco,CA,Unknown,Sports,Organic Search,1,1,0.143,0.739,104,0,1,351.62,351.62,10.72,10.72,93,0,1.0,0.0,0.0,0.0,0.0,1.0,351.62,Sports,327.09,1,2.0,1.0,1.0,0.0,10.0,1.5699999999999998,0.5,0.5,0.0,1.0,4.0,4.2,1.0,0.0,0.0,0.0,0.0,61.0,0.0,0.0,0.0,0.0,0.0,0.0,2026-01-01,0,1,0.0
C00105,22,Non-binary,Austin,TX,Unknown,Beauty,Direct,1,0,0.261,0.36,644,0,2,320.52,160.26,54.34,27.17,388,233,0.2575107296137339,0.0,0.0,0.0,0.0,0.0,0.0,Beauty,244.37,2,1.0,0.0,0.0,0.0,0.0,0.72,0.0,0.0,0.0,7.0,3.2857142857142856,4.833333333333334,3.0,3.0,2.0,0.0,0.0,35.0,0.0,0.0,0.0,0.0,0.0,0.0,2026-01-01,0,0,233.31
C00107,34,Prefer not to say,Raleigh,NC,Silver,Electronics,Affiliate,1,1,0.467,0.36,271,0,4,835.77,208.9425,124.97,31.2425,49,135,0.8888888888888888,0.0,0.0,3.0,754.21,3.0,754.21,Electronics,695.09,2,3.0,0.0,0.0,0.0,8.333333333333334,0.735,0.0,0.0,0.0,5.0,4.6,6.236666666666666,4.0,2.0,1.0,1.0,1.0,80.0,0.2,1.0,0.0,0.0,0.0,0.0,2026-01-01,1,0,286.01
C00108,37,Female,Chicago,IL,Silver,Baby,Paid Social,1,1,0.446,0.848,615,0,1,73.8,73.8,12.45,12.45,203,0,1.0,0.0,0.0,0.0,0.0,0.0,0.0,Baby,68.65,1,8.0,3.0,2.0,0.0,13.75,8.29,0.375,0.25,0.0,16.0,4.8125,8.258333333333333,10.0,7.0,8.0,6.0,6.0,1.0,0.375,0.75,0.0,0.0,0.0,0.0,2026-01-01,0,1,0.0
C00109,57,Female,Raleigh,NC,Gold,Sports,Organic Search,1,1,0.438,0.607,303,0,3,1202.9099999999999,400.96999999999997,138.63,46.21,5,139,0.6474820143884892,1.0,192.48,2.0,521.1,3.0,1202.9099999999999,Beauty,634.24,3,3.0,0.0,0.0,0.0,20.0,3.12,0.0,0.0,0.0,4.0,4.75,7.9375,3.0,3.0,2.0,0.0,0.0,62.0,0.0,0.0,0.0,0.0,0.0,0.0,2026-01-01,0,0,668.1800000000001
C00110,36,Male,Boulder,CO,Silver,Baby,Affiliate,1,0,0.335,0.836,338,0,4,482.93,120.7325,64.01,16.0025,24,263,0.4562737642585551,1.0,132.89,1.0,132.89,1.0,132.89,Home,305.06,2,3.0,1.0,1.0,2.0,11.666666666666666,1.9249999999999998,0.3333333333333333,0.3333333333333333,0.6666666666666666,11.0,4.818181818181818,8.16060606060606,8.0,6.0,4.0,3.0,3.0,46.0,0.2727272727272727,0.75,0.0,0.0,0.0,0.0,2026-01-01,0,1,0.0
C00111,59,Male,Boulder,CO,Gold,Home,Organic Search,1,1,0.239,0.598,169,0,2,1148.54,574.27,108.67,54.335,40,106,0.5660377358490566,0.0,0.0,1.0,593.4,2.0,1148.54,Home,552.0,3,5.0,1.0,0.0,1.0,12.0,4.63,0.2,0.0,0.2,5.0,3.6,5.8133333333333335,3.0,3.0,1.0,0.0,0.0,34.0,0.0,0.0,0.0,0.0,0.0,0.0,2026-01-01,1,0,1395.26
C00112,26,Male,Phoenix,AZ,Unknown,Home,Organic Search,1,1,0.471,0.421,642,0,4,1391.38,347.845,118.37,29.5925,177,465,0.25806451612903225,0.0,0.0,0.0,0.0,1.0,902.47,Home,872.41,3,4.0,0.0,0.0,0.0,8.75,5.22,0.0,0.0,0.0,11.0,4.545454545454546,8.146969696969698,8.0,5.0,4.0,1.0,1.0,23.0,0.09090909090909091,0.25,1.0,10.6,5.0,0.0,2026-01-01,0,1,0.0
C00113,73,Male,Denver,CO,Gold,Apparel,Paid Search,1,1,0.188,0.31,120,0,1,624.07,624.07,104.81,104.81,117,0,1.0,0.0,0.0,0.0,0.0,1.0,624.07,Apparel,580.53,1,2.0,1.0,0.0,0.0,15.0,2.7,0.5,0.0,0.0,4.0,2.5,2.6958333333333333,0.0,0.0,1.0,1.0,1.0,1.0,0.25,1.0,0.0,0.0,0.0,0.0,2026-01-01,0,0,791.5100000000001
C00114,74,Non-binary,Cambridge,MA,Silver,Apparel,Referral,1,1,0.838,0.562,478,0,4,1494.81,373.7025,327.32,81.83,115,212,0.5660377358490566,0.0,0.0,0.0,0.0,1.0,707.56,Apparel,732.33,2,6.0,2.0,0.0,0.0,10.833333333333334,2.8,0.3333333333333333,0.0,0.0,7.0,3.7142857142857144,5.621428571428572,2.0,2.0,3.0,2.0,2.0,2.0,0.2857142857142857,0.6666666666666666,0.0,0.0,0.0,0.0,2026-01-01,0,0,1590.4
C00117,51,Prefer not to say,Miami,FL,Platinum,Apparel,Organic Search,1,0,0.664,0.676,351,0,4,1071.1599999999999,267.78999999999996,268.22,67.055,55,272,0.4411764705882353,0.0,0.0,1.0,474.77,2.0,543.17,Apparel,505.28,4,9.0,5.0,2.0,2.0,15.0,7.55,0.5555555555555556,0.2222222222222222,0.2222222222222222,13.0,4.384615384615385,8.03076923076923,8.0,5.0,5.0,2.0,2.0,22.0,0.15384615384615385,0.4,0.0,0.0,0.0,0.0,2026-01-01,0,0,1205.98
C00118,27,Female,Miami,FL,Silver,Pet,Affiliate,1,1,0.715,0.891,299,0,4,1013.55,253.3875,194.19,48.5475,112,180,0.6666666666666666,0.0,0.0,0.0,0.0,1.0,438.62,Apparel,408.02,3,6.0,2.0,1.0,0.0,15.833333333333334,5.779999999999999,0.3333333333333333,0.16666666666666666,0.0,15.0,3.6,5.535555555555556,7.0,5.0,5.0,2.0,2.0,41.0,0.13333333333333333,0.4,0.0,0.0,0.0,0.0,2026-01-01,0,1,0.0
C00122,22,Non-binary,Tacoma,WA,Gold,Home,Direct,0,1,0.32,0.29,575,0,8,1881.6799999999998,235.20999999999998,217.56,27.195,35,495,0.48484848484848486,0.0,0.0,1.0,403.07,2.0,427.95,Home,536.94,7,3.0,1.0,0.0,0.0,8.333333333333334,2.06,0.3333333333333333,0.0,0.0,5.0,4.8,8.506666666666666,3.0,2.0,2.0,2.0,2.0,51.0,0.4,1.0,0.0,0.0,0.0,0.0,2026-01-01,1,0,1057.3
C00123,51,Non-binary,Austin,TX,Unknown,Home,Paid Social,1,0,0.583,0.856,481,0,3,1352.04,450.68,223.78,74.59333333333333,103,208,0.43269230769230765,0.0,0.0,0.0,0.0,2.0,924.41,Home,528.71,4,9.0,4.0,2.0,1.0,12.222222222222221,6.449999999999999,0.4444444444444444,0.2222222222222222,0.1111111111111111,14.0,4.0,7.059523809523809,10.0,5.0,3.0,1.0,1.0,29.0,0.07142857142857142,0.3333333333333333,1.0,3.1,4.0,0.0,2026-01-01,0,0,374.58
C00124,28,Non-binary,Austin,TX,Unknown,Electronics,Paid Social,1,0,0.396,0.889,456,0,4,1023.76,255.94,69.78999999999999,17.447499999999998,14,416,0.28846153846153844,1.0,326.77,1.0,326.77,2.0,661.02,Electronics,343.26000000000005,3,7.0,5.0,1.0,1.0,12.857142857142858,4.295,0.7142857142857143,0.14285714285714285,0.14285714285714285,8.0,4.25,6.839583333333334,2.0,1.0,4.0,4.0,4.0,27.0,0.5,1.0,0.0,0.0,0.0,0.0,2026-01-01,0,0,225.95
C00126,73,Non-binary,Tacoma,WA,Unknown,Grocery,Paid Social,1,1,0.619,0.648,404,0,2,740.44,370.22,195.47,97.735,164,21,2.0,0.0,0.0,0.0,0.0,1.0,564.2,Electronics,524.84,2,10.0,3.0,2.0,3.0,18.5,7.95,0.3,0.2,0.3,12.0,4.333333333333333,7.115277777777778,8.0,6.0,5.0,1.0,1.0,26.0,0.08333333333333333,0.2,0.0,0.0,0.0,0.0,2026-01-01,0,0,295.71000000000004
C00127,62,Female,Buffalo,NY,Silver,Apparel,Organic Search,1,1,0.702,0.675,354,0,3,1014.85,338.28333333333336,168.34,56.11333333333334,120,213,0.4225352112676057,0.0,0.0,0.0,0.0,1.0,293.03,Home,671.46,2,6.0,2.0,0.0,1.0,13.333333333333334,5.4799999999999995,0.3333333333333333,0.0,0.16666666666666666,12.0,3.9166666666666665,5.658333333333334,6.0,5.0,3.0,1.0,1.0,3.0,0.08333333333333333,0.3333333333333333,0.0,0.0,0.0,0.0,2026-01-01,0,0,80.45
C00129,38,Prefer not to say,Charlotte,NC,Unknown,Sports,Affiliate,1,0,0.7,0.826,655,0,4,2081.45,520.3625,405.99,101.4975,79,291,0.4123711340206186,0.0,0.0,1.0,408.23,1.0,408.23,Sports,1152.92,4,7.0,5.0,2.0,0.0,14.285714285714286,6.435,0.7142857142857143,0.2857142857142857,0.0,13.0,4.3076923076923075,7.0256410256410255,6.0,4.0,5.0,4.0,4.0,46.0,0.3076923076923077,0.8,0.0,0.0,0.0,0.0,2026-01-01,0,1,0.0
C00130,43,Female,Tacoma,WA,Silver,Home,Paid Social,1,1,0.309,0.495,269,0,3,468.95,156.31666666666666,39.510000000000005,13.170000000000002,79,128,0.703125,0.0,0.0,1.0,47.08,2.0,272.39,Beauty,209.59,3,2.0,1.0,0.0,0.0,25.0,2.35,0.5,0.0,0.0,5.0,4.4,8.676666666666666,3.0,2.0,3.0,1.0,1.0,65.0,0.2,0.3333333333333333,0.0,0.0,0.0,0.0,2026-01-01,0,0,673.8199999999999
C00131,59,Female,Scottsdale,AZ,Unknown,Pet,Organic Search,1,1,0.563,0.488,317,0,2,820.72,410.36,104.17,52.085,177,88,0.6818181818181819,0.0,0.0,0.0,0.0,1.0,647.72,Pet,763.46,1,2.0,1.0,0.0,0.0,7.5,1.5699999999999998,0.5,0.0,0.0,8.0,4.125,6.46875,5.0,4.0,4.0,0.0,0.0,12.0,0.0,0.0,0.0,0.0,0.0,0.0,2026-01-01,0,1,0.0
C00133,30,Male,Miami,FL,Silver,Baby,Referral,1,1,0.676,0.734,512,0,4,855.8399999999999,213.95999999999998,210.66,52.665,28,479,0.25052192066805845,1.0,179.74,1.0,179.74,1.0,179.74,Baby,572.99,3,10.0,6.0,3.0,2.0,14.5,4.135,0.6,0.3,0.2,12.0,4.5,6.515277777777778,7.0,5.0,5.0,4.0,4.0,21.0,0.3333333333333333,0.8,0.0,0.0,0.0,0.0,2026-01-01,1,0,1146.68
C00134,51,Non-binary,Phoenix,AZ,Silver,Grocery,Paid Search,1,0,0.541,0.958,174,0,3,528.79,176.26333333333332,63.019999999999996,21.006666666666664,48,33,2.727272727272727,0.0,0.0,3.0,528.79,3.0,528.79,Baby,256.39,3,6.0,5.0,1.0,0.0,9.166666666666666,3.27,0.8333333333333334,0.16666666666666666,0.0,3.0,5.0,8.161111111111111,2.0,1.0,1.0,1.0,1.0,27.0,0.3333333333333333,1.0,0.0,0.0,0.0,0.0,2026-01-01,1,0,636.66
C00135,65,Non-binary,Denver,CO,Unknown,Electronics,Direct,1,0,0.616,0.696,459,0,4,1278.04,319.51,208.2,52.05,73,212,0.5660377358490566,0.0,0.0,1.0,502.98,2.0,627.8100000000001,Electronics,1072.75,2,7.0,5.0,2.0,1.0,15.0,4.765,0.7142857142857143,0.2857142857142857,0.14285714285714285,10.0,4.0,7.636666666666666,4.0,2.0,3.0,2.0,2.0,3.0,0.2,0.6666666666666666,1.0,4.7,4.0,0.0,2026-01-01,0,1,0.0
C00137,37,Non-binary,San Jose,CA,Platinum,Beauty,Paid Search,1,1,0.421,0.582,400,0,7,2908.22,415.46,416.65999999999997,59.52285714285714,15,345,0.6086956521739131,1.0,84.92,3.0,1571.43,4.0,2242.64,Electronics,1170.69,5,8.0,2.0,1.0,1.0,20.625,5.785,0.25,0.125,0.125,9.0,4.111111111111111,6.716666666666667,5.0,3.0,4.0,2.0,2.0,81.0,0.2222222222222222,0.5,0.0,0.0,0.0,0.0,2026-01-01,1,0,931.26
C00140,69,Female,Cambridge,MA,Silver,Sports,Organic Search,1,0,0.234,0.777,561,0,2,759.36,379.68,72.92,36.46,208,17,2.0,0.0,0.0,0.0,0.0,0.0,0.0,Sports,706.38,1,12.0,8.0,5.0,3.0,6.666666666666667,6.675,0.6666666666666666,0.4166666666666667,0.25,13.0,4.0,5.575641025641025,6.0,5.0,4.0,2.0,2.0,7.0,0.15384615384615385,0.5,0.0,0.0,0.0,0.0,2026-01-01,0,0,600.8100000000001
C00141,56,Prefer not to say,Chicago,IL,Gold,Sports,Organic Search,1,1,0.083,0.541,656,0,10,3388.09,338.809,174.89999999999998,17.49,202,428,0.7009345794392523,0.0,0.0,0.0,0.0,0.0,0.0,Sports,1476.73,5,7.0,3.0,1.0,1.0,12.142857142857142,5.535,0.42857142857142855,0.14285714285714285,0.14285714285714285,6.0,4.833333333333333,8.941666666666666,4.0,2.0,2.0,2.0,2.0,144.0,0.3333333333333333,1.0,1.0,6.1,4.0,0.0,2026-01-01,1,0,742.14
C00142,58,Prefer not to say,Boston,MA,Unknown,Apparel,Organic Search,1,1,0.829,0.868,537,0,1,261.69,261.69,66.01,66.01,363,0,1.0,0.0,0.0,0.0,0.0,0.0,0.0,Beauty,243.43,1,7.0,5.0,3.0,1.0,15.0,3.81,0.7142857142857143,0.42857142857142855,0.14285714285714285,14.0,4.857142857142857,8.911904761904761,10.0,5.0,7.0,3.0,3.0,3.0,0.21428571428571427,0.42857142857142855,0.0,0.0,0.0,0.0,2026-01-01,0,0,226.46
C00143,41,Male,Dallas,TX,Silver,Home,Organic Search,1,1,0.398,0.525,433,0,3,832.51,277.50333333333333,108.47999999999999,36.16,45,355,0.2535211267605634,0.0,0.0,1.0,555.61,2.0,724.6,Home,774.4300000000001,1,7.0,3.0,2.0,0.0,7.142857142857143,5.305,0.42857142857142855,0.2857142857142857,0.0,7.0,3.4285714285714284,4.652380952380952,3.0,2.0,1.0,1.0,1.0,36.0,0.14285714285714285,1.0,0.0,0.0,0.0,0.0,2026-01-01,0,1,0.0
C00144,71,Prefer not to say,Tacoma,WA,Unknown,Beauty,Affiliate,1,0,0.868,0.547,500,0,1,196.25,196.25,51.07,51.07,435,0,1.0,0.0,0.0,0.0,0.0,0.0,0.0,Beauty,182.56,1,6.0,4.0,1.0,1.0,15.833333333333334,5.115,0.6666666666666666,0.16666666666666666,0.16666666666666666,7.0,4.142857142857143,5.511904761904761,5.0,2.0,1.0,1.0,1.0,104.0,0.14285714285714285,1.0,0.0,0.0,0.0,0.0,2026-01-01,0,0,207.52
C00148,61,Female,San Jose,CA,Silver,Grocery,Paid Search,1,0,0.557,0.49,320,0,5,1410.21,282.04200000000003,277.76,55.552,75,174,0.8620689655172414,0.0,0.0,1.0,583.17,3.0,1020.3499999999999,Sports,389.46,5,4.0,2.0,0.0,0.0,13.75,3.4299999999999997,0.5,0.0,0.0,9.0,5.444444444444445,9.401851851851852,8.0,4.0,5.0,3.0,3.0,5.0,0.3333333333333333,0.6,1.0,18.8,4.0,0.0,2026-01-01,0,1,0.0
C00150,46,Male,Raleigh,NC,Platinum,Pet,Affiliate,1,1,0.302,0.724,195,0,2,228.05,114.025,29.26,14.63,28,58,1.0344827586206897,1.0,218.43,2.0,228.05,2.0,228.05,Pet,212.14000000000001,1,8.0,4.0,1.0,0.0,16.25,3.155,0.5,0.125,0.0,4.0,4.5,7.05,2.0,1.0,2.0,1.0,1.0,20.0,0.25,0.5,0.0,0.0,0.0,0.0,2026-01-01,0,0,494.45000000000005
C00151,67,Female,Dallas,TX,Silver,Sports,Paid Search,1,1,0.285,0.407,467,0,4,1534.17,383.5425,172.34,43.085,56,309,0.3883495145631068,0.0,0.0,1.0,197.33,2.0,347.01,Sports,685.0699999999999,4,7.0,0.0,0.0,0.0,5.0,4.9399999999999995,0.0,0.0,0.0,9.0,4.444444444444445,5.6759259259259265,6.0,2.0,3.0,2.0,2.0,38.0,0.2222222222222222,0.6666666666666666,0.0,0.0,0.0,0.0,2026-01-01,0,1,0.0
C00152,55,Female,New York,NY,Silver,Apparel,Affiliate,0,0,0.734,0.411,723,0,5,1255.07,251.01399999999998,250.91,50.182,46,562,0.2669039145907473,0.0,0.0,1.0,458.58,1.0,458.58,Home,383.65,6,3.0,0.0,0.0,0.0,11.666666666666666,3.07,0.0,0.0,0.0,6.0,3.5,5.091666666666667,3.0,1.0,1.0,0.0,0.0,1.0,0.0,0.0,1.0,6.2,5.0,0.0,2026-01-01,0,0,270.52
C00154,63,Male,Raleigh,NC,Silver,Grocery,Direct,1,0,0.516,0.521,673,0,3,1020.19,340.06333333333333,100.83,33.61,150,400,0.22499999999999998,0.0,0.0,0.0,0.0,1.0,587.96,Sports,458.41,4,12.0,4.0,1.0,0.0,14.166666666666666,8.275,0.3333333333333333,0.08333333333333333,0.0,11.0,5.0,7.831818181818182,7.0,6.0,5.0,3.0,3.0,2.0,0.2727272727272727,0.6,1.0,6.7,4.0,0.0,2026-01-01,0,0,348.11
C00157,39,Male,Orlando,FL,Gold,Pet,Direct,1,1,0.182,0.592,676,0,16,5074.04,317.1275,323.04,20.19,23,599,0.8013355592654424,2.0,818.65,5.0,1915.1399999999999,7.0,2230.59,Pet,2757.26,7,4.0,1.0,1.0,1.0,8.75,2.645,0.25,0.25,0.25,12.0,3.1666666666666665,4.4125000000000005,5.0,3.0,2.0,1.0,1.0,83.0,0.08333333333333333,0.5,1.0,18.1,4.0,0.0,2026-01-01,1,0,944.7800000000001
C00158,41,Female,Orlando,FL,Unknown,Beauty,Affiliate,1,0,0.776,0.932,517,0,3,852.86,284.2866666666667,115.25,38.416666666666664,11,286,0.3146853146853147,1.0,218.36,1.0,218.36,2.0,657.62,Beauty,408.61,3,8.0,7.0,3.0,2.0,11.25,8.31,0.875,0.375,0.25,9.0,5.111111111111111,9.414814814814815,7.0,4.0,4.0,3.0,3.0,7.0,0.3333333333333333,0.75,1.0,5.2,5.0,0.0,2026-01-01,0,0,720.55
C00159,26,Non-binary,Buffalo,NY,Gold,Grocery,Paid Social,1,1,0.393,0.631,90,1,2,289.07,144.535,44.12,22.06,49,27,2.0,0.0,0.0,2.0,289.07,2.0,289.07,Grocery,256.36,2,3.0,1.0,1.0,0.0,16.666666666666668,1.45,0.3333333333333333,0.3333333333333333,0.0,4.0,5.0,7.920833333333333,3.0,3.0,2.0,1.0,1.0,24.0,0.25,0.5,0.0,0.0,0.0,0.0,2026-01-01,0,0,167.74
C00160,56,Female,Los Angeles,CA,Gold,Beauty,Organic Search,1,1,0.383,0.336,318,0,3,267.82,89.27333333333333,32.18,10.726666666666667,6,267,0.33707865168539325,1.0,50.2,1.0,50.2,1.0,50.2,Electronics,202.44,2,4.0,1.0,0.0,0.0,11.25,3.5599999999999996,0.25,0.0,0.0,4.0,5.5,8.116666666666667,3.0,1.0,2.0,2.0,2.0,35.0,0.5,1.0,1.0,14.0,3.0,0.0,2026-01-01,0,0,1652.67
C00162,49,Male,Houston,TX,Unknown,Baby,Referral,1,1,0.451,0.545,442,0,2,298.78,149.39,70.78999999999999,35.394999999999996,248,77,0.7792207792207791,0.0,0.0,0.0,0.0,0.0,0.0,Apparel,170.34,2,8.0,4.0,1.0,0.0,14.375,5.925,0.5,0.125,0.0,13.0,4.153846153846154,7.037179487179487,9.0,4.0,2.0,1.0,1.0,35.0,0.07692307692307693,0.5,1.0,21.6,4.0,0.0,2026-01-01,0,1,0.0
C00164,35,Female,Tacoma,WA,Silver,Grocery,Paid Social,1,1,0.248,0.333,691,0,9,3813.65,423.7388888888889,343.14,38.126666666666665,49,583,0.4631217838765008,0.0,0.0,2.0,1960.71,3.0,2368.8700000000003,Grocery,1842.28,4,4.0,2.0,2.0,1.0,12.5,2.71,0.5,0.5,0.25,7.0,4.142857142857143,6.571428571428571,5.0,2.0,1.0,1.0,1.0,50.0,0.14285714285714285,1.0,1.0,12.2,3.0,0.0,2026-01-01,0,1,0.0
C00165,40,Female,Seattle,WA,Unknown,Baby,Referral,0,1,0.718,0.877,264,0,1,112.29,112.29,21.76,21.76,68,0,1.0,0.0,0.0,1.0,112.29,1.0,112.29,Sports,104.46,1,10.0,4.0,0.0,0.0,12.0,5.435,0.4,0.0,0.0,5.0,3.2,3.943333333333333,2.0,1.0,1.0,0.0,0.0,29.0,0.0,0.0,0.0,0.0,0.0,0.0,2026-01-01,0,1,0.0
C00166,48,Non-binary,Scottsdale,AZ,Platinum,Apparel,Paid Search,1,1,0.778,0.709,310,0,2,447.51,223.755,128.19,64.095,153,80,0.75,0.0,0.0,0.0,0.0,1.0,326.6,Grocery,303.81,2,7.0,5.0,2.0,1.0,10.714285714285714,4.285,0.7142857142857143,0.2857142857142857,0.14285714285714285,12.0,3.4166666666666665,5.5249999999999995,5.0,5.0,4.0,1.0,1.0,13.0,0.08333333333333333,0.25,0.0,0.0,0.0,0.0,2026-01-01,0,0,570.77
C00167,50,Male,Los Angeles,CA,Platinum,Beauty,Direct,1,0,0.505,0.789,104,0,2,776.9300000000001,388.46500000000003,100.16,50.08,46,52,1.1538461538461537,0.0,0.0,1.0,286.76,2.0,776.9300000000001,Electronics,551.3299999999999,2,0.0,0.0,0.0,0.0,0.0,0.0,0.0,0.0,0.0,5.0,4.6,7.293333333333334,3.0,2.0,2.0,1.0,1.0,17.0,0.2,0.5,0.0,0.0,0.0,0.0,2026-01-01,0,0,1345.4499999999998
C00168,68,Non-binary,Phoenix,AZ,Silver,Baby,Direct,1,0,0.3,0.503,651,0,9,1513.9099999999999,168.2122222222222,120.03,13.336666666666666,31,606,0.44554455445544555,0.0,0.0,1.0,95.85,3.0,270.15999999999997,Grocery,319.28999999999996,7,6.0,1.0,0.0,0.0,11.666666666666666,3.4349999999999996,0.16666666666666666,0.0,0.0,9.0,4.555555555555555,8.835185185185185,5.0,4.0,5.0,2.0,2.0,1.0,0.2222222222222222,0.4,0.0,0.0,0.0,0.0,2026-01-01,0,0,107.72999999999999
C00169,18,Non-binary,San Francisco,CA,Unknown,Baby,Direct,0,1,0.355,0.807,359,0,3,864.31,288.1033333333333,63.379999999999995,21.126666666666665,32,72,1.25,0.0,0.0,2.0,552.53,3.0,864.31,Sports,309.06,4,7.0,3.0,1.0,0.0,17.142857142857142,5.97,0.42857142857142855,0.14285714285714285,0.0,13.0,4.384615384615385,7.71025641025641,7.0,6.0,4.0,2.0,2.0,20.0,0.15384615384615385,0.5,0.0,0.0,0.0,0.0,2026-01-01,0,0,1507.94
C00170,20,Female,Naperville,IL,Unknown,Electronics,Referral,1,0,0.737,0.51,197,0,2,314.92,157.46,54.459999999999994,27.229999999999997,30,112,0.5357142857142857,1.0,206.13,1.0,206.13,2.0,314.92,Electronics,191.75,2,5.0,1.0,0.0,1.0,13.0,5.17,0.2,0.0,0.2,7.0,5.714285714285714,9.183333333333334,7.0,5.0,3.0,2.0,2.0,3.0,0.2857142857142857,0.6666666666666666,0.0,0.0,0.0,0.0,2026-01-01,0,0,955.12
C00171,70,Male,Phoenix,AZ,Platinum,Electronics,Referral,1,1,0.482,0.614,594,0,10,2885.21,288.521,465.02,46.501999999999995,59,524,0.5725190839694657,0.0,0.0,1.0,698.63,1.0,698.63,Electronics,2029.98,5,7.0,1.0,0.0,0.0,16.428571428571427,3.385,0.14285714285714285,0.0,0.0,8.0,2.375,3.177083333333333,2.0,0.0,0.0,0.0,0.0,135.0,0.0,0.0,1.0,12.0,5.0,0.0,2026-01-01,0,0,134.13
C00172,62,Non-binary,Denver,CO,Unknown,Sports,Paid Search,1,0,0.676,0.372,402,0,2,637.6600000000001,318.83000000000004,195.08,97.54,195,119,0.5042016806722689,0.0,0.0,0.0,0.0,0.0,0.0,Electronics,450.2,2,5.0,0.0,0.0,0.0,10.0,3.15,0.0,0.0,0.0,9.0,4.222222222222222,6.416666666666667,6.0,5.0,2.0,1.0,1.0,26.0,0.1111111111111111,0.5,1.0,6.5,3.0,0.0,2026-01-01,1,0,634.38
C00174,61,Male,Los Angeles,CA,Unknown,Pet,Direct,1,1,0.601,0.629,583,0,3,1020.6700000000001,340.22333333333336,132.04000000000002,44.01333333333334,141,91,0.989010989010989,0.0,0.0,0.0,0.0,2.0,643.0500000000001,Electronics,582.54,3,6.0,3.0,0.0,0.0,13.333333333333334,3.625,0.5,0.0,0.0,10.0,3.8,5.033333333333333,8.0,2.0,0.0,0.0,0.0,26.0,0.0,0.0,0.0,0.0,0.0,0.0,2026-01-01,0,0,518.86
C00176,56,Female,Houston,TX,Gold,Beauty,Affiliate,1,1,0.239,0.903,550,0,4,1308.51,327.1275,146.23000000000002,36.557500000000005,168,274,0.43795620437956206,0.0,0.0,0.0,0.0,1.0,196.84,Beauty,608.4300000000001,4,7.0,5.0,4.0,1.0,14.285714285714286,6.93,0.7142857142857143,0.5714285714285714,0.14285714285714285,15.0,4.6,7.182222222222222,6.0,5.0,8.0,6.0,6.0,101.0,0.4,0.75,0.0,0.0,0.0,0.0,2026-01-01,0,0,333.86
C00177,74,Male,Boulder,CO,Silver,Grocery,Paid Social,1,1,0.503,0.435,145,0,2,794.5,397.25,128.64,64.32,62,18,2.0,0.0,0.0,2.0,794.5,2.0,794.5,Electronics,581.91,2,2.0,1.0,1.0,0.0,10.0,1.21,0.5,0.5,0.0,4.0,3.75,5.316666666666667,3.0,2.0,0.0,0.0,0.0,27.0,0.0,0.0,0.0,0.0,0.0,0.0,2026-01-01,0,1,0.0
C00179,31,Male,Naperville,IL,Silver,Baby,Organic Search,1,0,0.409,0.277,202,0,1,327.39,327.39,69.34,69.34,192,0,1.0,0.0,0.0,0.0,0.0,0.0,0.0,Grocery,304.55,1,5.0,0.0,0.0,0.0,8.0,2.24,0.0,0.0,0.0,7.0,3.2857142857142856,5.626190476190476,2.0,1.0,1.0,0.0,0.0,9.0,0.0,0.0,0.0,0.0,0.0,0.0,2026-01-01,0,1,0.0
C00181,60,Female,San Francisco,CA,Unknown,Home,Paid Search,1,1,0.476,0.333,184,0,2,315.78,157.89,50.97,25.485,75,103,0.5825242718446603,0.0,0.0,1.0,133.21,2.0,315.78,Sports,157.08,2,6.0,2.0,0.0,1.0,22.5,4.115,0.3333333333333333,0.0,0.16666666666666666,11.0,4.0,6.234848484848485,6.0,5.0,3.0,1.0,1.0,31.0,0.09090909090909091,0.3333333333333333,0.0,0.0,0.0,0.0,2026-01-01,0,0,34.65
C00182,53,Female,Boulder,CO,Silver,Beauty,Paid Search,1,0,0.311,0.11,331,0,4,768.49,192.1225,64.3,16.075,36,252,0.47619047619047616,0.0,0.0,1.0,17.28,1.0,17.28,Electronics,296.55,5,4.0,1.0,0.0,0.0,17.5,3.75,0.25,0.0,0.0,7.0,3.857142857142857,7.271428571428572,5.0,2.0,1.0,0.0,0.0,121.0,0.0,0.0,0.0,0.0,0.0,0.0,2026-01-01,0,0,428.53
C00183,47,Female,Buffalo,NY,Silver,Beauty,Direct,1,1,0.48,0.396,379,0,2,363.23,181.615,80.47,40.235,51,70,0.8571428571428571,0.0,0.0,1.0,166.15,2.0,363.23,Beauty,337.89,1,6.0,2.0,0.0,0.0,9.166666666666666,1.605,0.3333333333333333,0.0,0.0,7.0,4.714285714285714,8.252380952380951,6.0,5.0,2.0,0.0,0.0,17.0,0.0,0.0,1.0,3.5,5.0,0.0,2026-01-01,0,0,485.7
C00185,46,Non-binary,Orlando,FL,Platinum,Pet,Referral,1,1,0.596,0.616,293,0,6,1273.51,212.25166666666667,262.04,43.67333333333334,53,235,0.7659574468085106,0.0,0.0,1.0,135.19,4.0,828.57,Pet,779.5,3,5.0,3.0,0.0,0.0,14.0,2.38,0.6,0.0,0.0,8.0,5.875,10.802083333333332,7.0,6.0,6.0,3.0,3.0,4.0,0.375,0.5,1.0,2.7,5.0,0.0,2026-01-01,1,0,1266.73
C00187,50,Female,Phoenix,AZ,Unknown,Beauty,Affiliate,1,0,0.277,0.464,179,0,1,183.92,183.92,21.38,21.38,26,0,1.0,1.0,183.92,1.0,183.92,1.0,183.92,Beauty,171.09,1,3.0,2.0,1.0,1.0,11.666666666666666,2.0549999999999997,0.6666666666666666,0.3333333333333333,0.3333333333333333,3.0,3.0,5.155555555555556,1.0,1.0,1.0,0.0,0.0,20.0,0.0,0.0,0.0,0.0,0.0,0.0,2026-01-01,0,1,0.0
C00188,31,Non-binary,Scottsdale,AZ,Gold,Beauty,Referral,0,0,0.705,0.654,588,0,3,544.94,181.64666666666668,118.71000000000001,39.57,271,265,0.33962264150943394,0.0,0.0,0.0,0.0,0.0,0.0,Beauty,327.99,2,5.0,1.0,1.0,0.0,13.0,3.02,0.2,0.2,0.0,4.0,4.25,7.883333333333333,3.0,1.0,1.0,0.0,0.0,87.0,0.0,0.0,0.0,0.0,0.0,0.0,2026-01-01,0,0,399.56
C00189,76,Male,Naperville,IL,Gold,Apparel,Paid Social,1,1,0.438,0.647,691,0,5,1095.1,219.01999999999998,169.22,33.844,197,293,0.5119453924914675,0.0,0.0,0.0,0.0,0.0,0.0,Apparel,645.1700000000001,3,6.0,1.0,0.0,0.0,11.666666666666666,3.15,0.16666666666666666,0.0,0.0,10.0,4.7,8.373333333333333,6.0,5.0,4.0,4.0,4.0,52.0,0.4,1.0,2.0,5.3,4.5,0.0,2026-01-01,0,0,2084.41
C00190,60,Male,Raleigh,NC,Platinum,Beauty,Paid Social,1,1,0.459,0.311,238,0,4,2508.5299999999997,627.1324999999999,284.46999999999997,71.11749999999999,9,213,0.5633802816901409,2.0,794.96,2.0,794.96,3.0,1050.95,Beauty,2263.46,3,2.0,1.0,0.0,0.0,15.0,1.505,0.5,0.0,0.0,5.0,5.2,8.096666666666668,4.0,4.0,3.0,0.0,0.0,17.0,0.0,0.0,1.0,15.3,4.0,0.0,2026-01-01,1,0,1159.59
C00191,27,Female,Phoenix,AZ,Gold,Beauty,Paid Social,0,1,0.72,0.619,241,0,2,795.4499999999999,397.72499999999997,86.42999999999999,43.214999999999996,33,18,2.0,0.0,0.0,2.0,795.4499999999999,2.0,795.4499999999999,Sports,607.14,2,5.0,3.0,1.0,1.0,20.0,2.915,0.6,0.2,0.2,6.0,5.333333333333333,9.450000000000001,3.0,2.0,5.0,4.0,4.0,46.0,0.6666666666666666,0.8,0.0,0.0,0.0,0.0,2026-01-01,1,0,116.76
C00192,32,Prefer not to say,Charlotte,NC,Unknown,Electronics,Affiliate,1,1,0.561,0.439,316,0,1,208.79,208.79,25.61,25.61,34,0,1.0,0.0,0.0,1.0,208.79,1.0,208.79,Electronics,194.22,1,4.0,2.0,2.0,0.0,11.25,2.4299999999999997,0.5,0.5,0.0,5.0,4.2,6.636666666666666,2.0,1.0,2.0,2.0,2.0,13.0,0.4,1.0,0.0,0.0,0.0,0.0,2026-01-01,1,0,363.0
C00193,75,Female,Denver,CO,Silver,Grocery,Organic Search,1,1,0.188,0.611,56,1,1,326.07,326.07,51.92,51.92,15,0,1.0,1.0,326.07,1.0,326.07,1.0,326.07,Grocery,303.32,1,0.0,0.0,0.0,0.0,0.0,0.0,0.0,0.0,0.0,3.0,2.6666666666666665,3.6166666666666667,1.0,0.0,0.0,0.0,0.0,2.0,0.0,0.0,0.0,0.0,0.0,0.0,2026-01-01,0,0,364.18
C00195,55,Non-binary,Tacoma,WA,Unknown,Sports,Affiliate,1,1,0.581,0.913,646,0,4,1925.84,481.46,313.08,78.27,97,531,0.22598870056497175,0.0,0.0,0.0,0.0,2.0,546.4,Home,932.23,5,6.0,3.0,1.0,0.0,13.333333333333334,3.15,0.5,0.16666666666666666,0.0,17.0,3.823529411764706,6.388235294117647,9.0,6.0,5.0,1.0,1.0,72.0,0.058823529411764705,0.2,0.0,0.0,0.0,0.0,2026-01-01,0,1,0.0
C00196,43,Male,Boston,MA,Unknown,Sports,Direct,1,0,0.719,0.525,449,0,4,1175.95,293.9875,158.49,39.6225,28,380,0.31578947368421056,1.0,55.85,1.0,55.85,2.0,810.59,Sports,739.19,3,4.0,0.0,0.0,0.0,20.0,2.71,0.0,0.0,0.0,8.0,4.5,6.341666666666667,4.0,3.0,3.0,2.0,2.0,6.0,0.25,0.6666666666666666,0.0,0.0,0.0,0.0,2026-01-01,0,1,0.0
C00197,70,Male,Dallas,TX,Gold,Sports,Affiliate,1,1,0.612,0.187,566,0,7,2732.11,390.3014285714286,483.27,69.03857142857143,109,440,0.4772727272727273,0.0,0.0,0.0,0.0,2.0,944.6700000000001,Sports,1703.72,5,5.0,1.0,0.0,0.0,19.0,4.22,0.2,0.0,0.0,6.0,3.5,3.702777777777778,4.0,2.0,0.0,0.0,0.0,183.0,0.0,0.0,0.0,0.0,0.0,0.0,2026-01-01,0,0,1003.75
C00198,29,Prefer not to say,Naperville,IL,Gold,Electronics,Organic Search,1,0,0.678,0.833,504,0,3,429.01,143.00333333333333,88.2,29.400000000000002,304,197,0.4568527918781726,0.0,0.0,0.0,0.0,0.0,0.0,Grocery,224.51,3,11.0,5.0,2.0,0.0,12.727272727272727,8.325,0.45454545454545453,0.18181818181818182,0.0,10.0,4.0,7.265000000000001,4.0,3.0,4.0,2.0,2.0,3.0,0.2,0.5,0.0,0.0,0.0,0.0,2026-01-01,0,0,206.25
C00200,25,Non-binary,Raleigh,NC,Silver,Apparel,Direct,1,1,0.362,0.583,159,0,5,1737.85,347.57,189.27,37.854,8,141,1.0638297872340425,1.0,460.59,3.0,1023.99,5.0,1737.85,Apparel,1227.39,3,4.0,1.0,1.0,0.0,16.25,1.93,0.25,0.25,0.0,6.0,4.333333333333333,6.447222222222223,3.0,3.0,1.0,1.0,1.0,35.0,0.16666666666666666,1.0,1.0,9.8,5.0,0.0,2026-01-01,0,1,0.0
