touch_id,customer_id,campaign_id,channel,send_date,offer_pct,opened,clicked,converted_within_7d,treatment_group,cost
M0000001,C00001,CMP019,Push,2026-04-05 00:00:00,5,False,False,False,Treatment,0.005
M0000002,C00001,CMP016,Paid Search,2026-01-24 00:00:00,20,False,False,False,Treatment,1.2
M0000003,C00001,CMP021,Direct Mail,2025-04-25 00:00:00,15,False,False,False,Treatment,0.72
M0000004,C00001,CMP001,Email,2025-06-15 00:00:00,0,True,False,True,Treatment,0.01
M0000005,C00002,CMP020,Push,2025-12-03 00:00:00,15,False,False,False,Treatment,0.005
M0000006,C00002,CMP009,Paid Search,2025-10-27 00:00:00,20,True,False,False,Control,1.2
M0000007,C00002,CMP023,Affiliate,2025-08-16 00:00:00,15,False,False,False,Treatment,1.5
M0000008,C00002,CMP023,Direct Mail,2025-08-02 00:00:00,20,False,False,True,Treatment,0.72
M0000009,C00002,CMP022,Affiliate,2026-01-22 00:00:00,5,False,False,False,Treatment,1.5
M0000010,C00002,CMP013,Paid Search,2026-06-19 00:00:00,25,False,False,False,Treatment,1.2
M0000011,C00002,CMP002,Push,2026-06-28 00:00:00,20,False,False,False,Control,0.005
M0000012,C00002,CMP024,Email,2026-01-18 00:00:00,20,False,False,False,Treatment,0.01
M0000013,C00003,CMP014,Push,2025-08-04 00:00:00,5,False,False,False,Treatment,0.005
M0000014,C00003,CMP009,Paid Social,2026-03-06 00:00:00,15,False,False,False,Control,0.85
M0000015,C00003,CMP016,Push,2026-05-02 00:00:00,10,True,False,False,Treatment,0.005
M0000016,C00003,CMP023,Direct Mail,2025-07-09 00:00:00,0,False,False,True,Treatment,0.72
M0000017,C00003,CMP022,Affiliate,2025-11-05 00:00:00,15,True,True,True,Treatment,1.5
M0000018,C00003,CMP019,Affiliate,2026-06-13 00:00:00,0,True,False,False,Treatment,1.5
M0000019,C00003,CMP014,Paid Search,2025-11-27 00:00:00,15,False,False,False,Treatment,1.2
M0000020,C00003,CMP024,Direct Mail,2025-12-05 00:00:00,10,False,False,False,Treatment,0.72
M0000021,C00004,CMP022,Push,2026-01-12 00:00:00,15,True,True,False,Treatment,0.005
M0000022,C00004,CMP019,Email,2026-06-19 00:00:00,5,True,False,False,Treatment,0.01
M0000023,C00004,CMP016,Paid Search,2026-01-18 00:00:00,25,True,False,False,Treatment,1.2
M0000024,C00004,CMP022,Email,2026-06-17 00:00:00,0,True,False,False,Treatment,0.01
M0000025,C00004,CMP010,Direct Mail,2026-04-25 00:00:00,5,False,False,False,Treatment,0.72
M0000026,C00004,CMP003,Paid Search,2026-03-21 00:00:00,15,False,False,False,Treatment,1.2
M0000027,C00004,CMP013,Email,2026-03-19 00:00:00,20,True,False,False,Treatment,0.01
M0000028,C00004,CMP015,Email,2026-02-11 00:00:00,15,False,False,False,Treatment,0.01
M0000029,C00004,CMP003,Paid Search,2026-06-09 00:00:00,0,True,False,False,Treatment,1.2
M0000030,C00004,CMP001,Paid Social,2026-03-09 00:00:00,15,False,False,False,Treatment,0.85
M0000031,C00004,CMP002,Push,2026-03-23 00:00:00,0,True,False,False,Treatment,0.005
M0000032,C00005,CMP023,Affiliate,2026-05-04 00:00:00,25,False,False,False,Treatment,1.5
M0000033,C00005,CMP007,Paid Search,2025-03-30 00:00:00,20,False,False,False,Treatment,1.2
M0000034,C00005,CMP024,Push,2026-02-09 00:00:00,25,False,False,False,Treatment,0.005
M0000035,C00005,CMP006,Affiliate,2025-10-12 00:00:00,15,True,False,False,Treatment,1.5
M0000036,C00005,CMP016,Affiliate,2025-12-23 00:00:00,15,False,False,False,Treatment,1.5
M0000037,C00005,CMP016,Paid Search,2026-01-10 00:00:00,25,True,False,False,Treatment,1.2
M0000038,C00005,CMP013,Direct Mail,2025-08-07 00:00:00,20,False,False,False,Treatment,0.72
M0000039,C00005,CMP022,Paid Search,2025-05-11 00:00:00,15,True,False,True,Treatment,1.2
M0000040,C00005,CMP005,Push,2025-10-13 00:00:00,0,False,False,False,Treatment,0.005
M0000041,C00006,CMP003,Paid Social,2025-06-18 00:00:00,15,False,False,True,Treatment,0.85
M0000042,C00006,CMP005,Affiliate,2026-06-12 00:00:00,15,True,True,True,Treatment,1.5
M0000043,C00006,CMP024,Affiliate,2025-02-08 00:00:00,25,True,False,False,Treatment,1.5
M0000044,C00006,CMP020,Email,2026-01-28 00:00:00,10,True,False,False,Treatment,0.01
M0000045,C00006,CMP005,Direct Mail,2025-07-14 00:00:00,10,False,False,False,Treatment,0.72
M0000046,C00006,CMP022,Affiliate,2025-10-27 00:00:00,15,True,True,False,Treatment,1.5
M0000047,C00006,CMP008,Affiliate,2025-05-01 00:00:00,25,False,False,False,Treatment,1.5
M0000048,C00006,CMP012,Push,2025-12-01 00:00:00,20,True,False,False,Treatment,0.005
M0000049,C00006,CMP010,Paid Search,2025-06-17 00:00:00,20,False,False,False,Treatment,1.2
M0000050,C00006,CMP014,Paid Social,2025-05-10 00:00:00,25,True,True,False,Treatment,0.85
M0000051,C00006,CMP025,Paid Search,2025-12-04 00:00:00,20,True,False,False,Treatment,1.2
M0000052,C00007,CMP018,Direct Mail,2025-09-06 00:00:00,25,False,False,True,Treatment,0.72
M0000053,C00007,CMP024,Paid Social,2026-03-16 00:00:00,10,True,False,False,Treatment,0.85
M0000054,C00007,CMP004,Email,2026-03-19 00:00:00,10,False,False,False,Treatment,0.01
M0000055,C00007,CMP016,Affiliate,2026-06-29 00:00:00,15,False,False,False,Treatment,1.5
M0000056,C00007,CMP025,Paid Search,2025-06-03 00:00:00,5,True,True,False,Treatment,1.2
M0000057,C00007,CMP025,Paid Social,2025-11-21 00:00:00,25,True,False,False,Treatment,0.85
M0000058,C00007,CMP014,Push,2025-04-22 00:00:00,10,True,False,False,Control,0.005
M0000059,C00007,CMP023,Paid Social,2025-04-01 00:00:00,5,False,False,False,Treatment,0.85
M0000060,C00007,CMP007,Affiliate,2025-03-03 00:00:00,10,True,False,True,Treatment,1.5
M0000061,C00007,CMP011,Affiliate,2025-04-09 00:00:00,15,False,False,False,Treatment,1.5
M0000062,C00007,CMP021,Email,2025-02-25 00:00:00,0,False,False,False,Treatment,0.01
M0000063,C00007,CMP021,Push,2026-01-07 00:00:00,0,False,False,False,Treatment,0.005
M0000064,C00007,CMP008,Affiliate,2025-02-24 00:00:00,20,True,False,False,Control,1.5
M0000065,C00007,CMP019,Paid Social,2025-11-03 00:00:00,25,True,False,False,Treatment,0.85
M0000066,C00007,CMP014,Email,2026-04-03 00:00:00,25,True,True,False,Treatment,0.01
M0000067,C00007,CMP015,Paid Social,2026-05-31 00:00:00,20,False,False,False,Treatment,0.85
M0000068,C00007,CMP012,Direct Mail,2026-02-10 00:00:00,20,False,False,False,Control,0.72
M0000069,C00008,CMP009,Paid Social,2025-11-20 00:00:00,25,True,True,False,Control,0.85
M0000070,C00008,CMP003,Direct Mail,2025-08-12 00:00:00,20,False,False,False,Control,0.72
M0000071,C00008,CMP016,Affiliate,2025-07-21 00:00:00,10,True,False,False,Treatment,1.5
M0000072,C00008,CMP008,Direct Mail,2026-02-07 00:00:00,5,False,False,False,Treatment,0.72
M0000073,C00008,CMP003,Paid Social,2026-04-26 00:00:00,15,False,False,False,Treatment,0.85
M0000074,C00009,CMP016,Affiliate,2025-09-23 00:00:00,15,False,False,False,Treatment,1.5
M0000075,C00009,CMP006,Affiliate,2026-01-24 00:00:00,5,False,False,False,Treatment,1.5
M0000076,C00009,CMP011,Direct Mail,2024-04-21 00:00:00,0,False,False,False,Treatment,0.72
M0000077,C00009,CMP018,Paid Search,2025-02-01 00:00:00,5,True,True,False,Treatment,1.2
M0000078,C00009,CMP009,Paid Search,2024-04-13 00:00:00,0,False,False,False,Treatment,1.2
M0000079,C00009,CMP004,Paid Search,2024-09-16 00:00:00,25,True,False,False,Control,1.2
M0000080,C00009,CMP025,Affiliate,2024-09-19 00:00:00,0,True,False,False,Treatment,1.5
M0000081,C00009,CMP016,Push,2024-11-08 00:00:00,25,True,False,False,Treatment,0.005
M0000082,C00010,CMP013,Direct Mail,2026-05-23 00:00:00,20,False,False,True,Control,0.72
M0000083,C00010,CMP001,Affiliate,2025-03-10 00:00:00,20,True,False,False,Treatment,1.5
M0000084,C00010,CMP017,Paid Social,2026-04-27 00:00:00,10,False,False,False,Treatment,0.85
M0000085,C00010,CMP015,Push,2026-04-19 00:00:00,15,False,False,False,Control,0.005
M0000086,C00010,CMP021,Push,2025-12-10 00:00:00,15,True,False,False,Treatment,0.005
M0000087,C00010,CMP016,Paid Social,2025-06-11 00:00:00,15,False,False,True,Treatment,0.85
M0000088,C00010,CMP025,Affiliate,2026-02-23 00:00:00,10,False,False,False,Treatment,1.5
M0000089,C00010,CMP023,Paid Search,2025-07-27 00:00:00,25,False,False,True,Treatment,1.2
M0000090,C00011,CMP001,Direct Mail,2026-06-23 00:00:00,0,False,False,False,Control,0.72
M0000091,C00011,CMP013,Push,2026-05-24 00:00:00,25,False,False,False,Treatment,0.005
M0000092,C00011,CMP020,Affiliate,2026-04-12 00:00:00,5,True,True,True,Treatment,1.5
M0000093,C00011,CMP004,Direct Mail,2026-01-08 00:00:00,10,False,False,False,Treatment,0.72
M0000094,C00012,CMP015,Paid Search,2026-04-01 00:00:00,25,True,False,False,Treatment,1.2
M0000095,C00012,CMP002,Affiliate,2026-01-26 00:00:00,20,True,False,False,Control,1.5
M0000096,C00012,CMP023,Paid Search,2026-05-01 00:00:00,10,True,True,False,Treatment,1.2
M0000097,C00012,CMP005,Paid Search,2025-08-19 00:00:00,20,True,False,False,Treatment,1.2
M0000098,C00012,CMP024,Affiliate,2025-12-07 00:00:00,0,False,False,False,Treatment,1.5
M0000099,C00012,CMP014,Paid Search,2025-08-30 00:00:00,0,True,True,False,Treatment,1.2
M0000100,C00012,CMP015,Push,2025-09-20 00:00:00,20,True,True,False,Treatment,0.005
M0000101,C00012,CMP008,Paid Social,2025-11-19 00:00:00,20,False,False,False,Treatment,0.85
M0000102,C00012,CMP010,Push,2026-05-30 00:00:00,25,True,False,False,Treatment,0.005
M0000103,C00012,CMP019,Email,2026-04-17 00:00:00,15,True,True,False,Treatment,0.01
M0000104,C00012,CMP017,Paid Search,2026-05-15 00:00:00,20,True,True,False,Treatment,1.2
M0000105,C00012,CMP007,Affiliate,2026-03-23 00:00:00,15,False,False,False,Treatment,1.5
M0000106,C00012,CMP016,Paid Search,2026-03-23 00:00:00,0,False,False,False,Treatment,1.2
M0000107,C00013,CMP011,Paid Social,2026-02-24 00:00:00,25,False,False,False,Treatment,0.85
M0000108,C00013,CMP015,Paid Search,2025-08-27 00:00:00,25,False,False,False,Treatment,1.2
M0000109,C00013,CMP011,Paid Search,2025-10-31 00:00:00,10,False,False,True,Treatment,1.2
M0000110,C00013,CMP018,Direct Mail,2026-05-25 00:00:00,20,False,False,False,Treatment,0.72
M0000111,C00013,CMP007,Paid Search,2026-05-29 00:00:00,20,False,False,False,Treatment,1.2
M0000112,C00013,CMP002,Paid Search,2026-05-10 00:00:00,15,False,False,False,Treatment,1.2
M0000113,C00013,CMP003,Paid Search,2025-11-12 00:00:00,0,False,False,False,Treatment,1.2
M0000114,C00013,CMP004,Direct Mail,2026-04-22 00:00:00,10,False,False,False,Treatment,0.72
M0000115,C00013,CMP004,Affiliate,2025-09-02 00:00:00,15,False,False,False,Treatment,1.5
M0000116,C00014,CMP021,Paid Search,2025-12-03 00:00:00,15,False,False,False,Treatment,1.2
M0000117,C00014,CMP002,Paid Search,2026-02-12 00:00:00,25,False,False,False,Treatment,1.2
M0000118,C00014,CMP005,Paid Search,2026-06-20 00:00:00,25,True,False,False,Treatment,1.2
M0000119,C00014,CMP021,Email,2025-06-25 00:00:00,20,True,False,False,Treatment,0.01
M0000120,C00014,CMP012,Paid Search,2025-11-04 00:00:00,10,False,False,False,Treatment,1.2
M0000121,C00014,CMP021,Affiliate,2025-12-18 00:00:00,25,False,False,False,Treatment,1.5
M0000122,C00014,CMP011,Push,2025-09-19 00:00:00,5,True,False,False,Treatment,0.005
M0000123,C00015,CMP025,Affiliate,2025-10-14 00:00:00,5,False,False,False,Treatment,1.5
M0000124,C00015,CMP023,Paid Search,2025-12-28 00:00:00,20,True,False,False,Treatment,1.2
M0000125,C00015,CMP002,Direct Mail,2026-01-29 00:00:00,20,False,False,True,Treatment,0.72
M0000126,C00015,CMP009,Paid Search,2026-02-05 00:00:00,25,True,False,False,Treatment,1.2
M0000127,C00015,CMP006,Direct Mail,2026-06-30 00:00:00,15,False,False,False,Treatment,0.72
M0000128,C00015,CMP002,Paid Search,2025-11-17 00:00:00,0,True,False,False,Treatment,1.2
M0000129,C00015,CMP017,Paid Social,2026-06-09 00:00:00,0,True,False,False,Control,0.85
M0000130,C00015,CMP001,Paid Social,2026-04-16 00:00:00,20,False,False,False,Treatment,0.85
M0000131,C00016,CMP004,Affiliate,2026-03-29 00:00:00,25,True,False,False,Treatment,1.5
M0000132,C00016,CMP005,Paid Social,2024-10-07 00:00:00,15,True,True,False,Treatment,0.85
M0000133,C00016,CMP015,Email,2025-02-18 00:00:00,15,True,False,False,Treatment,0.01
M0000134,C00016,CMP019,Paid Social,2025-11-20 00:00:00,5,True,False,False,Treatment,0.85
M0000135,C00016,CMP010,Direct Mail,2025-11-18 00:00:00,25,False,False,False,Treatment,0.72
M0000136,C00016,CMP017,Email,2025-07-03 00:00:00,25,False,False,False,Treatment,0.01
M0000137,C00016,CMP011,Email,2025-10-01 00:00:00,5,True,True,True,Treatment,0.01
M0000138,C00016,CMP003,Paid Social,2024-09-30 00:00:00,15,True,True,False,Treatment,0.85
M0000139,C00017,CMP012,Paid Social,2024-12-27 00:00:00,10,True,False,False,Treatment,0.85
M0000140,C00017,CMP024,Paid Search,2025-06-23 00:00:00,25,False,False,False,Treatment,1.2
M0000141,C00017,CMP012,Paid Social,2026-06-04 00:00:00,10,False,False,False,Treatment,0.85
M0000142,C00017,CMP018,Email,2026-05-09 00:00:00,25,False,False,False,Treatment,0.01
M0000143,C00017,CMP018,Affiliate,2026-05-31 00:00:00,0,True,False,False,Treatment,1.5
M0000144,C00017,CMP010,Push,2025-12-27 00:00:00,10,False,False,False,Control,0.005
M0000145,C00017,CMP016,Direct Mail,2026-01-28 00:00:00,15,False,False,True,Treatment,0.72
M0000146,C00017,CMP006,Paid Search,2025-01-30 00:00:00,10,True,False,True,Treatment,1.2
M0000147,C00017,CMP013,Push,2025-02-02 00:00:00,10,True,True,False,Treatment,0.005
M0000148,C00017,CMP003,Push,2025-04-19 00:00:00,15,False,False,False,Treatment,0.005
M0000149,C00018,CMP001,Email,2026-03-28 00:00:00,10,False,False,False,Treatment,0.01
M0000150,C00018,CMP005,Paid Search,2026-04-22 00:00:00,25,False,False,False,Control,1.2
M0000151,C00018,CMP017,Email,2026-04-18 00:00:00,20,True,False,False,Control,0.01
M0000152,C00018,CMP003,Push,2026-06-05 00:00:00,15,False,False,False,Treatment,0.005
M0000153,C00018,CMP007,Push,2026-03-11 00:00:00,5,True,False,False,Treatment,0.005
M0000154,C00018,CMP016,Direct Mail,2026-02-17 00:00:00,5,False,False,False,Treatment,0.72
M0000155,C00018,CMP024,Push,2026-03-26 00:00:00,15,True,False,False,Treatment,0.005
M0000156,C00018,CMP017,Paid Social,2026-04-06 00:00:00,10,False,False,False,Control,0.85
M0000157,C00019,CMP025,Affiliate,2025-08-02 00:00:00,25,False,False,False,Treatment,1.5
M0000158,C00019,CMP020,Push,2026-06-06 00:00:00,10,False,False,False,Treatment,0.005
M0000159,C00019,CMP016,Push,2024-09-16 00:00:00,10,False,False,False,Treatment,0.005
M0000160,C00020,CMP009,Direct Mail,2026-05-06 00:00:00,15,False,False,False,Treatment,0.72
M0000161,C00020,CMP021,Email,2025-12-23 00:00:00,10,False,False,False,Treatment,0.01
M0000162,C00020,CMP006,Direct Mail,2025-09-29 00:00:00,20,False,False,False,Treatment,0.72
M0000163,C00020,CMP016,Paid Social,2025-03-27 00:00:00,5,True,False,False,Treatment,0.85
M0000164,C00020,CMP018,Paid Search,2025-02-24 00:00:00,5,True,True,False,Treatment,1.2
M0000165,C00021,CMP004,Direct Mail,2026-03-15 00:00:00,0,False,False,False,Treatment,0.72
M0000166,C00021,CMP005,Affiliate,2025-02-14 00:00:00,5,False,False,False,Treatment,1.5
M0000167,C00021,CMP020,Affiliate,2024-09-03 00:00:00,25,True,False,False,Treatment,1.5
M0000168,C00021,CMP019,Push,2025-05-13 00:00:00,25,True,False,False,Treatment,0.005
M0000169,C00021,CMP019,Paid Search,2024-08-08 00:00:00,0,True,True,False,Treatment,1.2
M0000170,C00021,CMP001,Direct Mail,2024-05-26 00:00:00,15,False,False,False,Treatment,0.72
M0000171,C00021,CMP013,Push,2024-11-07 00:00:00,10,False,False,True,Treatment,0.005
M0000172,C00021,CMP005,Paid Social,2024-09-25 00:00:00,25,False,False,False,Treatment,0.85
M0000173,C00021,CMP011,Affiliate,2025-09-22 00:00:00,5,False,False,False,Treatment,1.5
M0000174,C00021,CMP014,Direct Mail,2025-11-18 00:00:00,5,False,False,False,Control,0.72
M0000175,C00022,CMP017,Push,2025-04-20 00:00:00,5,True,False,True,Treatment,0.005
M0000176,C00022,CMP016,Paid Search,2025-04-09 00:00:00,20,False,False,False,Control,1.2
M0000177,C00022,CMP019,Paid Social,2025-03-10 00:00:00,20,True,False,True,Control,0.85
M0000178,C00022,CMP014,Direct Mail,2025-10-31 00:00:00,10,False,False,False,Treatment,0.72
M0000179,C00022,CMP025,Paid Search,2025-10-01 00:00:00,15,True,False,False,Treatment,1.2
M0000180,C00022,CMP002,Direct Mail,2026-06-20 00:00:00,5,False,False,False,Treatment,0.72
M0000181,C00022,CMP015,Paid Social,2025-06-24 00:00:00,0,False,False,False,Treatment,0.85
M0000182,C00022,CMP005,Push,2025-07-22 00:00:00,0,True,True,False,Treatment,0.005
M0000183,C00022,CMP006,Paid Search,2025-03-27 00:00:00,25,False,False,False,Treatment,1.2
M0000184,C00022,CMP016,Paid Social,2025-03-21 00:00:00,25,True,True,False,Treatment,0.85
M0000185,C00022,CMP023,Paid Search,2026-04-27 00:00:00,15,False,False,False,Treatment,1.2
M0000186,C00022,CMP004,Affiliate,2025-11-27 00:00:00,15,True,True,False,Control,1.5
M0000187,C00022,CMP019,Push,2026-06-24 00:00:00,5,True,False,False,Treatment,0.005
M0000188,C00022,CMP004,Push,2026-02-11 00:00:00,10,False,False,False,Treatment,0.005
M0000189,C00023,CMP012,Direct Mail,2026-04-26 00:00:00,10,False,False,False,Treatment,0.72
M0000190,C00023,CMP012,Email,2026-06-12 00:00:00,15,False,False,False,Treatment,0.01
M0000191,C00023,CMP019,Affiliate,2026-03-08 00:00:00,25,True,False,False,Treatment,1.5
M0000192,C00023,CMP008,Paid Social,2025-12-04 00:00:00,20,True,False,False,Treatment,0.85
M0000193,C00023,CMP001,Paid Search,2026-01-14 00:00:00,25,False,False,False,Treatment,1.2
M0000194,C00024,CMP024,Affiliate,2025-12-11 00:00:00,0,True,False,True,Treatment,1.5
M0000195,C00024,CMP004,Email,2026-02-14 00:00:00,0,False,False,False,Treatment,0.01
M0000196,C00024,CMP025,Email,2025-09-04 00:00:00,0,False,False,False,Treatment,0.01
M0000197,C00024,CMP007,Direct Mail,2026-04-18 00:00:00,20,False,False,True,Treatment,0.72
M0000198,C00025,CMP002,Paid Social,2026-06-17 00:00:00,10,False,False,True,Treatment,0.85
M0000199,C00025,CMP007,Email,2026-01-31 00:00:00,5,True,False,False,Treatment,0.01
M0000200,C00025,CMP019,Paid Social,2025-07-11 00:00:00,15,True,True,True,Treatment,0.85
M0000201,C00025,CMP013,Direct Mail,2026-01-22 00:00:00,10,False,False,False,Treatment,0.72
M0000202,C00025,CMP005,Push,2025-11-01 00:00:00,0,True,True,False,Treatment,0.005
M0000203,C00025,CMP019,Email,2025-07-11 00:00:00,0,True,False,False,Treatment,0.01
M0000204,C00025,CMP025,Direct Mail,2026-03-03 00:00:00,10,False,False,True,Treatment,0.72
M0000205,C00025,CMP018,Direct Mail,2026-06-13 00:00:00,20,False,False,False,Treatment,0.72
M0000206,C00025,CMP015,Email,2025-07-13 00:00:00,10,False,False,False,Treatment,0.01
M0000207,C00025,CMP014,Direct Mail,2025-11-04 00:00:00,10,False,False,False,Control,0.72
M0000208,C00025,CMP006,Affiliate,2026-01-10 00:00:00,15,True,False,False,Treatment,1.5
M0000209,C00025,CMP006,Direct Mail,2025-11-07 00:00:00,0,False,False,False,Treatment,0.72
M0000210,C00026,CMP011,Paid Social,2026-02-07 00:00:00,0,False,False,False,Treatment,0.85
M0000211,C00026,CMP015,Push,2025-02-09 00:00:00,5,True,True,False,Treatment,0.005
M0000212,C00026,CMP016,Email,2025-11-08 00:00:00,20,False,False,True,Treatment,0.01
M0000213,C00026,CMP020,Push,2025-12-29 00:00:00,25,True,False,False,Treatment,0.005
M0000214,C00026,CMP006,Direct Mail,2026-06-07 00:00:00,25,False,False,False,Treatment,0.72
M0000215,C00026,CMP017,Paid Search,2025-05-22 00:00:00,20,True,False,False,Treatment,1.2
M0000216,C00026,CMP004,Paid Social,2025-05-16 00:00:00,20,False,False,False,Treatment,0.85
M0000217,C00026,CMP009,Paid Search,2025-05-06 00:00:00,0,False,False,False,Treatment,1.2
M0000218,C00026,CMP012,Email,2025-10-14 00:00:00,20,True,False,False,Control,0.01
M0000219,C00026,CMP024,Paid Social,2026-03-20 00:00:00,5,True,False,False,Treatment,0.85
M0000220,C00026,CMP020,Email,2025-10-15 00:00:00,25,True,False,False,Treatment,0.01
M0000221,C00026,CMP016,Direct Mail,2025-12-09 00:00:00,0,False,False,False,Treatment,0.72
M0000222,C00027,CMP013,Direct Mail,2024-05-14 00:00:00,0,False,False,False,Control,0.72
M0000223,C00027,CMP004,Paid Social,2024-04-10 00:00:00,25,True,True,False,Treatment,0.85
M0000224,C00027,CMP017,Paid Social,2024-05-17 00:00:00,0,True,False,False,Treatment,0.85
M0000225,C00027,CMP011,Email,2025-11-05 00:00:00,0,False,False,False,Treatment,0.01
M0000226,C00027,CMP001,Paid Search,2025-02-02 00:00:00,15,False,False,False,Treatment,1.2
M0000227,C00027,CMP011,Direct Mail,2024-03-15 00:00:00,25,False,False,False,Treatment,0.72
M0000228,C00027,CMP015,Paid Social,2024-05-21 00:00:00,25,False,False,False,Treatment,0.85
M0000229,C00027,CMP025,Paid Search,2024-06-10 00:00:00,10,True,False,False,Treatment,1.2
M0000230,C00027,CMP003,Direct Mail,2024-11-15 00:00:00,25,False,False,False,Treatment,0.72
M0000231,C00028,CMP005,Paid Social,2026-02-05 00:00:00,15,True,False,False,Treatment,0.85
M0000232,C00028,CMP010,Affiliate,2026-06-13 00:00:00,0,True,True,False,Treatment,1.5
M0000233,C00028,CMP017,Email,2025-12-21 00:00:00,15,True,False,True,Treatment,0.01
M0000234,C00028,CMP009,Paid Search,2026-05-04 00:00:00,20,True,False,False,Control,1.2
M0000235,C00028,CMP009,Paid Social,2026-03-21 00:00:00,15,True,True,False,Treatment,0.85
M0000236,C00028,CMP011,Push,2026-06-15 00:00:00,10,True,False,False,Treatment,0.005
M0000237,C00028,CMP023,Paid Search,2025-12-11 00:00:00,10,False,False,False,Control,1.2
M0000238,C00028,CMP021,Direct Mail,2026-04-03 00:00:00,0,False,False,False,Treatment,0.72
M0000239,C00029,CMP001,Direct Mail,2025-01-16 00:00:00,0,False,False,False,Control,0.72
M0000240,C00029,CMP018,Affiliate,2025-11-21 00:00:00,0,False,False,False,Treatment,1.5
M0000241,C00029,CMP013,Direct Mail,2026-04-14 00:00:00,10,False,False,False,Treatment,0.72
M0000242,C00029,CMP011,Affiliate,2025-12-05 00:00:00,0,True,True,False,Treatment,1.5
M0000243,C00029,CMP016,Direct Mail,2025-02-22 00:00:00,10,False,False,False,Treatment,0.72
M0000244,C00029,CMP021,Direct Mail,2025-02-11 00:00:00,5,False,False,False,Treatment,0.72
M0000245,C00029,CMP022,Paid Social,2026-01-27 00:00:00,15,True,False,True,Treatment,0.85
M0000246,C00030,CMP023,Paid Search,2026-05-17 00:00:00,5,True,False,False,Treatment,1.2
M0000247,C00030,CMP001,Email,2025-02-08 00:00:00,20,True,True,False,Treatment,0.01
M0000248,C00030,CMP019,Email,2026-04-22 00:00:00,20,False,False,False,Treatment,0.01
M0000249,C00030,CMP012,Direct Mail,2024-12-18 00:00:00,0,False,False,False,Treatment,0.72
M0000250,C00031,CMP005,Email,2026-03-26 00:00:00,15,False,False,False,Treatment,0.01
M0000251,C00031,CMP013,Paid Search,2026-06-24 00:00:00,15,True,True,False,Control,1.2
M0000252,C00031,CMP012,Paid Search,2025-12-23 00:00:00,0,True,False,False,Control,1.2
M0000253,C00031,CMP021,Direct Mail,2025-10-14 00:00:00,25,False,False,False,Treatment,0.72
M0000254,C00031,CMP020,Push,2026-04-09 00:00:00,20,False,False,False,Treatment,0.005
M0000255,C00031,CMP013,Direct Mail,2026-06-25 00:00:00,25,False,False,False,Treatment,0.72
M0000256,C00031,CMP004,Email,2026-01-07 00:00:00,5,False,False,False,Treatment,0.01
M0000257,C00031,CMP003,Affiliate,2026-03-15 00:00:00,5,True,False,False,Treatment,1.5
M0000258,C00031,CMP007,Paid Social,2026-04-13 00:00:00,25,True,True,False,Treatment,0.85
M0000259,C00031,CMP009,Paid Social,2026-03-21 00:00:00,15,True,True,False,Treatment,0.85
M0000260,C00031,CMP011,Push,2026-02-15 00:00:00,5,True,False,False,Treatment,0.005
M0000261,C00031,CMP006,Direct Mail,2026-01-23 00:00:00,15,False,False,False,Control,0.72
M0000262,C00031,CMP001,Direct Mail,2025-11-16 00:00:00,10,False,False,False,Treatment,0.72
M0000263,C00032,CMP012,Email,2025-10-09 00:00:00,15,True,True,False,Treatment,0.01
M0000264,C00032,CMP011,Email,2026-02-25 00:00:00,20,False,False,False,Treatment,0.01
M0000265,C00032,CMP011,Paid Search,2026-06-11 00:00:00,5,False,False,False,Treatment,1.2
M0000266,C00032,CMP023,Email,2026-05-31 00:00:00,20,False,False,False,Treatment,0.01
M0000267,C00032,CMP013,Affiliate,2026-06-22 00:00:00,25,True,False,False,Treatment,1.5
M0000268,C00032,CMP017,Paid Social,2025-10-08 00:00:00,15,True,False,False,Treatment,0.85
M0000269,C00032,CMP005,Paid Social,2025-08-26 00:00:00,0,False,False,False,Treatment,0.85
M0000270,C00032,CMP007,Email,2025-12-18 00:00:00,0,True,False,False,Treatment,0.01
M0000271,C00032,CMP009,Paid Social,2025-07-22 00:00:00,25,True,False,True,Treatment,0.85
M0000272,C00033,CMP005,Paid Search,2026-06-10 00:00:00,0,False,False,False,Treatment,1.2
M0000273,C00033,CMP008,Push,2025-06-13 00:00:00,0,True,True,False,Treatment,0.005
M0000274,C00034,CMP025,Direct Mail,2025-05-22 00:00:00,15,False,False,False,Treatment,0.72
M0000275,C00034,CMP001,Paid Search,2026-02-06 00:00:00,0,True,False,False,Control,1.2
M0000276,C00034,CMP020,Affiliate,2025-06-23 00:00:00,20,False,False,False,Treatment,1.5
M0000277,C00034,CMP005,Email,2025-02-12 00:00:00,25,False,False,False,Treatment,0.01
M0000278,C00035,CMP008,Push,2025-12-22 00:00:00,10,False,False,False,Treatment,0.005
M0000279,C00035,CMP025,Affiliate,2025-07-24 00:00:00,20,True,False,False,Treatment,1.5
M0000280,C00035,CMP024,Email,2025-10-26 00:00:00,25,True,False,False,Treatment,0.01
M0000281,C00035,CMP009,Email,2025-10-29 00:00:00,15,True,False,False,Treatment,0.01
M0000282,C00035,CMP016,Push,2025-05-31 00:00:00,10,True,False,True,Control,0.005
M0000283,C00035,CMP017,Email,2024-05-06 00:00:00,10,True,False,False,Treatment,0.01
M0000284,C00035,CMP025,Paid Search,2024-11-16 00:00:00,0,False,False,False,Treatment,1.2
M0000285,C00036,CMP011,Affiliate,2025-12-31 00:00:00,5,False,False,False,Treatment,1.5
M0000286,C00036,CMP016,Direct Mail,2025-12-09 00:00:00,20,False,False,False,Treatment,0.72
M0000287,C00036,CMP012,Paid Search,2025-12-24 00:00:00,5,True,False,False,Treatment,1.2
M0000288,C00036,CMP002,Email,2026-02-28 00:00:00,5,True,False,False,Treatment,0.01
M0000289,C00036,CMP022,Paid Social,2025-10-09 00:00:00,15,True,False,True,Treatment,0.85
M0000290,C00036,CMP023,Push,2026-01-18 00:00:00,0,True,False,False,Treatment,0.005
M0000291,C00036,CMP016,Affiliate,2025-11-23 00:00:00,0,True,False,False,Treatment,1.5
M0000292,C00036,CMP003,Push,2025-11-28 00:00:00,15,True,True,False,Control,0.005
M0000293,C00036,CMP004,Push,2025-10-05 00:00:00,5,True,False,True,Treatment,0.005
M0000294,C00037,CMP002,Paid Search,2025-04-16 00:00:00,10,False,False,False,Treatment,1.2
M0000295,C00037,CMP010,Email,2026-05-26 00:00:00,15,True,False,False,Treatment,0.01
M0000296,C00037,CMP011,Affiliate,2025-11-15 00:00:00,5,True,False,False,Treatment,1.5
M0000297,C00037,CMP001,Paid Search,2025-11-12 00:00:00,20,False,False,False,Treatment,1.2
M0000298,C00038,CMP004,Paid Social,2026-01-12 00:00:00,15,False,False,False,Treatment,0.85
M0000299,C00038,CMP020,Paid Social,2026-06-13 00:00:00,25,False,False,False,Treatment,0.85
M0000300,C00038,CMP008,Direct Mail,2026-04-06 00:00:00,20,False,False,True,Treatment,0.72
M0000301,C00038,CMP025,Paid Search,2026-05-15 00:00:00,0,True,False,False,Treatment,1.2
M0000302,C00038,CMP011,Paid Social,2026-06-22 00:00:00,25,False,False,False,Treatment,0.85
M0000303,C00038,CMP018,Paid Social,2026-05-16 00:00:00,25,False,False,False,Treatment,0.85
M0000304,C00039,CMP021,Push,2025-12-25 00:00:00,0,True,False,False,Treatment,0.005
M0000305,C00039,CMP016,Paid Search,2025-09-09 00:00:00,25,False,False,False,Treatment,1.2
M0000306,C00039,CMP024,Email,2025-12-18 00:00:00,5,False,False,False,Treatment,0.01
M0000307,C00039,CMP002,Paid Search,2026-04-09 00:00:00,20,False,False,False,Control,1.2
M0000308,C00039,CMP002,Email,2025-08-09 00:00:00,25,True,False,False,Treatment,0.01
M0000309,C00039,CMP009,Affiliate,2026-06-15 00:00:00,0,True,False,False,Treatment,1.5
M0000310,C00039,CMP002,Paid Social,2025-12-14 00:00:00,20,False,False,False,Treatment,0.85
M0000311,C00039,CMP009,Email,2025-12-25 00:00:00,10,True,False,False,Treatment,0.01
M0000312,C00040,CMP018,Affiliate,2025-10-23 00:00:00,10,False,False,False,Treatment,1.5
M0000313,C00040,CMP018,Push,2025-10-05 00:00:00,0,False,False,False,Treatment,0.005
M0000314,C00040,CMP014,Paid Search,2025-06-20 00:00:00,5,False,False,False,Treatment,1.2
M0000315,C00041,CMP022,Affiliate,2025-12-02 00:00:00,20,True,True,True,Control,1.5
M0000316,C00041,CMP004,Paid Search,2025-09-05 00:00:00,0,True,False,False,Treatment,1.2
M0000317,C00041,CMP015,Affiliate,2025-07-11 00:00:00,10,True,True,False,Control,1.5
M0000318,C00041,CMP016,Paid Social,2024-10-19 00:00:00,25,True,False,False,Control,0.85
M0000319,C00041,CMP023,Paid Social,2026-06-16 00:00:00,0,False,False,False,Control,0.85
M0000320,C00041,CMP013,Push,2025-03-30 00:00:00,0,False,False,False,Treatment,0.005
M0000321,C00041,CMP010,Paid Search,2025-01-21 00:00:00,15,True,False,False,Treatment,1.2
M0000322,C00041,CMP025,Paid Social,2026-04-07 00:00:00,25,True,False,False,Treatment,0.85
M0000323,C00041,CMP017,Email,2025-06-19 00:00:00,20,False,False,False,Control,0.01
M0000324,C00041,CMP021,Email,2024-10-15 00:00:00,5,False,False,False,Treatment,0.01
M0000325,C00041,CMP006,Paid Social,2025-05-20 00:00:00,20,False,False,False,Treatment,0.85
M0000326,C00041,CMP019,Direct Mail,2025-11-19 00:00:00,25,False,False,False,Treatment,0.72
M0000327,C00042,CMP001,Paid Search,2026-04-12 00:00:00,20,False,False,False,Control,1.2
M0000328,C00042,CMP025,Direct Mail,2026-06-30 00:00:00,10,False,False,False,Control,0.72
M0000329,C00042,CMP024,Paid Social,2026-04-09 00:00:00,20,True,False,False,Treatment,0.85
M0000330,C00042,CMP025,Paid Social,2026-06-11 00:00:00,25,False,False,False,Treatment,0.85
M0000331,C00042,CMP016,Direct Mail,2026-05-15 00:00:00,25,False,False,False,Treatment,0.72
M0000332,C00042,CMP002,Affiliate,2026-04-09 00:00:00,5,False,False,False,Treatment,1.5
M0000333,C00043,CMP018,Affiliate,2025-12-13 00:00:00,0,True,False,False,Treatment,1.5
M0000334,C00043,CMP013,Paid Social,2026-03-22 00:00:00,15,True,False,False,Treatment,0.85
M0000335,C00043,CMP009,Affiliate,2025-11-27 00:00:00,10,True,True,False,Treatment,1.5
M0000336,C00043,CMP001,Email,2026-02-01 00:00:00,15,True,False,False,Treatment,0.01
M0000337,C00043,CMP004,Paid Social,2026-04-16 00:00:00,15,False,False,False,Treatment,0.85
M0000338,C00043,CMP007,Direct Mail,2026-04-26 00:00:00,15,False,False,False,Treatment,0.72
M0000339,C00043,CMP016,Paid Social,2026-05-17 00:00:00,10,True,True,False,Control,0.85
M0000340,C00043,CMP002,Paid Search,2025-12-12 00:00:00,15,True,False,False,Treatment,1.2
M0000341,C00043,CMP012,Direct Mail,2026-04-21 00:00:00,0,False,False,False,Treatment,0.72
M0000342,C00043,CMP018,Paid Search,2026-03-10 00:00:00,20,True,True,False,Treatment,1.2
M0000343,C00044,CMP009,Push,2026-04-25 00:00:00,5,True,False,False,Control,0.005
M0000344,C00044,CMP016,Paid Search,2026-06-22 00:00:00,25,True,False,False,Treatment,1.2
M0000345,C00044,CMP001,Push,2026-05-17 00:00:00,10,True,True,False,Treatment,0.005
M0000346,C00044,CMP025,Email,2026-04-28 00:00:00,10,False,False,False,Treatment,0.01
M0000347,C00044,CMP023,Push,2026-05-28 00:00:00,5,True,False,False,Treatment,0.005
M0000348,C00044,CMP016,Paid Social,2026-03-10 00:00:00,20,True,True,False,Treatment,0.85
M0000349,C00044,CMP021,Affiliate,2026-06-24 00:00:00,5,False,False,False,Control,1.5
M0000350,C00044,CMP021,Email,2026-05-16 00:00:00,20,True,False,False,Treatment,0.01
M0000351,C00044,CMP006,Paid Social,2026-05-31 00:00:00,10,False,False,False,Treatment,0.85
M0000352,C00044,CMP016,Push,2026-04-16 00:00:00,0,False,False,True,Treatment,0.005
M0000353,C00044,CMP015,Email,2026-05-14 00:00:00,15,True,True,False,Treatment,0.01
M0000354,C00045,CMP019,Paid Social,2024-07-04 00:00:00,20,False,False,False,Treatment,0.85
M0000355,C00045,CMP001,Direct Mail,2024-10-01 00:00:00,15,False,False,False,Control,0.72
M0000356,C00045,CMP012,Paid Social,2026-02-19 00:00:00,10,False,False,False,Treatment,0.85
M0000357,C00045,CMP016,Affiliate,2025-04-19 00:00:00,15,True,False,False,Treatment,1.5
M0000358,C00045,CMP007,Push,2024-08-10 00:00:00,0,True,False,False,Treatment,0.005
M0000359,C00045,CMP007,Paid Search,2026-04-24 00:00:00,20,False,False,True,Control,1.2
M0000360,C00045,CMP023,Paid Search,2025-07-22 00:00:00,15,True,False,False,Treatment,1.2
M0000361,C00045,CMP003,Paid Search,2026-05-25 00:00:00,0,False,False,False,Treatment,1.2
M0000362,C00045,CMP004,Affiliate,2026-02-04 00:00:00,20,False,False,False,Treatment,1.5
M0000363,C00046,CMP002,Affiliate,2025-05-10 00:00:00,15,False,False,False,Treatment,1.5
M0000364,C00046,CMP009,Affiliate,2025-03-02 00:00:00,20,True,False,False,Treatment,1.5
M0000365,C00046,CMP007,Affiliate,2025-11-13 00:00:00,25,True,False,False,Treatment,1.5
M0000366,C00046,CMP020,Direct Mail,2026-06-12 00:00:00,0,False,False,False,Control,0.72
M0000367,C00046,CMP009,Direct Mail,2026-01-29 00:00:00,15,False,False,False,Treatment,0.72
M0000368,C00046,CMP024,Paid Search,2026-06-23 00:00:00,20,False,False,False,Treatment,1.2
M0000369,C00046,CMP016,Push,2025-09-02 00:00:00,10,False,False,False,Treatment,0.005
M0000370,C00046,CMP002,Paid Search,2025-07-18 00:00:00,25,False,False,False,Treatment,1.2
M0000371,C00046,CMP016,Direct Mail,2024-11-22 00:00:00,5,False,False,False,Treatment,0.72
M0000372,C00047,CMP011,Affiliate,2025-12-20 00:00:00,5,True,True,False,Treatment,1.5
M0000373,C00047,CMP021,Paid Social,2025-07-21 00:00:00,10,True,False,False,Treatment,0.85
M0000374,C00047,CMP015,Direct Mail,2026-04-12 00:00:00,20,False,False,False,Treatment,0.72
M0000375,C00047,CMP016,Direct Mail,2026-02-11 00:00:00,15,False,False,False,Treatment,0.72
M0000376,C00047,CMP017,Direct Mail,2025-09-02 00:00:00,20,False,False,False,Treatment,0.72
M0000377,C00047,CMP015,Affiliate,2025-09-16 00:00:00,20,True,True,False,Treatment,1.5
M0000378,C00047,CMP003,Paid Social,2026-01-06 00:00:00,15,True,False,False,Treatment,0.85
M0000379,C00047,CMP020,Paid Social,2025-05-11 00:00:00,5,True,False,False,Control,0.85
M0000380,C00047,CMP016,Paid Search,2025-11-13 00:00:00,0,True,False,False,Treatment,1.2
M0000381,C00048,CMP001,Email,2026-05-22 00:00:00,10,True,False,False,Treatment,0.01
M0000382,C00048,CMP023,Affiliate,2025-03-26 00:00:00,10,True,False,False,Treatment,1.5
M0000383,C00048,CMP004,Push,2025-02-07 00:00:00,15,False,False,False,Treatment,0.005
M0000384,C00048,CMP019,Push,2026-01-21 00:00:00,10,False,False,True,Treatment,0.005
M0000385,C00048,CMP024,Email,2025-07-14 00:00:00,0,False,False,False,Treatment,0.01
M0000386,C00048,CMP003,Paid Search,2025-10-17 00:00:00,5,False,False,False,Treatment,1.2
M0000387,C00049,CMP022,Direct Mail,2026-05-13 00:00:00,25,False,False,False,Treatment,0.72
M0000388,C00049,CMP001,Affiliate,2026-01-18 00:00:00,15,True,False,False,Treatment,1.5
M0000389,C00049,CMP015,Email,2026-01-07 00:00:00,25,True,True,False,Treatment,0.01
M0000390,C00049,CMP022,Push,2026-01-02 00:00:00,15,False,False,False,Treatment,0.005
M0000391,C00050,CMP014,Email,2024-07-08 00:00:00,10,False,False,False,Treatment,0.01
M0000392,C00050,CMP022,Affiliate,2026-01-18 00:00:00,5,False,False,False,Control,1.5
M0000393,C00050,CMP023,Email,2024-07-18 00:00:00,15,True,True,False,Treatment,0.01
M0000394,C00050,CMP009,Email,2025-08-19 00:00:00,0,True,False,False,Treatment,0.01
M0000395,C00050,CMP016,Direct Mail,2026-01-09 00:00:00,0,False,False,False,Treatment,0.72
M0000396,C00050,CMP002,Direct Mail,2026-01-24 00:00:00,0,False,False,False,Control,0.72
M0000397,C00050,CMP023,Email,2025-06-15 00:00:00,5,True,True,False,Treatment,0.01
M0000398,C00050,CMP005,Affiliate,2025-06-03 00:00:00,25,False,False,False,Treatment,1.5
M0000399,C00050,CMP025,Push,2026-03-09 00:00:00,25,False,False,False,Treatment,0.005
M0000400,C00051,CMP011,Paid Search,2024-08-04 00:00:00,10,True,False,False,Treatment,1.2
M0000401,C00051,CMP013,Paid Search,2024-06-23 00:00:00,10,True,False,False,Treatment,1.2
M0000402,C00051,CMP014,Direct Mail,2025-03-11 00:00:00,25,False,False,False,Treatment,0.72
M0000403,C00051,CMP006,Paid Search,2025-10-31 00:00:00,0,False,False,False,Treatment,1.2
M0000404,C00052,CMP004,Email,2025-11-06 00:00:00,10,False,False,False,Treatment,0.01
M0000405,C00052,CMP011,Affiliate,2025-06-26 00:00:00,15,True,True,False,Treatment,1.5
M0000406,C00052,CMP018,Email,2025-10-28 00:00:00,15,False,False,False,Treatment,0.01
M0000407,C00052,CMP009,Email,2025-05-13 00:00:00,0,True,False,False,Treatment,0.01
M0000408,C00052,CMP021,Paid Search,2026-03-15 00:00:00,25,False,False,False,Treatment,1.2
M0000409,C00052,CMP004,Email,2025-12-17 00:00:00,0,False,False,False,Treatment,0.01
M0000410,C00052,CMP009,Affiliate,2026-04-30 00:00:00,5,False,False,False,Control,1.5
M0000411,C00053,CMP004,Push,2024-11-23 00:00:00,20,True,False,False,Treatment,0.005
M0000412,C00053,CMP015,Paid Social,2024-02-02 00:00:00,25,False,False,False,Treatment,0.85
M0000413,C00053,CMP019,Paid Social,2024-03-13 00:00:00,5,True,False,False,Treatment,0.85
M0000414,C00053,CMP024,Push,2025-12-15 00:00:00,15,True,False,False,Treatment,0.005
M0000415,C00053,CMP001,Paid Search,2024-03-16 00:00:00,0,True,False,False,Treatment,1.2
M0000416,C00053,CMP004,Email,2025-04-14 00:00:00,15,True,False,False,Treatment,0.01
M0000417,C00053,CMP006,Email,2025-07-30 00:00:00,15,True,False,False,Treatment,0.01
M0000418,C00053,CMP016,Paid Search,2025-02-07 00:00:00,25,True,True,False,Treatment,1.2
M0000419,C00053,CMP006,Paid Social,2024-03-14 00:00:00,0,True,True,False,Treatment,0.85
M0000420,C00053,CMP004,Affiliate,2024-07-27 00:00:00,10,False,False,False,Treatment,1.5
M0000421,C00053,CMP004,Direct Mail,2024-02-07 00:00:00,20,False,False,False,Treatment,0.72
M0000422,C00053,CMP008,Push,2025-05-05 00:00:00,20,False,False,False,Treatment,0.005
M0000423,C00054,CMP022,Paid Search,2025-07-09 00:00:00,0,False,False,False,Treatment,1.2
M0000424,C00054,CMP019,Direct Mail,2024-09-12 00:00:00,0,False,False,False,Treatment,0.72
M0000425,C00054,CMP013,Paid Search,2026-06-27 00:00:00,25,False,False,False,Treatment,1.2
M0000426,C00054,CMP013,Affiliate,2025-09-19 00:00:00,5,True,True,False,Treatment,1.5
M0000427,C00054,CMP018,Affiliate,2024-05-23 00:00:00,0,True,True,False,Treatment,1.5
M0000428,C00054,CMP013,Paid Social,2025-03-23 00:00:00,0,False,False,False,Control,0.85
M0000429,C00054,CMP013,Direct Mail,2024-09-10 00:00:00,0,False,False,False,Treatment,0.72
M0000430,C00054,CMP020,Email,2025-07-03 00:00:00,10,True,False,False,Treatment,0.01
M0000431,C00054,CMP014,Paid Social,2024-07-26 00:00:00,0,True,False,False,Treatment,0.85
M0000432,C00055,CMP002,Affiliate,2025-12-26 00:00:00,25,False,False,False,Treatment,1.5
M0000433,C00055,CMP007,Push,2026-01-02 00:00:00,15,False,False,False,Control,0.005
M0000434,C00055,CMP018,Affiliate,2025-08-02 00:00:00,10,True,True,False,Control,1.5
M0000435,C00055,CMP018,Paid Social,2025-07-12 00:00:00,0,False,False,False,Treatment,0.85
M0000436,C00056,CMP016,Push,2026-05-06 00:00:00,25,False,False,False,Control,0.005
M0000437,C00056,CMP025,Direct Mail,2025-08-09 00:00:00,10,False,False,False,Treatment,0.72
M0000438,C00056,CMP011,Direct Mail,2025-03-10 00:00:00,0,False,False,False,Treatment,0.72
M0000439,C00056,CMP025,Paid Search,2026-06-28 00:00:00,5,False,False,False,Treatment,1.2
M0000440,C00056,CMP008,Email,2025-09-10 00:00:00,10,False,False,False,Treatment,0.01
M0000441,C00056,CMP023,Direct Mail,2025-12-03 00:00:00,25,False,False,False,Treatment,0.72
M0000442,C00056,CMP012,Email,2026-06-09 00:00:00,25,True,False,False,Treatment,0.01
M0000443,C00057,CMP008,Direct Mail,2025-11-03 00:00:00,10,False,False,False,Treatment,0.72
M0000444,C00057,CMP015,Email,2026-06-05 00:00:00,20,True,False,True,Treatment,0.01
M0000445,C00057,CMP025,Email,2026-04-14 00:00:00,0,False,False,False,Treatment,0.01
M0000446,C00057,CMP011,Email,2025-11-02 00:00:00,20,False,False,False,Control,0.01
M0000447,C00057,CMP018,Paid Search,2026-03-25 00:00:00,20,True,False,False,Treatment,1.2
M0000448,C00057,CMP001,Paid Search,2026-06-13 00:00:00,5,True,True,False,Treatment,1.2
M0000449,C00057,CMP018,Paid Search,2026-04-02 00:00:00,25,True,True,True,Treatment,1.2
M0000450,C00057,CMP006,Paid Search,2026-03-20 00:00:00,0,False,False,False,Treatment,1.2
M0000451,C00057,CMP022,Email,2025-11-18 00:00:00,20,False,False,False,Treatment,0.01
M0000452,C00057,CMP020,Email,2026-04-02 00:00:00,0,False,False,False,Treatment,0.01
M0000453,C00057,CMP012,Affiliate,2025-12-08 00:00:00,0,False,False,False,Treatment,1.5
M0000454,C00058,CMP021,Email,2025-10-23 00:00:00,0,True,False,False,Control,0.01
M0000455,C00058,CMP014,Direct Mail,2025-10-08 00:00:00,10,False,False,False,Treatment,0.72
M0000456,C00058,CMP023,Push,2025-08-05 00:00:00,5,False,False,False,Treatment,0.005
M0000457,C00058,CMP008,Affiliate,2026-01-26 00:00:00,20,False,False,False,Treatment,1.5
M0000458,C00058,CMP006,Email,2025-07-26 00:00:00,5,False,False,False,Control,0.01
M0000459,C00058,CMP014,Paid Social,2025-02-18 00:00:00,10,False,False,False,Treatment,0.85
M0000460,C00058,CMP007,Email,2026-03-25 00:00:00,0,True,False,False,Treatment,0.01
M0000461,C00058,CMP003,Affiliate,2025-10-31 00:00:00,20,True,False,False,Treatment,1.5
M0000462,C00059,CMP023,Push,2025-08-04 00:00:00,15,True,True,False,Treatment,0.005
M0000463,C00059,CMP020,Paid Search,2026-02-09 00:00:00,10,False,False,False,Control,1.2
M0000464,C00059,CMP012,Paid Search,2025-07-31 00:00:00,20,False,False,False,Treatment,1.2
M0000465,C00059,CMP008,Affiliate,2025-12-13 00:00:00,10,True,True,False,Treatment,1.5
M0000466,C00059,CMP016,Email,2026-06-28 00:00:00,20,False,False,False,Control,0.01
M0000467,C00059,CMP001,Push,2026-04-13 00:00:00,0,True,False,False,Treatment,0.005
M0000468,C00059,CMP025,Push,2026-04-28 00:00:00,20,True,True,False,Treatment,0.005
M0000469,C00059,CMP024,Affiliate,2026-02-11 00:00:00,10,True,False,True,Treatment,1.5
M0000470,C00059,CMP018,Paid Social,2025-05-27 00:00:00,10,True,True,False,Control,0.85
M0000471,C00059,CMP021,Paid Social,2026-06-28 00:00:00,0,True,False,False,Treatment,0.85
M0000472,C00060,CMP016,Direct Mail,2025-04-11 00:00:00,5,False,False,False,Treatment,0.72
M0000473,C00060,CMP001,Paid Social,2026-01-25 00:00:00,5,False,False,False,Treatment,0.85
M0000474,C00060,CMP005,Push,2025-11-24 00:00:00,20,True,False,False,Treatment,0.005
M0000475,C00060,CMP019,Email,2026-06-16 00:00:00,20,True,True,False,Treatment,0.01
M0000476,C00060,CMP017,Paid Social,2025-08-18 00:00:00,15,True,False,False,Treatment,0.85
M0000477,C00060,CMP021,Push,2025-10-09 00:00:00,25,True,False,False,Treatment,0.005
M0000478,C00060,CMP021,Push,2025-10-18 00:00:00,25,True,False,False,Treatment,0.005
M0000479,C00060,CMP025,Paid Social,2026-06-14 00:00:00,0,True,False,True,Control,0.85
M0000480,C00061,CMP002,Email,2026-06-30 00:00:00,5,False,False,False,Treatment,0.01
M0000481,C00061,CMP001,Paid Search,2025-06-26 00:00:00,15,True,False,False,Treatment,1.2
M0000482,C00061,CMP006,Direct Mail,2025-03-27 00:00:00,15,False,False,False,Treatment,0.72
M0000483,C00061,CMP015,Direct Mail,2025-04-23 00:00:00,20,False,False,False,Control,0.72
M0000484,C00062,CMP009,Email,2025-07-27 00:00:00,0,True,True,False,Treatment,0.01
M0000485,C00062,CMP017,Affiliate,2024-05-04 00:00:00,25,True,False,False,Control,1.5
M0000486,C00062,CMP018,Affiliate,2025-11-15 00:00:00,10,True,False,False,Treatment,1.5
M0000487,C00062,CMP023,Paid Social,2025-01-16 00:00:00,10,False,False,False,Treatment,0.85
M0000488,C00062,CMP006,Direct Mail,2026-05-23 00:00:00,5,False,False,False,Treatment,0.72
M0000489,C00062,CMP014,Direct Mail,2024-07-10 00:00:00,20,False,False,False,Treatment,0.72
M0000490,C00062,CMP011,Direct Mail,2026-06-04 00:00:00,15,False,False,False,Control,0.72
M0000491,C00062,CMP017,Affiliate,2026-01-10 00:00:00,5,True,False,False,Treatment,1.5
M0000492,C00062,CMP006,Email,2025-11-20 00:00:00,5,False,False,False,Control,0.01
M0000493,C00062,CMP005,Paid Search,2026-02-16 00:00:00,5,False,False,False,Treatment,1.2
M0000494,C00062,CMP011,Affiliate,2025-10-20 00:00:00,0,True,True,False,Treatment,1.5
M0000495,C00062,CMP010,Email,2026-02-10 00:00:00,5,True,False,False,Treatment,0.01
M0000496,C00063,CMP005,Direct Mail,2026-03-16 00:00:00,10,False,False,False,Treatment,0.72
M0000497,C00063,CMP004,Affiliate,2026-04-15 00:00:00,5,True,False,False,Treatment,1.5
M0000498,C00063,CMP020,Push,2026-04-02 00:00:00,0,True,False,False,Treatment,0.005
M0000499,C00063,CMP015,Push,2026-03-05 00:00:00,0,True,False,False,Treatment,0.005
M0000500,C00063,CMP015,Paid Social,2026-05-16 00:00:00,0,True,True,False,Treatment,0.85
M0000501,C00063,CMP011,Push,2026-02-20 00:00:00,15,True,False,False,Treatment,0.005
M0000502,C00063,CMP011,Direct Mail,2026-02-09 00:00:00,5,False,False,False,Treatment,0.72
M0000503,C00063,CMP006,Push,2026-01-29 00:00:00,15,True,False,False,Treatment,0.005
M0000504,C00063,CMP014,Affiliate,2026-04-09 00:00:00,5,True,False,False,Treatment,1.5
M0000505,C00063,CMP009,Email,2026-01-22 00:00:00,10,True,True,False,Treatment,0.01
M0000506,C00064,CMP022,Push,2026-06-25 00:00:00,5,True,False,False,Treatment,0.005
M0000507,C00064,CMP022,Push,2025-08-23 00:00:00,5,False,False,False,Treatment,0.005
M0000508,C00064,CMP017,Push,2026-02-15 00:00:00,10,True,False,False,Treatment,0.005
M0000509,C00064,CMP012,Affiliate,2025-07-22 00:00:00,0,True,False,False,Treatment,1.5
M0000510,C00064,CMP010,Paid Search,2026-06-05 00:00:00,0,False,False,False,Treatment,1.2
M0000511,C00064,CMP019,Direct Mail,2025-04-03 00:00:00,10,False,False,False,Treatment,0.72
M0000512,C00064,CMP002,Paid Social,2025-06-10 00:00:00,25,True,False,False,Treatment,0.85
M0000513,C00065,CMP014,Paid Social,2025-11-06 00:00:00,0,False,False,False,Treatment,0.85
M0000514,C00065,CMP020,Email,2026-04-18 00:00:00,0,False,False,True,Treatment,0.01
M0000515,C00065,CMP010,Paid Search,2025-12-30 00:00:00,20,False,False,False,Treatment,1.2
M0000516,C00065,CMP004,Direct Mail,2025-11-19 00:00:00,5,False,False,True,Treatment,0.72
M0000517,C00065,CMP016,Paid Search,2026-03-05 00:00:00,5,False,False,False,Treatment,1.2
M0000518,C00065,CMP001,Direct Mail,2026-05-12 00:00:00,5,False,False,False,Control,0.72
M0000519,C00065,CMP022,Push,2025-11-21 00:00:00,5,False,False,False,Treatment,0.005
M0000520,C00065,CMP025,Paid Social,2026-02-27 00:00:00,5,False,False,False,Control,0.85
M0000521,C00065,CMP004,Email,2025-09-01 00:00:00,15,True,False,False,Treatment,0.01
M0000522,C00065,CMP025,Email,2026-01-28 00:00:00,25,False,False,False,Control,0.01
M0000523,C00066,CMP005,Paid Social,2025-07-28 00:00:00,10,True,False,True,Treatment,0.85
M0000524,C00066,CMP009,Paid Social,2025-06-09 00:00:00,15,True,True,False,Treatment,0.85
M0000525,C00066,CMP014,Direct Mail,2026-03-19 00:00:00,10,False,False,False,Treatment,0.72
M0000526,C00066,CMP002,Direct Mail,2026-01-04 00:00:00,25,False,False,False,Treatment,0.72
M0000527,C00066,CMP014,Paid Search,2025-09-04 00:00:00,10,True,False,True,Treatment,1.2
M0000528,C00066,CMP018,Paid Search,2026-02-13 00:00:00,10,False,False,False,Treatment,1.2
M0000529,C00066,CMP011,Paid Search,2026-02-08 00:00:00,20,True,False,False,Treatment,1.2
M0000530,C00066,CMP011,Push,2026-06-11 00:00:00,25,True,False,False,Treatment,0.005
M0000531,C00066,CMP002,Direct Mail,2026-02-24 00:00:00,5,False,False,False,Treatment,0.72
M0000532,C00066,CMP001,Paid Social,2025-07-18 00:00:00,10,False,False,False,Control,0.85
M0000533,C00066,CMP016,Direct Mail,2025-10-02 00:00:00,5,False,False,False,Treatment,0.72
M0000534,C00066,CMP005,Paid Search,2025-10-18 00:00:00,5,True,True,False,Treatment,1.2
M0000535,C00067,CMP024,Paid Social,2025-11-14 00:00:00,15,False,False,False,Treatment,0.85
M0000536,C00067,CMP005,Email,2026-02-16 00:00:00,15,True,False,False,Treatment,0.01
M0000537,C00067,CMP024,Paid Social,2026-01-10 00:00:00,20,False,False,False,Treatment,0.85
M0000538,C00067,CMP001,Direct Mail,2025-06-07 00:00:00,10,False,False,False,Treatment,0.72
M0000539,C00067,CMP020,Direct Mail,2026-01-06 00:00:00,0,False,False,True,Treatment,0.72
M0000540,C00067,CMP019,Paid Search,2025-12-02 00:00:00,20,True,True,False,Treatment,1.2
M0000541,C00068,CMP005,Direct Mail,2025-09-27 00:00:00,10,False,False,False,Treatment,0.72
M0000542,C00068,CMP002,Paid Search,2025-11-11 00:00:00,15,True,False,False,Control,1.2
M0000543,C00068,CMP016,Paid Search,2025-03-07 00:00:00,10,True,True,False,Treatment,1.2
M0000544,C00068,CMP008,Email,2026-04-08 00:00:00,20,True,False,False,Treatment,0.01
M0000545,C00068,CMP008,Paid Social,2025-08-29 00:00:00,5,True,True,False,Treatment,0.85
M0000546,C00068,CMP025,Paid Search,2025-06-02 00:00:00,25,True,False,True,Treatment,1.2
M0000547,C00068,CMP020,Email,2025-04-13 00:00:00,5,False,False,False,Treatment,0.01
M0000548,C00068,CMP021,Paid Search,2025-05-06 00:00:00,20,False,False,False,Control,1.2
M0000549,C00068,CMP004,Affiliate,2025-08-03 00:00:00,25,True,False,False,Treatment,1.5
M0000550,C00068,CMP010,Email,2025-02-18 00:00:00,0,False,False,False,Treatment,0.01
M0000551,C00068,CMP009,Direct Mail,2024-12-09 00:00:00,20,False,False,False,Treatment,0.72
M0000552,C00068,CMP015,Affiliate,2026-01-24 00:00:00,15,True,True,False,Treatment,1.5
M0000553,C00069,CMP021,Email,2026-02-08 00:00:00,25,False,False,False,Treatment,0.01
M0000554,C00069,CMP006,Paid Social,2025-03-24 00:00:00,5,False,False,False,Control,0.85
M0000555,C00069,CMP025,Push,2025-06-06 00:00:00,15,False,False,False,Treatment,0.005
M0000556,C00069,CMP024,Email,2026-05-02 00:00:00,15,True,False,False,Treatment,0.01
M0000557,C00069,CMP022,Paid Social,2025-07-16 00:00:00,20,False,False,False,Treatment,0.85
M0000558,C00069,CMP007,Affiliate,2025-05-25 00:00:00,15,False,False,False,Treatment,1.5
M0000559,C00069,CMP019,Affiliate,2025-03-02 00:00:00,0,True,False,False,Treatment,1.5
M0000560,C00069,CMP019,Affiliate,2025-06-28 00:00:00,15,False,False,False,Treatment,1.5
M0000561,C00069,CMP004,Paid Social,2025-04-29 00:00:00,25,False,False,False,Treatment,0.85
M0000562,C00069,CMP006,Email,2025-11-06 00:00:00,25,False,False,False,Treatment,0.01
M0000563,C00069,CMP016,Paid Social,2025-08-28 00:00:00,20,False,False,False,Control,0.85
M0000564,C00070,CMP007,Direct Mail,2025-08-19 00:00:00,10,False,False,False,Control,0.72
M0000565,C00070,CMP025,Direct Mail,2025-03-24 00:00:00,15,False,False,False,Treatment,0.72
M0000566,C00070,CMP016,Direct Mail,2026-03-29 00:00:00,5,False,False,False,Treatment,0.72
M0000567,C00070,CMP015,Email,2025-08-31 00:00:00,15,False,False,False,Treatment,0.01
M0000568,C00070,CMP006,Email,2026-01-04 00:00:00,0,True,False,False,Treatment,0.01
M0000569,C00070,CMP017,Paid Search,2025-09-21 00:00:00,20,False,False,False,Treatment,1.2
M0000570,C00070,CMP011,Paid Social,2026-03-09 00:00:00,0,True,True,False,Treatment,0.85
M0000571,C00070,CMP014,Direct Mail,2026-05-21 00:00:00,0,False,False,False,Treatment,0.72
M0000572,C00070,CMP007,Direct Mail,2025-12-27 00:00:00,0,False,False,False,Control,0.72
M0000573,C00070,CMP018,Paid Social,2026-04-19 00:00:00,5,False,False,False,Treatment,0.85
M0000574,C00070,CMP016,Direct Mail,2025-12-07 00:00:00,5,False,False,False,Treatment,0.72
M0000575,C00071,CMP016,Push,2025-06-22 00:00:00,20,False,False,False,Treatment,0.005
M0000576,C00071,CMP009,Email,2025-03-13 00:00:00,10,False,False,False,Treatment,0.01
M0000577,C00071,CMP011,Affiliate,2025-07-12 00:00:00,25,False,False,True,Treatment,1.5
M0000578,C00071,CMP021,Direct Mail,2025-06-28 00:00:00,0,False,False,False,Treatment,0.72
M0000579,C00071,CMP009,Email,2025-09-13 00:00:00,20,False,False,False,Treatment,0.01
M0000580,C00071,CMP009,Push,2026-01-10 00:00:00,25,False,False,False,Treatment,0.005
M0000581,C00071,CMP012,Paid Social,2025-05-06 00:00:00,25,False,False,False,Treatment,0.85
M0000582,C00071,CMP011,Direct Mail,2025-08-04 00:00:00,25,False,False,False,Treatment,0.72
M0000583,C00072,CMP003,Email,2026-05-08 00:00:00,20,True,True,False,Treatment,0.01
M0000584,C00072,CMP014,Email,2025-11-22 00:00:00,0,False,False,False,Treatment,0.01
M0000585,C00072,CMP012,Paid Social,2025-10-02 00:00:00,10,True,True,False,Treatment,0.85
M0000586,C00072,CMP001,Affiliate,2025-11-01 00:00:00,15,True,False,False,Control,1.5
M0000587,C00072,CMP001,Email,2026-03-12 00:00:00,5,False,False,False,Treatment,0.01
M0000588,C00072,CMP010,Push,2025-09-23 00:00:00,15,True,False,False,Treatment,0.005
M0000589,C00073,CMP019,Paid Search,2026-03-05 00:00:00,5,False,False,False,Treatment,1.2
M0000590,C00073,CMP011,Paid Search,2026-04-17 00:00:00,0,True,True,False,Treatment,1.2
M0000591,C00073,CMP014,Push,2025-10-31 00:00:00,10,True,False,False,Treatment,0.005
M0000592,C00073,CMP004,Email,2025-11-18 00:00:00,0,True,False,False,Treatment,0.01
M0000593,C00074,CMP001,Push,2025-11-05 00:00:00,15,False,False,False,Treatment,0.005
M0000594,C00074,CMP003,Push,2025-09-27 00:00:00,15,True,True,False,Treatment,0.005
M0000595,C00074,CMP013,Push,2026-01-29 00:00:00,20,True,True,False,Treatment,0.005
M0000596,C00074,CMP013,Paid Social,2025-01-24 00:00:00,15,True,False,False,Treatment,0.85
M0000597,C00074,CMP019,Paid Social,2025-07-11 00:00:00,15,False,False,True,Treatment,0.85
M0000598,C00074,CMP016,Email,2025-03-29 00:00:00,25,True,False,False,Treatment,0.01
M0000599,C00074,CMP019,Direct Mail,2026-02-12 00:00:00,5,False,False,False,Control,0.72
M0000600,C00074,CMP018,Paid Social,2026-01-24 00:00:00,15,True,False,False,Treatment,0.85
M0000601,C00074,CMP017,Email,2026-02-01 00:00:00,5,False,False,False,Treatment,0.01
M0000602,C00074,CMP010,Direct Mail,2026-05-07 00:00:00,15,False,False,False,Treatment,0.72
M0000603,C00074,CMP007,Affiliate,2026-03-06 00:00:00,5,True,False,False,Treatment,1.5
M0000604,C00075,CMP009,Affiliate,2025-11-27 00:00:00,5,False,False,False,Control,1.5
M0000605,C00075,CMP025,Direct Mail,2025-05-01 00:00:00,5,False,False,True,Control,0.72
M0000606,C00075,CMP011,Direct Mail,2026-05-28 00:00:00,15,False,False,True,Treatment,0.72
M0000607,C00075,CMP007,Affiliate,2025-09-27 00:00:00,0,False,False,False,Control,1.5
M0000608,C00076,CMP011,Paid Social,2025-03-16 00:00:00,25,True,True,True,Treatment,0.85
M0000609,C00076,CMP010,Email,2026-01-23 00:00:00,20,True,False,False,Treatment,0.01
M0000610,C00076,CMP004,Paid Search,2025-09-26 00:00:00,25,False,False,False,Treatment,1.2
M0000611,C00077,CMP022,Email,2025-12-30 00:00:00,25,False,False,False,Treatment,0.01
M0000612,C00077,CMP019,Direct Mail,2025-11-04 00:00:00,0,False,False,False,Treatment,0.72
M0000613,C00077,CMP004,Paid Social,2025-11-14 00:00:00,0,False,False,False,Control,0.85
M0000614,C00077,CMP023,Email,2026-05-25 00:00:00,20,False,False,False,Treatment,0.01
M0000615,C00078,CMP015,Affiliate,2026-03-30 00:00:00,0,False,False,False,Treatment,1.5
M0000616,C00078,CMP002,Paid Social,2025-07-15 00:00:00,10,False,False,False,Treatment,0.85
M0000617,C00078,CMP005,Affiliate,2026-01-25 00:00:00,5,True,True,False,Treatment,1.5
M0000618,C00078,CMP003,Email,2025-11-26 00:00:00,25,False,False,False,Treatment,0.01
M0000619,C00078,CMP020,Push,2026-01-27 00:00:00,20,True,False,True,Treatment,0.005
M0000620,C00078,CMP017,Direct Mail,2025-09-16 00:00:00,0,False,False,False,Treatment,0.72
M0000621,C00078,CMP024,Paid Search,2026-06-17 00:00:00,25,True,True,False,Treatment,1.2
M0000622,C00078,CMP020,Paid Social,2025-04-03 00:00:00,25,False,False,False,Treatment,0.85
M0000623,C00078,CMP001,Email,2026-06-21 00:00:00,0,True,False,False,Treatment,0.01
M0000624,C00078,CMP009,Direct Mail,2025-11-02 00:00:00,10,False,False,False,Control,0.72
M0000625,C00078,CMP023,Paid Search,2025-02-15 00:00:00,25,True,False,False,Treatment,1.2
M0000626,C00079,CMP017,Email,2024-11-04 00:00:00,10,True,True,True,Control,0.01
M0000627,C00079,CMP005,Paid Social,2025-01-31 00:00:00,15,True,False,False,Treatment,0.85
M0000628,C00079,CMP021,Direct Mail,2025-09-05 00:00:00,15,False,False,False,Control,0.72
M0000629,C00079,CMP007,Affiliate,2025-08-01 00:00:00,10,False,False,False,Treatment,1.5
M0000630,C00079,CMP005,Email,2025-11-04 00:00:00,0,False,False,False,Control,0.01
M0000631,C00080,CMP005,Paid Social,2026-05-21 00:00:00,20,True,False,False,Treatment,0.85
M0000632,C00080,CMP011,Paid Social,2026-04-21 00:00:00,15,False,False,True,Treatment,0.85
M0000633,C00080,CMP006,Direct Mail,2026-06-11 00:00:00,5,False,False,False,Treatment,0.72
M0000634,C00080,CMP009,Direct Mail,2026-03-05 00:00:00,10,False,False,False,Treatment,0.72
M0000635,C00080,CMP017,Paid Search,2025-08-22 00:00:00,5,False,False,False,Treatment,1.2
M0000636,C00080,CMP009,Email,2025-06-01 00:00:00,15,True,False,False,Treatment,0.01
M0000637,C00080,CMP018,Paid Search,2026-03-12 00:00:00,0,False,False,False,Treatment,1.2
M0000638,C00081,CMP001,Push,2026-01-26 00:00:00,5,False,False,False,Treatment,0.005
M0000639,C00081,CMP006,Affiliate,2026-01-09 00:00:00,0,False,False,False,Treatment,1.5
M0000640,C00081,CMP009,Direct Mail,2025-12-06 00:00:00,25,False,False,False,Treatment,0.72
M0000641,C00081,CMP024,Email,2025-12-04 00:00:00,20,False,False,False,Treatment,0.01
M0000642,C00081,CMP016,Paid Search,2026-04-30 00:00:00,5,False,False,False,Treatment,1.2
M0000643,C00081,CMP011,Paid Search,2026-01-13 00:00:00,10,True,False,False,Treatment,1.2
M0000644,C00082,CMP006,Email,2026-04-24 00:00:00,10,False,False,False,Treatment,0.01
M0000645,C00082,CMP017,Email,2025-12-27 00:00:00,25,False,False,False,Treatment,0.01
M0000646,C00082,CMP024,Direct Mail,2026-02-03 00:00:00,10,False,False,False,Treatment,0.72
M0000647,C00082,CMP025,Direct Mail,2025-11-04 00:00:00,25,False,False,False,Treatment,0.72
M0000648,C00082,CMP017,Direct Mail,2025-10-19 00:00:00,25,False,False,False,Control,0.72
M0000649,C00082,CMP022,Paid Social,2025-11-19 00:00:00,10,True,True,False,Treatment,0.85
M0000650,C00082,CMP014,Push,2025-10-12 00:00:00,25,False,False,False,Control,0.005
M0000651,C00082,CMP015,Email,2026-02-07 00:00:00,5,True,False,False,Treatment,0.01
M0000652,C00083,CMP015,Email,2025-12-31 00:00:00,10,False,False,False,Treatment,0.01
M0000653,C00083,CMP022,Paid Social,2026-01-19 00:00:00,20,False,False,False,Treatment,0.85
M0000654,C00083,CMP016,Email,2026-04-06 00:00:00,20,True,False,False,Treatment,0.01
M0000655,C00083,CMP006,Direct Mail,2025-08-15 00:00:00,10,False,False,False,Treatment,0.72
M0000656,C00083,CMP023,Affiliate,2026-05-25 00:00:00,0,False,False,False,Treatment,1.5
M0000657,C00083,CMP011,Direct Mail,2025-11-22 00:00:00,20,False,False,False,Treatment,0.72
M0000658,C00083,CMP013,Push,2026-02-02 00:00:00,15,False,False,False,Treatment,0.005
M0000659,C00083,CMP006,Paid Search,2025-12-25 00:00:00,15,True,False,False,Treatment,1.2
M0000660,C00083,CMP025,Direct Mail,2026-05-04 00:00:00,5,False,False,False,Treatment,0.72
M0000661,C00083,CMP005,Direct Mail,2025-12-09 00:00:00,10,False,False,False,Treatment,0.72
M0000662,C00084,CMP017,Direct Mail,2026-04-21 00:00:00,15,False,False,False,Treatment,0.72
M0000663,C00084,CMP024,Affiliate,2024-08-02 00:00:00,15,False,False,True,Treatment,1.5
M0000664,C00084,CMP009,Direct Mail,2026-01-14 00:00:00,5,False,False,False,Treatment,0.72
M0000665,C00084,CMP024,Paid Social,2024-06-24 00:00:00,20,False,False,False,Treatment,0.85
M0000666,C00084,CMP013,Email,2024-10-09 00:00:00,20,True,False,False,Treatment,0.01
M0000667,C00084,CMP004,Push,2026-04-28 00:00:00,15,True,False,False,Treatment,0.005
M0000668,C00084,CMP013,Paid Social,2025-01-24 00:00:00,25,False,False,True,Treatment,0.85
M0000669,C00084,CMP011,Direct Mail,2026-03-15 00:00:00,15,False,False,False,Treatment,0.72
M0000670,C00085,CMP020,Email,2025-09-19 00:00:00,20,True,True,False,Treatment,0.01
M0000671,C00085,CMP025,Email,2026-05-30 00:00:00,20,False,False,False,Treatment,0.01
M0000672,C00085,CMP010,Email,2025-11-01 00:00:00,0,True,True,False,Treatment,0.01
M0000673,C00085,CMP014,Push,2025-07-17 00:00:00,0,False,False,False,Treatment,0.005
M0000674,C00085,CMP022,Direct Mail,2026-01-03 00:00:00,10,False,False,False,Treatment,0.72
M0000675,C00085,CMP007,Paid Search,2025-08-30 00:00:00,5,True,False,False,Treatment,1.2
M0000676,C00085,CMP016,Direct Mail,2026-05-28 00:00:00,25,False,False,False,Control,0.72
M0000677,C00085,CMP003,Affiliate,2025-08-05 00:00:00,5,False,False,False,Treatment,1.5
M0000678,C00086,CMP010,Direct Mail,2024-11-12 00:00:00,20,False,False,False,Treatment,0.72
M0000679,C00086,CMP019,Direct Mail,2025-06-27 00:00:00,5,False,False,False,Control,0.72
M0000680,C00086,CMP009,Paid Social,2026-04-02 00:00:00,20,True,False,False,Treatment,0.85
M0000681,C00086,CMP017,Email,2026-03-18 00:00:00,0,False,False,False,Treatment,0.01
M0000682,C00086,CMP023,Paid Search,2025-12-23 00:00:00,20,False,False,False,Control,1.2
M0000683,C00087,CMP001,Paid Search,2025-11-07 00:00:00,15,False,False,False,Treatment,1.2
M0000684,C00087,CMP003,Direct Mail,2025-02-19 00:00:00,5,False,False,False,Treatment,0.72
M0000685,C00087,CMP023,Paid Social,2025-02-01 00:00:00,0,False,False,False,Treatment,0.85
M0000686,C00087,CMP003,Paid Social,2025-02-28 00:00:00,20,False,False,False,Control,0.85
M0000687,C00087,CMP007,Paid Search,2026-04-06 00:00:00,5,False,False,True,Treatment,1.2
M0000688,C00087,CMP013,Email,2025-07-02 00:00:00,15,True,True,False,Treatment,0.01
M0000689,C00087,CMP001,Email,2026-05-11 00:00:00,0,True,False,False,Control,0.01
M0000690,C00087,CMP003,Paid Social,2024-12-18 00:00:00,5,False,False,False,Treatment,0.85
M0000691,C00087,CMP015,Push,2025-03-30 00:00:00,0,True,False,False,Control,0.005
M0000692,C00087,CMP003,Email,2025-04-06 00:00:00,25,False,False,False,Treatment,0.01
M0000693,C00088,CMP013,Email,2026-03-14 00:00:00,10,True,False,False,Treatment,0.01
M0000694,C00088,CMP016,Push,2026-06-23 00:00:00,0,False,False,False,Treatment,0.005
M0000695,C00088,CMP023,Push,2026-04-29 00:00:00,10,True,False,False,Treatment,0.005
M0000696,C00088,CMP012,Email,2026-05-15 00:00:00,5,False,False,False,Treatment,0.01
M0000697,C00088,CMP005,Paid Search,2026-02-15 00:00:00,25,True,False,False,Treatment,1.2
M0000698,C00088,CMP004,Email,2026-01-11 00:00:00,10,True,False,False,Treatment,0.01
M0000699,C00088,CMP004,Paid Search,2026-01-03 00:00:00,25,False,False,False,Treatment,1.2
M0000700,C00088,CMP019,Push,2026-06-11 00:00:00,5,True,False,False,Treatment,0.005
M0000701,C00089,CMP021,Paid Social,2024-10-01 00:00:00,5,True,False,False,Treatment,0.85
M0000702,C00089,CMP008,Paid Search,2025-11-29 00:00:00,5,True,False,False,Treatment,1.2
M0000703,C00089,CMP011,Paid Search,2026-03-14 00:00:00,20,True,True,True,Control,1.2
M0000704,C00089,CMP018,Direct Mail,2024-10-20 00:00:00,0,False,False,True,Treatment,0.72
M0000705,C00089,CMP003,Push,2025-11-06 00:00:00,15,False,False,False,Treatment,0.005
M0000706,C00089,CMP001,Affiliate,2025-12-15 00:00:00,15,True,True,False,Treatment,1.5
M0000707,C00089,CMP012,Direct Mail,2025-06-19 00:00:00,10,False,False,False,Treatment,0.72
M0000708,C00089,CMP002,Paid Social,2025-07-25 00:00:00,10,False,False,False,Treatment,0.85
M0000709,C00089,CMP007,Direct Mail,2025-01-17 00:00:00,20,False,False,True,Treatment,0.72
M0000710,C00089,CMP018,Paid Social,2025-01-06 00:00:00,0,False,False,False,Control,0.85
M0000711,C00089,CMP016,Paid Social,2024-10-08 00:00:00,20,False,False,False,Treatment,0.85
M0000712,C00090,CMP024,Paid Social,2024-11-18 00:00:00,0,False,False,False,Treatment,0.85
M0000713,C00090,CMP012,Paid Social,2025-03-30 00:00:00,15,False,False,False,Treatment,0.85
M0000714,C00090,CMP022,Paid Social,2025-07-30 00:00:00,5,True,False,False,Treatment,0.85
M0000715,C00090,CMP024,Direct Mail,2026-03-27 00:00:00,10,False,False,False,Treatment,0.72
M0000716,C00090,CMP025,Paid Search,2025-12-31 00:00:00,25,True,False,False,Treatment,1.2
M0000717,C00090,CMP003,Email,2025-04-02 00:00:00,20,True,True,False,Control,0.01
M0000718,C00090,CMP016,Paid Social,2025-06-05 00:00:00,10,False,False,False,Treatment,0.85
M0000719,C00090,CMP024,Email,2025-08-14 00:00:00,25,True,False,False,Treatment,0.01
M0000720,C00091,CMP012,Paid Search,2026-03-28 00:00:00,10,True,True,False,Treatment,1.2
M0000721,C00091,CMP024,Email,2026-05-29 00:00:00,0,True,False,False,Treatment,0.01
M0000722,C00091,CMP015,Paid Social,2026-01-19 00:00:00,10,True,True,True,Treatment,0.85
M0000723,C00091,CMP020,Paid Search,2026-06-15 00:00:00,0,True,False,False,Treatment,1.2
M0000724,C00091,CMP023,Push,2026-05-09 00:00:00,20,True,True,True,Treatment,0.005
M0000725,C00091,CMP010,Paid Social,2026-01-15 00:00:00,15,True,False,True,Treatment,0.85
M0000726,C00091,CMP007,Paid Social,2025-09-15 00:00:00,5,True,True,False,Treatment,0.85
M0000727,C00091,CMP006,Push,2025-09-26 00:00:00,15,True,True,False,Treatment,0.005
M0000728,C00092,CMP002,Paid Search,2026-01-02 00:00:00,10,True,True,False,Treatment,1.2
M0000729,C00092,CMP009,Paid Social,2025-01-31 00:00:00,10,False,False,False,Treatment,0.85
M0000730,C00092,CMP020,Email,2025-12-10 00:00:00,5,True,False,False,Treatment,0.01
M0000731,C00092,CMP025,Direct Mail,2026-02-15 00:00:00,0,False,False,True,Control,0.72
M0000732,C00092,CMP012,Push,2025-11-30 00:00:00,15,False,False,False,Treatment,0.005
M0000733,C00092,CMP009,Push,2024-09-11 00:00:00,15,False,False,False,Treatment,0.005
M0000734,C00093,CMP002,Paid Search,2026-04-03 00:00:00,15,True,False,False,Treatment,1.2
M0000735,C00093,CMP010,Email,2026-03-22 00:00:00,0,False,False,False,Treatment,0.01
M0000736,C00093,CMP006,Paid Search,2025-12-11 00:00:00,20,True,True,False,Treatment,1.2
M0000737,C00093,CMP004,Email,2025-11-23 00:00:00,10,True,True,False,Treatment,0.01
M0000738,C00093,CMP011,Direct Mail,2026-06-20 00:00:00,5,False,False,False,Treatment,0.72
M0000739,C00093,CMP018,Push,2026-01-27 00:00:00,25,False,False,False,Treatment,0.005
M0000740,C00093,CMP019,Affiliate,2026-03-14 00:00:00,0,True,False,False,Treatment,1.5
M0000741,C00093,CMP007,Email,2026-06-20 00:00:00,5,False,False,False,Treatment,0.01
M0000742,C00093,CMP001,Paid Search,2025-10-14 00:00:00,15,True,False,False,Treatment,1.2
M0000743,C00093,CMP017,Push,2026-06-27 00:00:00,5,False,False,False,Treatment,0.005
M0000744,C00093,CMP015,Direct Mail,2025-11-15 00:00:00,15,False,False,False,Treatment,0.72
M0000745,C00093,CMP019,Direct Mail,2025-12-04 00:00:00,25,False,False,False,Control,0.72
M0000746,C00093,CMP016,Direct Mail,2025-11-24 00:00:00,0,False,False,False,Control,0.72
M0000747,C00093,CMP025,Email,2026-05-15 00:00:00,10,True,False,False,Treatment,0.01
M0000748,C00093,CMP004,Email,2026-02-12 00:00:00,20,False,False,False,Control,0.01
M0000749,C00093,CMP010,Affiliate,2026-01-27 00:00:00,5,True,False,False,Treatment,1.5
M0000750,C00094,CMP014,Paid Search,2026-06-13 00:00:00,10,False,False,False,Treatment,1.2
M0000751,C00094,CMP024,Paid Social,2026-05-09 00:00:00,20,False,False,False,Treatment,0.85
M0000752,C00095,CMP007,Paid Search,2024-08-16 00:00:00,15,False,False,False,Treatment,1.2
M0000753,C00095,CMP013,Affiliate,2025-12-07 00:00:00,0,True,False,False,Treatment,1.5
M0000754,C00095,CMP008,Email,2026-01-26 00:00:00,10,False,False,True,Treatment,0.01
M0000755,C00095,CMP019,Paid Social,2024-03-19 00:00:00,5,True,False,False,Treatment,0.85
M0000756,C00095,CMP021,Paid Social,2025-05-26 00:00:00,20,False,False,False,Treatment,0.85
M0000757,C00095,CMP004,Paid Search,2024-04-01 00:00:00,25,False,False,False,Treatment,1.2
M0000758,C00095,CMP014,Push,2024-03-05 00:00:00,5,False,False,False,Treatment,0.005
M0000759,C00095,CMP018,Paid Search,2025-05-24 00:00:00,5,False,False,False,Treatment,1.2
M0000760,C00095,CMP012,Email,2024-10-07 00:00:00,10,True,True,True,Control,0.01
M0000761,C00095,CMP024,Direct Mail,2025-07-04 00:00:00,0,False,False,False,Treatment,0.72
M0000762,C00095,CMP006,Email,2025-04-25 00:00:00,10,True,False,False,Treatment,0.01
M0000763,C00096,CMP025,Paid Search,2025-05-11 00:00:00,15,False,False,False,Treatment,1.2
M0000764,C00096,CMP014,Paid Search,2025-10-01 00:00:00,10,True,False,False,Control,1.2
M0000765,C00096,CMP011,Push,2026-01-19 00:00:00,15,True,True,False,Treatment,0.005
M0000766,C00096,CMP021,Paid Social,2025-12-02 00:00:00,0,True,False,True,Treatment,0.85
M0000767,C00096,CMP022,Paid Search,2026-06-24 00:00:00,0,True,False,False,Treatment,1.2
M0000768,C00096,CMP014,Direct Mail,2026-03-17 00:00:00,0,False,False,False,Treatment,0.72
M0000769,C00096,CMP017,Email,2026-04-09 00:00:00,10,False,False,False,Treatment,0.01
M0000770,C00096,CMP013,Direct Mail,2024-11-21 00:00:00,5,False,False,False,Treatment,0.72
M0000771,C00097,CMP018,Paid Social,2025-10-02 00:00:00,25,True,True,False,Treatment,0.85
M0000772,C00097,CMP003,Push,2026-02-14 00:00:00,25,True,False,True,Treatment,0.005
M0000773,C00097,CMP001,Push,2025-09-13 00:00:00,5,False,False,False,Treatment,0.005
M0000774,C00097,CMP021,Direct Mail,2025-07-10 00:00:00,5,False,False,True,Treatment,0.72
M0000775,C00097,CMP010,Paid Search,2025-11-01 00:00:00,25,False,False,True,Treatment,1.2
M0000776,C00097,CMP014,Affiliate,2025-11-14 00:00:00,20,True,False,False,Treatment,1.5
M0000777,C00097,CMP005,Push,2025-08-25 00:00:00,25,False,False,False,Control,0.005
M0000778,C00097,CMP025,Direct Mail,2025-09-27 00:00:00,15,False,False,False,Treatment,0.72
M0000779,C00097,CMP012,Email,2026-04-18 00:00:00,25,True,False,False,Treatment,0.01
M0000780,C00097,CMP003,Push,2026-04-06 00:00:00,5,True,True,False,Treatment,0.005
M0000781,C00098,CMP017,Push,2026-03-05 00:00:00,25,True,True,False,Treatment,0.005
M0000782,C00098,CMP014,Push,2025-04-12 00:00:00,0,True,True,False,Control,0.005
M0000783,C00098,CMP008,Paid Search,2026-03-23 00:00:00,10,True,True,False,Treatment,1.2
M0000784,C00098,CMP015,Paid Social,2025-11-05 00:00:00,20,True,True,False,Treatment,0.85
M0000785,C00098,CMP019,Affiliate,2025-07-28 00:00:00,10,False,False,False,Treatment,1.5
M0000786,C00098,CMP006,Email,2026-04-28 00:00:00,5,False,False,False,Treatment,0.01
M0000787,C00098,CMP011,Affiliate,2026-03-02 00:00:00,10,True,False,False,Treatment,1.5
M0000788,C00098,CMP025,Paid Social,2026-05-07 00:00:00,5,True,False,False,Treatment,0.85
M0000789,C00098,CMP022,Push,2025-11-16 00:00:00,20,False,False,False,Treatment,0.005
M0000790,C00098,CMP002,Direct Mail,2025-11-13 00:00:00,5,False,False,False,Treatment,0.72
M0000791,C00098,CMP016,Paid Social,2025-10-22 00:00:00,20,True,True,False,Treatment,0.85
M0000792,C00098,CMP018,Paid Search,2025-05-19 00:00:00,0,False,False,False,Control,1.2
M0000793,C00099,CMP018,Push,2025-02-26 00:00:00,15,True,False,False,Treatment,0.005
M0000794,C00099,CMP018,Paid Search,2026-04-10 00:00:00,15,True,True,False,Treatment,1.2
M0000795,C00099,CMP015,Paid Social,2025-01-21 00:00:00,5,False,False,False,Control,0.85
M0000796,C00099,CMP007,Direct Mail,2024-12-06 00:00:00,15,False,False,False,Treatment,0.72
M0000797,C00099,CMP014,Direct Mail,2025-10-16 00:00:00,0,False,False,False,Treatment,0.72
M0000798,C00099,CMP014,Email,2026-06-30 00:00:00,10,True,False,False,Treatment,0.01
M0000799,C00099,CMP014,Direct Mail,2025-07-26 00:00:00,5,False,False,False,Treatment,0.72
M0000800,C00099,CMP012,Direct Mail,2025-07-18 00:00:00,5,False,False,False,Treatment,0.72
M0000801,C00099,CMP023,Affiliate,2025-02-06 00:00:00,15,True,True,False,Treatment,1.5
M0000802,C00099,CMP017,Paid Search,2026-05-02 00:00:00,10,True,False,False,Treatment,1.2
M0000803,C00099,CMP007,Affiliate,2025-01-25 00:00:00,20,False,False,False,Treatment,1.5
M0000804,C00099,CMP020,Affiliate,2025-09-26 00:00:00,5,False,False,False,Control,1.5
M0000805,C00100,CMP012,Email,2025-04-17 00:00:00,10,True,True,True,Treatment,0.01
M0000806,C00100,CMP016,Paid Social,2025-04-30 00:00:00,5,False,False,False,Treatment,0.85
M0000807,C00100,CMP003,Affiliate,2024-09-20 00:00:00,20,True,False,False,Control,1.5
M0000808,C00100,CMP014,Email,2026-05-13 00:00:00,5,False,False,False,Treatment,0.01
M0000809,C00100,CMP024,Affiliate,2024-09-08 00:00:00,20,True,True,False,Control,1.5
M0000810,C00100,CMP018,Push,2025-02-01 00:00:00,5,True,True,False,Control,0.005
M0000811,C00100,CMP004,Direct Mail,2025-09-02 00:00:00,15,False,False,False,Treatment,0.72
M0000812,C00100,CMP001,Email,2025-05-24 00:00:00,20,False,False,False,Control,0.01
M0000813,C00100,CMP007,Direct Mail,2026-04-08 00:00:00,20,False,False,False,Treatment,0.72
M0000814,C00101,CMP006,Push,2026-01-16 00:00:00,10,False,False,False,Treatment,0.005
M0000815,C00101,CMP012,Email,2026-01-18 00:00:00,15,False,False,False,Treatment,0.01
M0000816,C00101,CMP018,Paid Search,2026-05-09 00:00:00,5,False,False,False,Treatment,1.2
M0000817,C00101,CMP024,Direct Mail,2026-01-10 00:00:00,25,False,False,False,Treatment,0.72
M0000818,C00101,CMP017,Paid Social,2026-04-05 00:00:00,10,True,False,False,Treatment,0.85
M0000819,C00101,CMP013,Email,2026-03-21 00:00:00,0,True,False,False,Treatment,0.01
M0000820,C00101,CMP007,Direct Mail,2026-04-22 00:00:00,0,False,False,False,Control,0.72
M0000821,C00101,CMP023,Paid Social,2026-04-30 00:00:00,5,True,False,False,Treatment,0.85
M0000822,C00102,CMP003,Direct Mail,2026-03-11 00:00:00,20,False,False,False,Treatment,0.72
M0000823,C00102,CMP015,Direct Mail,2025-07-15 00:00:00,15,False,False,False,Treatment,0.72
M0000824,C00102,CMP009,Paid Search,2025-10-28 00:00:00,15,True,False,False,Treatment,1.2
M0000825,C00102,CMP021,Paid Social,2025-05-25 00:00:00,20,True,True,False,Treatment,0.85
M0000826,C00102,CMP024,Affiliate,2026-02-10 00:00:00,20,True,False,False,Treatment,1.5
M0000827,C00102,CMP004,Affiliate,2025-03-20 00:00:00,20,True,True,True,Treatment,1.5
M0000828,C00102,CMP009,Push,2024-12-12 00:00:00,10,True,True,False,Treatment,0.005
M0000829,C00102,CMP019,Direct Mail,2025-04-12 00:00:00,15,False,False,False,Control,0.72
M0000830,C00102,CMP020,Affiliate,2026-02-25 00:00:00,25,True,True,False,Treatment,1.5
M0000831,C00102,CMP003,Affiliate,2024-12-14 00:00:00,10,False,False,False,Treatment,1.5
M0000832,C00102,CMP015,Push,2025-02-16 00:00:00,10,True,False,False,Treatment,0.005
M0000833,C00102,CMP025,Email,2024-12-23 00:00:00,15,True,True,False,Treatment,0.01
M0000834,C00102,CMP017,Push,2025-04-05 00:00:00,15,True,False,False,Control,0.005
M0000835,C00103,CMP008,Email,2025-09-18 00:00:00,0,False,False,False,Treatment,0.01
M0000836,C00103,CMP019,Paid Social,2025-12-14 00:00:00,15,False,False,False,Treatment,0.85
M0000837,C00103,CMP009,Push,2026-06-25 00:00:00,25,False,False,False,Control,0.005
M0000838,C00103,CMP011,Paid Social,2025-10-01 00:00:00,15,True,True,False,Treatment,0.85
M0000839,C00103,CMP010,Email,2026-04-23 00:00:00,0,False,False,False,Treatment,0.01
M0000840,C00103,CMP009,Push,2024-09-28 00:00:00,20,False,False,False,Control,0.005
M0000841,C00103,CMP019,Affiliate,2025-03-31 00:00:00,20,False,False,False,Treatment,1.5
M0000842,C00104,CMP018,Email,2026-02-08 00:00:00,15,True,False,False,Treatment,0.01
M0000843,C00104,CMP001,Affiliate,2026-06-05 00:00:00,15,False,False,False,Treatment,1.5
M0000844,C00104,CMP010,Affiliate,2026-05-22 00:00:00,0,True,False,False,Treatment,1.5
M0000845,C00104,CMP020,Paid Search,2026-01-19 00:00:00,25,False,False,False,Treatment,1.2
M0000846,C00104,CMP009,Direct Mail,2025-10-16 00:00:00,10,False,False,False,Treatment,0.72
M0000847,C00104,CMP024,Paid Social,2025-12-23 00:00:00,10,True,True,False,Treatment,0.85
M0000848,C00104,CMP006,Email,2026-04-17 00:00:00,15,True,False,False,Treatment,0.01
M0000849,C00104,CMP004,Email,2026-02-07 00:00:00,20,True,False,False,Control,0.01
M0000850,C00104,CMP001,Email,2026-04-02 00:00:00,20,True,False,False,Treatment,0.01
M0000851,C00105,CMP001,Direct Mail,2025-12-11 00:00:00,0,False,False,False,Treatment,0.72
M0000852,C00105,CMP024,Paid Search,2026-01-19 00:00:00,15,False,False,False,Treatment,1.2
M0000853,C00106,CMP020,Email,2025-11-01 00:00:00,20,True,False,False,Treatment,0.01
M0000854,C00106,CMP016,Paid Social,2026-01-15 00:00:00,15,False,False,False,Treatment,0.85
M0000855,C00106,CMP003,Direct Mail,2026-01-10 00:00:00,15,False,False,False,Treatment,0.72
M0000856,C00106,CMP015,Paid Social,2026-02-24 00:00:00,15,True,False,False,Treatment,0.85
M0000857,C00106,CMP025,Affiliate,2026-05-30 00:00:00,5,True,False,False,Treatment,1.5
M0000858,C00106,CMP014,Affiliate,2025-12-17 00:00:00,5,True,True,False,Treatment,1.5
M0000859,C00106,CMP009,Affiliate,2026-04-18 00:00:00,10,False,False,True,Treatment,1.5
M0000860,C00106,CMP011,Paid Search,2026-01-26 00:00:00,15,False,False,True,Treatment,1.2
M0000861,C00106,CMP019,Paid Search,2026-01-09 00:00:00,5,False,False,False,Treatment,1.2
M0000862,C00106,CMP018,Email,2026-01-06 00:00:00,15,True,False,False,Treatment,0.01
M0000863,C00106,CMP009,Email,2026-05-30 00:00:00,20,False,False,False,Control,0.01
M0000864,C00107,CMP001,Direct Mail,2025-04-17 00:00:00,20,False,False,False,Treatment,0.72
M0000865,C00107,CMP014,Paid Social,2026-06-18 00:00:00,10,True,False,False,Treatment,0.85
M0000866,C00107,CMP007,Email,2026-02-05 00:00:00,5,True,True,False,Treatment,0.01
M0000867,C00107,CMP004,Push,2025-09-13 00:00:00,0,False,False,False,Control,0.005
M0000868,C00107,CMP015,Paid Social,2026-02-25 00:00:00,25,True,False,False,Treatment,0.85
M0000869,C00107,CMP024,Email,2025-11-04 00:00:00,5,False,False,False,Control,0.01
M0000870,C00107,CMP008,Direct Mail,2026-01-22 00:00:00,5,False,False,False,Treatment,0.72
M0000871,C00108,CMP005,Paid Social,2025-03-28 00:00:00,20,False,False,False,Treatment,0.85
M0000872,C00108,CMP003,Paid Search,2025-11-11 00:00:00,15,True,True,False,Treatment,1.2
M0000873,C00108,CMP023,Direct Mail,2026-04-30 00:00:00,5,False,False,False,Treatment,0.72
M0000874,C00108,CMP001,Direct Mail,2024-06-19 00:00:00,15,False,False,False,Treatment,0.72
M0000875,C00108,CMP022,Paid Search,2025-10-25 00:00:00,15,True,False,False,Treatment,1.2
M0000876,C00108,CMP014,Paid Search,2025-06-17 00:00:00,5,False,False,False,Treatment,1.2
M0000877,C00108,CMP008,Paid Search,2025-05-01 00:00:00,25,True,True,False,Treatment,1.2
M0000878,C00108,CMP006,Paid Search,2025-11-01 00:00:00,15,False,False,False,Treatment,1.2
M0000879,C00108,CMP020,Direct Mail,2025-03-01 00:00:00,0,False,False,False,Control,0.72
M0000880,C00108,CMP004,Affiliate,2026-06-06 00:00:00,20,True,False,False,Control,1.5
M0000881,C00109,CMP006,Paid Search,2025-06-20 00:00:00,25,False,False,False,Treatment,1.2
M0000882,C00109,CMP024,Paid Social,2026-03-05 00:00:00,25,True,False,False,Treatment,0.85
M0000883,C00109,CMP025,Direct Mail,2025-11-13 00:00:00,20,False,False,False,Treatment,0.72
M0000884,C00109,CMP003,Paid Search,2025-11-18 00:00:00,15,False,False,False,Treatment,1.2
M0000885,C00109,CMP020,Paid Search,2026-03-30 00:00:00,15,False,False,False,Treatment,1.2
M0000886,C00109,CMP023,Direct Mail,2026-05-23 00:00:00,10,False,False,True,Control,0.72
M0000887,C00110,CMP012,Direct Mail,2025-06-18 00:00:00,10,False,False,True,Treatment,0.72
M0000888,C00110,CMP020,Paid Search,2025-12-16 00:00:00,5,True,True,True,Treatment,1.2
M0000889,C00110,CMP019,Email,2026-04-14 00:00:00,25,True,False,False,Treatment,0.01
M0000890,C00110,CMP018,Push,2026-04-23 00:00:00,5,True,False,False,Treatment,0.005
M0000891,C00110,CMP009,Push,2025-12-10 00:00:00,20,False,False,False,Control,0.005
M0000892,C00111,CMP006,Paid Search,2025-12-27 00:00:00,0,False,False,False,Treatment,1.2
M0000893,C00111,CMP018,Email,2025-10-31 00:00:00,0,False,False,False,Treatment,0.01
M0000894,C00111,CMP002,Paid Search,2025-07-23 00:00:00,20,False,False,True,Treatment,1.2
M0000895,C00111,CMP007,Direct Mail,2025-12-02 00:00:00,25,False,False,False,Control,0.72
M0000896,C00111,CMP011,Push,2026-05-30 00:00:00,5,False,False,True,Treatment,0.005
M0000897,C00111,CMP024,Direct Mail,2026-01-20 00:00:00,10,False,False,False,Control,0.72
M0000898,C00111,CMP024,Affiliate,2025-09-29 00:00:00,15,True,False,False,Control,1.5
M0000899,C00111,CMP008,Direct Mail,2026-04-21 00:00:00,5,False,False,False,Treatment,0.72
M0000900,C00112,CMP019,Affiliate,2025-12-06 00:00:00,5,False,False,False,Treatment,1.5
M0000901,C00112,CMP018,Affiliate,2024-06-19 00:00:00,10,False,False,False,Treatment,1.5
M0000902,C00112,CMP019,Affiliate,2024-10-07 00:00:00,0,False,False,False,Treatment,1.5
M0000903,C00112,CMP015,Direct Mail,2024-09-30 00:00:00,20,False,False,False,Treatment,0.72
M0000904,C00113,CMP019,Affiliate,2026-06-17 00:00:00,10,False,False,False,Control,1.5
M0000905,C00113,CMP001,Paid Search,2026-05-28 00:00:00,25,False,False,False,Treatment,1.2
M0000906,C00113,CMP022,Paid Search,2026-01-30 00:00:00,5,False,False,False,Treatment,1.2
M0000907,C00113,CMP018,Email,2026-04-30 00:00:00,5,False,False,False,Treatment,0.01
M0000908,C00113,CMP002,Paid Social,2026-05-20 00:00:00,15,False,False,False,Treatment,0.85
M0000909,C00113,CMP022,Email,2026-06-12 00:00:00,0,False,False,False,Control,0.01
M0000910,C00113,CMP015,Paid Search,2025-09-26 00:00:00,20,False,False,False,Control,1.2
M0000911,C00113,CMP009,Affiliate,2025-12-18 00:00:00,10,True,False,False,Treatment,1.5
M0000912,C00113,CMP021,Push,2026-05-14 00:00:00,0,False,False,False,Treatment,0.005
M0000913,C00113,CMP019,Email,2026-01-18 00:00:00,5,False,False,False,Treatment,0.01
M0000914,C00113,CMP001,Direct Mail,2026-06-07 00:00:00,20,False,False,False,Treatment,0.72
M0000915,C00114,CMP006,Email,2025-03-14 00:00:00,15,False,False,False,Treatment,0.01
M0000916,C00114,CMP021,Direct Mail,2024-11-22 00:00:00,15,False,False,False,Treatment,0.72
M0000917,C00114,CMP014,Paid Social,2025-01-16 00:00:00,15,True,False,False,Treatment,0.85
M0000918,C00114,CMP006,Email,2024-11-16 00:00:00,20,False,False,False,Treatment,0.01
M0000919,C00114,CMP004,Paid Search,2025-11-14 00:00:00,0,True,False,False,Control,1.2
M0000920,C00114,CMP003,Email,2025-03-26 00:00:00,0,False,False,False,Treatment,0.01
M0000921,C00114,CMP002,Push,2026-03-01 00:00:00,20,True,False,False,Treatment,0.005
M0000922,C00114,CMP009,Paid Search,2026-01-27 00:00:00,15,True,False,False,Treatment,1.2
M0000923,C00115,CMP013,Push,2026-04-05 00:00:00,25,False,False,False,Treatment,0.005
M0000924,C00115,CMP024,Push,2026-03-15 00:00:00,10,False,False,False,Treatment,0.005
M0000925,C00115,CMP015,Paid Social,2026-04-01 00:00:00,15,True,False,False,Control,0.85
M0000926,C00115,CMP020,Paid Social,2026-03-21 00:00:00,20,False,False,False,Treatment,0.85
M0000927,C00115,CMP006,Email,2026-03-26 00:00:00,0,False,False,False,Treatment,0.01
M0000928,C00115,CMP018,Affiliate,2026-01-26 00:00:00,15,False,False,False,Treatment,1.5
M0000929,C00115,CMP024,Direct Mail,2026-02-15 00:00:00,0,False,False,False,Treatment,0.72
M0000930,C00115,CMP011,Paid Search,2026-04-30 00:00:00,25,False,False,False,Treatment,1.2
M0000931,C00115,CMP008,Paid Social,2026-04-24 00:00:00,15,False,False,False,Treatment,0.85
M0000932,C00116,CMP019,Paid Social,2025-09-03 00:00:00,25,False,False,False,Treatment,0.85
M0000933,C00116,CMP001,Paid Social,2025-10-01 00:00:00,0,False,False,False,Treatment,0.85
M0000934,C00116,CMP007,Affiliate,2026-06-04 00:00:00,20,False,False,False,Treatment,1.5
M0000935,C00116,CMP007,Affiliate,2026-01-13 00:00:00,15,True,False,False,Treatment,1.5
M0000936,C00116,CMP007,Email,2026-02-10 00:00:00,5,True,False,False,Treatment,0.01
M0000937,C00116,CMP005,Affiliate,2026-03-20 00:00:00,0,True,False,True,Treatment,1.5
M0000938,C00117,CMP010,Paid Social,2025-10-10 00:00:00,20,True,False,False,Treatment,0.85
M0000939,C00117,CMP005,Paid Social,2025-04-16 00:00:00,0,True,True,True,Treatment,0.85
M0000940,C00117,CMP016,Email,2025-08-10 00:00:00,20,True,False,False,Treatment,0.01
M0000941,C00117,CMP001,Paid Social,2025-07-13 00:00:00,25,False,False,False,Treatment,0.85
M0000942,C00117,CMP021,Direct Mail,2025-03-10 00:00:00,10,False,False,False,Control,0.72
M0000943,C00117,CMP023,Affiliate,2025-01-28 00:00:00,20,False,False,False,Treatment,1.5
M0000944,C00117,CMP002,Paid Search,2025-07-04 00:00:00,25,True,True,False,Treatment,1.2
M0000945,C00117,CMP005,Direct Mail,2025-12-07 00:00:00,15,False,False,False,Treatment,0.72
M0000946,C00117,CMP017,Paid Social,2025-05-31 00:00:00,0,True,False,True,Control,0.85
M0000947,C00118,CMP014,Direct Mail,2026-05-17 00:00:00,15,False,False,False,Control,0.72
M0000948,C00118,CMP021,Paid Search,2026-06-18 00:00:00,15,True,True,False,Treatment,1.2
M0000949,C00118,CMP017,Email,2025-04-14 00:00:00,15,True,True,False,Treatment,0.01
M0000950,C00118,CMP016,Paid Social,2025-07-26 00:00:00,10,False,False,False,Control,0.85
M0000951,C00118,CMP011,Affiliate,2025-09-03 00:00:00,15,False,False,False,Treatment,1.5
M0000952,C00118,CMP015,Paid Search,2025-11-01 00:00:00,10,False,False,False,Treatment,1.2
M0000953,C00118,CMP016,Affiliate,2025-09-18 00:00:00,25,True,False,False,Treatment,1.5
M0000954,C00118,CMP013,Direct Mail,2025-06-29 00:00:00,20,False,False,False,Treatment,0.72
M0000955,C00119,CMP016,Direct Mail,2026-02-19 00:00:00,25,False,False,False,Treatment,0.72
M0000956,C00119,CMP021,Email,2026-01-16 00:00:00,20,True,False,False,Control,0.01
M0000957,C00119,CMP025,Direct Mail,2026-05-01 00:00:00,0,False,False,False,Treatment,0.72
M0000958,C00119,CMP005,Paid Social,2026-06-14 00:00:00,25,False,False,False,Treatment,0.85
M0000959,C00119,CMP023,Paid Search,2026-06-24 00:00:00,15,False,False,False,Treatment,1.2
M0000960,C00119,CMP021,Direct Mail,2026-01-28 00:00:00,0,False,False,False,Treatment,0.72
M0000961,C00120,CMP008,Direct Mail,2026-03-08 00:00:00,25,False,False,False,Treatment,0.72
M0000962,C00120,CMP022,Paid Search,2026-05-29 00:00:00,25,True,True,False,Control,1.2
M0000963,C00120,CMP024,Paid Social,2025-09-21 00:00:00,20,True,False,False,Treatment,0.85
M0000964,C00120,CMP019,Paid Social,2026-04-10 00:00:00,5,True,False,True,Treatment,0.85
M0000965,C00120,CMP007,Email,2026-03-11 00:00:00,5,False,False,False,Treatment,0.01
M0000966,C00120,CMP017,Push,2026-06-30 00:00:00,20,True,False,False,Treatment,0.005
M0000967,C00120,CMP009,Paid Search,2026-01-18 00:00:00,10,False,False,False,Treatment,1.2
M0000968,C00120,CMP010,Paid Social,2026-04-18 00:00:00,20,True,True,False,Treatment,0.85
M0000969,C00120,CMP007,Paid Search,2026-04-09 00:00:00,5,False,False,False,Treatment,1.2
M0000970,C00121,CMP011,Paid Social,2026-04-29 00:00:00,25,True,False,False,Treatment,0.85
M0000971,C00121,CMP012,Affiliate,2025-10-30 00:00:00,0,False,False,False,Treatment,1.5
M0000972,C00121,CMP006,Paid Social,2025-10-23 00:00:00,5,True,False,False,Treatment,0.85
M0000973,C00121,CMP013,Push,2025-09-23 00:00:00,20,False,False,False,Control,0.005
M0000974,C00122,CMP024,Paid Search,2025-01-19 00:00:00,20,True,False,False,Treatment,1.2
M0000975,C00122,CMP005,Paid Social,2025-09-26 00:00:00,5,False,False,False,Treatment,0.85
M0000976,C00122,CMP004,Paid Social,2026-02-20 00:00:00,10,False,False,False,Treatment,0.85
M0000977,C00122,CMP008,Email,2024-12-04 00:00:00,0,False,False,False,Treatment,0.01
M0000978,C00122,CMP021,Push,2026-04-08 00:00:00,10,False,False,False,Treatment,0.005
M0000979,C00122,CMP001,Direct Mail,2026-06-03 00:00:00,10,False,False,True,Treatment,0.72
M0000980,C00123,CMP016,Direct Mail,2025-08-13 00:00:00,20,False,False,False,Treatment,0.72
M0000981,C00123,CMP008,Affiliate,2025-07-23 00:00:00,5,True,True,False,Treatment,1.5
M0000982,C00123,CMP020,Paid Social,2025-12-18 00:00:00,5,True,False,False,Treatment,0.85
M0000983,C00123,CMP012,Direct Mail,2025-03-06 00:00:00,5,False,False,False,Treatment,0.72
M0000984,C00123,CMP012,Affiliate,2026-03-15 00:00:00,25,True,False,False,Treatment,1.5
M0000985,C00123,CMP004,Email,2025-07-20 00:00:00,10,True,False,False,Treatment,0.01
M0000986,C00123,CMP002,Email,2024-12-17 00:00:00,20,False,False,False,Treatment,0.01
M0000987,C00123,CMP019,Direct Mail,2025-07-03 00:00:00,15,False,False,False,Treatment,0.72
M0000988,C00123,CMP017,Direct Mail,2024-11-27 00:00:00,5,False,False,False,Treatment,0.72
M0000989,C00123,CMP004,Paid Search,2025-05-05 00:00:00,25,True,True,True,Treatment,1.2
M0000990,C00123,CMP011,Email,2026-01-06 00:00:00,15,True,False,False,Treatment,0.01
M0000991,C00124,CMP004,Paid Search,2026-02-27 00:00:00,0,True,False,False,Treatment,1.2
M0000992,C00124,CMP017,Paid Search,2025-07-17 00:00:00,10,True,False,True,Treatment,1.2
M0000993,C00124,CMP006,Email,2025-04-16 00:00:00,20,False,False,False,Treatment,0.01
M0000994,C00124,CMP011,Paid Social,2024-11-16 00:00:00,20,True,True,False,Treatment,0.85
M0000995,C00124,CMP011,Email,2025-07-31 00:00:00,15,True,False,False,Treatment,0.01
M0000996,C00124,CMP005,Direct Mail,2025-12-01 00:00:00,10,False,False,False,Treatment,0.72
M0000997,C00124,CMP014,Push,2025-03-23 00:00:00,15,True,False,False,Treatment,0.005
M0000998,C00124,CMP004,Affiliate,2024-10-15 00:00:00,0,True,False,False,Control,1.5
M0000999,C00124,CMP007,Affiliate,2026-04-19 00:00:00,0,True,False,True,Treatment,1.5
M0001000,C00125,CMP024,Affiliate,2026-06-30 00:00:00,25,False,False,False,Treatment,1.5
M0001001,C00125,CMP003,Push,2026-04-30 00:00:00,5,True,False,True,Treatment,0.005
M0001002,C00125,CMP006,Affiliate,2026-06-28 00:00:00,20,True,False,False,Treatment,1.5
M0001003,C00125,CMP004,Affiliate,2026-05-21 00:00:00,25,False,False,False,Treatment,1.5
M0001004,C00125,CMP019,Paid Search,2025-12-08 00:00:00,25,False,False,False,Control,1.2
M0001005,C00125,CMP005,Paid Social,2025-12-06 00:00:00,5,True,False,False,Treatment,0.85
M0001006,C00125,CMP005,Direct Mail,2026-01-02 00:00:00,20,False,False,False,Treatment,0.72
M0001007,C00125,CMP006,Push,2026-03-05 00:00:00,5,True,False,False,Treatment,0.005
M0001008,C00125,CMP016,Push,2026-02-28 00:00:00,25,False,False,False,Treatment,0.005
M0001009,C00125,CMP025,Affiliate,2026-01-28 00:00:00,0,True,False,False,Treatment,1.5
M0001010,C00125,CMP005,Push,2026-01-18 00:00:00,20,True,False,False,Control,0.005
M0001011,C00126,CMP004,Paid Search,2025-07-07 00:00:00,20,True,True,False,Control,1.2
M0001012,C00126,CMP011,Direct Mail,2025-02-14 00:00:00,20,False,False,True,Control,0.72
M0001013,C00126,CMP014,Paid Social,2026-06-14 00:00:00,25,True,True,True,Treatment,0.85
M0001014,C00126,CMP014,Direct Mail,2025-01-20 00:00:00,20,False,False,False,Treatment,0.72
M0001015,C00126,CMP002,Direct Mail,2025-10-24 00:00:00,25,False,False,False,Treatment,0.72
M0001016,C00126,CMP011,Affiliate,2026-04-27 00:00:00,25,False,False,False,Control,1.5
M0001017,C00126,CMP004,Email,2026-05-31 00:00:00,20,False,False,False,Treatment,0.01
M0001018,C00126,CMP016,Affiliate,2025-05-07 00:00:00,10,True,False,False,Treatment,1.5
M0001019,C00126,CMP014,Email,2025-08-13 00:00:00,20,False,False,False,Treatment,0.01
M0001020,C00126,CMP016,Paid Social,2026-05-06 00:00:00,0,True,False,False,Treatment,0.85
M0001021,C00126,CMP015,Email,2024-12-14 00:00:00,25,False,False,True,Treatment,0.01
M0001022,C00126,CMP025,Affiliate,2025-02-13 00:00:00,10,False,False,False,Treatment,1.5
M0001023,C00126,CMP012,Paid Social,2025-10-18 00:00:00,20,True,True,True,Control,0.85
M0001024,C00126,CMP023,Direct Mail,2025-12-10 00:00:00,15,False,False,False,Treatment,0.72
M0001025,C00127,CMP025,Email,2025-01-25 00:00:00,20,True,False,False,Treatment,0.01
M0001026,C00127,CMP022,Paid Search,2025-06-17 00:00:00,10,False,False,False,Treatment,1.2
M0001027,C00127,CMP012,Direct Mail,2026-05-22 00:00:00,0,False,False,True,Treatment,0.72
M0001028,C00127,CMP010,Paid Social,2025-02-21 00:00:00,15,False,False,False,Treatment,0.85
M0001029,C00127,CMP016,Email,2026-03-23 00:00:00,10,False,False,False,Treatment,0.01
M0001030,C00127,CMP013,Paid Search,2025-06-24 00:00:00,15,False,False,False,Treatment,1.2
M0001031,C00127,CMP015,Direct Mail,2025-03-08 00:00:00,20,False,False,False,Treatment,0.72
M0001032,C00127,CMP023,Affiliate,2025-02-11 00:00:00,0,True,False,True,Treatment,1.5
M0001033,C00128,CMP022,Paid Search,2026-03-29 00:00:00,10,False,False,False,Treatment,1.2
M0001034,C00128,CMP005,Paid Search,2026-01-28 00:00:00,5,False,False,True,Treatment,1.2
M0001035,C00128,CMP012,Paid Search,2026-01-28 00:00:00,20,False,False,False,Treatment,1.2
M0001036,C00128,CMP017,Paid Social,2026-03-20 00:00:00,25,False,False,False,Treatment,0.85
M0001037,C00128,CMP012,Paid Search,2026-05-01 00:00:00,10,False,False,False,Treatment,1.2
M0001038,C00128,CMP012,Paid Social,2026-06-04 00:00:00,15,False,False,False,Treatment,0.85
M0001039,C00128,CMP022,Paid Social,2026-05-14 00:00:00,15,True,False,False,Treatment,0.85
M0001040,C00128,CMP012,Paid Social,2026-06-04 00:00:00,0,True,True,False,Treatment,0.85
M0001041,C00128,CMP020,Paid Search,2026-04-02 00:00:00,5,False,False,False,Treatment,1.2
M0001042,C00128,CMP015,Affiliate,2026-02-28 00:00:00,20,True,False,False,Treatment,1.5
M0001043,C00128,CMP002,Direct Mail,2026-02-24 00:00:00,25,False,False,False,Treatment,0.72
M0001044,C00128,CMP020,Push,2026-05-03 00:00:00,15,False,False,True,Control,0.005
M0001045,C00129,CMP015,Email,2025-09-03 00:00:00,5,True,False,False,Control,0.01
M0001046,C00129,CMP019,Direct Mail,2025-03-24 00:00:00,20,False,False,False,Treatment,0.72
M0001047,C00129,CMP021,Affiliate,2024-09-15 00:00:00,5,True,True,False,Treatment,1.5
M0001048,C00129,CMP015,Affiliate,2024-06-03 00:00:00,15,False,False,False,Treatment,1.5
M0001049,C00129,CMP023,Affiliate,2024-06-07 00:00:00,25,True,True,False,Treatment,1.5
M0001050,C00129,CMP001,Push,2025-01-12 00:00:00,20,True,False,False,Control,0.005
M0001051,C00129,CMP014,Paid Search,2025-08-31 00:00:00,10,True,False,False,Treatment,1.2
M0001052,C00130,CMP016,Paid Social,2025-08-23 00:00:00,25,True,False,False,Treatment,0.85
M0001053,C00130,CMP003,Affiliate,2025-12-27 00:00:00,25,False,False,False,Treatment,1.5
M0001054,C00130,CMP015,Email,2026-04-19 00:00:00,20,False,False,False,Treatment,0.01
M0001055,C00130,CMP007,Paid Search,2026-04-14 00:00:00,0,False,False,False,Treatment,1.2
M0001056,C00131,CMP015,Direct Mail,2025-05-12 00:00:00,0,False,False,False,Treatment,0.72
M0001057,C00131,CMP007,Email,2026-03-01 00:00:00,0,False,False,False,Treatment,0.01
M0001058,C00131,CMP005,Paid Social,2025-04-27 00:00:00,15,True,False,False,Control,0.85
M0001059,C00131,CMP020,Affiliate,2026-04-03 00:00:00,10,False,False,False,Treatment,1.5
M0001060,C00131,CMP004,Paid Social,2026-03-15 00:00:00,20,True,False,False,Treatment,0.85
M0001061,C00132,CMP007,Affiliate,2026-02-06 00:00:00,20,True,True,False,Treatment,1.5
M0001062,C00132,CMP019,Direct Mail,2026-03-05 00:00:00,25,False,False,False,Control,0.72
M0001063,C00132,CMP011,Push,2025-11-19 00:00:00,25,False,False,False,Treatment,0.005
M0001064,C00132,CMP024,Push,2025-12-06 00:00:00,20,True,False,True,Treatment,0.005
M0001065,C00132,CMP025,Paid Search,2026-01-19 00:00:00,0,False,False,False,Treatment,1.2
M0001066,C00133,CMP017,Push,2025-05-10 00:00:00,10,True,False,False,Treatment,0.005
M0001067,C00133,CMP009,Push,2025-02-28 00:00:00,5,True,True,True,Treatment,0.005
M0001068,C00133,CMP021,Push,2024-09-10 00:00:00,15,True,True,True,Control,0.005
M0001069,C00133,CMP009,Push,2025-09-08 00:00:00,10,False,False,False,Treatment,0.005
M0001070,C00133,CMP007,Push,2024-08-09 00:00:00,25,False,False,False,Treatment,0.005
M0001071,C00133,CMP018,Paid Social,2025-08-17 00:00:00,25,True,False,False,Treatment,0.85
M0001072,C00133,CMP012,Email,2025-12-27 00:00:00,10,False,False,False,Treatment,0.01
M0001073,C00133,CMP012,Paid Search,2024-11-05 00:00:00,25,False,False,False,Control,1.2
M0001074,C00133,CMP012,Paid Social,2024-11-12 00:00:00,15,True,True,False,Treatment,0.85
M0001075,C00133,CMP025,Paid Search,2026-06-12 00:00:00,0,True,True,False,Treatment,1.2
M0001076,C00133,CMP011,Paid Search,2025-04-15 00:00:00,5,True,False,False,Control,1.2
M0001077,C00134,CMP008,Push,2026-01-11 00:00:00,0,True,True,False,Treatment,0.005
M0001078,C00134,CMP012,Paid Search,2025-07-13 00:00:00,20,True,False,False,Treatment,1.2
M0001079,C00134,CMP014,Push,2025-10-03 00:00:00,0,True,False,False,Treatment,0.005
M0001080,C00134,CMP017,Push,2026-06-16 00:00:00,10,True,True,False,Treatment,0.005
M0001081,C00134,CMP020,Email,2026-04-21 00:00:00,10,True,True,False,Treatment,0.01
M0001082,C00134,CMP012,Paid Search,2026-02-20 00:00:00,20,True,True,True,Treatment,1.2
M0001083,C00134,CMP007,Direct Mail,2026-03-18 00:00:00,5,False,False,False,Control,0.72
M0001084,C00134,CMP013,Paid Social,2025-07-12 00:00:00,5,True,False,False,Treatment,0.85
M0001085,C00134,CMP015,Paid Search,2026-06-20 00:00:00,10,True,True,True,Treatment,1.2
M0001086,C00134,CMP017,Paid Search,2025-07-18 00:00:00,10,True,False,False,Treatment,1.2
M0001087,C00134,CMP013,Direct Mail,2026-05-20 00:00:00,25,False,False,True,Treatment,0.72
M0001088,C00134,CMP006,Affiliate,2026-01-30 00:00:00,25,True,False,False,Treatment,1.5
M0001089,C00134,CMP023,Push,2025-12-06 00:00:00,0,True,True,False,Treatment,0.005
M0001090,C00134,CMP004,Email,2025-09-02 00:00:00,20,False,False,False,Treatment,0.01
M0001091,C00135,CMP023,Affiliate,2025-09-12 00:00:00,0,True,False,False,Treatment,1.5
M0001092,C00135,CMP005,Push,2024-11-18 00:00:00,0,False,False,False,Treatment,0.005
M0001093,C00135,CMP023,Paid Social,2026-04-19 00:00:00,0,False,False,False,Treatment,0.85
M0001094,C00135,CMP006,Paid Search,2025-07-20 00:00:00,25,True,True,False,Treatment,1.2
M0001095,C00135,CMP001,Push,2024-10-21 00:00:00,25,True,True,True,Treatment,0.005
M0001096,C00135,CMP006,Paid Social,2025-02-08 00:00:00,20,True,False,False,Treatment,0.85
M0001097,C00135,CMP023,Paid Search,2025-05-28 00:00:00,15,True,False,False,Control,1.2
M0001098,C00135,CMP013,Push,2025-09-07 00:00:00,20,False,False,False,Treatment,0.005
M0001099,C00135,CMP009,Paid Social,2026-02-07 00:00:00,25,True,True,False,Treatment,0.85
M0001100,C00136,CMP020,Paid Social,2026-04-06 00:00:00,20,True,False,False,Control,0.85
M0001101,C00136,CMP009,Affiliate,2026-03-22 00:00:00,5,False,False,False,Treatment,1.5
M0001102,C00136,CMP013,Email,2025-11-04 00:00:00,0,False,False,False,Treatment,0.01
M0001103,C00136,CMP024,Paid Social,2025-11-29 00:00:00,5,True,False,False,Control,0.85
M0001104,C00136,CMP016,Paid Social,2026-03-04 00:00:00,5,False,False,False,Treatment,0.85
M0001105,C00136,CMP022,Paid Social,2025-11-09 00:00:00,10,True,True,False,Treatment,0.85
M0001106,C00136,CMP007,Direct Mail,2026-03-28 00:00:00,15,False,False,False,Treatment,0.72
M0001107,C00136,CMP017,Direct Mail,2025-11-01 00:00:00,10,False,False,False,Treatment,0.72
M0001108,C00136,CMP017,Paid Social,2025-12-21 00:00:00,5,True,False,False,Control,0.85
M0001109,C00136,CMP011,Affiliate,2025-11-08 00:00:00,0,False,False,False,Treatment,1.5
M0001110,C00137,CMP010,Paid Social,2024-12-25 00:00:00,20,True,False,False,Control,0.85
M0001111,C00137,CMP009,Direct Mail,2025-01-09 00:00:00,25,False,False,False,Treatment,0.72
M0001112,C00137,CMP009,Paid Search,2025-05-21 00:00:00,20,True,True,False,Treatment,1.2
M0001113,C00137,CMP021,Paid Social,2025-12-29 00:00:00,20,False,False,False,Treatment,0.85
M0001114,C00137,CMP009,Direct Mail,2025-07-17 00:00:00,25,False,False,False,Treatment,0.72
M0001115,C00137,CMP007,Direct Mail,2025-05-06 00:00:00,20,False,False,False,Treatment,0.72
M0001116,C00137,CMP024,Paid Search,2026-03-12 00:00:00,10,True,False,False,Control,1.2
M0001117,C00137,CMP019,Push,2025-07-24 00:00:00,15,False,False,False,Treatment,0.005
M0001118,C00137,CMP008,Direct Mail,2025-02-16 00:00:00,20,False,False,True,Treatment,0.72
M0001119,C00138,CMP002,Paid Search,2026-03-02 00:00:00,10,False,False,False,Treatment,1.2
M0001120,C00138,CMP006,Paid Search,2026-01-18 00:00:00,15,False,False,False,Treatment,1.2
M0001121,C00138,CMP003,Email,2026-01-21 00:00:00,15,True,True,False,Treatment,0.01
M0001122,C00138,CMP010,Affiliate,2026-03-20 00:00:00,15,False,False,False,Treatment,1.5
M0001123,C00138,CMP008,Push,2026-04-13 00:00:00,0,False,False,False,Treatment,0.005
M0001124,C00138,CMP022,Paid Search,2026-04-28 00:00:00,15,True,False,False,Treatment,1.2
M0001125,C00138,CMP011,Direct Mail,2026-06-07 00:00:00,0,False,False,False,Treatment,0.72
M0001126,C00138,CMP021,Direct Mail,2026-04-22 00:00:00,25,False,False,False,Treatment,0.72
M0001127,C00138,CMP025,Direct Mail,2025-12-11 00:00:00,25,False,False,True,Control,0.72
M0001128,C00138,CMP010,Direct Mail,2026-04-15 00:00:00,15,False,False,False,Control,0.72
M0001129,C00139,CMP021,Paid Social,2026-05-04 00:00:00,20,False,False,True,Control,0.85
M0001130,C00139,CMP016,Email,2026-01-31 00:00:00,20,False,False,False,Treatment,0.01
M0001131,C00139,CMP025,Paid Social,2025-12-29 00:00:00,5,False,False,False,Treatment,0.85
M0001132,C00139,CMP011,Direct Mail,2025-12-28 00:00:00,5,False,False,True,Treatment,0.72
M0001133,C00139,CMP008,Push,2026-01-11 00:00:00,25,False,False,True,Treatment,0.005
M0001134,C00139,CMP025,Direct Mail,2025-10-18 00:00:00,25,False,False,False,Control,0.72
M0001135,C00139,CMP004,Paid Social,2026-01-02 00:00:00,25,True,True,False,Treatment,0.85
M0001136,C00139,CMP021,Paid Search,2025-10-21 00:00:00,15,False,False,False,Control,1.2
M0001137,C00139,CMP006,Push,2026-03-23 00:00:00,0,False,False,False,Treatment,0.005
M0001138,C00139,CMP015,Push,2026-03-23 00:00:00,15,False,False,False,Treatment,0.005
M0001139,C00139,CMP010,Paid Social,2026-06-26 00:00:00,25,True,False,False,Treatment,0.85
M0001140,C00139,CMP022,Paid Social,2026-06-04 00:00:00,5,False,False,True,Treatment,0.85
M0001141,C00140,CMP004,Affiliate,2025-10-03 00:00:00,0,True,True,False,Treatment,1.5
M0001142,C00140,CMP021,Affiliate,2025-04-11 00:00:00,10,False,False,False,Treatment,1.5
M0001143,C00140,CMP021,Email,2024-10-28 00:00:00,10,True,False,False,Treatment,0.01
M0001144,C00140,CMP025,Paid Search,2025-04-01 00:00:00,0,False,False,False,Treatment,1.2
M0001145,C00140,CMP010,Push,2025-09-11 00:00:00,25,False,False,True,Control,0.005
M0001146,C00140,CMP014,Email,2024-12-13 00:00:00,0,True,False,False,Treatment,0.01
M0001147,C00140,CMP009,Email,2025-03-17 00:00:00,0,True,True,False,Treatment,0.01
M0001148,C00140,CMP012,Email,2025-01-16 00:00:00,0,True,False,False,Treatment,0.01
M0001149,C00140,CMP014,Paid Social,2025-11-26 00:00:00,15,True,True,True,Treatment,0.85
M0001150,C00140,CMP009,Direct Mail,2025-06-20 00:00:00,0,False,False,False,Treatment,0.72
M0001151,C00140,CMP024,Email,2025-06-07 00:00:00,10,True,True,True,Treatment,0.01
M0001152,C00140,CMP018,Paid Social,2025-09-30 00:00:00,10,True,True,False,Treatment,0.85
M0001153,C00141,CMP024,Email,2024-07-14 00:00:00,15,False,False,False,Treatment,0.01
M0001154,C00141,CMP002,Paid Search,2024-06-22 00:00:00,5,True,False,False,Treatment,1.2
M0001155,C00141,CMP023,Paid Social,2026-01-07 00:00:00,0,False,False,False,Control,0.85
M0001156,C00141,CMP007,Paid Search,2024-09-23 00:00:00,25,True,True,True,Treatment,1.2
M0001157,C00141,CMP018,Push,2024-05-31 00:00:00,10,True,False,False,Treatment,0.005
M0001158,C00141,CMP001,Paid Search,2025-01-23 00:00:00,25,False,False,False,Treatment,1.2
M0001159,C00141,CMP014,Direct Mail,2025-06-06 00:00:00,0,False,False,False,Treatment,0.72
M0001160,C00141,CMP014,Paid Search,2024-07-25 00:00:00,5,False,False,False,Treatment,1.2
M0001161,C00141,CMP020,Email,2026-02-02 00:00:00,20,False,False,False,Treatment,0.01
M0001162,C00141,CMP025,Email,2026-05-25 00:00:00,20,False,False,False,Treatment,0.01
M0001163,C00142,CMP006,Email,2025-04-14 00:00:00,25,True,False,False,Treatment,0.01
M0001164,C00142,CMP019,Paid Social,2026-04-13 00:00:00,0,False,False,False,Treatment,0.85
M0001165,C00142,CMP015,Direct Mail,2026-06-30 00:00:00,5,False,False,False,Control,0.72
M0001166,C00142,CMP019,Direct Mail,2025-05-22 00:00:00,0,False,False,False,Control,0.72
M0001167,C00142,CMP023,Affiliate,2025-04-02 00:00:00,25,True,True,False,Treatment,1.5
M0001168,C00142,CMP018,Push,2024-08-27 00:00:00,5,True,True,False,Control,0.005
M0001169,C00142,CMP014,Direct Mail,2025-09-29 00:00:00,20,False,False,False,Control,0.72
M0001170,C00142,CMP025,Email,2026-01-25 00:00:00,0,False,False,False,Treatment,0.01
M0001171,C00142,CMP015,Direct Mail,2026-04-29 00:00:00,5,False,False,False,Treatment,0.72
M0001172,C00142,CMP017,Push,2025-04-16 00:00:00,15,True,False,False,Treatment,0.005
M0001173,C00142,CMP023,Paid Social,2025-08-11 00:00:00,15,True,True,True,Control,0.85
M0001174,C00143,CMP023,Direct Mail,2025-06-10 00:00:00,10,False,False,False,Control,0.72
M0001175,C00143,CMP015,Push,2025-06-06 00:00:00,0,False,False,False,Treatment,0.005
M0001176,C00143,CMP023,Affiliate,2024-12-20 00:00:00,15,True,True,False,Treatment,1.5
M0001177,C00143,CMP011,Email,2025-04-10 00:00:00,5,True,False,False,Treatment,0.01
M0001178,C00143,CMP022,Paid Social,2025-03-17 00:00:00,15,False,False,False,Treatment,0.85
M0001179,C00143,CMP001,Affiliate,2025-12-27 00:00:00,0,True,True,False,Treatment,1.5
M0001180,C00143,CMP024,Direct Mail,2024-10-26 00:00:00,5,False,False,False,Treatment,0.72
M0001181,C00143,CMP001,Paid Social,2026-02-25 00:00:00,5,False,False,False,Treatment,0.85
M0001182,C00144,CMP019,Push,2025-10-20 00:00:00,5,False,False,False,Treatment,0.005
M0001183,C00144,CMP014,Email,2025-08-08 00:00:00,25,True,False,False,Treatment,0.01
M0001184,C00144,CMP002,Paid Search,2025-08-02 00:00:00,25,True,False,True,Treatment,1.2
M0001185,C00144,CMP002,Affiliate,2024-10-12 00:00:00,20,True,False,False,Treatment,1.5
M0001186,C00144,CMP012,Affiliate,2026-04-15 00:00:00,10,False,False,False,Control,1.5
M0001187,C00144,CMP010,Paid Search,2025-06-17 00:00:00,20,False,False,False,Treatment,1.2
M0001188,C00144,CMP023,Paid Search,2024-12-26 00:00:00,0,True,True,False,Treatment,1.2
M0001189,C00144,CMP003,Affiliate,2026-05-31 00:00:00,0,False,False,False,Treatment,1.5
M0001190,C00144,CMP018,Affiliate,2026-05-26 00:00:00,10,True,False,False,Treatment,1.5
M0001191,C00145,CMP019,Push,2025-08-16 00:00:00,15,True,False,False,Treatment,0.005
M0001192,C00145,CMP012,Email,2025-09-25 00:00:00,15,False,False,False,Treatment,0.01
M0001193,C00145,CMP024,Paid Search,2025-08-29 00:00:00,25,True,False,False,Control,1.2
M0001194,C00145,CMP020,Paid Social,2026-01-26 00:00:00,5,True,False,False,Treatment,0.85
M0001195,C00145,CMP007,Push,2026-05-11 00:00:00,15,False,False,True,Control,0.005
M0001196,C00145,CMP012,Push,2025-09-08 00:00:00,15,True,True,False,Control,0.005
M0001197,C00145,CMP011,Paid Search,2026-04-07 00:00:00,10,False,False,False,Treatment,1.2
M0001198,C00146,CMP004,Paid Search,2026-06-13 00:00:00,15,True,False,True,Treatment,1.2
M0001199,C00146,CMP018,Affiliate,2026-05-26 00:00:00,0,True,False,False,Treatment,1.5
M0001200,C00146,CMP008,Email,2025-10-05 00:00:00,0,True,False,False,Treatment,0.01
M0001201,C00146,CMP012,Paid Social,2025-11-22 00:00:00,0,True,False,False,Treatment,0.85
M0001202,C00146,CMP013,Affiliate,2026-06-27 00:00:00,10,False,False,False,Treatment,1.5
M0001203,C00146,CMP020,Paid Social,2025-10-13 00:00:00,10,False,False,False,Treatment,0.85
M0001204,C00146,CMP014,Affiliate,2026-01-26 00:00:00,15,True,False,False,Control,1.5
M0001205,C00146,CMP015,Push,2025-12-15 00:00:00,15,False,False,False,Treatment,0.005
M0001206,C00146,CMP013,Email,2025-11-26 00:00:00,0,True,False,False,Treatment,0.01
M0001207,C00147,CMP023,Paid Social,2026-01-20 00:00:00,5,True,False,False,Treatment,0.85
M0001208,C00147,CMP020,Paid Social,2026-01-28 00:00:00,15,False,False,False,Treatment,0.85
M0001209,C00147,CMP012,Push,2025-12-08 00:00:00,15,False,False,False,Treatment,0.005
M0001210,C00147,CMP010,Email,2026-06-25 00:00:00,5,False,False,False,Treatment,0.01
M0001211,C00147,CMP008,Email,2026-03-17 00:00:00,10,False,False,False,Treatment,0.01
M0001212,C00147,CMP008,Direct Mail,2025-12-11 00:00:00,25,False,False,False,Treatment,0.72
M0001213,C00147,CMP015,Affiliate,2025-09-06 00:00:00,0,False,False,False,Treatment,1.5
M0001214,C00147,CMP023,Affiliate,2026-04-15 00:00:00,5,True,False,False,Treatment,1.5
M0001215,C00147,CMP010,Push,2025-12-27 00:00:00,0,False,False,True,Control,0.005
M0001216,C00148,CMP011,Direct Mail,2025-05-10 00:00:00,15,False,False,False,Treatment,0.72
M0001217,C00148,CMP006,Paid Search,2025-05-29 00:00:00,0,True,False,False,Treatment,1.2
M0001218,C00148,CMP017,Paid Social,2026-04-07 00:00:00,25,False,False,True,Control,0.85
M0001219,C00148,CMP017,Email,2025-09-12 00:00:00,15,True,False,False,Control,0.01
M0001220,C00148,CMP024,Affiliate,2025-10-01 00:00:00,25,False,False,False,Treatment,1.5
M0001221,C00149,CMP002,Affiliate,2025-07-05 00:00:00,10,False,False,False,Treatment,1.5
M0001222,C00149,CMP001,Direct Mail,2025-09-27 00:00:00,10,False,False,False,Treatment,0.72
M0001223,C00149,CMP013,Paid Social,2026-06-10 00:00:00,5,True,False,False,Control,0.85
M0001224,C00149,CMP009,Affiliate,2025-12-28 00:00:00,20,False,False,False,Treatment,1.5
M0001225,C00149,CMP013,Paid Social,2026-05-21 00:00:00,5,False,False,False,Treatment,0.85
M0001226,C00150,CMP003,Push,2025-10-13 00:00:00,25,False,False,False,Treatment,0.005
M0001227,C00150,CMP004,Email,2025-10-01 00:00:00,20,True,False,False,Treatment,0.01
M0001228,C00150,CMP017,Direct Mail,2025-11-16 00:00:00,20,False,False,False,Treatment,0.72
M0001229,C00150,CMP008,Email,2025-07-01 00:00:00,25,True,False,False,Control,0.01
M0001230,C00150,CMP021,Paid Search,2025-11-08 00:00:00,5,True,False,False,Treatment,1.2
M0001231,C00150,CMP025,Paid Search,2025-12-14 00:00:00,20,False,False,False,Treatment,1.2
M0001232,C00150,CMP012,Email,2026-03-13 00:00:00,25,True,False,False,Treatment,0.01
M0001233,C00150,CMP022,Push,2025-11-24 00:00:00,5,True,True,False,Treatment,0.005
M0001234,C00150,CMP011,Email,2026-06-19 00:00:00,15,True,False,False,Treatment,0.01
M0001235,C00150,CMP021,Push,2025-12-01 00:00:00,10,False,False,False,Treatment,0.005
M0001236,C00151,CMP013,Paid Social,2025-05-04 00:00:00,5,False,False,False,Treatment,0.85
M0001237,C00151,CMP025,Paid Search,2025-03-25 00:00:00,0,False,False,False,Treatment,1.2
M0001238,C00151,CMP011,Direct Mail,2025-12-09 00:00:00,5,False,False,False,Treatment,0.72
M0001239,C00151,CMP025,Direct Mail,2024-11-25 00:00:00,10,False,False,False,Treatment,0.72
M0001240,C00151,CMP014,Direct Mail,2025-02-28 00:00:00,10,False,False,False,Treatment,0.72
M0001241,C00151,CMP022,Email,2025-09-06 00:00:00,5,False,False,False,Treatment,0.01
M0001242,C00151,CMP013,Paid Social,2026-02-10 00:00:00,0,True,False,False,Treatment,0.85
M0001243,C00151,CMP020,Direct Mail,2026-02-07 00:00:00,10,False,False,False,Treatment,0.72
M0001244,C00151,CMP024,Direct Mail,2024-10-17 00:00:00,0,False,False,False,Treatment,0.72
M0001245,C00152,CMP022,Paid Social,2024-12-09 00:00:00,5,False,False,False,Treatment,0.85
M0001246,C00152,CMP015,Direct Mail,2025-09-14 00:00:00,15,False,False,False,Treatment,0.72
M0001247,C00152,CMP009,Affiliate,2025-10-10 00:00:00,15,False,False,False,Treatment,1.5
M0001248,C00153,CMP022,Email,2026-05-15 00:00:00,5,True,True,False,Control,0.01
M0001249,C00153,CMP012,Affiliate,2025-05-28 00:00:00,5,False,False,False,Treatment,1.5
M0001250,C00153,CMP012,Paid Search,2026-04-04 00:00:00,25,True,True,False,Treatment,1.2
M0001251,C00153,CMP009,Paid Search,2026-04-28 00:00:00,10,False,False,False,Treatment,1.2
M0001252,C00153,CMP019,Affiliate,2025-11-26 00:00:00,20,False,False,False,Treatment,1.5
M0001253,C00153,CMP022,Paid Search,2026-04-22 00:00:00,10,False,False,False,Treatment,1.2
M0001254,C00153,CMP002,Push,2025-07-10 00:00:00,20,False,False,False,Treatment,0.005
M0001255,C00153,CMP023,Paid Social,2025-10-11 00:00:00,10,False,False,False,Treatment,0.85
M0001256,C00153,CMP013,Email,2025-01-29 00:00:00,25,False,False,False,Treatment,0.01
M0001257,C00153,CMP024,Paid Social,2025-07-05 00:00:00,20,True,False,False,Treatment,0.85
M0001258,C00154,CMP009,Paid Social,2025-08-12 00:00:00,25,True,False,False,Treatment,0.85
M0001259,C00154,CMP022,Paid Search,2025-12-23 00:00:00,20,True,True,False,Treatment,1.2
M0001260,C00154,CMP006,Push,2026-03-03 00:00:00,10,False,False,False,Treatment,0.005
M0001261,C00154,CMP018,Push,2024-04-30 00:00:00,10,False,False,False,Treatment,0.005
M0001262,C00154,CMP013,Direct Mail,2025-01-01 00:00:00,15,False,False,False,Treatment,0.72
M0001263,C00154,CMP002,Affiliate,2025-12-01 00:00:00,20,False,False,False,Treatment,1.5
M0001264,C00154,CMP006,Paid Social,2025-06-04 00:00:00,10,True,False,False,Treatment,0.85
M0001265,C00154,CMP015,Paid Social,2025-01-07 00:00:00,0,False,False,False,Treatment,0.85
M0001266,C00154,CMP014,Paid Social,2024-09-13 00:00:00,20,False,False,False,Treatment,0.85
M0001267,C00154,CMP003,Push,2025-04-16 00:00:00,15,True,False,False,Treatment,0.005
M0001268,C00154,CMP010,Direct Mail,2025-08-21 00:00:00,15,False,False,False,Treatment,0.72
M0001269,C00154,CMP004,Push,2025-12-14 00:00:00,20,False,False,False,Treatment,0.005
M0001270,C00154,CMP010,Direct Mail,2025-04-28 00:00:00,0,False,False,False,Treatment,0.72
M0001271,C00155,CMP024,Paid Social,2026-05-23 00:00:00,15,False,False,False,Treatment,0.85
M0001272,C00155,CMP005,Push,2025-12-24 00:00:00,25,True,False,False,Treatment,0.005
M0001273,C00155,CMP002,Direct Mail,2026-05-10 00:00:00,20,False,False,False,Control,0.72
M0001274,C00155,CMP022,Email,2026-06-05 00:00:00,25,True,False,False,Treatment,0.01
M0001275,C00155,CMP007,Affiliate,2026-06-07 00:00:00,10,True,False,False,Control,1.5
M0001276,C00155,CMP007,Affiliate,2025-12-31 00:00:00,0,True,False,False,Treatment,1.5
M0001277,C00155,CMP009,Push,2025-11-19 00:00:00,5,False,False,False,Treatment,0.005
M0001278,C00156,CMP012,Paid Social,2026-04-15 00:00:00,0,False,False,False,Control,0.85
M0001279,C00156,CMP019,Push,2026-06-13 00:00:00,0,False,False,False,Treatment,0.005
M0001280,C00156,CMP001,Email,2026-05-25 00:00:00,0,False,False,False,Treatment,0.01
M0001281,C00157,CMP013,Affiliate,2026-01-08 00:00:00,5,True,False,False,Control,1.5
M0001282,C00157,CMP006,Paid Search,2024-12-25 00:00:00,15,True,True,False,Treatment,1.2
M0001283,C00157,CMP024,Push,2024-03-04 00:00:00,5,False,False,False,Treatment,0.005
M0001284,C00157,CMP006,Direct Mail,2024-08-22 00:00:00,0,False,False,True,Treatment,0.72
M0001285,C00157,CMP025,Direct Mail,2024-12-28 00:00:00,15,False,False,False,Control,0.72
M0001286,C00158,CMP025,Paid Search,2024-10-11 00:00:00,10,True,False,False,Control,1.2
M0001287,C00158,CMP014,Paid Social,2025-11-04 00:00:00,15,True,True,True,Treatment,0.85
M0001288,C00158,CMP007,Paid Search,2024-12-08 00:00:00,0,True,True,False,Treatment,1.2
M0001289,C00158,CMP016,Paid Social,2025-08-16 00:00:00,5,False,False,False,Treatment,0.85
M0001290,C00158,CMP014,Direct Mail,2026-01-11 00:00:00,5,False,False,False,Treatment,0.72
M0001291,C00158,CMP019,Paid Search,2026-05-11 00:00:00,10,False,False,False,Treatment,1.2
M0001292,C00158,CMP014,Email,2024-11-29 00:00:00,5,True,False,False,Control,0.01
M0001293,C00158,CMP009,Affiliate,2025-02-15 00:00:00,25,True,True,False,Treatment,1.5
M0001294,C00158,CMP003,Paid Search,2026-03-19 00:00:00,5,True,False,False,Treatment,1.2
M0001295,C00158,CMP021,Paid Search,2025-01-28 00:00:00,25,True,False,False,Treatment,1.2
M0001296,C00158,CMP019,Affiliate,2025-10-17 00:00:00,5,True,False,True,Treatment,1.5
M0001297,C00159,CMP019,Email,2025-12-02 00:00:00,20,True,True,False,Treatment,0.01
M0001298,C00159,CMP002,Affiliate,2026-01-09 00:00:00,20,False,False,False,Treatment,1.5
M0001299,C00159,CMP020,Direct Mail,2025-10-04 00:00:00,25,False,False,False,Treatment,0.72
M0001300,C00159,CMP025,Paid Social,2026-03-04 00:00:00,0,False,False,False,Treatment,0.85
M0001301,C00159,CMP001,Affiliate,2026-04-19 00:00:00,10,True,True,False,Treatment,1.5
M0001302,C00159,CMP014,Direct Mail,2026-03-19 00:00:00,25,False,False,False,Treatment,0.72
M0001303,C00159,CMP009,Direct Mail,2025-11-12 00:00:00,5,False,False,False,Treatment,0.72
M0001304,C00160,CMP004,Paid Social,2025-06-20 00:00:00,10,True,False,False,Treatment,0.85
M0001305,C00160,CMP011,Email,2025-04-13 00:00:00,10,False,False,False,Treatment,0.01
M0001306,C00160,CMP019,Direct Mail,2026-03-02 00:00:00,25,False,False,False,Treatment,0.72
M0001307,C00160,CMP020,Paid Social,2026-02-01 00:00:00,0,False,False,False,Treatment,0.85
M0001308,C00160,CMP003,Affiliate,2025-03-13 00:00:00,5,False,False,False,Treatment,1.5
M0001309,C00160,CMP012,Paid Search,2025-09-18 00:00:00,20,False,False,False,Control,1.2
M0001310,C00161,CMP003,Paid Social,2026-06-26 00:00:00,0,True,False,False,Treatment,0.85
M0001311,C00161,CMP024,Email,2026-04-19 00:00:00,25,True,True,False,Treatment,0.01
M0001312,C00161,CMP007,Paid Social,2026-05-15 00:00:00,10,True,False,False,Treatment,0.85
M0001313,C00161,CMP004,Paid Social,2026-05-11 00:00:00,20,True,True,False,Treatment,0.85
M0001314,C00161,CMP006,Push,2026-03-02 00:00:00,0,False,False,False,Treatment,0.005
M0001315,C00161,CMP018,Paid Social,2026-03-05 00:00:00,10,False,False,False,Treatment,0.85
M0001316,C00161,CMP018,Direct Mail,2026-04-29 00:00:00,25,False,False,False,Treatment,0.72
M0001317,C00162,CMP018,Affiliate,2025-08-19 00:00:00,10,False,False,False,Control,1.5
M0001318,C00162,CMP024,Paid Search,2025-09-19 00:00:00,25,True,False,False,Treatment,1.2
M0001319,C00162,CMP025,Email,2025-08-01 00:00:00,25,False,False,False,Treatment,0.01
M0001320,C00162,CMP019,Email,2025-08-08 00:00:00,5,True,False,False,Treatment,0.01
M0001321,C00162,CMP013,Push,2024-10-17 00:00:00,20,False,False,False,Treatment,0.005
M0001322,C00162,CMP005,Paid Social,2025-11-29 00:00:00,25,True,True,False,Treatment,0.85
M0001323,C00162,CMP023,Paid Search,2026-03-19 00:00:00,15,False,False,False,Treatment,1.2
M0001324,C00162,CMP017,Affiliate,2025-04-27 00:00:00,0,True,False,False,Treatment,1.5
M0001325,C00162,CMP018,Affiliate,2026-04-12 00:00:00,10,False,False,False,Treatment,1.5
M0001326,C00162,CMP018,Paid Social,2025-09-13 00:00:00,5,False,False,False,Treatment,0.85
M0001327,C00162,CMP012,Email,2026-02-17 00:00:00,0,True,False,False,Control,0.01
M0001328,C00163,CMP007,Direct Mail,2026-05-01 00:00:00,10,False,False,False,Treatment,0.72
M0001329,C00163,CMP007,Paid Search,2026-03-14 00:00:00,20,False,False,False,Treatment,1.2
M0001330,C00163,CMP021,Direct Mail,2025-11-23 00:00:00,20,False,False,False,Treatment,0.72
M0001331,C00163,CMP023,Email,2026-01-27 00:00:00,20,True,False,False,Treatment,0.01
M0001332,C00163,CMP009,Email,2026-02-24 00:00:00,0,False,False,True,Treatment,0.01
M0001333,C00163,CMP025,Paid Search,2026-02-17 00:00:00,0,False,False,False,Control,1.2
M0001334,C00163,CMP017,Direct Mail,2025-12-22 00:00:00,5,False,False,False,Control,0.72
M0001335,C00163,CMP011,Direct Mail,2025-11-20 00:00:00,20,False,False,False,Treatment,0.72
M0001336,C00164,CMP012,Push,2025-01-09 00:00:00,15,False,False,False,Treatment,0.005
M0001337,C00164,CMP025,Paid Search,2024-11-14 00:00:00,25,True,True,False,Treatment,1.2
M0001338,C00164,CMP002,Affiliate,2025-09-09 00:00:00,0,False,False,False,Treatment,1.5
M0001339,C00164,CMP014,Push,2025-12-18 00:00:00,10,True,True,True,Treatment,0.005
M0001340,C00165,CMP024,Push,2025-12-31 00:00:00,0,True,False,False,Treatment,0.005
M0001341,C00165,CMP005,Push,2026-05-04 00:00:00,15,False,False,False,Treatment,0.005
M0001342,C00165,CMP003,Paid Social,2026-06-04 00:00:00,20,False,False,False,Control,0.85
M0001343,C00165,CMP003,Direct Mail,2026-06-18 00:00:00,0,False,False,True,Treatment,0.72
M0001344,C00165,CMP015,Push,2025-07-27 00:00:00,0,False,False,False,Treatment,0.005
M0001345,C00165,CMP021,Paid Search,2025-10-24 00:00:00,25,False,False,False,Treatment,1.2
M0001346,C00165,CMP010,Push,2025-08-15 00:00:00,5,True,False,False,Treatment,0.005
M0001347,C00165,CMP001,Paid Search,2025-08-13 00:00:00,5,True,False,False,Treatment,1.2
M0001348,C00165,CMP011,Direct Mail,2025-08-25 00:00:00,20,False,False,False,Control,0.72
M0001349,C00165,CMP021,Direct Mail,2025-12-30 00:00:00,25,False,False,False,Treatment,0.72
M0001350,C00165,CMP006,Affiliate,2026-04-20 00:00:00,25,True,False,False,Treatment,1.5
M0001351,C00165,CMP016,Paid Social,2025-05-17 00:00:00,10,True,False,False,Treatment,0.85
M0001352,C00165,CMP015,Direct Mail,2025-04-25 00:00:00,20,False,False,False,Treatment,0.72
M0001353,C00165,CMP012,Email,2025-06-13 00:00:00,10,False,False,False,Treatment,0.01
M0001354,C00166,CMP011,Affiliate,2026-06-03 00:00:00,0,True,False,False,Treatment,1.5
M0001355,C00166,CMP014,Affiliate,2025-08-03 00:00:00,10,True,False,False,Treatment,1.5
M0001356,C00166,CMP010,Paid Search,2026-01-11 00:00:00,5,True,True,True,Treatment,1.2
M0001357,C00166,CMP002,Affiliate,2026-03-29 00:00:00,5,True,False,False,Treatment,1.5
M0001358,C00166,CMP006,Push,2025-03-08 00:00:00,25,False,False,False,Treatment,0.005
M0001359,C00166,CMP005,Email,2026-03-28 00:00:00,5,False,False,False,Treatment,0.01
M0001360,C00166,CMP008,Paid Search,2026-01-11 00:00:00,20,False,False,False,Treatment,1.2
M0001361,C00166,CMP005,Paid Social,2025-08-29 00:00:00,0,True,False,False,Treatment,0.85
M0001362,C00166,CMP014,Push,2025-03-30 00:00:00,5,True,True,True,Treatment,0.005
M0001363,C00166,CMP022,Push,2025-08-01 00:00:00,25,True,True,False,Control,0.005
M0001364,C00166,CMP016,Paid Search,2025-03-11 00:00:00,5,True,False,False,Control,1.2
M0001365,C00166,CMP024,Direct Mail,2025-03-09 00:00:00,5,False,False,False,Treatment,0.72
M0001366,C00167,CMP012,Affiliate,2026-05-19 00:00:00,15,True,False,False,Treatment,1.5
M0001367,C00167,CMP007,Direct Mail,2026-04-30 00:00:00,10,False,False,False,Treatment,0.72
M0001368,C00167,CMP020,Direct Mail,2026-05-06 00:00:00,15,False,False,False,Treatment,0.72
M0001369,C00167,CMP007,Push,2026-05-08 00:00:00,25,False,False,False,Treatment,0.005
M0001370,C00167,CMP004,Email,2026-06-05 00:00:00,15,False,False,False,Treatment,0.01
M0001371,C00167,CMP005,Paid Social,2026-02-10 00:00:00,10,True,False,False,Treatment,0.85
M0001372,C00168,CMP001,Push,2024-05-27 00:00:00,15,False,False,False,Treatment,0.005
M0001373,C00168,CMP024,Push,2024-08-13 00:00:00,10,False,False,False,Treatment,0.005
M0001374,C00168,CMP018,Direct Mail,2026-01-14 00:00:00,5,False,False,False,Treatment,0.72
M0001375,C00168,CMP013,Push,2025-01-26 00:00:00,0,True,False,False,Treatment,0.005
M0001376,C00168,CMP010,Direct Mail,2025-12-17 00:00:00,15,False,False,False,Control,0.72
M0001377,C00168,CMP020,Affiliate,2025-05-18 00:00:00,15,False,False,False,Control,1.5
M0001378,C00168,CMP003,Direct Mail,2026-06-25 00:00:00,20,False,False,False,Treatment,0.72
M0001379,C00168,CMP019,Paid Search,2024-07-19 00:00:00,15,False,False,False,Treatment,1.2
M0001380,C00169,CMP013,Affiliate,2026-01-19 00:00:00,10,True,True,True,Control,1.5
M0001381,C00169,CMP010,Paid Search,2025-11-12 00:00:00,20,False,False,False,Treatment,1.2
M0001382,C00169,CMP012,Paid Social,2025-08-06 00:00:00,25,True,True,False,Control,0.85
M0001383,C00169,CMP023,Direct Mail,2026-06-22 00:00:00,0,False,False,False,Treatment,0.72
M0001384,C00169,CMP021,Email,2025-03-15 00:00:00,15,False,False,False,Treatment,0.01
M0001385,C00169,CMP020,Email,2025-02-26 00:00:00,10,True,False,False,Treatment,0.01
M0001386,C00169,CMP007,Paid Search,2025-10-16 00:00:00,15,False,False,False,Treatment,1.2
M0001387,C00169,CMP024,Email,2026-03-21 00:00:00,15,True,False,False,Treatment,0.01
M0001388,C00169,CMP016,Affiliate,2025-05-09 00:00:00,20,True,False,False,Treatment,1.5
M0001389,C00169,CMP014,Paid Search,2025-08-20 00:00:00,15,False,False,False,Treatment,1.2
M0001390,C00170,CMP005,Direct Mail,2026-03-10 00:00:00,10,False,False,False,Treatment,0.72
M0001391,C00170,CMP021,Direct Mail,2025-10-16 00:00:00,5,False,False,False,Treatment,0.72
M0001392,C00170,CMP004,Affiliate,2026-03-09 00:00:00,10,True,False,False,Treatment,1.5
M0001393,C00170,CMP022,Paid Search,2025-12-06 00:00:00,25,False,False,False,Treatment,1.2
M0001394,C00170,CMP020,Direct Mail,2026-02-06 00:00:00,0,False,False,False,Treatment,0.72
M0001395,C00170,CMP010,Paid Social,2025-07-19 00:00:00,25,False,False,True,Treatment,0.85
M0001396,C00170,CMP003,Paid Search,2025-12-26 00:00:00,0,False,False,False,Treatment,1.2
M0001397,C00170,CMP004,Paid Search,2025-08-10 00:00:00,10,True,False,False,Treatment,1.2
M0001398,C00170,CMP015,Direct Mail,2026-04-08 00:00:00,20,False,False,False,Treatment,0.72
M0001399,C00171,CMP004,Direct Mail,2025-05-02 00:00:00,25,False,False,False,Treatment,0.72
M0001400,C00171,CMP011,Direct Mail,2025-03-08 00:00:00,20,False,False,False,Treatment,0.72
M0001401,C00171,CMP015,Paid Social,2026-03-13 00:00:00,25,True,True,False,Treatment,0.85
M0001402,C00171,CMP001,Direct Mail,2025-10-16 00:00:00,5,False,False,False,Treatment,0.72
M0001403,C00171,CMP015,Paid Search,2024-07-08 00:00:00,20,True,False,False,Treatment,1.2
M0001404,C00171,CMP009,Push,2025-04-30 00:00:00,25,False,False,False,Treatment,0.005
M0001405,C00171,CMP015,Email,2025-07-20 00:00:00,15,False,False,False,Treatment,0.01
M0001406,C00171,CMP024,Email,2024-06-20 00:00:00,5,False,False,False,Treatment,0.01
M0001407,C00172,CMP006,Direct Mail,2025-12-29 00:00:00,20,False,False,False,Treatment,0.72
M0001408,C00172,CMP019,Paid Social,2024-11-26 00:00:00,0,False,False,False,Treatment,0.85
M0001409,C00172,CMP011,Direct Mail,2025-03-21 00:00:00,25,False,False,False,Control,0.72
M0001410,C00172,CMP019,Paid Search,2026-05-11 00:00:00,5,True,False,False,Control,1.2
M0001411,C00172,CMP022,Email,2025-02-06 00:00:00,0,False,False,False,Treatment,0.01
M0001412,C00172,CMP010,Affiliate,2026-05-29 00:00:00,15,False,False,False,Treatment,1.5
M0001413,C00172,CMP015,Push,2026-01-20 00:00:00,10,True,True,True,Treatment,0.005
M0001414,C00172,CMP014,Paid Social,2025-12-15 00:00:00,5,False,False,False,Treatment,0.85
M0001415,C00172,CMP007,Paid Social,2026-05-14 00:00:00,10,True,True,False,Treatment,0.85
M0001416,C00173,CMP015,Paid Search,2025-12-15 00:00:00,0,True,False,False,Treatment,1.2
M0001417,C00173,CMP020,Affiliate,2026-01-09 00:00:00,20,False,False,False,Control,1.5
M0001418,C00173,CMP024,Affiliate,2026-04-12 00:00:00,10,True,False,False,Treatment,1.5
M0001419,C00173,CMP022,Paid Social,2025-12-25 00:00:00,25,False,False,False,Control,0.85
M0001420,C00173,CMP004,Push,2026-03-29 00:00:00,20,False,False,True,Treatment,0.005
M0001421,C00173,CMP019,Email,2026-01-25 00:00:00,5,False,False,False,Treatment,0.01
M0001422,C00173,CMP015,Affiliate,2026-01-26 00:00:00,5,True,False,False,Treatment,1.5
M0001423,C00173,CMP008,Paid Search,2025-12-15 00:00:00,0,True,False,False,Treatment,1.2
M0001424,C00174,CMP009,Paid Search,2025-02-22 00:00:00,20,False,False,False,Treatment,1.2
M0001425,C00174,CMP004,Email,2025-03-09 00:00:00,25,False,False,False,Treatment,0.01
M0001426,C00174,CMP007,Paid Search,2026-06-28 00:00:00,15,True,False,False,Treatment,1.2
M0001427,C00174,CMP003,Paid Social,2026-01-02 00:00:00,10,True,True,False,Treatment,0.85
M0001428,C00174,CMP022,Direct Mail,2026-02-14 00:00:00,0,False,False,False,Treatment,0.72
M0001429,C00174,CMP021,Push,2024-07-18 00:00:00,15,False,False,False,Treatment,0.005
M0001430,C00174,CMP009,Paid Search,2025-06-07 00:00:00,0,True,False,False,Treatment,1.2
M0001431,C00174,CMP002,Email,2025-09-16 00:00:00,15,True,False,False,Treatment,0.01
M0001432,C00174,CMP015,Paid Search,2024-12-24 00:00:00,5,True,False,False,Treatment,1.2
M0001433,C00175,CMP018,Paid Search,2026-06-01 00:00:00,15,False,False,True,Treatment,1.2
M0001434,C00175,CMP013,Email,2026-03-14 00:00:00,15,True,False,False,Treatment,0.01
M0001435,C00175,CMP025,Push,2026-01-27 00:00:00,15,False,False,False,Treatment,0.005
M0001436,C00175,CMP022,Affiliate,2026-04-17 00:00:00,20,True,True,False,Treatment,1.5
M0001437,C00175,CMP025,Email,2026-05-10 00:00:00,10,False,False,False,Treatment,0.01
M0001438,C00175,CMP003,Push,2026-05-17 00:00:00,5,False,False,False,Treatment,0.005
M0001439,C00175,CMP013,Paid Social,2026-03-07 00:00:00,15,False,False,False,Treatment,0.85
M0001440,C00175,CMP017,Push,2026-04-16 00:00:00,10,True,False,False,Control,0.005
M0001441,C00175,CMP007,Paid Social,2026-02-11 00:00:00,15,False,False,False,Treatment,0.85
M0001442,C00176,CMP007,Paid Search,2026-05-09 00:00:00,5,True,True,False,Treatment,1.2
M0001443,C00176,CMP014,Email,2026-04-11 00:00:00,5,True,False,False,Treatment,0.01
M0001444,C00176,CMP001,Direct Mail,2025-07-26 00:00:00,20,False,False,True,Treatment,0.72
M0001445,C00176,CMP005,Paid Social,2025-07-13 00:00:00,0,True,True,False,Treatment,0.85
M0001446,C00176,CMP009,Email,2025-07-08 00:00:00,25,True,False,False,Treatment,0.01
M0001447,C00176,CMP003,Affiliate,2024-07-05 00:00:00,5,True,True,False,Treatment,1.5
M0001448,C00176,CMP016,Email,2026-05-29 00:00:00,15,True,False,False,Treatment,0.01
M0001449,C00176,CMP023,Affiliate,2025-02-18 00:00:00,15,True,True,False,Treatment,1.5
M0001450,C00176,CMP005,Affiliate,2025-04-11 00:00:00,15,True,True,False,Treatment,1.5
M0001451,C00176,CMP025,Paid Social,2025-03-09 00:00:00,20,False,False,False,Treatment,0.85
M0001452,C00177,CMP020,Email,2026-04-29 00:00:00,20,False,False,False,Treatment,0.01
M0001453,C00177,CMP022,Direct Mail,2026-06-27 00:00:00,15,False,False,False,Treatment,0.72
M0001454,C00177,CMP018,Affiliate,2026-06-06 00:00:00,0,False,False,False,Treatment,1.5
M0001455,C00177,CMP006,Email,2025-12-21 00:00:00,5,False,False,False,Treatment,0.01
M0001456,C00177,CMP009,Paid Search,2025-12-24 00:00:00,15,True,True,False,Treatment,1.2
M0001457,C00177,CMP023,Push,2026-04-16 00:00:00,25,False,False,False,Treatment,0.005
M0001458,C00178,CMP011,Push,2026-03-28 00:00:00,10,True,False,False,Treatment,0.005
M0001459,C00178,CMP006,Paid Social,2026-03-05 00:00:00,20,False,False,False,Treatment,0.85
M0001460,C00178,CMP013,Paid Search,2026-06-02 00:00:00,0,False,False,False,Treatment,1.2
M0001461,C00178,CMP011,Paid Social,2026-02-26 00:00:00,10,True,False,False,Control,0.85
M0001462,C00178,CMP001,Push,2026-04-07 00:00:00,15,False,False,False,Control,0.005
M0001463,C00179,CMP010,Push,2025-11-25 00:00:00,15,False,False,False,Control,0.005
M0001464,C00179,CMP007,Email,2026-02-13 00:00:00,0,False,False,False,Control,0.01
M0001465,C00179,CMP007,Direct Mail,2025-08-20 00:00:00,0,False,False,False,Treatment,0.72
M0001466,C00179,CMP013,Affiliate,2025-08-12 00:00:00,20,False,False,False,Treatment,1.5
M0001467,C00179,CMP023,Email,2025-12-16 00:00:00,5,False,False,False,Treatment,0.01
M0001468,C00179,CMP015,Paid Search,2026-02-28 00:00:00,0,False,False,False,Control,1.2
M0001469,C00179,CMP020,Direct Mail,2026-01-14 00:00:00,10,False,False,False,Control,0.72
M0001470,C00179,CMP014,Email,2026-04-06 00:00:00,20,False,False,False,Treatment,0.01
M0001471,C00179,CMP009,Email,2026-01-06 00:00:00,5,False,False,False,Control,0.01
M0001472,C00179,CMP012,Direct Mail,2026-04-01 00:00:00,20,False,False,False,Treatment,0.72
M0001473,C00179,CMP007,Push,2025-11-08 00:00:00,0,False,False,False,Control,0.005
M0001474,C00180,CMP007,Push,2026-04-03 00:00:00,15,True,True,False,Treatment,0.005
M0001475,C00180,CMP005,Paid Social,2026-05-28 00:00:00,25,False,False,False,Treatment,0.85
M0001476,C00180,CMP004,Push,2026-02-23 00:00:00,5,False,False,False,Treatment,0.005
M0001477,C00180,CMP022,Paid Social,2026-06-29 00:00:00,25,True,False,False,Treatment,0.85
M0001478,C00180,CMP022,Paid Search,2026-03-29 00:00:00,10,True,True,True,Treatment,1.2
M0001479,C00180,CMP007,Affiliate,2026-05-02 00:00:00,0,True,False,False,Treatment,1.5
M0001480,C00180,CMP003,Email,2026-05-30 00:00:00,25,True,True,False,Control,0.01
M0001481,C00180,CMP022,Direct Mail,2026-04-20 00:00:00,15,False,False,False,Treatment,0.72
M0001482,C00181,CMP013,Email,2026-02-11 00:00:00,25,False,False,False,Treatment,0.01
M0001483,C00181,CMP009,Paid Search,2025-10-09 00:00:00,25,True,False,False,Control,1.2
M0001484,C00181,CMP006,Push,2025-10-17 00:00:00,25,False,False,False,Treatment,0.005
M0001485,C00181,CMP005,Paid Social,2025-08-25 00:00:00,20,False,False,False,Treatment,0.85
M0001486,C00181,CMP021,Email,2025-09-14 00:00:00,20,False,False,False,Treatment,0.01
M0001487,C00181,CMP017,Paid Search,2025-11-08 00:00:00,25,False,False,True,Control,1.2
M0001488,C00181,CMP004,Paid Social,2025-12-25 00:00:00,20,True,False,False,Treatment,0.85
M0001489,C00182,CMP020,Paid Social,2025-05-02 00:00:00,10,False,False,False,Treatment,0.85
M0001490,C00182,CMP004,Paid Search,2025-05-24 00:00:00,25,False,False,False,Treatment,1.2
M0001491,C00182,CMP010,Email,2026-04-24 00:00:00,15,False,False,False,Treatment,0.01
M0001492,C00182,CMP008,Paid Social,2025-04-28 00:00:00,10,True,False,False,Treatment,0.85
M0001493,C00182,CMP013,Paid Social,2025-02-24 00:00:00,25,False,False,False,Treatment,0.85
M0001494,C00183,CMP003,Email,2026-04-27 00:00:00,10,False,False,False,Treatment,0.01
M0001495,C00183,CMP001,Affiliate,2026-03-27 00:00:00,20,False,False,False,Treatment,1.5
M0001496,C00183,CMP014,Affiliate,2026-01-19 00:00:00,5,False,False,False,Treatment,1.5
M0001497,C00183,CMP003,Email,2025-05-11 00:00:00,5,True,False,False,Treatment,0.01
M0001498,C00183,CMP018,Direct Mail,2025-04-05 00:00:00,15,False,False,False,Control,0.72
M0001499,C00183,CMP009,Paid Search,2026-03-26 00:00:00,20,False,False,False,Treatment,1.2
M0001500,C00183,CMP005,Email,2025-09-08 00:00:00,0,False,False,False,Treatment,0.01
M0001501,C00183,CMP011,Push,2025-12-05 00:00:00,15,False,False,False,Treatment,0.005
M0001502,C00183,CMP023,Paid Social,2025-09-10 00:00:00,15,False,False,False,Treatment,0.85
M0001503,C00183,CMP016,Email,2025-09-22 00:00:00,5,True,False,False,Treatment,0.01
M0001504,C00184,CMP019,Paid Social,2026-04-11 00:00:00,20,False,False,False,Treatment,0.85
M0001505,C00184,CMP020,Push,2026-03-20 00:00:00,25,False,False,False,Treatment,0.005
M0001506,C00184,CMP011,Paid Social,2026-03-04 00:00:00,0,False,False,False,Treatment,0.85
M0001507,C00184,CMP007,Affiliate,2026-02-23 00:00:00,5,False,False,False,Treatment,1.5
M0001508,C00184,CMP010,Paid Social,2026-06-20 00:00:00,5,False,False,False,Treatment,0.85
M0001509,C00184,CMP019,Affiliate,2026-04-14 00:00:00,25,False,False,False,Treatment,1.5
M0001510,C00184,CMP017,Paid Social,2026-06-17 00:00:00,15,False,False,False,Treatment,0.85
M0001511,C00184,CMP005,Direct Mail,2026-04-23 00:00:00,25,False,False,False,Treatment,0.72
M0001512,C00184,CMP023,Direct Mail,2026-06-27 00:00:00,10,False,False,False,Treatment,0.72
M0001513,C00185,CMP007,Email,2025-11-23 00:00:00,15,True,False,False,Control,0.01
M0001514,C00185,CMP020,Affiliate,2025-09-05 00:00:00,10,False,False,False,Treatment,1.5
M0001515,C00185,CMP025,Email,2025-09-19 00:00:00,20,True,False,False,Treatment,0.01
M0001516,C00185,CMP002,Paid Search,2026-01-18 00:00:00,5,False,False,False,Treatment,1.2
M0001517,C00185,CMP023,Paid Social,2026-03-23 00:00:00,20,False,False,False,Treatment,0.85
M0001518,C00185,CMP020,Paid Social,2025-05-15 00:00:00,25,False,False,False,Treatment,0.85
M0001519,C00185,CMP003,Email,2025-07-04 00:00:00,0,True,False,False,Treatment,0.01
M0001520,C00186,CMP015,Direct Mail,2026-02-18 00:00:00,0,False,False,False,Treatment,0.72
M0001521,C00186,CMP012,Paid Search,2025-11-27 00:00:00,20,False,False,False,Treatment,1.2
M0001522,C00186,CMP023,Paid Search,2025-09-29 00:00:00,5,True,False,False,Treatment,1.2
M0001523,C00186,CMP008,Email,2026-05-09 00:00:00,15,True,True,False,Treatment,0.01
M0001524,C00186,CMP020,Direct Mail,2026-05-02 00:00:00,15,False,False,False,Treatment,0.72
M0001525,C00186,CMP001,Direct Mail,2025-10-22 00:00:00,25,False,False,True,Treatment,0.72
M0001526,C00186,CMP006,Email,2026-03-13 00:00:00,10,False,False,True,Treatment,0.01
M0001527,C00186,CMP024,Paid Search,2026-01-07 00:00:00,15,False,False,False,Treatment,1.2
M0001528,C00186,CMP002,Direct Mail,2025-11-12 00:00:00,25,False,False,True,Treatment,0.72
M0001529,C00187,CMP007,Push,2026-05-02 00:00:00,0,False,False,False,Treatment,0.005
M0001530,C00187,CMP024,Push,2025-07-08 00:00:00,10,False,False,True,Treatment,0.005
M0001531,C00187,CMP019,Paid Search,2026-02-16 00:00:00,15,False,False,False,Treatment,1.2
M0001532,C00187,CMP020,Paid Search,2025-12-30 00:00:00,20,True,False,False,Treatment,1.2
M0001533,C00187,CMP018,Paid Social,2026-05-15 00:00:00,10,True,False,False,Treatment,0.85
M0001534,C00187,CMP021,Paid Social,2025-09-13 00:00:00,5,True,True,False,Treatment,0.85
M0001535,C00188,CMP019,Direct Mail,2025-04-02 00:00:00,15,False,False,False,Control,0.72
M0001536,C00188,CMP002,Direct Mail,2024-12-21 00:00:00,10,False,False,False,Treatment,0.72
M0001537,C00188,CMP025,Email,2025-03-20 00:00:00,0,True,True,False,Treatment,0.01
M0001538,C00188,CMP002,Direct Mail,2026-03-31 00:00:00,10,False,False,False,Treatment,0.72
M0001539,C00188,CMP010,Direct Mail,2026-03-08 00:00:00,20,False,False,False,Control,0.72
M0001540,C00188,CMP007,Paid Social,2024-09-21 00:00:00,25,False,False,False,Treatment,0.85
M0001541,C00188,CMP025,Direct Mail,2026-05-28 00:00:00,25,False,False,False,Treatment,0.72
M0001542,C00188,CMP024,Direct Mail,2024-07-05 00:00:00,15,False,False,False,Treatment,0.72
M0001543,C00189,CMP014,Affiliate,2026-06-30 00:00:00,25,True,False,True,Treatment,1.5
M0001544,C00189,CMP013,Push,2025-09-14 00:00:00,0,False,False,False,Treatment,0.005
M0001545,C00189,CMP003,Direct Mail,2025-11-21 00:00:00,20,False,False,False,Treatment,0.72
M0001546,C00189,CMP008,Email,2026-06-02 00:00:00,0,False,False,False,Control,0.01
M0001547,C00189,CMP001,Push,2025-09-02 00:00:00,20,False,False,False,Treatment,0.005
M0001548,C00189,CMP011,Direct Mail,2024-07-02 00:00:00,10,False,False,False,Treatment,0.72
M0001549,C00189,CMP022,Paid Social,2025-02-10 00:00:00,0,True,False,False,Treatment,0.85
M0001550,C00189,CMP019,Paid Social,2024-12-04 00:00:00,20,False,False,False,Control,0.85
M0001551,C00189,CMP017,Paid Social,2026-01-28 00:00:00,25,True,False,False,Treatment,0.85
M0001552,C00190,CMP003,Push,2026-03-22 00:00:00,25,True,True,False,Treatment,0.005
M0001553,C00190,CMP022,Affiliate,2025-05-13 00:00:00,25,True,False,False,Treatment,1.5
M0001554,C00190,CMP020,Push,2026-01-08 00:00:00,15,False,False,False,Treatment,0.005
M0001555,C00190,CMP023,Direct Mail,2026-02-27 00:00:00,0,False,False,True,Treatment,0.72
M0001556,C00190,CMP011,Push,2025-08-28 00:00:00,5,False,False,False,Treatment,0.005
M0001557,C00191,CMP013,Email,2026-04-12 00:00:00,25,False,False,False,Treatment,0.01
M0001558,C00191,CMP012,Affiliate,2026-03-16 00:00:00,5,False,False,False,Treatment,1.5
M0001559,C00191,CMP022,Paid Search,2026-05-10 00:00:00,0,False,False,False,Control,1.2
M0001560,C00191,CMP022,Direct Mail,2026-03-25 00:00:00,25,False,False,False,Treatment,0.72
M0001561,C00191,CMP016,Paid Search,2025-10-10 00:00:00,20,False,False,False,Treatment,1.2
M0001562,C00191,CMP018,Paid Social,2025-05-07 00:00:00,25,True,False,False,Control,0.85
M0001563,C00191,CMP004,Email,2025-12-29 00:00:00,25,False,False,False,Treatment,0.01
M0001564,C00191,CMP009,Paid Social,2025-12-22 00:00:00,5,True,False,False,Treatment,0.85
M0001565,C00191,CMP003,Affiliate,2026-03-22 00:00:00,20,False,False,False,Treatment,1.5
M0001566,C00191,CMP021,Push,2025-08-19 00:00:00,25,True,True,True,Treatment,0.005
M0001567,C00192,CMP020,Email,2025-11-06 00:00:00,20,True,True,False,Treatment,0.01
M0001568,C00192,CMP007,Paid Social,2026-04-21 00:00:00,0,True,False,False,Treatment,0.85
M0001569,C00192,CMP021,Email,2026-01-14 00:00:00,20,False,False,False,Treatment,0.01
M0001570,C00192,CMP006,Direct Mail,2025-06-05 00:00:00,0,False,False,False,Treatment,0.72
M0001571,C00192,CMP006,Paid Social,2025-10-16 00:00:00,20,False,False,False,Treatment,0.85
M0001572,C00192,CMP012,Paid Social,2025-05-14 00:00:00,5,True,True,False,Treatment,0.85
M0001573,C00193,CMP013,Affiliate,2026-04-18 00:00:00,15,False,False,False,Treatment,1.5
M0001574,C00193,CMP020,Push,2026-04-03 00:00:00,25,False,False,False,Treatment,0.005
M0001575,C00193,CMP010,Direct Mail,2026-06-23 00:00:00,20,False,False,False,Treatment,0.72
M0001576,C00193,CMP007,Paid Social,2026-01-21 00:00:00,15,True,True,False,Treatment,0.85
M0001577,C00193,CMP014,Affiliate,2026-05-19 00:00:00,5,False,False,False,Control,1.5
M0001578,C00193,CMP014,Affiliate,2026-05-22 00:00:00,10,True,False,False,Treatment,1.5
M0001579,C00193,CMP016,Direct Mail,2026-02-05 00:00:00,10,False,False,False,Treatment,0.72
M0001580,C00193,CMP002,Email,2026-01-27 00:00:00,10,False,False,False,Treatment,0.01
M0001581,C00194,CMP019,Paid Search,2026-04-08 00:00:00,0,False,False,False,Treatment,1.2
M0001582,C00194,CMP015,Affiliate,2026-02-16 00:00:00,10,True,False,False,Treatment,1.5
M0001583,C00194,CMP002,Paid Social,2025-12-02 00:00:00,15,True,False,False,Treatment,0.85
M0001584,C00195,CMP001,Direct Mail,2025-01-26 00:00:00,15,False,False,False,Treatment,0.72
M0001585,C00195,CMP002,Paid Social,2025-12-29 00:00:00,5,True,False,False,Treatment,0.85
M0001586,C00195,CMP021,Paid Social,2024-07-08 00:00:00,0,True,False,False,Treatment,0.85
M0001587,C00195,CMP011,Direct Mail,2024-04-23 00:00:00,20,False,False,False,Treatment,0.72
M0001588,C00195,CMP009,Push,2024-09-30 00:00:00,25,True,True,False,Treatment,0.005
M0001589,C00195,CMP024,Push,2025-04-21 00:00:00,15,False,False,False,Treatment,0.005
M0001590,C00196,CMP021,Affiliate,2025-08-05 00:00:00,20,False,False,False,Treatment,1.5
M0001591,C00196,CMP025,Push,2025-01-16 00:00:00,10,False,False,False,Treatment,0.005
M0001592,C00196,CMP021,Push,2026-06-13 00:00:00,20,False,False,False,Control,0.005
M0001593,C00196,CMP020,Paid Search,2025-05-29 00:00:00,25,False,False,False,Treatment,1.2
M0001594,C00196,CMP003,Direct Mail,2026-06-18 00:00:00,20,False,False,False,Treatment,0.72
M0001595,C00196,CMP023,Push,2025-09-29 00:00:00,25,False,False,False,Treatment,0.005
M0001596,C00197,CMP001,Direct Mail,2026-04-12 00:00:00,10,False,False,False,Treatment,0.72
M0001597,C00197,CMP025,Email,2024-07-29 00:00:00,15,False,False,False,Treatment,0.01
M0001598,C00197,CMP007,Email,2025-02-24 00:00:00,20,True,False,False,Treatment,0.01
M0001599,C00197,CMP002,Affiliate,2024-07-10 00:00:00,25,False,False,False,Treatment,1.5
M0001600,C00197,CMP013,Paid Search,2024-06-16 00:00:00,10,False,False,False,Treatment,1.2
M0001601,C00197,CMP002,Affiliate,2024-09-26 00:00:00,25,False,False,False,Treatment,1.5
M0001602,C00197,CMP007,Paid Search,2026-06-05 00:00:00,10,False,False,False,Treatment,1.2
M0001603,C00197,CMP003,Paid Search,2026-05-03 00:00:00,25,False,False,False,Treatment,1.2
M0001604,C00198,CMP017,Push,2025-06-17 00:00:00,10,True,False,False,Treatment,0.005
M0001605,C00198,CMP006,Paid Social,2026-05-19 00:00:00,15,True,False,False,Treatment,0.85
M0001606,C00198,CMP011,Direct Mail,2024-09-19 00:00:00,10,False,False,False,Control,0.72
M0001607,C00198,CMP025,Affiliate,2024-12-16 00:00:00,10,True,True,False,Treatment,1.5
M0001608,C00198,CMP022,Paid Social,2024-08-17 00:00:00,20,False,False,False,Control,0.85
M0001609,C00198,CMP004,Email,2025-09-30 00:00:00,15,False,False,False,Treatment,0.01
M0001610,C00198,CMP020,Email,2025-08-23 00:00:00,20,True,False,False,Treatment,0.01
M0001611,C00198,CMP016,Affiliate,2025-08-18 00:00:00,20,False,False,False,Treatment,1.5
M0001612,C00198,CMP005,Direct Mail,2024-10-17 00:00:00,15,False,False,False,Control,0.72
M0001613,C00198,CMP013,Affiliate,2025-10-14 00:00:00,0,False,False,False,Treatment,1.5
M0001614,C00198,CMP016,Affiliate,2025-04-29 00:00:00,20,True,False,False,Treatment,1.5
M0001615,C00198,CMP001,Email,2024-09-03 00:00:00,0,True,True,False,Control,0.01
M0001616,C00199,CMP011,Direct Mail,2026-04-10 00:00:00,15,False,False,False,Control,0.72
M0001617,C00199,CMP007,Push,2026-02-09 00:00:00,20,False,False,False,Treatment,0.005
M0001618,C00199,CMP016,Direct Mail,2026-05-05 00:00:00,15,False,False,False,Treatment,0.72
M0001619,C00199,CMP023,Direct Mail,2026-03-03 00:00:00,25,False,False,False,Treatment,0.72
M0001620,C00199,CMP001,Affiliate,2026-06-23 00:00:00,25,False,False,False,Treatment,1.5
M0001621,C00199,CMP023,Email,2026-03-05 00:00:00,25,False,False,False,Treatment,0.01
M0001622,C00199,CMP016,Direct Mail,2025-08-14 00:00:00,5,False,False,False,Treatment,0.72
M0001623,C00200,CMP021,Push,2025-10-15 00:00:00,5,True,True,False,Control,0.005
M0001624,C00200,CMP025,Direct Mail,2025-08-01 00:00:00,15,False,False,False,Treatment,0.72
M0001625,C00200,CMP008,Affiliate,2026-04-02 00:00:00,20,False,False,False,Treatment,1.5
M0001626,C00200,CMP007,Affiliate,2026-03-31 00:00:00,20,False,False,False,Treatment,1.5
M0001627,C00200,CMP006,Push,2025-10-22 00:00:00,20,False,False,False,Control,0.005
M0001628,C00200,CMP008,Paid Search,2025-12-29 00:00:00,25,False,False,False,Control,1.2
