event_id,customer_id,session_id,event_timestamp,event_type,page,product_id,device,referrer
E00000001,C00001,S0000001,2025-05-23 20:27:07,page_view,Home,,Mobile,Affiliate
E00000002,C00001,S0000001,2025-05-23 20:27:51,search,Search,,Mobile,Affiliate
E00000003,C00001,S0000001,2025-05-23 20:28:14,page_view,Category,,Mobile,Affiliate
E00000004,C00001,S0000001,2025-05-23 20:30:36,product_view,Product,P0027,Mobile,Affiliate
E00000005,C00001,S0000002,2025-09-22 04:40:07,page_view,Home,,Desktop,Facebook
E00000006,C00001,S0000002,2025-09-22 04:40:35,search,Search,,Desktop,Facebook
E00000007,C00001,S0000002,2025-09-22 04:41:46,add_to_cart,Cart,P0061,Desktop,Facebook
E00000008,C00001,S0000002,2025-09-22 04:44:17,checkout_start,Checkout,P0024,Desktop,Facebook
E00000009,C00001,S0000002,2025-09-22 04:45:53,purchase,Checkout,P0061,Desktop,Facebook
E00000010,C00001,S0000003,2025-05-03 09:29:12,page_view,Home,,Desktop,Direct
E00000011,C00001,S0000003,2025-05-03 09:31:27,search,Search,,Desktop,Direct
E00000012,C00001,S0000004,2025-08-26 05:05:59,page_view,Home,,Desktop,Facebook
E00000013,C00001,S0000004,2025-08-26 05:08:48,search,Search,,Desktop,Facebook
E00000014,C00001,S0000004,2025-08-26 05:10:51,page_view,Category,,Desktop,Facebook
E00000015,C00001,S0000004,2025-08-26 05:11:19,product_view,Product,P0056,Desktop,Facebook
E00000016,C00001,S0000004,2025-08-26 05:14:33,review_view,Reviews,P0077,Desktop,Facebook
E00000017,C00001,S0000004,2025-08-26 05:17:02,add_to_cart,Cart,P0024,Desktop,Facebook
E00000018,C00001,S0000005,2025-12-23 16:47:08,page_view,Home,,Desktop,Direct
E00000019,C00001,S0000005,2025-12-23 16:50:33,search,Search,,Desktop,Direct
E00000020,C00001,S0000006,2025-02-08 00:59:58,page_view,Home,,Desktop,Affiliate
E00000021,C00001,S0000006,2025-02-08 01:00:29,search,Search,,Desktop,Affiliate
E00000022,C00001,S0000006,2025-02-08 01:02:01,page_view,Category,,Desktop,Affiliate
E00000023,C00001,S0000006,2025-02-08 01:02:53,product_view,Product,P0077,Desktop,Affiliate
E00000024,C00001,S0000006,2025-02-08 01:06:29,review_view,Reviews,P0077,Desktop,Affiliate
E00000025,C00001,S0000007,2025-04-21 03:04:00,page_view,Home,,Desktop,Instagram
E00000026,C00001,S0000007,2025-04-21 03:07:58,search,Search,,Desktop,Instagram
E00000027,C00001,S0000007,2025-04-21 03:10:25,page_view,Category,,Desktop,Instagram
E00000028,C00001,S0000007,2025-04-21 03:13:20,product_view,Product,P0044,Desktop,Instagram
E00000029,C00001,S0000007,2025-04-21 03:13:44,review_view,Reviews,P0077,Desktop,Instagram
E00000030,C00001,S0000008,2025-02-23 05:29:30,page_view,Home,,Desktop,Email
E00000031,C00001,S0000008,2025-02-23 05:32:25,search,Search,,Desktop,Email
E00000032,C00001,S0000008,2025-02-23 05:33:49,page_view,Category,,Desktop,Email
E00000033,C00001,S0000008,2025-02-23 05:37:11,product_view,Product,P0044,Desktop,Email
E00000034,C00001,S0000008,2025-02-23 05:38:27,review_view,Reviews,P0027,Desktop,Email
E00000035,C00001,S0000008,2025-02-23 05:38:58,add_to_cart,Cart,P0061,Desktop,Email
E00000036,C00001,S0000009,2025-06-28 21:54:54,page_view,Home,,Mobile,Facebook
E00000037,C00001,S0000009,2025-06-28 21:55:23,search,Search,,Mobile,Facebook
E00000038,C00001,S0000009,2025-06-28 21:56:11,page_view,Category,,Mobile,Facebook
E00000039,C00001,S0000009,2025-06-28 21:57:05,product_view,Product,P0044,Mobile,Facebook
E00000040,C00001,S0000009,2025-06-28 21:59:23,review_view,Reviews,P0061,Mobile,Facebook
E00000041,C00001,S0000010,2025-03-12 11:26:32,page_view,Home,,Mobile,Direct
E00000042,C00001,S0000010,2025-03-12 11:29:15,search,Search,,Mobile,Direct
E00000043,C00001,S0000010,2025-03-12 11:29:37,page_view,Category,,Mobile,Direct
E00000044,C00001,S0000010,2025-03-12 11:29:47,add_to_cart,Cart,P0077,Mobile,Direct
E00000045,C00001,S0000010,2025-03-12 11:31:03,checkout_start,Checkout,P0027,Mobile,Direct
E00000046,C00001,S0000010,2025-03-12 11:32:49,purchase,Checkout,P0044,Mobile,Direct
E00000047,C00001,S0000011,2026-01-12 03:15:30,page_view,Home,,Mobile,Instagram
E00000048,C00001,S0000011,2026-01-12 03:18:04,search,Search,,Mobile,Instagram
E00000049,C00001,S0000011,2026-01-12 03:18:45,page_view,Category,,Mobile,Instagram
E00000050,C00002,S0000012,2025-11-23 15:03:53,page_view,Home,,Mobile,Bing
E00000051,C00002,S0000013,2026-06-29 01:50:18,page_view,Home,,Desktop,Instagram
E00000052,C00002,S0000013,2026-06-29 01:50:38,search,Search,,Desktop,Instagram
E00000053,C00002,S0000013,2026-06-29 01:53:09,page_view,Category,,Desktop,Instagram
E00000054,C00002,S0000014,2025-08-15 22:49:11,page_view,Home,,Mobile,Facebook
E00000055,C00002,S0000014,2025-08-15 22:51:58,search,Search,,Mobile,Facebook
E00000056,C00002,S0000014,2025-08-15 22:54:30,page_view,Category,,Mobile,Facebook
E00000057,C00002,S0000014,2025-08-15 22:56:37,product_view,Product,P0040,Mobile,Facebook
E00000058,C00002,S0000015,2025-08-03 22:44:58,page_view,Home,,Desktop,Facebook
E00000059,C00002,S0000015,2025-08-03 22:45:40,search,Search,,Desktop,Facebook
E00000060,C00002,S0000015,2025-08-03 22:46:06,page_view,Category,,Desktop,Facebook
E00000061,C00002,S0000015,2025-08-03 22:46:31,product_view,Product,P0037,Desktop,Facebook
E00000062,C00002,S0000015,2025-08-03 22:50:06,review_view,Reviews,P0004,Desktop,Facebook
E00000063,C00002,S0000016,2025-09-26 14:18:56,page_view,Home,,Desktop,Facebook
E00000064,C00002,S0000016,2025-09-26 14:19:07,search,Search,,Desktop,Facebook
E00000065,C00002,S0000017,2025-12-06 22:48:46,page_view,Home,,Desktop,Facebook
E00000066,C00002,S0000017,2025-12-06 22:51:03,search,Search,,Desktop,Facebook
E00000067,C00002,S0000017,2025-12-06 22:54:58,page_view,Category,,Desktop,Facebook
E00000068,C00002,S0000017,2025-12-06 22:56:11,product_view,Product,P0076,Desktop,Facebook
E00000069,C00002,S0000017,2025-12-06 22:57:10,review_view,Reviews,P0042,Desktop,Facebook
E00000070,C00002,S0000018,2025-10-30 19:14:34,page_view,Home,,Mobile,Affiliate
E00000071,C00002,S0000018,2025-10-30 19:15:20,search,Search,,Mobile,Affiliate
E00000072,C00002,S0000018,2025-10-30 19:18:28,page_view,Category,,Mobile,Affiliate
E00000073,C00002,S0000018,2025-10-30 19:20:20,product_view,Product,P0037,Mobile,Affiliate
E00000074,C00002,S0000018,2025-10-30 19:23:35,review_view,Reviews,P0025,Mobile,Affiliate
E00000075,C00002,S0000019,2026-04-19 20:49:07,page_view,Home,,Mobile,Bing
E00000076,C00002,S0000019,2026-04-19 20:49:22,search,Search,,Mobile,Bing
E00000077,C00002,S0000019,2026-04-19 20:50:34,page_view,Category,,Mobile,Bing
E00000078,C00002,S0000019,2026-04-19 20:54:29,product_view,Product,P0042,Mobile,Bing
E00000079,C00002,S0000019,2026-04-19 20:57:52,review_view,Reviews,P0025,Mobile,Bing
E00000080,C00002,S0000020,2026-01-30 19:14:39,page_view,Home,,Tablet,Bing
E00000081,C00002,S0000020,2026-01-30 19:16:47,search,Search,,Tablet,Bing
E00000082,C00002,S0000020,2026-01-30 19:20:40,page_view,Category,,Tablet,Bing
E00000083,C00002,S0000020,2026-01-30 19:21:00,product_view,Product,P0042,Tablet,Bing
E00000084,C00002,S0000020,2026-01-30 19:22:24,add_to_cart,Cart,P0042,Tablet,Bing
E00000085,C00002,S0000020,2026-01-30 19:23:14,checkout_start,Checkout,P0040,Tablet,Bing
E00000086,C00002,S0000020,2026-01-30 19:26:36,purchase,Checkout,P0040,Tablet,Bing
E00000087,C00002,S0000021,2025-12-21 01:34:03,page_view,Home,,Desktop,Bing
E00000088,C00002,S0000021,2025-12-21 01:36:32,search,Search,,Desktop,Bing
E00000089,C00002,S0000022,2025-10-29 10:42:24,page_view,Home,,Desktop,Affiliate
E00000090,C00002,S0000022,2025-10-29 10:44:34,search,Search,,Desktop,Affiliate
E00000091,C00002,S0000023,2026-02-04 11:15:52,page_view,Home,,Mobile,Facebook
E00000092,C00002,S0000023,2026-02-04 11:18:17,search,Search,,Mobile,Facebook
E00000093,C00002,S0000023,2026-02-04 11:20:36,page_view,Category,,Mobile,Facebook
E00000094,C00002,S0000023,2026-02-04 11:20:51,product_view,Product,P0034,Mobile,Facebook
E00000095,C00003,S0000024,2026-01-04 18:15:07,page_view,Home,,Mobile,Affiliate
E00000096,C00003,S0000024,2026-01-04 18:17:16,search,Search,,Mobile,Affiliate
E00000097,C00003,S0000024,2026-01-04 18:20:02,page_view,Category,,Mobile,Affiliate
E00000098,C00003,S0000024,2026-01-04 18:23:44,product_view,Product,P0065,Mobile,Affiliate
E00000099,C00003,S0000025,2025-04-26 12:23:59,page_view,Home,,Mobile,Email
E00000100,C00003,S0000026,2025-07-26 07:28:01,page_view,Home,,Desktop,Bing
E00000101,C00003,S0000026,2025-07-26 07:31:43,search,Search,,Desktop,Bing
E00000102,C00003,S0000026,2025-07-26 07:34:07,page_view,Category,,Desktop,Bing
E00000103,C00003,S0000026,2025-07-26 07:35:22,product_view,Product,P0045,Desktop,Bing
E00000104,C00003,S0000026,2025-07-26 07:36:52,review_view,Reviews,P0065,Desktop,Bing
E00000105,C00003,S0000026,2025-07-26 07:37:33,add_to_cart,Cart,P0033,Desktop,Bing
E00000106,C00003,S0000027,2026-04-02 08:07:25,page_view,Home,,Mobile,Affiliate
E00000107,C00003,S0000027,2026-04-02 08:09:31,search,Search,,Mobile,Affiliate
E00000108,C00003,S0000027,2026-04-02 08:11:55,page_view,Category,,Mobile,Affiliate
E00000109,C00003,S0000027,2026-04-02 08:14:04,product_view,Product,P0065,Mobile,Affiliate
E00000110,C00003,S0000027,2026-04-02 08:17:58,review_view,Reviews,P0079,Mobile,Affiliate
E00000111,C00003,S0000027,2026-04-02 08:18:39,add_to_cart,Cart,P0045,Mobile,Affiliate
E00000112,C00003,S0000028,2025-04-19 22:05:49,page_view,Home,,Mobile,Affiliate
E00000113,C00003,S0000028,2025-04-19 22:08:05,search,Search,,Mobile,Affiliate
E00000114,C00003,S0000028,2025-04-19 22:09:10,page_view,Category,,Mobile,Affiliate
E00000115,C00003,S0000028,2025-04-19 22:09:54,product_view,Product,P0033,Mobile,Affiliate
E00000116,C00003,S0000028,2025-04-19 22:12:48,review_view,Reviews,P0031,Mobile,Affiliate
E00000117,C00003,S0000028,2025-04-19 22:13:55,add_to_cart,Cart,P0016,Mobile,Affiliate
E00000118,C00003,S0000029,2026-06-20 14:51:06,page_view,Home,,Tablet,Email
E00000119,C00003,S0000029,2026-06-20 14:54:30,search,Search,,Tablet,Email
E00000120,C00003,S0000029,2026-06-20 14:56:49,page_view,Category,,Tablet,Email
E00000121,C00003,S0000029,2026-06-20 14:59:06,product_view,Product,P0079,Tablet,Email
E00000122,C00003,S0000029,2026-06-20 15:00:39,review_view,Reviews,P0033,Tablet,Email
E00000123,C00003,S0000029,2026-06-20 15:01:13,add_to_cart,Cart,P0033,Tablet,Email
E00000124,C00003,S0000030,2025-12-07 14:49:44,page_view,Home,,Mobile,Direct
E00000125,C00003,S0000030,2025-12-07 14:50:41,search,Search,,Mobile,Direct
E00000126,C00003,S0000030,2025-12-07 14:51:44,page_view,Category,,Mobile,Direct
E00000127,C00003,S0000030,2025-12-07 14:55:24,product_view,Product,P0016,Mobile,Direct
E00000128,C00003,S0000030,2025-12-07 14:59:01,review_view,Reviews,P0016,Mobile,Direct
E00000129,C00003,S0000031,2026-01-20 03:55:53,page_view,Home,,Mobile,Email
E00000130,C00003,S0000031,2026-01-20 03:58:17,search,Search,,Mobile,Email
E00000131,C00003,S0000031,2026-01-20 03:58:30,page_view,Category,,Mobile,Email
E00000132,C00003,S0000032,2025-07-29 13:45:34,page_view,Home,,Mobile,Affiliate
E00000133,C00003,S0000032,2025-07-29 13:49:14,search,Search,,Mobile,Affiliate
E00000134,C00003,S0000032,2025-07-29 13:51:56,page_view,Category,,Mobile,Affiliate
E00000135,C00003,S0000033,2025-05-26 15:09:25,page_view,Home,,Desktop,Instagram
E00000136,C00003,S0000033,2025-05-26 15:12:11,search,Search,,Desktop,Instagram
E00000137,C00003,S0000033,2025-05-26 15:15:43,page_view,Category,,Desktop,Instagram
E00000138,C00003,S0000033,2025-05-26 15:17:21,product_view,Product,P0030,Desktop,Instagram
E00000139,C00003,S0000033,2025-05-26 15:21:17,review_view,Reviews,P0016,Desktop,Instagram
E00000140,C00003,S0000033,2025-05-26 15:21:46,add_to_cart,Cart,P0031,Desktop,Instagram
E00000141,C00003,S0000034,2026-01-29 02:36:17,page_view,Home,,Desktop,Facebook
E00000142,C00003,S0000034,2026-01-29 02:36:54,search,Search,,Desktop,Facebook
E00000143,C00003,S0000034,2026-01-29 02:39:22,page_view,Category,,Desktop,Facebook
E00000144,C00003,S0000034,2026-01-29 02:40:46,product_view,Product,P0030,Desktop,Facebook
E00000145,C00003,S0000034,2026-01-29 02:41:55,review_view,Reviews,P0033,Desktop,Facebook
E00000146,C00003,S0000034,2026-01-29 02:44:20,add_to_cart,Cart,P0033,Desktop,Facebook
E00000147,C00004,S0000035,2026-03-10 01:01:15,page_view,Home,,Mobile,Google
E00000148,C00004,S0000035,2026-03-10 01:04:30,search,Search,,Mobile,Google
E00000149,C00004,S0000035,2026-03-10 01:05:20,page_view,Category,,Mobile,Google
E00000150,C00004,S0000035,2026-03-10 01:06:25,product_view,Product,P0062,Mobile,Google
E00000151,C00004,S0000035,2026-03-10 01:09:09,review_view,Reviews,P0060,Mobile,Google
E00000152,C00004,S0000036,2026-01-19 02:41:06,page_view,Home,,Mobile,Direct
E00000153,C00004,S0000036,2026-01-19 02:42:21,search,Search,,Mobile,Direct
E00000154,C00004,S0000037,2025-12-22 10:45:50,page_view,Home,,Desktop,Direct
E00000155,C00004,S0000038,2026-03-16 22:59:17,page_view,Home,,Mobile,Instagram
E00000156,C00004,S0000039,2026-04-03 01:44:45,page_view,Home,,Desktop,Instagram
E00000157,C00004,S0000039,2026-04-03 01:48:31,search,Search,,Desktop,Instagram
E00000158,C00004,S0000039,2026-04-03 01:48:45,page_view,Category,,Desktop,Instagram
E00000159,C00004,S0000039,2026-04-03 01:49:05,product_view,Product,P0028,Desktop,Instagram
E00000160,C00004,S0000039,2026-04-03 01:52:58,add_to_cart,Cart,P0012,Desktop,Instagram
E00000161,C00004,S0000039,2026-04-03 01:55:21,checkout_start,Checkout,P0074,Desktop,Instagram
E00000162,C00004,S0000039,2026-04-03 01:56:23,purchase,Checkout,P0035,Desktop,Instagram
E00000163,C00004,S0000040,2026-03-22 14:30:52,page_view,Home,,Desktop,Direct
E00000164,C00004,S0000040,2026-03-22 14:31:41,search,Search,,Desktop,Direct
E00000165,C00004,S0000040,2026-03-22 14:34:46,page_view,Category,,Desktop,Direct
E00000166,C00004,S0000040,2026-03-22 14:36:52,product_view,Product,P0014,Desktop,Direct
E00000167,C00004,S0000040,2026-03-22 14:38:24,review_view,Reviews,P0068,Desktop,Direct
E00000168,C00004,S0000040,2026-03-22 14:39:28,add_to_cart,Cart,P0014,Desktop,Direct
E00000169,C00004,S0000040,2026-03-22 14:40:22,checkout_start,Checkout,P0071,Desktop,Direct
E00000170,C00004,S0000040,2026-03-22 14:41:27,purchase,Checkout,P0029,Desktop,Direct
E00000171,C00004,S0000041,2026-03-10 12:59:50,page_view,Home,,Mobile,Instagram
E00000172,C00004,S0000042,2026-01-09 17:41:06,page_view,Home,,Desktop,Affiliate
E00000173,C00004,S0000042,2026-01-09 17:43:55,search,Search,,Desktop,Affiliate
E00000174,C00004,S0000042,2026-01-09 17:44:58,page_view,Category,,Desktop,Affiliate
E00000175,C00004,S0000042,2026-01-09 17:47:22,product_view,Product,P0073,Desktop,Affiliate
E00000176,C00004,S0000042,2026-01-09 17:48:39,review_view,Reviews,P0029,Desktop,Affiliate
E00000177,C00004,S0000043,2026-06-22 01:30:32,page_view,Home,,Mobile,Email
E00000178,C00004,S0000044,2026-04-06 07:07:15,page_view,Home,,Desktop,Facebook
E00000179,C00004,S0000044,2026-04-06 07:11:13,search,Search,,Desktop,Facebook
E00000180,C00004,S0000044,2026-04-06 07:13:38,page_view,Category,,Desktop,Facebook
E00000181,C00004,S0000045,2026-01-16 14:50:47,page_view,Home,,Mobile,Affiliate
E00000182,C00005,S0000046,2026-05-10 00:42:04,page_view,Home,,Mobile,Facebook
E00000183,C00005,S0000046,2026-05-10 00:45:15,search,Search,,Mobile,Facebook
E00000184,C00005,S0000046,2026-05-10 00:45:41,page_view,Category,,Mobile,Facebook
E00000185,C00005,S0000046,2026-05-10 00:49:16,product_view,Product,P0029,Mobile,Facebook
E00000186,C00005,S0000046,2026-05-10 00:50:39,review_view,Reviews,P0062,Mobile,Facebook
E00000187,C00005,S0000046,2026-05-10 00:51:35,add_to_cart,Cart,P0074,Mobile,Facebook
E00000188,C00005,S0000046,2026-05-10 00:51:49,checkout_start,Checkout,P0068,Mobile,Facebook
E00000189,C00005,S0000046,2026-05-10 00:53:54,purchase,Checkout,P0029,Mobile,Facebook
E00000190,C00005,S0000047,2025-07-21 14:42:00,page_view,Home,,Desktop,Affiliate
E00000191,C00005,S0000047,2025-07-21 14:45:26,search,Search,,Desktop,Affiliate
E00000192,C00005,S0000047,2025-07-21 14:48:15,page_view,Category,,Desktop,Affiliate
E00000193,C00005,S0000047,2025-07-21 14:50:51,product_view,Product,P0071,Desktop,Affiliate
E00000194,C00005,S0000047,2025-07-21 14:52:37,review_view,Reviews,P0073,Desktop,Affiliate
E00000195,C00005,S0000048,2025-12-02 20:10:26,page_view,Home,,Desktop,Affiliate
E00000196,C00005,S0000048,2025-12-02 20:13:50,search,Search,,Desktop,Affiliate
E00000197,C00005,S0000048,2025-12-02 20:17:38,page_view,Category,,Desktop,Affiliate
E00000198,C00005,S0000048,2025-12-02 20:19:44,product_view,Product,P0014,Desktop,Affiliate
E00000199,C00005,S0000048,2025-12-02 20:23:41,review_view,Reviews,P0060,Desktop,Affiliate
E00000200,C00005,S0000049,2025-12-01 05:18:22,page_view,Home,,Mobile,Facebook
E00000201,C00005,S0000049,2025-12-01 05:19:09,search,Search,,Mobile,Facebook
E00000202,C00005,S0000049,2025-12-01 05:20:43,page_view,Category,,Mobile,Facebook
E00000203,C00005,S0000049,2025-12-01 05:23:17,product_view,Product,P0014,Mobile,Facebook
E00000204,C00005,S0000050,2025-11-30 00:50:17,page_view,Home,,Mobile,Email
E00000205,C00005,S0000050,2025-11-30 00:51:16,search,Search,,Mobile,Email
E00000206,C00005,S0000050,2025-11-30 00:52:10,page_view,Category,,Mobile,Email
E00000207,C00005,S0000050,2025-11-30 00:56:07,product_view,Product,P0028,Mobile,Email
E00000208,C00005,S0000050,2025-11-30 00:56:44,review_view,Reviews,P0017,Mobile,Email
E00000209,C00005,S0000051,2025-09-18 10:45:44,page_view,Home,,Mobile,Facebook
E00000210,C00005,S0000051,2025-09-18 10:46:08,search,Search,,Mobile,Facebook
E00000211,C00005,S0000051,2025-09-18 10:48:02,page_view,Category,,Mobile,Facebook
E00000212,C00005,S0000051,2025-09-18 10:50:51,product_view,Product,P0068,Mobile,Facebook
E00000213,C00005,S0000051,2025-09-18 10:51:06,review_view,Reviews,P0060,Mobile,Facebook
E00000214,C00005,S0000051,2025-09-18 10:53:17,add_to_cart,Cart,P0017,Mobile,Facebook
E00000215,C00005,S0000052,2026-03-16 23:21:31,page_view,Home,,Tablet,Direct
E00000216,C00005,S0000053,2026-04-30 06:21:03,page_view,Home,,Desktop,Affiliate
E00000217,C00005,S0000053,2026-04-30 06:23:26,search,Search,,Desktop,Affiliate
E00000218,C00005,S0000053,2026-04-30 06:26:11,page_view,Category,,Desktop,Affiliate
E00000219,C00005,S0000053,2026-04-30 06:27:17,product_view,Product,P0035,Desktop,Affiliate
E00000220,C00005,S0000053,2026-04-30 06:30:18,review_view,Reviews,P0066,Desktop,Affiliate
E00000221,C00005,S0000054,2026-02-07 23:43:44,page_view,Home,,Mobile,Facebook
E00000222,C00005,S0000054,2026-02-07 23:43:58,search,Search,,Mobile,Facebook
E00000223,C00005,S0000055,2025-11-20 00:07:28,page_view,Home,,Desktop,Direct
E00000224,C00005,S0000055,2025-11-20 00:11:28,search,Search,,Desktop,Direct
E00000225,C00005,S0000055,2025-11-20 00:14:35,page_view,Category,,Desktop,Direct
E00000226,C00005,S0000055,2025-11-20 00:17:09,product_view,Product,P0062,Desktop,Direct
E00000227,C00005,S0000055,2025-11-20 00:19:10,review_view,Reviews,P0035,Desktop,Direct
E00000228,C00005,S0000055,2025-11-20 00:19:27,add_to_cart,Cart,P0060,Desktop,Direct
E00000229,C00005,S0000056,2025-07-02 14:50:24,page_view,Home,,Desktop,Instagram
E00000230,C00005,S0000056,2025-07-02 14:51:42,search,Search,,Desktop,Instagram
E00000231,C00005,S0000056,2025-07-02 14:52:15,page_view,Category,,Desktop,Instagram
E00000232,C00005,S0000056,2025-07-02 14:55:45,product_view,Product,P0060,Desktop,Instagram
E00000233,C00005,S0000056,2025-07-02 14:57:32,review_view,Reviews,P0062,Desktop,Instagram
E00000234,C00005,S0000057,2026-02-24 12:35:35,page_view,Home,,Desktop,Direct
E00000235,C00005,S0000057,2026-02-24 12:37:48,search,Search,,Desktop,Direct
E00000236,C00005,S0000057,2026-02-24 12:41:25,page_view,Category,,Desktop,Direct
E00000237,C00005,S0000057,2026-02-24 12:43:24,product_view,Product,P0014,Desktop,Direct
E00000238,C00005,S0000057,2026-02-24 12:46:26,add_to_cart,Cart,P0073,Desktop,Direct
E00000239,C00005,S0000057,2026-02-24 12:49:31,checkout_start,Checkout,P0074,Desktop,Direct
E00000240,C00005,S0000057,2026-02-24 12:50:18,purchase,Checkout,P0071,Desktop,Direct
E00000241,C00005,S0000058,2025-08-15 19:15:46,page_view,Home,,Desktop,Direct
E00000242,C00005,S0000058,2025-08-15 19:19:31,search,Search,,Desktop,Direct
E00000243,C00005,S0000058,2025-08-15 19:20:30,page_view,Category,,Desktop,Direct
E00000244,C00005,S0000059,2025-11-02 14:34:41,page_view,Home,,Desktop,Bing
E00000245,C00005,S0000059,2025-11-02 14:37:01,search,Search,,Desktop,Bing
E00000246,C00005,S0000059,2025-11-02 14:38:20,page_view,Category,,Desktop,Bing
E00000247,C00005,S0000059,2025-11-02 14:41:10,product_view,Product,P0074,Desktop,Bing
E00000248,C00005,S0000060,2025-03-15 01:04:31,page_view,Home,,Desktop,Direct
E00000249,C00005,S0000060,2025-03-15 01:07:31,search,Search,,Desktop,Direct
E00000250,C00005,S0000060,2025-03-15 01:11:19,page_view,Category,,Desktop,Direct
E00000251,C00005,S0000060,2025-03-15 01:13:40,product_view,Product,P0041,Desktop,Direct
E00000252,C00005,S0000060,2025-03-15 01:16:23,review_view,Reviews,P0041,Desktop,Direct
E00000253,C00005,S0000060,2025-03-15 01:20:19,add_to_cart,Cart,P0041,Desktop,Direct
E00000254,C00005,S0000060,2025-03-15 01:20:45,checkout_start,Checkout,P0012,Desktop,Direct
E00000255,C00005,S0000060,2025-03-15 01:21:24,purchase,Checkout,P0073,Desktop,Direct
E00000256,C00005,S0000061,2026-03-05 18:22:22,page_view,Home,,Mobile,Facebook
E00000257,C00005,S0000061,2026-03-05 18:26:02,search,Search,,Mobile,Facebook
E00000258,C00005,S0000061,2026-03-05 18:29:42,add_to_cart,Cart,P0073,Mobile,Facebook
E00000259,C00005,S0000061,2026-03-05 18:29:58,checkout_start,Checkout,P0012,Mobile,Facebook
E00000260,C00005,S0000061,2026-03-05 18:30:24,purchase,Checkout,P0041,Mobile,Facebook
E00000261,C00006,S0000062,2026-05-25 02:02:46,page_view,Home,,Mobile,Facebook
E00000262,C00006,S0000062,2026-05-25 02:06:35,search,Search,,Mobile,Facebook
E00000263,C00006,S0000062,2026-05-25 02:09:53,page_view,Category,,Mobile,Facebook
E00000264,C00006,S0000062,2026-05-25 02:11:25,product_view,Product,P0005,Mobile,Facebook
E00000265,C00006,S0000062,2026-05-25 02:13:31,review_view,Reviews,P0013,Mobile,Facebook
E00000266,C00006,S0000063,2025-05-31 22:57:09,page_view,Home,,Desktop,Affiliate
E00000267,C00006,S0000063,2025-05-31 22:59:59,search,Search,,Desktop,Affiliate
E00000268,C00006,S0000063,2025-05-31 23:00:45,page_view,Category,,Desktop,Affiliate
E00000269,C00006,S0000063,2025-05-31 23:01:07,product_view,Product,P0054,Desktop,Affiliate
E00000270,C00006,S0000064,2025-12-13 08:03:45,page_view,Home,,Desktop,Instagram
E00000271,C00006,S0000064,2025-12-13 08:06:28,search,Search,,Desktop,Instagram
E00000272,C00006,S0000064,2025-12-13 08:07:50,page_view,Category,,Desktop,Instagram
E00000273,C00006,S0000064,2025-12-13 08:09:40,product_view,Product,P0008,Desktop,Instagram
E00000274,C00006,S0000064,2025-12-13 08:10:04,review_view,Reviews,P0054,Desktop,Instagram
E00000275,C00006,S0000065,2026-03-05 05:07:56,page_view,Home,,Mobile,Google
E00000276,C00006,S0000065,2026-03-05 05:08:41,search,Search,,Mobile,Google
E00000277,C00006,S0000065,2026-03-05 05:10:19,page_view,Category,,Mobile,Google
E00000278,C00006,S0000065,2026-03-05 05:10:33,product_view,Product,P0021,Mobile,Google
E00000279,C00006,S0000065,2026-03-05 05:14:07,review_view,Reviews,P0005,Mobile,Google
E00000280,C00006,S0000066,2026-04-18 22:48:45,page_view,Home,,Desktop,Google
E00000281,C00006,S0000066,2026-04-18 22:51:54,search,Search,,Desktop,Google
E00000282,C00006,S0000066,2026-04-18 22:54:38,page_view,Category,,Desktop,Google
E00000283,C00006,S0000066,2026-04-18 22:55:05,product_view,Product,P0058,Desktop,Google
E00000284,C00006,S0000066,2026-04-18 22:58:34,review_view,Reviews,P0010,Desktop,Google
E00000285,C00006,S0000066,2026-04-18 22:58:49,add_to_cart,Cart,P0013,Desktop,Google
E00000286,C00006,S0000067,2026-05-21 19:26:40,page_view,Home,,Mobile,Instagram
E00000287,C00006,S0000067,2026-05-21 19:27:12,search,Search,,Mobile,Instagram
E00000288,C00006,S0000068,2025-04-15 11:26:59,page_view,Home,,Mobile,Instagram
E00000289,C00006,S0000068,2025-04-15 11:29:08,search,Search,,Mobile,Instagram
E00000290,C00006,S0000068,2025-04-15 11:31:37,page_view,Category,,Mobile,Instagram
E00000291,C00006,S0000069,2025-02-20 16:57:13,page_view,Home,,Desktop,Google
E00000292,C00006,S0000070,2025-03-15 02:53:39,page_view,Home,,Mobile,Email
E00000293,C00006,S0000070,2025-03-15 02:54:49,search,Search,,Mobile,Email
E00000294,C00006,S0000070,2025-03-15 02:58:30,page_view,Category,,Mobile,Email
E00000295,C00006,S0000070,2025-03-15 03:00:51,product_view,Product,P0054,Mobile,Email
E00000296,C00006,S0000070,2025-03-15 03:02:22,review_view,Reviews,P0008,Mobile,Email
E00000297,C00006,S0000070,2025-03-15 03:04:31,add_to_cart,Cart,P0013,Mobile,Email
E00000298,C00006,S0000070,2025-03-15 03:07:00,checkout_start,Checkout,P0021,Mobile,Email
E00000299,C00006,S0000070,2025-03-15 03:08:38,purchase,Checkout,P0013,Mobile,Email
E00000300,C00006,S0000071,2025-04-04 06:57:22,page_view,Home,,Desktop,Bing
E00000301,C00006,S0000071,2025-04-04 06:58:39,search,Search,,Desktop,Bing
E00000302,C00006,S0000071,2025-04-04 07:01:20,add_to_cart,Cart,P0005,Desktop,Bing
E00000303,C00006,S0000071,2025-04-04 07:04:35,checkout_start,Checkout,P0008,Desktop,Bing
E00000304,C00006,S0000071,2025-04-04 07:08:26,purchase,Checkout,P0021,Desktop,Bing
E00000305,C00006,S0000072,2025-10-27 01:44:57,page_view,Home,,Mobile,Email
E00000306,C00006,S0000073,2026-02-15 10:02:50,page_view,Home,,Mobile,Affiliate
E00000307,C00006,S0000073,2026-02-15 10:06:32,search,Search,,Mobile,Affiliate
E00000308,C00006,S0000073,2026-02-15 10:07:08,page_view,Category,,Mobile,Affiliate
E00000309,C00006,S0000073,2026-02-15 10:08:59,add_to_cart,Cart,P0013,Mobile,Affiliate
E00000310,C00006,S0000073,2026-02-15 10:11:25,checkout_start,Checkout,P0005,Mobile,Affiliate
E00000311,C00006,S0000073,2026-02-15 10:12:11,purchase,Checkout,P0013,Mobile,Affiliate
E00000312,C00006,S0000074,2026-04-26 18:44:24,page_view,Home,,Mobile,Google
E00000313,C00006,S0000074,2026-04-26 18:44:57,search,Search,,Mobile,Google
E00000314,C00006,S0000074,2026-04-26 18:48:51,add_to_cart,Cart,P0013,Mobile,Google
E00000315,C00006,S0000074,2026-04-26 18:52:49,checkout_start,Checkout,P0058,Mobile,Google
E00000316,C00006,S0000074,2026-04-26 18:55:29,purchase,Checkout,P0021,Mobile,Google
E00000317,C00006,S0000075,2025-06-05 03:44:26,page_view,Home,,Desktop,Instagram
E00000318,C00006,S0000075,2025-06-05 03:47:02,search,Search,,Desktop,Instagram
E00000319,C00006,S0000075,2025-06-05 03:49:31,page_view,Category,,Desktop,Instagram
E00000320,C00006,S0000075,2025-06-05 03:51:08,product_view,Product,P0054,Desktop,Instagram
E00000321,C00006,S0000075,2025-06-05 03:54:50,review_view,Reviews,P0013,Desktop,Instagram
E00000322,C00006,S0000076,2026-02-22 08:33:21,page_view,Home,,Mobile,Email
E00000323,C00006,S0000076,2026-02-22 08:34:33,search,Search,,Mobile,Email
E00000324,C00006,S0000076,2026-02-22 08:38:27,page_view,Category,,Mobile,Email
E00000325,C00006,S0000076,2026-02-22 08:39:06,product_view,Product,P0058,Mobile,Email
E00000326,C00006,S0000076,2026-02-22 08:41:27,review_view,Reviews,P0008,Mobile,Email
E00000327,C00006,S0000077,2026-06-10 11:38:57,page_view,Home,,Mobile,Instagram
E00000328,C00006,S0000077,2026-06-10 11:39:12,search,Search,,Mobile,Instagram
E00000329,C00006,S0000077,2026-06-10 11:41:28,page_view,Category,,Mobile,Instagram
E00000330,C00006,S0000077,2026-06-10 11:44:59,product_view,Product,P0054,Mobile,Instagram
E00000331,C00006,S0000078,2026-06-11 23:12:59,page_view,Home,,Tablet,Instagram
E00000332,C00006,S0000078,2026-06-11 23:16:08,search,Search,,Tablet,Instagram
E00000333,C00006,S0000078,2026-06-11 23:16:33,page_view,Category,,Tablet,Instagram
E00000334,C00006,S0000078,2026-06-11 23:18:26,product_view,Product,P0058,Tablet,Instagram
E00000335,C00007,S0000079,2025-10-29 18:55:36,page_view,Home,,Desktop,Bing
E00000336,C00007,S0000079,2025-10-29 18:55:46,search,Search,,Desktop,Bing
E00000337,C00007,S0000079,2025-10-29 18:57:32,page_view,Category,,Desktop,Bing
E00000338,C00007,S0000079,2025-10-29 19:00:00,product_view,Product,P0027,Desktop,Bing
E00000339,C00007,S0000079,2025-10-29 19:00:31,review_view,Reviews,P0077,Desktop,Bing
E00000340,C00007,S0000079,2025-10-29 19:04:16,add_to_cart,Cart,P0027,Desktop,Bing
E00000341,C00007,S0000079,2025-10-29 19:05:12,checkout_start,Checkout,P0027,Desktop,Bing
E00000342,C00007,S0000079,2025-10-29 19:08:03,purchase,Checkout,P0044,Desktop,Bing
E00000343,C00007,S0000080,2025-08-11 05:48:01,page_view,Home,,Desktop,Bing
E00000344,C00007,S0000081,2025-08-19 19:40:12,page_view,Home,,Desktop,Instagram
E00000345,C00007,S0000081,2025-08-19 19:41:00,search,Search,,Desktop,Instagram
E00000346,C00007,S0000081,2025-08-19 19:44:17,page_view,Category,,Desktop,Instagram
E00000347,C00007,S0000081,2025-08-19 19:44:45,product_view,Product,P0061,Desktop,Instagram
E00000348,C00007,S0000081,2025-08-19 19:47:41,review_view,Reviews,P0027,Desktop,Instagram
E00000349,C00007,S0000081,2025-08-19 19:48:09,add_to_cart,Cart,P0061,Desktop,Instagram
E00000350,C00007,S0000082,2025-01-30 11:57:43,page_view,Home,,Desktop,Direct
E00000351,C00007,S0000082,2025-01-30 12:00:24,search,Search,,Desktop,Direct
E00000352,C00007,S0000082,2025-01-30 12:02:50,page_view,Category,,Desktop,Direct
E00000353,C00007,S0000082,2025-01-30 12:06:17,product_view,Product,P0077,Desktop,Direct
E00000354,C00007,S0000083,2025-06-11 08:37:42,page_view,Home,,Mobile,Facebook
E00000355,C00007,S0000083,2025-06-11 08:37:56,search,Search,,Mobile,Facebook
E00000356,C00007,S0000083,2025-06-11 08:38:46,page_view,Category,,Mobile,Facebook
E00000357,C00007,S0000083,2025-06-11 08:39:28,product_view,Product,P0024,Mobile,Facebook
E00000358,C00007,S0000084,2025-08-14 01:16:32,page_view,Home,,Mobile,Email
E00000359,C00007,S0000084,2025-08-14 01:18:32,search,Search,,Mobile,Email
E00000360,C00007,S0000084,2025-08-14 01:21:46,page_view,Category,,Mobile,Email
E00000361,C00007,S0000084,2025-08-14 01:24:29,product_view,Product,P0077,Mobile,Email
E00000362,C00007,S0000084,2025-08-14 01:27:36,review_view,Reviews,P0044,Mobile,Email
E00000363,C00007,S0000084,2025-08-14 01:29:55,add_to_cart,Cart,P0044,Mobile,Email
E00000364,C00007,S0000085,2025-01-21 10:53:48,page_view,Home,,Desktop,Facebook
E00000365,C00007,S0000085,2025-01-21 10:56:39,search,Search,,Desktop,Facebook
E00000366,C00007,S0000085,2025-01-21 10:57:05,page_view,Category,,Desktop,Facebook
E00000367,C00007,S0000085,2025-01-21 11:00:00,product_view,Product,P0024,Desktop,Facebook
E00000368,C00007,S0000085,2025-01-21 11:01:22,review_view,Reviews,P0044,Desktop,Facebook
E00000369,C00007,S0000085,2025-01-21 11:03:27,add_to_cart,Cart,P0077,Desktop,Facebook
E00000370,C00007,S0000086,2026-03-22 18:31:40,page_view,Home,,Desktop,Affiliate
E00000371,C00007,S0000086,2026-03-22 18:33:42,search,Search,,Desktop,Affiliate
E00000372,C00007,S0000086,2026-03-22 18:34:15,page_view,Category,,Desktop,Affiliate
E00000373,C00007,S0000086,2026-03-22 18:35:56,product_view,Product,P0027,Desktop,Affiliate
E00000374,C00007,S0000087,2025-05-08 19:51:17,page_view,Home,,Mobile,Email
E00000375,C00007,S0000087,2025-05-08 19:52:14,search,Search,,Mobile,Email
E00000376,C00007,S0000087,2025-05-08 19:52:30,page_view,Category,,Mobile,Email
E00000377,C00007,S0000087,2025-05-08 19:55:17,product_view,Product,P0056,Mobile,Email
E00000378,C00007,S0000088,2025-06-18 13:54:05,page_view,Home,,Mobile,Affiliate
E00000379,C00007,S0000088,2025-06-18 13:56:13,search,Search,,Mobile,Affiliate
E00000380,C00007,S0000088,2025-06-18 13:58:29,page_view,Category,,Mobile,Affiliate
E00000381,C00007,S0000088,2025-06-18 14:01:15,product_view,Product,P0061,Mobile,Affiliate
E00000382,C00007,S0000088,2025-06-18 14:03:31,review_view,Reviews,P0056,Mobile,Affiliate
E00000383,C00007,S0000088,2025-06-18 14:05:59,add_to_cart,Cart,P0027,Mobile,Affiliate
E00000384,C00007,S0000089,2026-06-10 20:58:57,page_view,Home,,Desktop,Google
E00000385,C00007,S0000089,2026-06-10 21:02:40,search,Search,,Desktop,Google
E00000386,C00007,S0000089,2026-06-10 21:03:23,page_view,Category,,Desktop,Google
E00000387,C00007,S0000089,2026-06-10 21:04:54,product_view,Product,P0061,Desktop,Google
E00000388,C00007,S0000089,2026-06-10 21:07:31,review_view,Reviews,P0027,Desktop,Google
E00000389,C00007,S0000089,2026-06-10 21:09:47,add_to_cart,Cart,P0077,Desktop,Google
E00000390,C00007,S0000090,2024-10-19 23:26:16,page_view,Home,,Mobile,Affiliate
E00000391,C00007,S0000090,2024-10-19 23:29:20,search,Search,,Mobile,Affiliate
E00000392,C00007,S0000090,2024-10-19 23:32:10,page_view,Category,,Mobile,Affiliate
E00000393,C00007,S0000090,2024-10-19 23:35:42,product_view,Product,P0027,Mobile,Affiliate
E00000394,C00007,S0000091,2025-09-22 01:55:00,page_view,Home,,Desktop,Email
E00000395,C00007,S0000091,2025-09-22 01:58:23,search,Search,,Desktop,Email
E00000396,C00007,S0000091,2025-09-22 02:00:12,page_view,Category,,Desktop,Email
E00000397,C00007,S0000091,2025-09-22 02:01:59,product_view,Product,P0077,Desktop,Email
E00000398,C00007,S0000091,2025-09-22 02:04:47,review_view,Reviews,P0044,Desktop,Email
E00000399,C00007,S0000092,2025-12-21 20:44:20,page_view,Home,,Mobile,Facebook
E00000400,C00007,S0000093,2025-08-26 13:40:51,page_view,Home,,Mobile,Instagram
E00000401,C00007,S0000093,2025-08-26 13:42:41,search,Search,,Mobile,Instagram
E00000402,C00008,S0000094,2025-06-03 05:07:49,page_view,Home,,Mobile,Affiliate
E00000403,C00008,S0000094,2025-06-03 05:10:41,search,Search,,Mobile,Affiliate
E00000404,C00008,S0000094,2025-06-03 05:11:25,page_view,Category,,Mobile,Affiliate
E00000405,C00008,S0000095,2026-05-14 21:02:15,page_view,Home,,Desktop,Google
E00000406,C00008,S0000095,2026-05-14 21:03:14,search,Search,,Desktop,Google
E00000407,C00008,S0000095,2026-05-14 21:05:43,page_view,Category,,Desktop,Google
E00000408,C00008,S0000095,2026-05-14 21:09:43,product_view,Product,P0074,Desktop,Google
E00000409,C00008,S0000095,2026-05-14 21:12:19,review_view,Reviews,P0074,Desktop,Google
E00000410,C00008,S0000095,2026-05-14 21:12:55,add_to_cart,Cart,P0035,Desktop,Google
E00000411,C00008,S0000096,2026-01-03 06:01:37,page_view,Home,,Desktop,Google
E00000412,C00008,S0000096,2026-01-03 06:05:01,search,Search,,Desktop,Google
E00000413,C00008,S0000097,2025-10-26 17:36:40,page_view,Home,,Mobile,Facebook
E00000414,C00008,S0000097,2025-10-26 17:38:33,search,Search,,Mobile,Facebook
E00000415,C00008,S0000098,2025-06-29 08:06:40,page_view,Home,,Desktop,Direct
E00000416,C00008,S0000098,2025-06-29 08:10:30,search,Search,,Desktop,Direct
E00000417,C00008,S0000098,2025-06-29 08:12:49,page_view,Category,,Desktop,Direct
E00000418,C00008,S0000099,2025-03-03 20:25:26,page_view,Home,,Mobile,Affiliate
E00000419,C00008,S0000099,2025-03-03 20:27:48,search,Search,,Mobile,Affiliate
E00000420,C00008,S0000099,2025-03-03 20:29:05,page_view,Category,,Mobile,Affiliate
E00000421,C00008,S0000099,2025-03-03 20:30:53,product_view,Product,P0073,Mobile,Affiliate
E00000422,C00008,S0000099,2025-03-03 20:33:26,review_view,Reviews,P0035,Mobile,Affiliate
E00000423,C00008,S0000100,2024-12-01 22:13:34,page_view,Home,,Desktop,Email
E00000424,C00008,S0000100,2024-12-01 22:14:41,search,Search,,Desktop,Email
E00000425,C00008,S0000100,2024-12-01 22:14:52,page_view,Category,,Desktop,Email
E00000426,C00008,S0000101,2025-06-01 11:13:30,page_view,Home,,Desktop,Facebook
E00000427,C00008,S0000101,2025-06-01 11:16:07,search,Search,,Desktop,Facebook
E00000428,C00008,S0000101,2025-06-01 11:16:36,page_view,Category,,Desktop,Facebook
E00000429,C00008,S0000101,2025-06-01 11:20:19,product_view,Product,P0014,Desktop,Facebook
E00000430,C00008,S0000101,2025-06-01 11:22:32,review_view,Reviews,P0062,Desktop,Facebook
E00000431,C00008,S0000101,2025-06-01 11:24:45,add_to_cart,Cart,P0017,Desktop,Facebook
E00000432,C00008,S0000101,2025-06-01 11:25:07,checkout_start,Checkout,P0028,Desktop,Facebook
E00000433,C00008,S0000101,2025-06-01 11:27:30,purchase,Checkout,P0073,Desktop,Facebook
E00000434,C00008,S0000102,2025-10-22 21:12:23,page_view,Home,,Mobile,Bing
E00000435,C00008,S0000102,2025-10-22 21:14:13,search,Search,,Mobile,Bing
E00000436,C00008,S0000103,2025-09-25 03:13:42,page_view,Home,,Mobile,Bing
E00000437,C00008,S0000103,2025-09-25 03:14:19,search,Search,,Mobile,Bing
E00000438,C00008,S0000103,2025-09-25 03:15:24,page_view,Category,,Mobile,Bing
E00000439,C00009,S0000104,2024-10-16 15:19:56,page_view,Home,,Mobile,Google
E00000440,C00009,S0000104,2024-10-16 15:21:55,search,Search,,Mobile,Google
E00000441,C00009,S0000104,2024-10-16 15:23:59,page_view,Category,,Mobile,Google
E00000442,C00009,S0000104,2024-10-16 15:27:46,product_view,Product,P0043,Mobile,Google
E00000443,C00009,S0000105,2024-04-26 00:38:55,page_view,Home,,Desktop,Affiliate
E00000444,C00009,S0000105,2024-04-26 00:41:49,search,Search,,Desktop,Affiliate
E00000445,C00009,S0000105,2024-04-26 00:45:24,page_view,Category,,Desktop,Affiliate
E00000446,C00009,S0000105,2024-04-26 00:46:01,product_view,Product,P0039,Desktop,Affiliate
E00000447,C00009,S0000105,2024-04-26 00:49:28,review_view,Reviews,P0018,Desktop,Affiliate
E00000448,C00009,S0000105,2024-04-26 00:49:47,add_to_cart,Cart,P0043,Desktop,Affiliate
E00000449,C00009,S0000106,2024-09-08 16:40:12,page_view,Home,,Tablet,Affiliate
E00000450,C00009,S0000106,2024-09-08 16:42:36,search,Search,,Tablet,Affiliate
E00000451,C00009,S0000106,2024-09-08 16:44:47,page_view,Category,,Tablet,Affiliate
E00000452,C00009,S0000107,2025-10-06 02:12:41,page_view,Home,,Desktop,Direct
E00000453,C00009,S0000107,2025-10-06 02:14:23,search,Search,,Desktop,Direct
E00000454,C00009,S0000107,2025-10-06 02:15:06,page_view,Category,,Desktop,Direct
E00000455,C00009,S0000107,2025-10-06 02:16:16,product_view,Product,P0059,Desktop,Direct
E00000456,C00009,S0000107,2025-10-06 02:18:40,review_view,Reviews,P0059,Desktop,Direct
E00000457,C00009,S0000108,2026-05-05 12:44:31,page_view,Home,,Desktop,Facebook
E00000458,C00009,S0000108,2026-05-05 12:48:08,search,Search,,Desktop,Facebook
E00000459,C00009,S0000108,2026-05-05 12:51:36,page_view,Category,,Desktop,Facebook
E00000460,C00009,S0000108,2026-05-05 12:53:35,product_view,Product,P0046,Desktop,Facebook
E00000461,C00009,S0000109,2024-05-09 11:50:51,page_view,Home,,Mobile,Email
E00000462,C00009,S0000109,2024-05-09 11:53:18,search,Search,,Mobile,Email
E00000463,C00009,S0000109,2024-05-09 11:55:21,page_view,Category,,Mobile,Email
E00000464,C00009,S0000109,2024-05-09 11:56:42,product_view,Product,P0039,Mobile,Email
E00000465,C00009,S0000109,2024-05-09 12:00:32,review_view,Reviews,P0020,Mobile,Email
E00000466,C00009,S0000109,2024-05-09 12:01:17,add_to_cart,Cart,P0055,Mobile,Email
E00000467,C00009,S0000110,2026-03-04 12:20:35,page_view,Home,,Desktop,Bing
E00000468,C00009,S0000110,2026-03-04 12:23:26,search,Search,,Desktop,Bing
E00000469,C00009,S0000110,2026-03-04 12:25:02,page_view,Category,,Desktop,Bing
E00000470,C00009,S0000110,2026-03-04 12:28:19,product_view,Product,P0070,Desktop,Bing
E00000471,C00009,S0000111,2025-05-17 13:15:55,page_view,Home,,Desktop,Facebook
E00000472,C00009,S0000111,2025-05-17 13:16:50,search,Search,,Desktop,Facebook
E00000473,C00009,S0000111,2025-05-17 13:19:08,page_view,Category,,Desktop,Facebook
E00000474,C00009,S0000111,2025-05-17 13:19:50,product_view,Product,P0039,Desktop,Facebook
E00000475,C00009,S0000111,2025-05-17 13:22:37,review_view,Reviews,P0018,Desktop,Facebook
E00000476,C00009,S0000111,2025-05-17 13:23:08,add_to_cart,Cart,P0046,Desktop,Facebook
E00000477,C00009,S0000112,2025-02-14 00:56:17,page_view,Home,,Desktop,Direct
E00000478,C00009,S0000113,2026-06-09 11:10:46,page_view,Home,,Desktop,Google
E00000479,C00009,S0000113,2026-06-09 11:11:56,search,Search,,Desktop,Google
E00000480,C00009,S0000113,2026-06-09 11:12:39,page_view,Category,,Desktop,Google
E00000481,C00009,S0000114,2025-12-29 04:14:21,page_view,Home,,Mobile,Direct
E00000482,C00009,S0000114,2025-12-29 04:15:58,search,Search,,Mobile,Direct
E00000483,C00009,S0000114,2025-12-29 04:18:11,page_view,Category,,Mobile,Direct
E00000484,C00009,S0000114,2025-12-29 04:18:29,product_view,Product,P0059,Mobile,Direct
E00000485,C00009,S0000114,2025-12-29 04:19:31,review_view,Reviews,P0075,Mobile,Direct
E00000486,C00009,S0000114,2025-12-29 04:22:23,add_to_cart,Cart,P0046,Mobile,Direct
E00000487,C00010,S0000115,2026-04-22 06:40:18,page_view,Home,,Mobile,Facebook
E00000488,C00010,S0000115,2026-04-22 06:43:05,search,Search,,Mobile,Facebook
E00000489,C00010,S0000115,2026-04-22 06:44:53,page_view,Category,,Mobile,Facebook
E00000490,C00010,S0000115,2026-04-22 06:46:41,product_view,Product,P0078,Mobile,Facebook
E00000491,C00010,S0000115,2026-04-22 06:47:27,review_view,Reviews,P0078,Mobile,Facebook
E00000492,C00010,S0000116,2025-05-16 15:27:06,page_view,Home,,Mobile,Bing
E00000493,C00010,S0000116,2025-05-16 15:29:01,search,Search,,Mobile,Bing
E00000494,C00010,S0000116,2025-05-16 15:29:49,page_view,Category,,Mobile,Bing
E00000495,C00010,S0000116,2025-05-16 15:33:10,product_view,Product,P0001,Mobile,Bing
E00000496,C00010,S0000117,2025-02-10 13:21:33,page_view,Home,,Desktop,Bing
E00000497,C00010,S0000117,2025-02-10 13:22:36,search,Search,,Desktop,Bing
E00000498,C00010,S0000117,2025-02-10 13:23:03,page_view,Category,,Desktop,Bing
E00000499,C00010,S0000117,2025-02-10 13:25:27,product_view,Product,P0026,Desktop,Bing
E00000500,C00010,S0000117,2025-02-10 13:29:03,review_view,Reviews,P0019,Desktop,Bing
E00000501,C00010,S0000117,2025-02-10 13:32:14,add_to_cart,Cart,P0007,Desktop,Bing
E00000502,C00010,S0000118,2025-02-14 06:58:54,page_view,Home,,Mobile,Email
E00000503,C00010,S0000118,2025-02-14 06:59:05,search,Search,,Mobile,Email
E00000504,C00010,S0000118,2025-02-14 07:01:55,page_view,Category,,Mobile,Email
E00000505,C00010,S0000118,2025-02-14 07:03:23,product_view,Product,P0006,Mobile,Email
E00000506,C00010,S0000118,2025-02-14 07:03:48,review_view,Reviews,P0063,Mobile,Email
E00000507,C00010,S0000118,2025-02-14 07:07:07,add_to_cart,Cart,P0001,Mobile,Email
E00000508,C00010,S0000118,2025-02-14 07:11:03,checkout_start,Checkout,P0006,Mobile,Email
E00000509,C00010,S0000118,2025-02-14 07:13:26,purchase,Checkout,P0036,Mobile,Email
E00000510,C00010,S0000119,2025-11-30 09:33:28,page_view,Home,,Mobile,Bing
E00000511,C00010,S0000119,2025-11-30 09:35:54,search,Search,,Mobile,Bing
E00000512,C00010,S0000119,2025-11-30 09:36:46,page_view,Category,,Mobile,Bing
E00000513,C00010,S0000119,2025-11-30 09:40:12,product_view,Product,P0078,Mobile,Bing
E00000514,C00010,S0000120,2025-11-18 18:57:04,page_view,Home,,Mobile,Google
E00000515,C00010,S0000120,2025-11-18 18:58:43,search,Search,,Mobile,Google
E00000516,C00010,S0000120,2025-11-18 19:00:55,page_view,Category,,Mobile,Google
E00000517,C00010,S0000120,2025-11-18 19:03:03,product_view,Product,P0050,Mobile,Google
E00000518,C00010,S0000120,2025-11-18 19:04:19,review_view,Reviews,P0053,Mobile,Google
E00000519,C00010,S0000121,2026-04-29 22:51:36,page_view,Home,,Mobile,Facebook
E00000520,C00010,S0000121,2026-04-29 22:53:09,search,Search,,Mobile,Facebook
E00000521,C00010,S0000121,2026-04-29 22:53:55,add_to_cart,Cart,P0006,Mobile,Facebook
E00000522,C00010,S0000121,2026-04-29 22:56:15,checkout_start,Checkout,P0072,Mobile,Facebook
E00000523,C00010,S0000121,2026-04-29 22:58:02,purchase,Checkout,P0036,Mobile,Facebook
E00000524,C00010,S0000122,2025-01-13 14:20:20,page_view,Home,,Desktop,Direct
E00000525,C00010,S0000123,2026-01-24 06:26:42,page_view,Home,,Mobile,Email
E00000526,C00010,S0000124,2025-05-11 20:34:41,page_view,Home,,Tablet,Direct
E00000527,C00010,S0000124,2025-05-11 20:35:37,search,Search,,Tablet,Direct
E00000528,C00010,S0000124,2025-05-11 20:36:31,page_view,Category,,Tablet,Direct
E00000529,C00010,S0000124,2025-05-11 20:37:20,product_view,Product,P0026,Tablet,Direct
E00000530,C00010,S0000124,2025-05-11 20:40:39,review_view,Reviews,P0069,Tablet,Direct
E00000531,C00011,S0000125,2026-06-24 15:34:27,page_view,Home,,Mobile,Affiliate
E00000532,C00011,S0000125,2026-06-24 15:35:37,search,Search,,Mobile,Affiliate
E00000533,C00011,S0000125,2026-06-24 15:38:08,page_view,Category,,Mobile,Affiliate
E00000534,C00011,S0000125,2026-06-24 15:40:38,product_view,Product,P0030,Mobile,Affiliate
E00000535,C00011,S0000125,2026-06-24 15:41:48,review_view,Reviews,P0030,Mobile,Affiliate
E00000536,C00011,S0000125,2026-06-24 15:43:21,add_to_cart,Cart,P0065,Mobile,Affiliate
E00000537,C00011,S0000126,2026-03-22 08:56:41,page_view,Home,,Mobile,Bing
E00000538,C00011,S0000126,2026-03-22 08:58:09,search,Search,,Mobile,Bing
E00000539,C00011,S0000126,2026-03-22 08:59:27,page_view,Category,,Mobile,Bing
E00000540,C00011,S0000126,2026-03-22 09:01:23,product_view,Product,P0016,Mobile,Bing
E00000541,C00011,S0000126,2026-03-22 09:03:38,review_view,Reviews,P0065,Mobile,Bing
E00000542,C00011,S0000126,2026-03-22 09:06:33,add_to_cart,Cart,P0033,Mobile,Bing
E00000543,C00011,S0000127,2026-06-25 17:59:47,page_view,Home,,Mobile,Direct
E00000544,C00011,S0000127,2026-06-25 18:01:22,search,Search,,Mobile,Direct
E00000545,C00011,S0000128,2026-02-23 09:17:53,page_view,Home,,Mobile,Affiliate
E00000546,C00011,S0000128,2026-02-23 09:18:32,search,Search,,Mobile,Affiliate
E00000547,C00011,S0000128,2026-02-23 09:19:28,page_view,Category,,Mobile,Affiliate
E00000548,C00011,S0000128,2026-02-23 09:23:26,product_view,Product,P0033,Mobile,Affiliate
E00000549,C00011,S0000129,2026-05-22 21:12:49,page_view,Home,,Mobile,Direct
E00000550,C00011,S0000129,2026-05-22 21:13:13,search,Search,,Mobile,Direct
E00000551,C00011,S0000129,2026-05-22 21:14:47,page_view,Category,,Mobile,Direct
E00000552,C00011,S0000129,2026-05-22 21:16:00,product_view,Product,P0065,Mobile,Direct
E00000553,C00011,S0000130,2026-05-20 17:05:43,page_view,Home,,Desktop,Google
E00000554,C00011,S0000130,2026-05-20 17:08:54,search,Search,,Desktop,Google
E00000555,C00011,S0000130,2026-05-20 17:12:53,page_view,Category,,Desktop,Google
E00000556,C00011,S0000130,2026-05-20 17:16:32,product_view,Product,P0031,Desktop,Google
E00000557,C00011,S0000130,2026-05-20 17:17:17,review_view,Reviews,P0045,Desktop,Google
E00000558,C00011,S0000131,2026-05-10 18:54:14,page_view,Home,,Desktop,Email
E00000559,C00011,S0000131,2026-05-10 18:54:58,search,Search,,Desktop,Email
E00000560,C00011,S0000131,2026-05-10 18:58:31,add_to_cart,Cart,P0031,Desktop,Email
E00000561,C00011,S0000131,2026-05-10 19:00:22,checkout_start,Checkout,P0065,Desktop,Email
E00000562,C00011,S0000131,2026-05-10 19:03:54,purchase,Checkout,P0065,Desktop,Email
E00000563,C00011,S0000132,2026-01-01 19:59:35,page_view,Home,,Mobile,Email
E00000564,C00011,S0000132,2026-01-01 20:01:50,search,Search,,Mobile,Email
E00000565,C00011,S0000132,2026-01-01 20:04:35,add_to_cart,Cart,P0079,Mobile,Email
E00000566,C00011,S0000132,2026-01-01 20:07:40,checkout_start,Checkout,P0033,Mobile,Email
E00000567,C00011,S0000132,2026-01-01 20:10:02,purchase,Checkout,P0045,Mobile,Email
E00000568,C00011,S0000133,2026-04-27 20:45:59,page_view,Home,,Desktop,Affiliate
E00000569,C00011,S0000133,2026-04-27 20:49:53,search,Search,,Desktop,Affiliate
E00000570,C00011,S0000133,2026-04-27 20:51:38,page_view,Category,,Desktop,Affiliate
E00000571,C00011,S0000133,2026-04-27 20:54:38,product_view,Product,P0045,Desktop,Affiliate
E00000572,C00011,S0000134,2026-03-20 06:47:07,page_view,Home,,Desktop,Email
E00000573,C00011,S0000134,2026-03-20 06:50:29,search,Search,,Desktop,Email
E00000574,C00011,S0000135,2025-12-29 07:24:10,page_view,Home,,Mobile,Instagram
E00000575,C00011,S0000136,2026-01-08 20:52:38,page_view,Home,,Mobile,Direct
E00000576,C00011,S0000136,2026-01-08 20:56:21,search,Search,,Mobile,Direct
E00000577,C00011,S0000136,2026-01-08 21:00:14,page_view,Category,,Mobile,Direct
E00000578,C00011,S0000136,2026-01-08 21:01:05,product_view,Product,P0030,Mobile,Direct
E00000579,C00011,S0000136,2026-01-08 21:04:58,review_view,Reviews,P0065,Mobile,Direct
E00000580,C00011,S0000136,2026-01-08 21:07:34,add_to_cart,Cart,P0079,Mobile,Direct
E00000581,C00011,S0000137,2026-01-11 00:52:33,page_view,Home,,Mobile,Affiliate
E00000582,C00011,S0000137,2026-01-11 00:55:54,search,Search,,Mobile,Affiliate
E00000583,C00011,S0000137,2026-01-11 00:57:33,page_view,Category,,Mobile,Affiliate
E00000584,C00011,S0000137,2026-01-11 01:00:32,product_view,Product,P0016,Mobile,Affiliate
E00000585,C00011,S0000137,2026-01-11 01:01:05,review_view,Reviews,P0031,Mobile,Affiliate
E00000586,C00011,S0000138,2026-02-07 17:26:54,page_view,Home,,Mobile,Direct
E00000587,C00011,S0000138,2026-02-07 17:30:34,search,Search,,Mobile,Direct
E00000588,C00011,S0000139,2026-02-07 00:13:24,page_view,Home,,Mobile,Affiliate
E00000589,C00011,S0000139,2026-02-07 00:15:41,search,Search,,Mobile,Affiliate
E00000590,C00011,S0000139,2026-02-07 00:16:14,page_view,Category,,Mobile,Affiliate
E00000591,C00011,S0000139,2026-02-07 00:18:59,product_view,Product,P0016,Mobile,Affiliate
E00000592,C00011,S0000140,2026-01-25 14:29:52,page_view,Home,,Mobile,Google
E00000593,C00011,S0000140,2026-01-25 14:30:32,add_to_cart,Cart,P0079,Mobile,Google
E00000594,C00011,S0000140,2026-01-25 14:33:37,checkout_start,Checkout,P0065,Mobile,Google
E00000595,C00011,S0000140,2026-01-25 14:35:44,purchase,Checkout,P0033,Mobile,Google
E00000596,C00011,S0000141,2026-04-17 05:05:41,page_view,Home,,Desktop,Direct
E00000597,C00011,S0000142,2026-01-16 13:58:33,page_view,Home,,Mobile,Direct
E00000598,C00011,S0000142,2026-01-16 14:01:47,search,Search,,Mobile,Direct
E00000599,C00011,S0000142,2026-01-16 14:02:05,page_view,Category,,Mobile,Direct
E00000600,C00011,S0000142,2026-01-16 14:04:09,product_view,Product,P0030,Mobile,Direct
E00000601,C00011,S0000142,2026-01-16 14:07:24,add_to_cart,Cart,P0031,Mobile,Direct
E00000602,C00011,S0000142,2026-01-16 14:10:23,checkout_start,Checkout,P0065,Mobile,Direct
E00000603,C00011,S0000142,2026-01-16 14:12:48,purchase,Checkout,P0079,Mobile,Direct
E00000604,C00011,S0000143,2026-04-10 09:04:39,page_view,Home,,Desktop,Direct
E00000605,C00011,S0000143,2026-04-10 09:07:15,search,Search,,Desktop,Direct
E00000606,C00012,S0000144,2025-11-24 15:44:36,page_view,Home,,Mobile,Google
E00000607,C00012,S0000144,2025-11-24 15:47:32,search,Search,,Mobile,Google
E00000608,C00012,S0000144,2025-11-24 15:51:26,page_view,Category,,Mobile,Google
E00000609,C00012,S0000145,2026-01-19 18:58:40,page_view,Home,,Mobile,Direct
E00000610,C00012,S0000146,2026-01-10 00:51:12,page_view,Home,,Desktop,Google
E00000611,C00012,S0000146,2026-01-10 00:55:02,search,Search,,Desktop,Google
E00000612,C00012,S0000146,2026-01-10 00:55:14,page_view,Category,,Desktop,Google
E00000613,C00012,S0000146,2026-01-10 00:57:51,product_view,Product,P0054,Desktop,Google
E00000614,C00012,S0000146,2026-01-10 00:59:24,review_view,Reviews,P0008,Desktop,Google
E00000615,C00012,S0000146,2026-01-10 01:00:12,add_to_cart,Cart,P0021,Desktop,Google
E00000616,C00012,S0000147,2026-01-11 13:44:13,page_view,Home,,Mobile,Affiliate
E00000617,C00012,S0000148,2026-02-21 12:47:49,page_view,Home,,Mobile,Affiliate
E00000618,C00012,S0000148,2026-02-21 12:50:46,search,Search,,Mobile,Affiliate
E00000619,C00012,S0000148,2026-02-21 12:50:56,page_view,Category,,Mobile,Affiliate
E00000620,C00012,S0000148,2026-02-21 12:54:32,product_view,Product,P0008,Mobile,Affiliate
E00000621,C00012,S0000148,2026-02-21 12:57:45,review_view,Reviews,P0054,Mobile,Affiliate
E00000622,C00012,S0000149,2026-06-05 21:42:39,page_view,Home,,Mobile,Email
E00000623,C00012,S0000149,2026-06-05 21:46:07,search,Search,,Mobile,Email
E00000624,C00012,S0000149,2026-06-05 21:46:41,page_view,Category,,Mobile,Email
E00000625,C00012,S0000150,2025-12-13 16:33:41,page_view,Home,,Mobile,Bing
E00000626,C00012,S0000151,2026-02-01 19:42:37,page_view,Home,,Desktop,Google
E00000627,C00012,S0000151,2026-02-01 19:42:53,search,Search,,Desktop,Google
E00000628,C00012,S0000151,2026-02-01 19:44:09,page_view,Category,,Desktop,Google
E00000629,C00012,S0000152,2025-09-25 05:41:50,page_view,Home,,Desktop,Instagram
E00000630,C00013,S0000153,2025-12-22 20:19:59,page_view,Home,,Mobile,Direct
E00000631,C00013,S0000153,2025-12-22 20:23:13,search,Search,,Mobile,Direct
E00000632,C00013,S0000153,2025-12-22 20:26:27,page_view,Category,,Mobile,Direct
E00000633,C00013,S0000153,2025-12-22 20:26:58,product_view,Product,P0069,Mobile,Direct
E00000634,C00013,S0000153,2025-12-22 20:28:57,add_to_cart,Cart,P0001,Mobile,Direct
E00000635,C00013,S0000153,2025-12-22 20:30:52,checkout_start,Checkout,P0036,Mobile,Direct
E00000636,C00013,S0000153,2025-12-22 20:31:35,purchase,Checkout,P0011,Mobile,Direct
E00000637,C00013,S0000154,2026-01-17 19:23:56,page_view,Home,,Mobile,Bing
E00000638,C00013,S0000154,2026-01-17 19:24:46,search,Search,,Mobile,Bing
E00000639,C00013,S0000154,2026-01-17 19:28:27,page_view,Category,,Mobile,Bing
E00000640,C00013,S0000154,2026-01-17 19:32:21,product_view,Product,P0001,Mobile,Bing
E00000641,C00013,S0000154,2026-01-17 19:33:27,review_view,Reviews,P0049,Mobile,Bing
E00000642,C00013,S0000155,2025-09-11 09:07:45,page_view,Home,,Mobile,Instagram
E00000643,C00013,S0000155,2025-09-11 09:10:19,add_to_cart,Cart,P0072,Mobile,Instagram
E00000644,C00013,S0000155,2025-09-11 09:12:03,checkout_start,Checkout,P0069,Mobile,Instagram
E00000645,C00013,S0000155,2025-09-11 09:16:01,purchase,Checkout,P0049,Mobile,Instagram
E00000646,C00013,S0000156,2025-09-28 13:31:35,page_view,Home,,Tablet,Bing
E00000647,C00013,S0000156,2025-09-28 13:33:33,search,Search,,Tablet,Bing
E00000648,C00013,S0000156,2025-09-28 13:37:18,page_view,Category,,Tablet,Bing
E00000649,C00013,S0000156,2025-09-28 13:38:12,product_view,Product,P0036,Tablet,Bing
E00000650,C00013,S0000157,2026-01-01 17:29:39,page_view,Home,,Desktop,Instagram
E00000651,C00013,S0000157,2026-01-01 17:29:49,search,Search,,Desktop,Instagram
E00000652,C00013,S0000157,2026-01-01 17:30:27,page_view,Category,,Desktop,Instagram
E00000653,C00013,S0000157,2026-01-01 17:30:48,product_view,Product,P0002,Desktop,Instagram
E00000654,C00013,S0000157,2026-01-01 17:34:14,review_view,Reviews,P0007,Desktop,Instagram
E00000655,C00013,S0000157,2026-01-01 17:37:48,add_to_cart,Cart,P0080,Desktop,Instagram
E00000656,C00013,S0000157,2026-01-01 17:38:29,checkout_start,Checkout,P0002,Desktop,Instagram
E00000657,C00013,S0000157,2026-01-01 17:39:32,purchase,Checkout,P0001,Desktop,Instagram
E00000658,C00013,S0000158,2026-03-25 20:12:08,page_view,Home,,Mobile,Direct
E00000659,C00013,S0000158,2026-03-25 20:12:59,search,Search,,Mobile,Direct
E00000660,C00013,S0000159,2026-03-30 18:50:50,page_view,Home,,Mobile,Affiliate
E00000661,C00013,S0000159,2026-03-30 18:52:33,add_to_cart,Cart,P0072,Mobile,Affiliate
E00000662,C00013,S0000159,2026-03-30 18:53:10,checkout_start,Checkout,P0011,Mobile,Affiliate
E00000663,C00013,S0000159,2026-03-30 18:55:51,purchase,Checkout,P0001,Mobile,Affiliate
E00000664,C00013,S0000160,2025-10-20 12:30:34,page_view,Home,,Mobile,Direct
E00000665,C00013,S0000160,2025-10-20 12:32:39,search,Search,,Mobile,Direct
E00000666,C00013,S0000160,2025-10-20 12:33:15,page_view,Category,,Mobile,Direct
E00000667,C00013,S0000160,2025-10-20 12:34:28,product_view,Product,P0002,Mobile,Direct
E00000668,C00013,S0000160,2025-10-20 12:36:36,review_view,Reviews,P0036,Mobile,Direct
E00000669,C00013,S0000161,2026-02-12 02:55:27,page_view,Home,,Mobile,Facebook
E00000670,C00013,S0000161,2026-02-12 02:57:42,search,Search,,Mobile,Facebook
E00000671,C00013,S0000161,2026-02-12 02:59:08,page_view,Category,,Mobile,Facebook
E00000672,C00013,S0000161,2026-02-12 03:00:09,product_view,Product,P0063,Mobile,Facebook
E00000673,C00013,S0000161,2026-02-12 03:01:03,review_view,Reviews,P0007,Mobile,Facebook
E00000674,C00013,S0000161,2026-02-12 03:04:13,add_to_cart,Cart,P0026,Mobile,Facebook
E00000675,C00014,S0000162,2024-03-18 00:41:07,page_view,Home,,Mobile,Facebook
E00000676,C00014,S0000162,2024-03-18 00:42:47,search,Search,,Mobile,Facebook
E00000677,C00014,S0000162,2024-03-18 00:44:51,page_view,Category,,Mobile,Facebook
E00000678,C00014,S0000162,2024-03-18 00:46:50,product_view,Product,P0042,Mobile,Facebook
E00000679,C00014,S0000163,2025-10-24 09:15:20,page_view,Home,,Mobile,Bing
E00000680,C00014,S0000163,2025-10-24 09:18:21,search,Search,,Mobile,Bing
E00000681,C00014,S0000163,2025-10-24 09:21:56,page_view,Category,,Mobile,Bing
E00000682,C00014,S0000163,2025-10-24 09:25:49,product_view,Product,P0034,Mobile,Bing
E00000683,C00014,S0000164,2025-11-04 14:43:10,page_view,Home,,Desktop,Bing
E00000684,C00014,S0000164,2025-11-04 14:45:11,search,Search,,Desktop,Bing
E00000685,C00014,S0000165,2025-03-31 15:55:24,page_view,Home,,Mobile,Facebook
E00000686,C00014,S0000165,2025-03-31 15:59:06,search,Search,,Mobile,Facebook
E00000687,C00014,S0000165,2025-03-31 15:59:51,page_view,Category,,Mobile,Facebook
E00000688,C00014,S0000165,2025-03-31 16:03:00,product_view,Product,P0064,Mobile,Facebook
E00000689,C00014,S0000165,2025-03-31 16:03:14,review_view,Reviews,P0004,Mobile,Facebook
E00000690,C00014,S0000165,2025-03-31 16:03:38,add_to_cart,Cart,P0037,Mobile,Facebook
E00000691,C00014,S0000165,2025-03-31 16:05:31,checkout_start,Checkout,P0042,Mobile,Facebook
E00000692,C00014,S0000165,2025-03-31 16:07:29,purchase,Checkout,P0015,Mobile,Facebook
E00000693,C00014,S0000166,2025-01-05 12:01:59,page_view,Home,,Mobile,Direct
E00000694,C00014,S0000166,2025-01-05 12:04:03,search,Search,,Mobile,Direct
E00000695,C00014,S0000166,2025-01-05 12:06:43,page_view,Category,,Mobile,Direct
E00000696,C00014,S0000166,2025-01-05 12:08:57,product_view,Product,P0064,Mobile,Direct
E00000697,C00014,S0000166,2025-01-05 12:09:38,review_view,Reviews,P0037,Mobile,Direct
E00000698,C00014,S0000166,2025-01-05 12:09:57,add_to_cart,Cart,P0004,Mobile,Direct
E00000699,C00014,S0000166,2025-01-05 12:13:18,checkout_start,Checkout,P0037,Mobile,Direct
E00000700,C00014,S0000166,2025-01-05 12:15:57,purchase,Checkout,P0034,Mobile,Direct
E00000701,C00014,S0000167,2025-08-31 20:09:07,page_view,Home,,Desktop,Email
E00000702,C00014,S0000168,2025-11-29 09:49:17,page_view,Home,,Desktop,Affiliate
E00000703,C00014,S0000168,2025-11-29 09:50:48,search,Search,,Desktop,Affiliate
E00000704,C00014,S0000168,2025-11-29 09:54:18,page_view,Category,,Desktop,Affiliate
E00000705,C00014,S0000168,2025-11-29 09:55:12,product_view,Product,P0004,Desktop,Affiliate
E00000706,C00014,S0000169,2024-11-09 22:17:29,page_view,Home,,Mobile,Affiliate
E00000707,C00014,S0000169,2024-11-09 22:20:12,search,Search,,Mobile,Affiliate
E00000708,C00014,S0000169,2024-11-09 22:23:52,page_view,Category,,Mobile,Affiliate
E00000709,C00014,S0000169,2024-11-09 22:26:09,product_view,Product,P0042,Mobile,Affiliate
E00000710,C00014,S0000169,2024-11-09 22:29:39,review_view,Reviews,P0076,Mobile,Affiliate
E00000711,C00014,S0000169,2024-11-09 22:31:55,add_to_cart,Cart,P0034,Mobile,Affiliate
E00000712,C00014,S0000169,2024-11-09 22:34:50,checkout_start,Checkout,P0015,Mobile,Affiliate
E00000713,C00014,S0000169,2024-11-09 22:35:50,purchase,Checkout,P0064,Mobile,Affiliate
E00000714,C00014,S0000170,2025-10-18 16:02:23,page_view,Home,,Mobile,Facebook
E00000715,C00014,S0000170,2025-10-18 16:03:47,search,Search,,Mobile,Facebook
E00000716,C00014,S0000170,2025-10-18 16:04:23,page_view,Category,,Mobile,Facebook
E00000717,C00014,S0000170,2025-10-18 16:06:18,product_view,Product,P0042,Mobile,Facebook
E00000718,C00014,S0000170,2025-10-18 16:06:53,review_view,Reviews,P0025,Mobile,Facebook
E00000719,C00014,S0000171,2024-09-30 17:40:37,page_view,Home,,Mobile,Bing
E00000720,C00014,S0000171,2024-09-30 17:41:46,search,Search,,Mobile,Bing
E00000721,C00014,S0000171,2024-09-30 17:45:28,page_view,Category,,Mobile,Bing
E00000722,C00014,S0000171,2024-09-30 17:46:22,add_to_cart,Cart,P0040,Mobile,Bing
E00000723,C00014,S0000171,2024-09-30 17:48:23,checkout_start,Checkout,P0025,Mobile,Bing
E00000724,C00014,S0000171,2024-09-30 17:49:26,purchase,Checkout,P0076,Mobile,Bing
E00000725,C00014,S0000172,2026-01-07 21:33:04,page_view,Home,,Desktop,Facebook
E00000726,C00014,S0000172,2026-01-07 21:36:40,search,Search,,Desktop,Facebook
E00000727,C00014,S0000172,2026-01-07 21:36:53,page_view,Category,,Desktop,Facebook
E00000728,C00014,S0000172,2026-01-07 21:37:20,product_view,Product,P0037,Desktop,Facebook
E00000729,C00014,S0000172,2026-01-07 21:38:12,review_view,Reviews,P0042,Desktop,Facebook
E00000730,C00014,S0000173,2025-12-29 05:07:21,page_view,Home,,Mobile,Email
E00000731,C00015,S0000174,2026-04-23 02:03:33,page_view,Home,,Desktop,Affiliate
E00000732,C00015,S0000174,2026-04-23 02:06:32,search,Search,,Desktop,Affiliate
E00000733,C00015,S0000174,2026-04-23 02:09:22,page_view,Category,,Desktop,Affiliate
E00000734,C00015,S0000174,2026-04-23 02:10:38,product_view,Product,P0014,Desktop,Affiliate
E00000735,C00015,S0000174,2026-04-23 02:14:25,review_view,Reviews,P0074,Desktop,Affiliate
E00000736,C00015,S0000174,2026-04-23 02:18:25,add_to_cart,Cart,P0074,Desktop,Affiliate
E00000737,C00015,S0000175,2025-11-06 08:36:31,page_view,Home,,Mobile,Facebook
E00000738,C00015,S0000175,2025-11-06 08:38:50,search,Search,,Mobile,Facebook
E00000739,C00015,S0000175,2025-11-06 08:42:46,page_view,Category,,Mobile,Facebook
E00000740,C00015,S0000176,2026-05-12 05:23:32,page_view,Home,,Mobile,Direct
E00000741,C00015,S0000176,2026-05-12 05:27:16,search,Search,,Mobile,Direct
E00000742,C00015,S0000176,2026-05-12 05:29:43,page_view,Category,,Mobile,Direct
E00000743,C00015,S0000176,2026-05-12 05:32:01,product_view,Product,P0066,Mobile,Direct
E00000744,C00015,S0000176,2026-05-12 05:34:41,review_view,Reviews,P0029,Mobile,Direct
E00000745,C00015,S0000176,2026-05-12 05:37:40,add_to_cart,Cart,P0060,Mobile,Direct
E00000746,C00015,S0000176,2026-05-12 05:37:57,checkout_start,Checkout,P0073,Mobile,Direct
E00000747,C00015,S0000176,2026-05-12 05:41:37,purchase,Checkout,P0073,Mobile,Direct
E00000748,C00015,S0000177,2025-10-31 19:54:57,page_view,Home,,Mobile,Google
E00000749,C00015,S0000177,2025-10-31 19:58:21,search,Search,,Mobile,Google
E00000750,C00015,S0000177,2025-10-31 19:59:01,page_view,Category,,Mobile,Google
E00000751,C00015,S0000177,2025-10-31 20:01:06,product_view,Product,P0074,Mobile,Google
E00000752,C00015,S0000177,2025-10-31 20:05:02,review_view,Reviews,P0035,Mobile,Google
E00000753,C00015,S0000177,2025-10-31 20:07:25,add_to_cart,Cart,P0060,Mobile,Google
E00000754,C00015,S0000178,2026-01-22 20:50:01,page_view,Home,,Mobile,Direct
E00000755,C00015,S0000178,2026-01-22 20:50:55,search,Search,,Mobile,Direct
E00000756,C00015,S0000178,2026-01-22 20:51:20,page_view,Category,,Mobile,Direct
E00000757,C00015,S0000178,2026-01-22 20:54:57,product_view,Product,P0012,Mobile,Direct
E00000758,C00015,S0000178,2026-01-22 20:56:13,review_view,Reviews,P0060,Mobile,Direct
E00000759,C00015,S0000178,2026-01-22 20:56:34,add_to_cart,Cart,P0041,Mobile,Direct
E00000760,C00015,S0000179,2026-05-25 11:40:27,page_view,Home,,Desktop,Email
E00000761,C00015,S0000179,2026-05-25 11:42:14,search,Search,,Desktop,Email
E00000762,C00015,S0000179,2026-05-25 11:44:48,page_view,Category,,Desktop,Email
E00000763,C00015,S0000179,2026-05-25 11:45:19,product_view,Product,P0029,Desktop,Email
E00000764,C00015,S0000179,2026-05-25 11:48:01,add_to_cart,Cart,P0041,Desktop,Email
E00000765,C00015,S0000179,2026-05-25 11:48:34,checkout_start,Checkout,P0071,Desktop,Email
E00000766,C00015,S0000179,2026-05-25 11:51:29,purchase,Checkout,P0066,Desktop,Email
E00000767,C00015,S0000180,2025-11-07 05:48:19,page_view,Home,,Desktop,Bing
E00000768,C00015,S0000180,2025-11-07 05:49:11,search,Search,,Desktop,Bing
E00000769,C00015,S0000180,2025-11-07 05:51:54,page_view,Category,,Desktop,Bing
E00000770,C00015,S0000180,2025-11-07 05:54:55,product_view,Product,P0041,Desktop,Bing
E00000771,C00015,S0000181,2026-06-10 05:32:25,page_view,Home,,Mobile,Affiliate
E00000772,C00015,S0000181,2026-06-10 05:34:37,search,Search,,Mobile,Affiliate
E00000773,C00015,S0000181,2026-06-10 05:37:37,page_view,Category,,Mobile,Affiliate
E00000774,C00015,S0000181,2026-06-10 05:40:29,product_view,Product,P0012,Mobile,Affiliate
E00000775,C00015,S0000182,2026-02-08 01:34:45,page_view,Home,,Mobile,Email
E00000776,C00015,S0000182,2026-02-08 01:38:17,search,Search,,Mobile,Email
E00000777,C00015,S0000182,2026-02-08 01:40:55,page_view,Category,,Mobile,Email
E00000778,C00015,S0000182,2026-02-08 01:42:53,product_view,Product,P0014,Mobile,Email
E00000779,C00015,S0000182,2026-02-08 01:44:33,review_view,Reviews,P0041,Mobile,Email
E00000780,C00015,S0000183,2025-10-17 18:02:58,page_view,Home,,Mobile,Bing
E00000781,C00015,S0000183,2025-10-17 18:06:56,search,Search,,Mobile,Bing
E00000782,C00015,S0000183,2025-10-17 18:10:32,page_view,Category,,Mobile,Bing
E00000783,C00015,S0000183,2025-10-17 18:13:38,product_view,Product,P0060,Mobile,Bing
E00000784,C00015,S0000183,2025-10-17 18:16:10,review_view,Reviews,P0028,Mobile,Bing
E00000785,C00015,S0000183,2025-10-17 18:17:45,add_to_cart,Cart,P0068,Mobile,Bing
E00000786,C00015,S0000184,2026-04-06 12:57:01,page_view,Home,,Mobile,Email
E00000787,C00016,S0000185,2026-05-01 23:22:37,page_view,Home,,Mobile,Facebook
E00000788,C00016,S0000185,2026-05-01 23:25:46,search,Search,,Mobile,Facebook
E00000789,C00016,S0000185,2026-05-01 23:28:39,page_view,Category,,Mobile,Facebook
E00000790,C00016,S0000186,2025-04-11 22:14:09,page_view,Home,,Desktop,Facebook
E00000791,C00016,S0000186,2025-04-11 22:14:25,search,Search,,Desktop,Facebook
E00000792,C00016,S0000186,2025-04-11 22:15:43,page_view,Category,,Desktop,Facebook
E00000793,C00016,S0000187,2025-10-02 18:39:25,page_view,Home,,Mobile,Facebook
E00000794,C00016,S0000187,2025-10-02 18:40:01,search,Search,,Mobile,Facebook
E00000795,C00016,S0000187,2025-10-02 18:41:49,page_view,Category,,Mobile,Facebook
E00000796,C00016,S0000187,2025-10-02 18:42:35,add_to_cart,Cart,P0020,Mobile,Facebook
E00000797,C00016,S0000187,2025-10-02 18:44:16,checkout_start,Checkout,P0070,Mobile,Facebook
E00000798,C00016,S0000187,2025-10-02 18:47:40,purchase,Checkout,P0032,Mobile,Facebook
E00000799,C00016,S0000188,2026-04-02 14:51:49,page_view,Home,,Mobile,Facebook
E00000800,C00016,S0000188,2026-04-02 14:55:18,search,Search,,Mobile,Facebook
E00000801,C00016,S0000189,2025-02-08 09:41:14,page_view,Home,,Mobile,Facebook
E00000802,C00016,S0000189,2025-02-08 09:45:09,search,Search,,Mobile,Facebook
E00000803,C00016,S0000189,2025-02-08 09:47:10,page_view,Category,,Mobile,Facebook
E00000804,C00016,S0000189,2025-02-08 09:47:55,product_view,Product,P0039,Mobile,Facebook
E00000805,C00016,S0000190,2025-08-04 17:30:09,page_view,Home,,Mobile,Facebook
E00000806,C00016,S0000190,2025-08-04 17:30:36,search,Search,,Mobile,Facebook
E00000807,C00016,S0000191,2025-09-04 00:51:52,page_view,Home,,Mobile,Google
E00000808,C00016,S0000191,2025-09-04 00:52:30,search,Search,,Mobile,Google
E00000809,C00016,S0000191,2025-09-04 00:55:10,page_view,Category,,Mobile,Google
E00000810,C00016,S0000191,2025-09-04 00:59:09,product_view,Product,P0032,Mobile,Google
E00000811,C00016,S0000191,2025-09-04 01:00:50,review_view,Reviews,P0075,Mobile,Google
E00000812,C00016,S0000191,2025-09-04 01:04:13,add_to_cart,Cart,P0070,Mobile,Google
E00000813,C00016,S0000191,2025-09-04 01:07:06,checkout_start,Checkout,P0020,Mobile,Google
E00000814,C00016,S0000191,2025-09-04 01:10:46,purchase,Checkout,P0032,Mobile,Google
E00000815,C00016,S0000192,2026-06-27 14:51:33,page_view,Home,,Desktop,Direct
E00000816,C00016,S0000192,2026-06-27 14:52:30,add_to_cart,Cart,P0032,Desktop,Direct
E00000817,C00016,S0000192,2026-06-27 14:52:51,checkout_start,Checkout,P0039,Desktop,Direct
E00000818,C00016,S0000192,2026-06-27 14:54:23,purchase,Checkout,P0059,Desktop,Direct
E00000819,C00016,S0000193,2025-12-01 03:27:54,page_view,Home,,Desktop,Google
E00000820,C00016,S0000193,2025-12-01 03:29:15,search,Search,,Desktop,Google
E00000821,C00016,S0000193,2025-12-01 03:32:37,page_view,Category,,Desktop,Google
E00000822,C00016,S0000193,2025-12-01 03:34:04,product_view,Product,P0055,Desktop,Google
E00000823,C00016,S0000194,2024-11-21 09:36:37,page_view,Home,,Mobile,Direct
E00000824,C00016,S0000194,2024-11-21 09:37:36,add_to_cart,Cart,P0039,Mobile,Direct
E00000825,C00016,S0000194,2024-11-21 09:38:56,checkout_start,Checkout,P0003,Mobile,Direct
E00000826,C00016,S0000194,2024-11-21 09:42:27,purchase,Checkout,P0070,Mobile,Direct
E00000827,C00016,S0000195,2025-08-26 14:38:45,page_view,Home,,Desktop,Affiliate
E00000828,C00016,S0000195,2025-08-26 14:42:12,search,Search,,Desktop,Affiliate
E00000829,C00016,S0000195,2025-08-26 14:44:34,page_view,Category,,Desktop,Affiliate
E00000830,C00016,S0000195,2025-08-26 14:45:16,product_view,Product,P0039,Desktop,Affiliate
E00000831,C00016,S0000195,2025-08-26 14:47:58,review_view,Reviews,P0059,Desktop,Affiliate
E00000832,C00016,S0000195,2025-08-26 14:50:34,add_to_cart,Cart,P0059,Desktop,Affiliate
E00000833,C00016,S0000196,2026-04-02 01:33:14,page_view,Home,,Desktop,Email
E00000834,C00016,S0000196,2026-04-02 01:35:22,search,Search,,Desktop,Email
E00000835,C00016,S0000196,2026-04-02 01:39:05,page_view,Category,,Desktop,Email
E00000836,C00016,S0000196,2026-04-02 01:41:36,product_view,Product,P0020,Desktop,Email
E00000837,C00017,S0000197,2025-07-03 15:05:17,page_view,Home,,Desktop,Email
E00000838,C00017,S0000197,2025-07-03 15:08:06,search,Search,,Desktop,Email
E00000839,C00017,S0000197,2025-07-03 15:09:03,page_view,Category,,Desktop,Email
E00000840,C00017,S0000197,2025-07-03 15:10:53,product_view,Product,P0077,Desktop,Email
E00000841,C00017,S0000198,2025-10-19 09:40:10,page_view,Home,,Mobile,Email
E00000842,C00017,S0000198,2025-10-19 09:43:18,search,Search,,Mobile,Email
E00000843,C00017,S0000198,2025-10-19 09:45:56,page_view,Category,,Mobile,Email
E00000844,C00017,S0000198,2025-10-19 09:47:47,product_view,Product,P0077,Mobile,Email
E00000845,C00017,S0000199,2026-06-24 20:03:36,page_view,Home,,Mobile,Bing
E00000846,C00017,S0000199,2026-06-24 20:07:34,search,Search,,Mobile,Bing
E00000847,C00017,S0000199,2026-06-24 20:11:25,page_view,Category,,Mobile,Bing
E00000848,C00017,S0000199,2026-06-24 20:11:58,product_view,Product,P0044,Mobile,Bing
E00000849,C00017,S0000200,2025-09-12 21:25:57,page_view,Home,,Desktop,Direct
E00000850,C00017,S0000200,2025-09-12 21:28:44,search,Search,,Desktop,Direct
E00000851,C00017,S0000201,2025-02-14 21:50:28,page_view,Home,,Desktop,Instagram
E00000852,C00017,S0000201,2025-02-14 21:51:41,search,Search,,Desktop,Instagram
E00000853,C00017,S0000201,2025-02-14 21:54:49,page_view,Category,,Desktop,Instagram
E00000854,C00017,S0000201,2025-02-14 21:56:36,product_view,Product,P0077,Desktop,Instagram
E00000855,C00017,S0000201,2025-02-14 21:56:57,review_view,Reviews,P0044,Desktop,Instagram
E00000856,C00017,S0000201,2025-02-14 21:57:36,add_to_cart,Cart,P0024,Desktop,Instagram
E00000857,C00017,S0000201,2025-02-14 21:59:47,checkout_start,Checkout,P0024,Desktop,Instagram
E00000858,C00017,S0000201,2025-02-14 22:01:45,purchase,Checkout,P0077,Desktop,Instagram
E00000859,C00017,S0000202,2024-12-01 08:17:53,page_view,Home,,Desktop,Email
E00000860,C00017,S0000202,2024-12-01 08:18:56,search,Search,,Desktop,Email
E00000861,C00017,S0000202,2024-12-01 08:20:53,page_view,Category,,Desktop,Email
E00000862,C00017,S0000202,2024-12-01 08:22:23,product_view,Product,P0027,Desktop,Email
E00000863,C00017,S0000202,2024-12-01 08:24:18,review_view,Reviews,P0077,Desktop,Email
E00000864,C00017,S0000202,2024-12-01 08:27:13,add_to_cart,Cart,P0027,Desktop,Email
E00000865,C00017,S0000203,2025-01-09 18:46:32,page_view,Home,,Mobile,Instagram
E00000866,C00017,S0000203,2025-01-09 18:46:43,search,Search,,Mobile,Instagram
E00000867,C00017,S0000203,2025-01-09 18:47:05,page_view,Category,,Mobile,Instagram
E00000868,C00017,S0000203,2025-01-09 18:47:21,product_view,Product,P0061,Mobile,Instagram
E00000869,C00017,S0000204,2026-05-08 10:58:45,page_view,Home,,Tablet,Bing
E00000870,C00017,S0000204,2026-05-08 10:59:07,search,Search,,Tablet,Bing
E00000871,C00017,S0000204,2026-05-08 11:00:32,page_view,Category,,Tablet,Bing
E00000872,C00017,S0000204,2026-05-08 11:02:18,product_view,Product,P0056,Tablet,Bing
E00000873,C00017,S0000204,2026-05-08 11:05:22,review_view,Reviews,P0044,Tablet,Bing
E00000874,C00017,S0000204,2026-05-08 11:08:53,add_to_cart,Cart,P0077,Tablet,Bing
E00000875,C00017,S0000205,2026-04-22 22:21:59,page_view,Home,,Mobile,Email
E00000876,C00017,S0000205,2026-04-22 22:23:16,search,Search,,Mobile,Email
E00000877,C00017,S0000205,2026-04-22 22:24:07,page_view,Category,,Mobile,Email
E00000878,C00017,S0000205,2026-04-22 22:24:20,product_view,Product,P0044,Mobile,Email
E00000879,C00017,S0000206,2025-08-17 15:29:18,page_view,Home,,Mobile,Facebook
E00000880,C00017,S0000206,2025-08-17 15:29:35,search,Search,,Mobile,Facebook
E00000881,C00017,S0000206,2025-08-17 15:32:11,page_view,Category,,Mobile,Facebook
E00000882,C00017,S0000206,2025-08-17 15:34:16,product_view,Product,P0044,Mobile,Facebook
E00000883,C00017,S0000206,2025-08-17 15:37:42,review_view,Reviews,P0044,Mobile,Facebook
E00000884,C00017,S0000206,2025-08-17 15:38:48,add_to_cart,Cart,P0027,Mobile,Facebook
E00000885,C00017,S0000207,2026-03-01 22:10:47,page_view,Home,,Desktop,Bing
E00000886,C00017,S0000207,2026-03-01 22:14:21,add_to_cart,Cart,P0056,Desktop,Bing
E00000887,C00017,S0000207,2026-03-01 22:18:15,checkout_start,Checkout,P0056,Desktop,Bing
E00000888,C00017,S0000207,2026-03-01 22:21:45,purchase,Checkout,P0027,Desktop,Bing
E00000889,C00017,S0000208,2025-04-05 15:16:19,page_view,Home,,Mobile,Affiliate
E00000890,C00017,S0000208,2025-04-05 15:19:03,search,Search,,Mobile,Affiliate
E00000891,C00017,S0000208,2025-04-05 15:21:48,page_view,Category,,Mobile,Affiliate
E00000892,C00017,S0000209,2025-09-19 08:20:53,page_view,Home,,Desktop,Instagram
E00000893,C00017,S0000209,2025-09-19 08:24:42,search,Search,,Desktop,Instagram
E00000894,C00017,S0000209,2025-09-19 08:25:39,page_view,Category,,Desktop,Instagram
E00000895,C00017,S0000209,2025-09-19 08:26:19,product_view,Product,P0027,Desktop,Instagram
E00000896,C00017,S0000209,2025-09-19 08:27:07,review_view,Reviews,P0044,Desktop,Instagram
E00000897,C00017,S0000209,2025-09-19 08:28:03,add_to_cart,Cart,P0056,Desktop,Instagram
E00000898,C00017,S0000209,2025-09-19 08:30:02,checkout_start,Checkout,P0056,Desktop,Instagram
E00000899,C00017,S0000209,2025-09-19 08:33:09,purchase,Checkout,P0077,Desktop,Instagram
E00000900,C00017,S0000210,2026-01-27 11:18:50,page_view,Home,,Mobile,Instagram
E00000901,C00017,S0000210,2026-01-27 11:19:26,search,Search,,Mobile,Instagram
E00000902,C00017,S0000210,2026-01-27 11:19:56,page_view,Category,,Mobile,Instagram
E00000903,C00017,S0000210,2026-01-27 11:20:51,product_view,Product,P0044,Mobile,Instagram
E00000904,C00018,S0000211,2026-02-16 03:24:03,page_view,Home,,Mobile,Bing
E00000905,C00018,S0000211,2026-02-16 03:27:37,search,Search,,Mobile,Bing
E00000906,C00018,S0000211,2026-02-16 03:29:59,page_view,Category,,Mobile,Bing
E00000907,C00018,S0000212,2026-05-01 02:13:11,page_view,Home,,Mobile,Direct
E00000908,C00018,S0000213,2026-06-21 18:48:30,page_view,Home,,Mobile,Facebook
E00000909,C00018,S0000213,2026-06-21 18:49:30,search,Search,,Mobile,Facebook
E00000910,C00018,S0000213,2026-06-21 18:53:23,page_view,Category,,Mobile,Facebook
E00000911,C00018,S0000213,2026-06-21 18:53:53,product_view,Product,P0020,Mobile,Facebook
E00000912,C00018,S0000213,2026-06-21 18:56:30,review_view,Reviews,P0070,Mobile,Facebook
E00000913,C00018,S0000213,2026-06-21 19:00:25,add_to_cart,Cart,P0043,Mobile,Facebook
E00000914,C00018,S0000214,2026-05-15 00:31:39,page_view,Home,,Mobile,Affiliate
E00000915,C00018,S0000214,2026-05-15 00:35:11,search,Search,,Mobile,Affiliate
E00000916,C00018,S0000214,2026-05-15 00:36:28,page_view,Category,,Mobile,Affiliate
E00000917,C00018,S0000214,2026-05-15 00:40:16,product_view,Product,P0020,Mobile,Affiliate
E00000918,C00018,S0000214,2026-05-15 00:43:09,review_view,Reviews,P0046,Mobile,Affiliate
E00000919,C00018,S0000214,2026-05-15 00:43:38,add_to_cart,Cart,P0020,Mobile,Affiliate
E00000920,C00018,S0000215,2026-02-19 06:03:33,page_view,Home,,Mobile,Email
E00000921,C00018,S0000216,2026-05-24 12:31:17,page_view,Home,,Mobile,Instagram
E00000922,C00018,S0000216,2026-05-24 12:34:39,search,Search,,Mobile,Instagram
E00000923,C00018,S0000217,2026-06-07 01:46:47,page_view,Home,,Desktop,Google
E00000924,C00018,S0000217,2026-06-07 01:48:04,search,Search,,Desktop,Google
E00000925,C00018,S0000217,2026-06-07 01:50:25,page_view,Category,,Desktop,Google
E00000926,C00018,S0000217,2026-06-07 01:51:19,product_view,Product,P0039,Desktop,Google
E00000927,C00018,S0000218,2026-02-23 04:33:29,page_view,Home,,Mobile,Bing
E00000928,C00018,S0000218,2026-02-23 04:34:43,search,Search,,Mobile,Bing
E00000929,C00018,S0000218,2026-02-23 04:36:25,page_view,Category,,Mobile,Bing
E00000930,C00018,S0000218,2026-02-23 04:39:59,product_view,Product,P0039,Mobile,Bing
E00000931,C00018,S0000218,2026-02-23 04:40:21,review_view,Reviews,P0003,Mobile,Bing
E00000932,C00018,S0000219,2026-05-11 09:19:12,page_view,Home,,Desktop,Bing
E00000933,C00018,S0000219,2026-05-11 09:19:59,search,Search,,Desktop,Bing
E00000934,C00018,S0000219,2026-05-11 09:23:51,page_view,Category,,Desktop,Bing
E00000935,C00018,S0000220,2026-03-13 02:49:37,page_view,Home,,Mobile,Affiliate
E00000936,C00018,S0000221,2026-04-05 19:36:28,page_view,Home,,Tablet,Affiliate
E00000937,C00018,S0000221,2026-04-05 19:39:45,search,Search,,Tablet,Affiliate
E00000938,C00018,S0000221,2026-04-05 19:43:23,page_view,Category,,Tablet,Affiliate
E00000939,C00018,S0000221,2026-04-05 19:43:54,product_view,Product,P0055,Tablet,Affiliate
E00000940,C00018,S0000221,2026-04-05 19:45:56,review_view,Reviews,P0046,Tablet,Affiliate
E00000941,C00018,S0000222,2026-03-15 08:52:51,page_view,Home,,Desktop,Google
E00000942,C00018,S0000222,2026-03-15 08:53:44,search,Search,,Desktop,Google
E00000943,C00018,S0000222,2026-03-15 08:54:01,page_view,Category,,Desktop,Google
E00000944,C00018,S0000222,2026-03-15 08:55:00,product_view,Product,P0059,Desktop,Google
E00000945,C00018,S0000222,2026-03-15 08:57:27,review_view,Reviews,P0046,Desktop,Google
E00000946,C00018,S0000223,2026-03-06 02:39:23,page_view,Home,,Mobile,Facebook
E00000947,C00018,S0000223,2026-03-06 02:42:58,search,Search,,Mobile,Facebook
E00000948,C00018,S0000223,2026-03-06 02:46:44,page_view,Category,,Mobile,Facebook
E00000949,C00018,S0000223,2026-03-06 02:47:11,product_view,Product,P0070,Mobile,Facebook
E00000950,C00018,S0000223,2026-03-06 02:50:41,review_view,Reviews,P0046,Mobile,Facebook
E00000951,C00018,S0000223,2026-03-06 02:51:54,add_to_cart,Cart,P0003,Mobile,Facebook
E00000952,C00018,S0000224,2026-03-28 11:59:44,page_view,Home,,Mobile,Email
E00000953,C00018,S0000224,2026-03-28 12:01:17,search,Search,,Mobile,Email
E00000954,C00018,S0000224,2026-03-28 12:04:31,page_view,Category,,Mobile,Email
E00000955,C00018,S0000224,2026-03-28 12:07:00,product_view,Product,P0059,Mobile,Email
E00000956,C00018,S0000224,2026-03-28 12:10:42,review_view,Reviews,P0020,Mobile,Email
E00000957,C00018,S0000224,2026-03-28 12:12:00,add_to_cart,Cart,P0070,Mobile,Email
E00000958,C00018,S0000224,2026-03-28 12:15:58,checkout_start,Checkout,P0032,Mobile,Email
E00000959,C00018,S0000224,2026-03-28 12:17:32,purchase,Checkout,P0032,Mobile,Email
E00000960,C00018,S0000225,2026-04-10 00:29:07,page_view,Home,,Desktop,Affiliate
E00000961,C00019,S0000226,2025-08-13 16:04:20,page_view,Home,,Desktop,Email
E00000962,C00019,S0000226,2025-08-13 16:05:58,search,Search,,Desktop,Email
E00000963,C00019,S0000226,2025-08-13 16:06:52,page_view,Category,,Desktop,Email
E00000964,C00019,S0000226,2025-08-13 16:08:13,product_view,Product,P0037,Desktop,Email
E00000965,C00019,S0000227,2025-03-21 13:08:54,page_view,Home,,Desktop,Google
E00000966,C00019,S0000227,2025-03-21 13:11:20,search,Search,,Desktop,Google
E00000967,C00019,S0000228,2025-07-09 02:26:36,page_view,Home,,Mobile,Email
E00000968,C00019,S0000228,2025-07-09 02:27:13,search,Search,,Mobile,Email
E00000969,C00019,S0000228,2025-07-09 02:27:26,page_view,Category,,Mobile,Email
E00000970,C00019,S0000228,2025-07-09 02:30:20,product_view,Product,P0040,Mobile,Email
E00000971,C00019,S0000229,2025-03-07 23:28:25,page_view,Home,,Mobile,Facebook
E00000972,C00019,S0000229,2025-03-07 23:31:24,search,Search,,Mobile,Facebook
E00000973,C00019,S0000229,2025-03-07 23:32:39,page_view,Category,,Mobile,Facebook
E00000974,C00019,S0000229,2025-03-07 23:36:32,product_view,Product,P0076,Mobile,Facebook
E00000975,C00019,S0000229,2025-03-07 23:39:50,review_view,Reviews,P0042,Mobile,Facebook
E00000976,C00019,S0000230,2026-04-02 20:41:24,page_view,Home,,Mobile,Email
E00000977,C00019,S0000230,2026-04-02 20:45:20,search,Search,,Mobile,Email
E00000978,C00019,S0000230,2026-04-02 20:49:17,page_view,Category,,Mobile,Email
E00000979,C00019,S0000230,2026-04-02 20:52:42,product_view,Product,P0004,Mobile,Email
E00000980,C00019,S0000231,2025-05-13 11:28:22,page_view,Home,,Desktop,Direct
E00000981,C00019,S0000231,2025-05-13 11:32:06,search,Search,,Desktop,Direct
E00000982,C00019,S0000231,2025-05-13 11:34:11,page_view,Category,,Desktop,Direct
E00000983,C00019,S0000231,2025-05-13 11:37:15,product_view,Product,P0025,Desktop,Direct
E00000984,C00019,S0000232,2025-03-20 13:45:41,page_view,Home,,Desktop,Facebook
E00000985,C00019,S0000232,2025-03-20 13:49:02,search,Search,,Desktop,Facebook
E00000986,C00019,S0000233,2025-07-29 09:14:49,page_view,Home,,Mobile,Facebook
E00000987,C00019,S0000233,2025-07-29 09:15:56,search,Search,,Mobile,Facebook
E00000988,C00019,S0000234,2026-03-02 16:22:48,page_view,Home,,Mobile,Direct
E00000989,C00019,S0000234,2026-03-02 16:23:26,search,Search,,Mobile,Direct
E00000990,C00019,S0000235,2026-04-26 20:01:54,page_view,Home,,Desktop,Facebook
E00000991,C00019,S0000235,2026-04-26 20:02:48,search,Search,,Desktop,Facebook
E00000992,C00019,S0000235,2026-04-26 20:05:10,page_view,Category,,Desktop,Facebook
E00000993,C00019,S0000235,2026-04-26 20:09:01,product_view,Product,P0076,Desktop,Facebook
E00000994,C00019,S0000236,2024-08-23 21:06:27,page_view,Home,,Mobile,Direct
E00000995,C00019,S0000236,2024-08-23 21:07:06,search,Search,,Mobile,Direct
E00000996,C00019,S0000236,2024-08-23 21:07:19,page_view,Category,,Mobile,Direct
E00000997,C00019,S0000236,2024-08-23 21:08:16,product_view,Product,P0034,Mobile,Direct
E00000998,C00019,S0000237,2024-12-30 00:06:23,page_view,Home,,Mobile,Instagram
E00000999,C00020,S0000238,2025-04-16 01:42:50,page_view,Home,,Desktop,Affiliate
E00001000,C00020,S0000238,2025-04-16 01:45:22,search,Search,,Desktop,Affiliate
E00001001,C00020,S0000238,2025-04-16 01:48:57,page_view,Category,,Desktop,Affiliate
E00001002,C00020,S0000238,2025-04-16 01:52:00,product_view,Product,P0055,Desktop,Affiliate
E00001003,C00020,S0000238,2025-04-16 01:55:13,review_view,Reviews,P0046,Desktop,Affiliate
E00001004,C00020,S0000238,2025-04-16 01:55:54,add_to_cart,Cart,P0003,Desktop,Affiliate
E00001005,C00020,S0000239,2025-11-24 03:04:02,page_view,Home,,Mobile,Direct
E00001006,C00020,S0000239,2025-11-24 03:04:27,search,Search,,Mobile,Direct
E00001007,C00020,S0000239,2025-11-24 03:07:42,page_view,Category,,Mobile,Direct
E00001008,C00020,S0000239,2025-11-24 03:08:52,product_view,Product,P0059,Mobile,Direct
E00001009,C00020,S0000239,2025-11-24 03:10:16,review_view,Reviews,P0043,Mobile,Direct
E00001010,C00020,S0000239,2025-11-24 03:13:12,add_to_cart,Cart,P0032,Mobile,Direct
E00001011,C00020,S0000240,2026-01-11 03:07:44,page_view,Home,,Desktop,Bing
E00001012,C00020,S0000240,2026-01-11 03:11:14,search,Search,,Desktop,Bing
E00001013,C00020,S0000240,2026-01-11 03:14:36,page_view,Category,,Desktop,Bing
E00001014,C00020,S0000240,2026-01-11 03:18:02,product_view,Product,P0059,Desktop,Bing
E00001015,C00020,S0000240,2026-01-11 03:20:56,review_view,Reviews,P0020,Desktop,Bing
E00001016,C00020,S0000241,2025-05-27 11:30:52,page_view,Home,,Mobile,Email
E00001017,C00020,S0000241,2025-05-27 11:34:24,search,Search,,Mobile,Email
E00001018,C00020,S0000241,2025-05-27 11:34:59,page_view,Category,,Mobile,Email
E00001019,C00020,S0000242,2025-03-06 00:11:20,page_view,Home,,Mobile,Email
E00001020,C00020,S0000242,2025-03-06 00:13:13,search,Search,,Mobile,Email
E00001021,C00020,S0000243,2026-05-31 06:41:44,page_view,Home,,Mobile,Bing
E00001022,C00020,S0000244,2025-12-15 13:48:42,page_view,Home,,Mobile,Affiliate
E00001023,C00020,S0000244,2025-12-15 13:50:43,search,Search,,Mobile,Affiliate
E00001024,C00020,S0000244,2025-12-15 13:52:43,page_view,Category,,Mobile,Affiliate
E00001025,C00020,S0000244,2025-12-15 13:56:42,product_view,Product,P0075,Mobile,Affiliate
E00001026,C00020,S0000244,2025-12-15 13:58:31,add_to_cart,Cart,P0046,Mobile,Affiliate
E00001027,C00020,S0000244,2025-12-15 13:59:49,checkout_start,Checkout,P0018,Mobile,Affiliate
E00001028,C00020,S0000244,2025-12-15 14:00:17,purchase,Checkout,P0003,Mobile,Affiliate
E00001029,C00020,S0000245,2026-05-26 23:34:36,page_view,Home,,Desktop,Affiliate
E00001030,C00020,S0000245,2026-05-26 23:37:46,search,Search,,Desktop,Affiliate
E00001031,C00020,S0000245,2026-05-26 23:41:31,page_view,Category,,Desktop,Affiliate
E00001032,C00020,S0000246,2026-05-19 08:11:39,page_view,Home,,Mobile,Bing
E00001033,C00020,S0000246,2026-05-19 08:13:31,search,Search,,Mobile,Bing
E00001034,C00020,S0000246,2026-05-19 08:16:18,page_view,Category,,Mobile,Bing
E00001035,C00020,S0000246,2026-05-19 08:19:57,product_view,Product,P0070,Mobile,Bing
E00001036,C00020,S0000246,2026-05-19 08:21:15,review_view,Reviews,P0070,Mobile,Bing
E00001037,C00020,S0000246,2026-05-19 08:23:25,add_to_cart,Cart,P0003,Mobile,Bing
E00001038,C00020,S0000246,2026-05-19 08:25:48,checkout_start,Checkout,P0070,Mobile,Bing
E00001039,C00020,S0000246,2026-05-19 08:26:01,purchase,Checkout,P0043,Mobile,Bing
E00001040,C00020,S0000247,2026-03-19 20:29:33,page_view,Home,,Mobile,Bing
E00001041,C00020,S0000247,2026-03-19 20:30:19,search,Search,,Mobile,Bing
E00001042,C00020,S0000247,2026-03-19 20:32:05,page_view,Category,,Mobile,Bing
E00001043,C00020,S0000247,2026-03-19 20:34:31,product_view,Product,P0070,Mobile,Bing
E00001044,C00020,S0000247,2026-03-19 20:37:05,review_view,Reviews,P0070,Mobile,Bing
E00001045,C00020,S0000248,2025-09-12 05:50:28,page_view,Home,,Mobile,Google
E00001046,C00020,S0000248,2025-09-12 05:52:28,search,Search,,Mobile,Google
E00001047,C00020,S0000248,2025-09-12 05:55:00,page_view,Category,,Mobile,Google
E00001048,C00020,S0000249,2025-11-28 18:59:01,page_view,Home,,Mobile,Affiliate
E00001049,C00020,S0000249,2025-11-28 19:01:55,search,Search,,Mobile,Affiliate
E00001050,C00020,S0000249,2025-11-28 19:04:09,page_view,Category,,Mobile,Affiliate
E00001051,C00020,S0000249,2025-11-28 19:07:39,product_view,Product,P0070,Mobile,Affiliate
E00001052,C00020,S0000249,2025-11-28 19:08:07,review_view,Reviews,P0043,Mobile,Affiliate
E00001053,C00020,S0000249,2025-11-28 19:08:24,add_to_cart,Cart,P0043,Mobile,Affiliate
E00001054,C00021,S0000250,2025-05-10 16:33:52,page_view,Home,,Desktop,Direct
E00001055,C00021,S0000250,2025-05-10 16:36:34,search,Search,,Desktop,Direct
E00001056,C00021,S0000250,2025-05-10 16:37:44,page_view,Category,,Desktop,Direct
E00001057,C00021,S0000250,2025-05-10 16:38:26,product_view,Product,P0016,Desktop,Direct
E00001058,C00021,S0000250,2025-05-10 16:38:58,review_view,Reviews,P0030,Desktop,Direct
E00001059,C00021,S0000250,2025-05-10 16:40:58,add_to_cart,Cart,P0065,Desktop,Direct
E00001060,C00021,S0000251,2026-06-25 13:06:52,page_view,Home,,Mobile,Facebook
E00001061,C00021,S0000251,2026-06-25 13:10:45,search,Search,,Mobile,Facebook
E00001062,C00021,S0000251,2026-06-25 13:11:42,page_view,Category,,Mobile,Facebook
E00001063,C00021,S0000251,2026-06-25 13:13:29,product_view,Product,P0016,Mobile,Facebook
E00001064,C00021,S0000252,2025-03-09 02:53:34,page_view,Home,,Desktop,Facebook
E00001065,C00021,S0000252,2025-03-09 02:54:19,search,Search,,Desktop,Facebook
E00001066,C00021,S0000252,2025-03-09 02:54:47,page_view,Category,,Desktop,Facebook
E00001067,C00021,S0000252,2025-03-09 02:58:17,product_view,Product,P0033,Desktop,Facebook
E00001068,C00021,S0000252,2025-03-09 02:59:59,add_to_cart,Cart,P0031,Desktop,Facebook
E00001069,C00021,S0000252,2025-03-09 03:02:19,checkout_start,Checkout,P0031,Desktop,Facebook
E00001070,C00021,S0000252,2025-03-09 03:02:59,purchase,Checkout,P0033,Desktop,Facebook
E00001071,C00021,S0000253,2025-09-14 16:39:34,page_view,Home,,Desktop,Instagram
E00001072,C00021,S0000253,2025-09-14 16:41:22,search,Search,,Desktop,Instagram
E00001073,C00021,S0000253,2025-09-14 16:44:06,page_view,Category,,Desktop,Instagram
E00001074,C00021,S0000253,2025-09-14 16:45:03,add_to_cart,Cart,P0079,Desktop,Instagram
E00001075,C00021,S0000253,2025-09-14 16:45:32,checkout_start,Checkout,P0016,Desktop,Instagram
E00001076,C00021,S0000253,2025-09-14 16:48:00,purchase,Checkout,P0065,Desktop,Instagram
E00001077,C00021,S0000254,2026-02-23 20:05:21,page_view,Home,,Desktop,Instagram
E00001078,C00021,S0000254,2026-02-23 20:07:22,add_to_cart,Cart,P0031,Desktop,Instagram
E00001079,C00021,S0000254,2026-02-23 20:08:17,checkout_start,Checkout,P0030,Desktop,Instagram
E00001080,C00021,S0000254,2026-02-23 20:09:03,purchase,Checkout,P0045,Desktop,Instagram
E00001081,C00021,S0000255,2025-09-04 12:14:08,page_view,Home,,Mobile,Affiliate
E00001082,C00021,S0000255,2025-09-04 12:18:04,search,Search,,Mobile,Affiliate
E00001083,C00021,S0000255,2025-09-04 12:19:21,page_view,Category,,Mobile,Affiliate
E00001084,C00021,S0000255,2025-09-04 12:22:35,product_view,Product,P0065,Mobile,Affiliate
E00001085,C00021,S0000255,2025-09-04 12:24:18,add_to_cart,Cart,P0031,Mobile,Affiliate
E00001086,C00021,S0000255,2025-09-04 12:25:01,checkout_start,Checkout,P0016,Mobile,Affiliate
E00001087,C00021,S0000255,2025-09-04 12:28:41,purchase,Checkout,P0045,Mobile,Affiliate
E00001088,C00021,S0000256,2025-04-23 10:44:58,page_view,Home,,Mobile,Instagram
E00001089,C00021,S0000256,2025-04-23 10:47:17,search,Search,,Mobile,Instagram
E00001090,C00021,S0000256,2025-04-23 10:47:59,page_view,Category,,Mobile,Instagram
E00001091,C00021,S0000257,2024-05-06 21:02:46,page_view,Home,,Mobile,Email
E00001092,C00021,S0000258,2026-05-01 20:56:09,page_view,Home,,Mobile,Instagram
E00001093,C00021,S0000259,2026-04-25 12:31:10,page_view,Home,,Mobile,Google
E00001094,C00021,S0000259,2026-04-25 12:31:54,search,Search,,Mobile,Google
E00001095,C00021,S0000259,2026-04-25 12:33:15,page_view,Category,,Mobile,Google
E00001096,C00021,S0000259,2026-04-25 12:37:01,product_view,Product,P0079,Mobile,Google
E00001097,C00021,S0000260,2025-08-28 06:31:57,page_view,Home,,Mobile,Affiliate
E00001098,C00021,S0000260,2025-08-28 06:35:28,search,Search,,Mobile,Affiliate
E00001099,C00021,S0000260,2025-08-28 06:36:49,page_view,Category,,Mobile,Affiliate
E00001100,C00021,S0000260,2025-08-28 06:37:00,product_view,Product,P0016,Mobile,Affiliate
E00001101,C00021,S0000261,2024-08-03 17:41:23,page_view,Home,,Desktop,Google
E00001102,C00021,S0000261,2024-08-03 17:44:29,search,Search,,Desktop,Google
E00001103,C00021,S0000261,2024-08-03 17:45:46,page_view,Category,,Desktop,Google
E00001104,C00021,S0000261,2024-08-03 17:48:59,product_view,Product,P0033,Desktop,Google
E00001105,C00021,S0000262,2025-01-05 03:20:21,page_view,Home,,Mobile,Facebook
E00001106,C00021,S0000263,2025-05-21 00:16:32,page_view,Home,,Mobile,Facebook
E00001107,C00021,S0000263,2025-05-21 00:19:40,search,Search,,Mobile,Facebook
E00001108,C00021,S0000263,2025-05-21 00:23:02,page_view,Category,,Mobile,Facebook
E00001109,C00021,S0000263,2025-05-21 00:23:27,product_view,Product,P0016,Mobile,Facebook
E00001110,C00021,S0000263,2025-05-21 00:24:06,add_to_cart,Cart,P0045,Mobile,Facebook
E00001111,C00021,S0000263,2025-05-21 00:25:51,checkout_start,Checkout,P0016,Mobile,Facebook
E00001112,C00021,S0000263,2025-05-21 00:28:37,purchase,Checkout,P0030,Mobile,Facebook
E00001113,C00021,S0000264,2025-08-21 03:59:04,page_view,Home,,Mobile,Instagram
E00001114,C00021,S0000264,2025-08-21 04:02:25,search,Search,,Mobile,Instagram
E00001115,C00021,S0000264,2025-08-21 04:06:20,page_view,Category,,Mobile,Instagram
E00001116,C00021,S0000264,2025-08-21 04:06:41,product_view,Product,P0065,Mobile,Instagram
E00001117,C00021,S0000264,2025-08-21 04:08:23,review_view,Reviews,P0030,Mobile,Instagram
E00001118,C00021,S0000264,2025-08-21 04:12:02,add_to_cart,Cart,P0079,Mobile,Instagram
E00001119,C00022,S0000265,2026-04-11 16:04:36,page_view,Home,,Mobile,Direct
E00001120,C00022,S0000266,2025-04-06 15:41:00,page_view,Home,,Mobile,Instagram
E00001121,C00022,S0000266,2025-04-06 15:44:09,search,Search,,Mobile,Instagram
E00001122,C00022,S0000266,2025-04-06 15:47:51,page_view,Category,,Mobile,Instagram
E00001123,C00022,S0000266,2025-04-06 15:50:48,product_view,Product,P0016,Mobile,Instagram
E00001124,C00022,S0000266,2025-04-06 15:54:42,review_view,Reviews,P0045,Mobile,Instagram
E00001125,C00022,S0000267,2025-12-19 11:25:03,page_view,Home,,Mobile,Email
E00001126,C00022,S0000267,2025-12-19 11:25:49,search,Search,,Mobile,Email
E00001127,C00022,S0000267,2025-12-19 11:29:23,page_view,Category,,Mobile,Email
E00001128,C00022,S0000267,2025-12-19 11:31:58,product_view,Product,P0045,Mobile,Email
E00001129,C00022,S0000268,2025-10-26 15:04:17,page_view,Home,,Desktop,Instagram
E00001130,C00022,S0000268,2025-10-26 15:05:00,search,Search,,Desktop,Instagram
E00001131,C00022,S0000268,2025-10-26 15:07:42,page_view,Category,,Desktop,Instagram
E00001132,C00022,S0000268,2025-10-26 15:08:57,product_view,Product,P0031,Desktop,Instagram
E00001133,C00022,S0000268,2025-10-26 15:11:07,review_view,Reviews,P0079,Desktop,Instagram
E00001134,C00022,S0000269,2025-04-29 15:05:28,page_view,Home,,Desktop,Affiliate
E00001135,C00022,S0000269,2025-04-29 15:06:14,search,Search,,Desktop,Affiliate
E00001136,C00022,S0000269,2025-04-29 15:08:25,page_view,Category,,Desktop,Affiliate
E00001137,C00022,S0000269,2025-04-29 15:09:26,product_view,Product,P0079,Desktop,Affiliate
E00001138,C00022,S0000269,2025-04-29 15:10:55,review_view,Reviews,P0079,Desktop,Affiliate
E00001139,C00022,S0000269,2025-04-29 15:13:22,add_to_cart,Cart,P0016,Desktop,Affiliate
E00001140,C00022,S0000269,2025-04-29 15:14:26,checkout_start,Checkout,P0079,Desktop,Affiliate
E00001141,C00022,S0000269,2025-04-29 15:17:41,purchase,Checkout,P0079,Desktop,Affiliate
E00001142,C00022,S0000270,2025-04-06 01:20:34,page_view,Home,,Mobile,Facebook
E00001143,C00022,S0000270,2025-04-06 01:23:20,search,Search,,Mobile,Facebook
E00001144,C00022,S0000270,2025-04-06 01:25:13,add_to_cart,Cart,P0030,Mobile,Facebook
E00001145,C00022,S0000270,2025-04-06 01:28:18,checkout_start,Checkout,P0030,Mobile,Facebook
E00001146,C00022,S0000270,2025-04-06 01:28:45,purchase,Checkout,P0033,Mobile,Facebook
E00001147,C00022,S0000271,2026-05-31 10:50:20,page_view,Home,,Desktop,Bing
E00001148,C00022,S0000271,2026-05-31 10:51:35,search,Search,,Desktop,Bing
E00001149,C00022,S0000272,2025-11-24 08:50:26,page_view,Home,,Mobile,Direct
E00001150,C00022,S0000272,2025-11-24 08:54:16,search,Search,,Mobile,Direct
E00001151,C00022,S0000272,2025-11-24 08:55:35,page_view,Category,,Mobile,Direct
E00001152,C00022,S0000273,2025-12-05 15:52:17,page_view,Home,,Mobile,Facebook
E00001153,C00022,S0000274,2026-03-03 09:10:34,page_view,Home,,Mobile,Facebook
E00001154,C00022,S0000274,2026-03-03 09:11:29,search,Search,,Mobile,Facebook
E00001155,C00022,S0000274,2026-03-03 09:13:00,page_view,Category,,Mobile,Facebook
E00001156,C00022,S0000274,2026-03-03 09:16:34,product_view,Product,P0030,Mobile,Facebook
E00001157,C00022,S0000274,2026-03-03 09:18:21,review_view,Reviews,P0079,Mobile,Facebook
E00001158,C00022,S0000274,2026-03-03 09:21:12,add_to_cart,Cart,P0079,Mobile,Facebook
E00001159,C00022,S0000275,2025-07-31 14:48:45,page_view,Home,,Mobile,Direct
E00001160,C00022,S0000275,2025-07-31 14:52:23,search,Search,,Mobile,Direct
E00001161,C00022,S0000275,2025-07-31 14:54:26,page_view,Category,,Mobile,Direct
E00001162,C00022,S0000275,2025-07-31 14:55:46,product_view,Product,P0065,Mobile,Direct
E00001163,C00022,S0000275,2025-07-31 14:56:08,review_view,Reviews,P0033,Mobile,Direct
E00001164,C00022,S0000275,2025-07-31 14:57:50,add_to_cart,Cart,P0033,Mobile,Direct
E00001165,C00022,S0000276,2026-01-12 12:15:36,page_view,Home,,Mobile,Google
E00001166,C00022,S0000276,2026-01-12 12:16:32,search,Search,,Mobile,Google
E00001167,C00022,S0000276,2026-01-12 12:19:48,page_view,Category,,Mobile,Google
E00001168,C00022,S0000277,2026-04-27 00:22:48,page_view,Home,,Mobile,Email
E00001169,C00022,S0000277,2026-04-27 00:23:25,search,Search,,Mobile,Email
E00001170,C00022,S0000277,2026-04-27 00:23:45,page_view,Category,,Mobile,Email
E00001171,C00022,S0000277,2026-04-27 00:26:01,product_view,Product,P0065,Mobile,Email
E00001172,C00022,S0000277,2026-04-27 00:29:10,review_view,Reviews,P0031,Mobile,Email
E00001173,C00023,S0000278,2026-05-22 03:44:20,page_view,Home,,Mobile,Direct
E00001174,C00023,S0000278,2026-05-22 03:47:49,search,Search,,Mobile,Direct
E00001175,C00023,S0000278,2026-05-22 03:50:08,page_view,Category,,Mobile,Direct
E00001176,C00023,S0000278,2026-05-22 03:51:57,product_view,Product,P0005,Mobile,Direct
E00001177,C00023,S0000278,2026-05-22 03:54:40,review_view,Reviews,P0054,Mobile,Direct
E00001178,C00023,S0000278,2026-05-22 03:54:54,add_to_cart,Cart,P0008,Mobile,Direct
E00001179,C00023,S0000278,2026-05-22 03:56:28,checkout_start,Checkout,P0058,Mobile,Direct
E00001180,C00023,S0000278,2026-05-22 03:57:53,purchase,Checkout,P0054,Mobile,Direct
E00001181,C00023,S0000279,2026-03-03 14:11:48,page_view,Home,,Mobile,Direct
E00001182,C00023,S0000280,2026-06-01 13:33:29,page_view,Home,,Desktop,Bing
E00001183,C00023,S0000280,2026-06-01 13:34:00,search,Search,,Desktop,Bing
E00001184,C00023,S0000280,2026-06-01 13:37:04,page_view,Category,,Desktop,Bing
E00001185,C00023,S0000280,2026-06-01 13:37:59,product_view,Product,P0005,Desktop,Bing
E00001186,C00023,S0000280,2026-06-01 13:41:57,review_view,Reviews,P0005,Desktop,Bing
E00001187,C00023,S0000280,2026-06-01 13:44:57,add_to_cart,Cart,P0008,Desktop,Bing
E00001188,C00023,S0000281,2025-10-20 16:00:08,page_view,Home,,Desktop,Bing
E00001189,C00023,S0000281,2025-10-20 16:00:33,search,Search,,Desktop,Bing
E00001190,C00023,S0000281,2025-10-20 16:00:45,page_view,Category,,Desktop,Bing
E00001191,C00023,S0000281,2025-10-20 16:01:35,product_view,Product,P0058,Desktop,Bing
E00001192,C00023,S0000281,2025-10-20 16:03:31,review_view,Reviews,P0058,Desktop,Bing
E00001193,C00023,S0000281,2025-10-20 16:07:08,add_to_cart,Cart,P0054,Desktop,Bing
E00001194,C00023,S0000282,2025-08-13 02:56:20,page_view,Home,,Desktop,Google
E00001195,C00023,S0000282,2025-08-13 02:57:58,search,Search,,Desktop,Google
E00001196,C00023,S0000282,2025-08-13 03:01:32,page_view,Category,,Desktop,Google
E00001197,C00023,S0000283,2026-06-19 21:26:58,page_view,Home,,Mobile,Direct
E00001198,C00023,S0000283,2026-06-19 21:28:20,search,Search,,Mobile,Direct
E00001199,C00023,S0000284,2025-08-10 17:57:36,page_view,Home,,Mobile,Google
E00001200,C00023,S0000285,2026-05-19 20:04:50,page_view,Home,,Desktop,Affiliate
E00001201,C00023,S0000286,2026-06-13 01:01:28,page_view,Home,,Desktop,Direct
E00001202,C00023,S0000286,2026-06-13 01:03:18,search,Search,,Desktop,Direct
E00001203,C00023,S0000286,2026-06-13 01:04:41,page_view,Category,,Desktop,Direct
E00001204,C00023,S0000286,2026-06-13 01:07:44,product_view,Product,P0021,Desktop,Direct
E00001205,C00023,S0000286,2026-06-13 01:08:49,review_view,Reviews,P0010,Desktop,Direct
E00001206,C00023,S0000286,2026-06-13 01:12:16,add_to_cart,Cart,P0054,Desktop,Direct
E00001207,C00023,S0000287,2025-07-25 07:24:44,page_view,Home,,Mobile,Bing
E00001208,C00023,S0000287,2025-07-25 07:25:02,search,Search,,Mobile,Bing
E00001209,C00023,S0000287,2025-07-25 07:28:56,page_view,Category,,Mobile,Bing
E00001210,C00023,S0000287,2025-07-25 07:30:00,product_view,Product,P0013,Mobile,Bing
E00001211,C00023,S0000287,2025-07-25 07:30:21,review_view,Reviews,P0021,Mobile,Bing
E00001212,C00024,S0000288,2026-05-01 10:21:58,page_view,Home,,Desktop,Direct
E00001213,C00024,S0000289,2026-05-22 12:17:27,page_view,Home,,Mobile,Facebook
E00001214,C00024,S0000289,2026-05-22 12:19:05,search,Search,,Mobile,Facebook
E00001215,C00024,S0000289,2026-05-22 12:22:29,page_view,Category,,Mobile,Facebook
E00001216,C00024,S0000289,2026-05-22 12:25:51,product_view,Product,P0027,Mobile,Facebook
E00001217,C00024,S0000289,2026-05-22 12:27:36,review_view,Reviews,P0077,Mobile,Facebook
E00001218,C00024,S0000289,2026-05-22 12:30:11,add_to_cart,Cart,P0044,Mobile,Facebook
E00001219,C00024,S0000290,2025-09-05 01:42:25,page_view,Home,,Mobile,Instagram
E00001220,C00024,S0000290,2025-09-05 01:45:02,search,Search,,Mobile,Instagram
E00001221,C00024,S0000290,2025-09-05 01:45:15,page_view,Category,,Mobile,Instagram
E00001222,C00024,S0000290,2025-09-05 01:48:09,add_to_cart,Cart,P0024,Mobile,Instagram
E00001223,C00024,S0000290,2025-09-05 01:50:00,checkout_start,Checkout,P0061,Mobile,Instagram
E00001224,C00024,S0000290,2025-09-05 01:51:59,purchase,Checkout,P0061,Mobile,Instagram
E00001225,C00024,S0000291,2025-07-22 02:44:27,page_view,Home,,Mobile,Direct
E00001226,C00024,S0000291,2025-07-22 02:47:35,search,Search,,Mobile,Direct
E00001227,C00024,S0000291,2025-07-22 02:51:34,page_view,Category,,Mobile,Direct
E00001228,C00024,S0000291,2025-07-22 02:52:45,product_view,Product,P0056,Mobile,Direct
E00001229,C00024,S0000292,2026-03-05 09:46:22,page_view,Home,,Desktop,Google
E00001230,C00024,S0000292,2026-03-05 09:47:21,search,Search,,Desktop,Google
E00001231,C00024,S0000292,2026-03-05 09:49:56,page_view,Category,,Desktop,Google
E00001232,C00024,S0000292,2026-03-05 09:53:43,product_view,Product,P0044,Desktop,Google
E00001233,C00024,S0000292,2026-03-05 09:55:11,review_view,Reviews,P0061,Desktop,Google
E00001234,C00024,S0000292,2026-03-05 09:58:19,add_to_cart,Cart,P0044,Desktop,Google
E00001235,C00024,S0000292,2026-03-05 10:02:09,checkout_start,Checkout,P0027,Desktop,Google
E00001236,C00024,S0000292,2026-03-05 10:02:24,purchase,Checkout,P0024,Desktop,Google
E00001237,C00024,S0000293,2026-01-09 17:53:40,page_view,Home,,Desktop,Bing
E00001238,C00024,S0000293,2026-01-09 17:53:52,search,Search,,Desktop,Bing
E00001239,C00024,S0000293,2026-01-09 17:54:57,page_view,Category,,Desktop,Bing
E00001240,C00024,S0000293,2026-01-09 17:55:48,product_view,Product,P0077,Desktop,Bing
E00001241,C00025,S0000294,2026-03-17 07:45:11,page_view,Home,,Mobile,Instagram
E00001242,C00025,S0000294,2026-03-17 07:46:34,search,Search,,Mobile,Instagram
E00001243,C00025,S0000294,2026-03-17 07:47:11,page_view,Category,,Mobile,Instagram
E00001244,C00025,S0000294,2026-03-17 07:49:18,product_view,Product,P0045,Mobile,Instagram
E00001245,C00025,S0000294,2026-03-17 07:50:33,review_view,Reviews,P0030,Mobile,Instagram
E00001246,C00025,S0000294,2026-03-17 07:53:12,add_to_cart,Cart,P0016,Mobile,Instagram
E00001247,C00025,S0000295,2026-05-25 06:51:32,page_view,Home,,Desktop,Google
E00001248,C00025,S0000295,2026-05-25 06:52:38,search,Search,,Desktop,Google
E00001249,C00025,S0000295,2026-05-25 06:54:06,page_view,Category,,Desktop,Google
E00001250,C00025,S0000295,2026-05-25 06:55:40,product_view,Product,P0079,Desktop,Google
E00001251,C00025,S0000295,2026-05-25 06:56:14,review_view,Reviews,P0016,Desktop,Google
E00001252,C00025,S0000296,2025-07-15 01:12:50,page_view,Home,,Desktop,Email
E00001253,C00025,S0000296,2025-07-15 01:13:11,search,Search,,Desktop,Email
E00001254,C00025,S0000296,2025-07-15 01:14:52,page_view,Category,,Desktop,Email
E00001255,C00025,S0000296,2025-07-15 01:16:04,product_view,Product,P0016,Desktop,Email
E00001256,C00025,S0000297,2026-05-30 19:42:39,page_view,Home,,Mobile,Direct
E00001257,C00025,S0000297,2026-05-30 19:46:35,search,Search,,Mobile,Direct
E00001258,C00025,S0000297,2026-05-30 19:47:14,page_view,Category,,Mobile,Direct
E00001259,C00025,S0000297,2026-05-30 19:47:46,product_view,Product,P0033,Mobile,Direct
E00001260,C00025,S0000298,2026-01-25 16:14:04,page_view,Home,,Desktop,Bing
E00001261,C00025,S0000298,2026-01-25 16:17:07,search,Search,,Desktop,Bing
E00001262,C00025,S0000298,2026-01-25 16:18:42,add_to_cart,Cart,P0033,Desktop,Bing
E00001263,C00025,S0000298,2026-01-25 16:20:17,checkout_start,Checkout,P0079,Desktop,Bing
E00001264,C00025,S0000298,2026-01-25 16:24:11,purchase,Checkout,P0045,Desktop,Bing
E00001265,C00025,S0000299,2026-04-18 19:47:09,page_view,Home,,Desktop,Direct
E00001266,C00025,S0000299,2026-04-18 19:49:50,search,Search,,Desktop,Direct
E00001267,C00025,S0000299,2026-04-18 19:53:08,page_view,Category,,Desktop,Direct
E00001268,C00025,S0000299,2026-04-18 19:55:49,product_view,Product,P0079,Desktop,Direct
E00001269,C00025,S0000300,2026-02-09 11:22:50,page_view,Home,,Tablet,Google
E00001270,C00025,S0000300,2026-02-09 11:25:51,search,Search,,Tablet,Google
E00001271,C00025,S0000300,2026-02-09 11:29:26,add_to_cart,Cart,P0030,Tablet,Google
E00001272,C00025,S0000300,2026-02-09 11:33:00,checkout_start,Checkout,P0016,Tablet,Google
E00001273,C00025,S0000300,2026-02-09 11:36:56,purchase,Checkout,P0065,Tablet,Google
E00001274,C00025,S0000301,2025-09-18 16:41:43,page_view,Home,,Mobile,Instagram
E00001275,C00025,S0000301,2025-09-18 16:45:40,search,Search,,Mobile,Instagram
E00001276,C00025,S0000301,2025-09-18 16:45:56,page_view,Category,,Mobile,Instagram
E00001277,C00025,S0000302,2026-06-28 21:43:15,page_view,Home,,Mobile,Email
E00001278,C00025,S0000303,2025-09-28 08:16:05,page_view,Home,,Mobile,Instagram
E00001279,C00025,S0000303,2025-09-28 08:16:58,search,Search,,Mobile,Instagram
E00001280,C00025,S0000303,2025-09-28 08:17:33,page_view,Category,,Mobile,Instagram
E00001281,C00025,S0000303,2025-09-28 08:20:28,product_view,Product,P0079,Mobile,Instagram
E00001282,C00025,S0000303,2025-09-28 08:23:13,review_view,Reviews,P0065,Mobile,Instagram
E00001283,C00025,S0000304,2026-06-11 06:15:45,page_view,Home,,Mobile,Direct
E00001284,C00025,S0000305,2026-04-27 17:48:29,page_view,Home,,Mobile,Instagram
E00001285,C00025,S0000305,2026-04-27 17:51:56,search,Search,,Mobile,Instagram
E00001286,C00025,S0000305,2026-04-27 17:52:34,page_view,Category,,Mobile,Instagram
E00001287,C00025,S0000305,2026-04-27 17:54:52,product_view,Product,P0033,Mobile,Instagram
E00001288,C00025,S0000305,2026-04-27 17:55:56,review_view,Reviews,P0045,Mobile,Instagram
E00001289,C00025,S0000306,2026-01-14 12:08:32,page_view,Home,,Mobile,Bing
E00001290,C00025,S0000306,2026-01-14 12:11:53,search,Search,,Mobile,Bing
E00001291,C00025,S0000306,2026-01-14 12:14:01,page_view,Category,,Mobile,Bing
E00001292,C00025,S0000306,2026-01-14 12:17:07,product_view,Product,P0033,Mobile,Bing
E00001293,C00025,S0000306,2026-01-14 12:17:59,add_to_cart,Cart,P0065,Mobile,Bing
E00001294,C00025,S0000306,2026-01-14 12:21:05,checkout_start,Checkout,P0016,Mobile,Bing
E00001295,C00025,S0000306,2026-01-14 12:22:52,purchase,Checkout,P0045,Mobile,Bing
E00001296,C00026,S0000307,2025-03-04 01:52:24,page_view,Home,,Desktop,Instagram
E00001297,C00026,S0000307,2025-03-04 01:55:49,search,Search,,Desktop,Instagram
E00001298,C00026,S0000307,2025-03-04 01:59:25,page_view,Category,,Desktop,Instagram
E00001299,C00026,S0000307,2025-03-04 02:02:34,product_view,Product,P0062,Desktop,Instagram
E00001300,C00026,S0000307,2025-03-04 02:06:23,review_view,Reviews,P0028,Desktop,Instagram
E00001301,C00026,S0000308,2025-03-27 19:58:12,page_view,Home,,Mobile,Facebook
E00001302,C00026,S0000308,2025-03-27 20:02:12,search,Search,,Mobile,Facebook
E00001303,C00026,S0000308,2025-03-27 20:03:06,page_view,Category,,Mobile,Facebook
E00001304,C00026,S0000308,2025-03-27 20:06:41,product_view,Product,P0060,Mobile,Facebook
E00001305,C00026,S0000308,2025-03-27 20:08:01,review_view,Reviews,P0035,Mobile,Facebook
E00001306,C00026,S0000308,2025-03-27 20:11:56,add_to_cart,Cart,P0029,Mobile,Facebook
E00001307,C00026,S0000309,2025-03-13 23:58:13,page_view,Home,,Mobile,Email
E00001308,C00026,S0000310,2025-07-03 00:03:21,page_view,Home,,Mobile,Facebook
E00001309,C00026,S0000311,2025-09-09 04:56:51,page_view,Home,,Mobile,Bing
E00001310,C00026,S0000311,2025-09-09 04:59:05,search,Search,,Mobile,Bing
E00001311,C00026,S0000311,2025-09-09 05:00:26,page_view,Category,,Mobile,Bing
E00001312,C00026,S0000311,2025-09-09 05:03:23,product_view,Product,P0028,Mobile,Bing
E00001313,C00026,S0000311,2025-09-09 05:06:40,review_view,Reviews,P0017,Mobile,Bing
E00001314,C00026,S0000311,2025-09-09 05:10:01,add_to_cart,Cart,P0073,Mobile,Bing
E00001315,C00026,S0000311,2025-09-09 05:12:25,checkout_start,Checkout,P0068,Mobile,Bing
E00001316,C00026,S0000311,2025-09-09 05:13:03,purchase,Checkout,P0014,Mobile,Bing
E00001317,C00026,S0000312,2026-03-25 13:06:55,page_view,Home,,Desktop,Affiliate
E00001318,C00026,S0000312,2026-03-25 13:10:13,search,Search,,Desktop,Affiliate
E00001319,C00026,S0000312,2026-03-25 13:13:03,page_view,Category,,Desktop,Affiliate
E00001320,C00026,S0000312,2026-03-25 13:16:21,product_view,Product,P0012,Desktop,Affiliate
E00001321,C00026,S0000313,2025-05-28 01:22:01,page_view,Home,,Mobile,Affiliate
E00001322,C00026,S0000313,2025-05-28 01:22:49,search,Search,,Mobile,Affiliate
E00001323,C00026,S0000313,2025-05-28 01:23:55,page_view,Category,,Mobile,Affiliate
E00001324,C00026,S0000313,2025-05-28 01:27:43,product_view,Product,P0017,Mobile,Affiliate
E00001325,C00026,S0000313,2025-05-28 01:28:26,review_view,Reviews,P0068,Mobile,Affiliate
E00001326,C00026,S0000314,2026-04-12 18:09:09,page_view,Home,,Desktop,Direct
E00001327,C00026,S0000314,2026-04-12 18:10:54,search,Search,,Desktop,Direct
E00001328,C00026,S0000314,2026-04-12 18:14:07,page_view,Category,,Desktop,Direct
E00001329,C00026,S0000315,2025-08-04 01:32:05,page_view,Home,,Mobile,Instagram
E00001330,C00026,S0000315,2025-08-04 01:36:01,search,Search,,Mobile,Instagram
E00001331,C00026,S0000315,2025-08-04 01:36:23,page_view,Category,,Mobile,Instagram
E00001332,C00026,S0000315,2025-08-04 01:38:17,product_view,Product,P0029,Mobile,Instagram
E00001333,C00026,S0000315,2025-08-04 01:40:08,review_view,Reviews,P0028,Mobile,Instagram
E00001334,C00026,S0000315,2025-08-04 01:40:18,add_to_cart,Cart,P0066,Mobile,Instagram
E00001335,C00026,S0000316,2025-03-17 12:34:31,page_view,Home,,Desktop,Instagram
E00001336,C00026,S0000316,2025-03-17 12:36:38,search,Search,,Desktop,Instagram
E00001337,C00026,S0000316,2025-03-17 12:38:19,page_view,Category,,Desktop,Instagram
E00001338,C00026,S0000316,2025-03-17 12:40:10,product_view,Product,P0074,Desktop,Instagram
E00001339,C00026,S0000316,2025-03-17 12:42:49,review_view,Reviews,P0014,Desktop,Instagram
E00001340,C00026,S0000317,2025-09-04 04:48:56,page_view,Home,,Desktop,Facebook
E00001341,C00026,S0000317,2025-09-04 04:50:52,search,Search,,Desktop,Facebook
E00001342,C00026,S0000317,2025-09-04 04:53:56,page_view,Category,,Desktop,Facebook
E00001343,C00026,S0000317,2025-09-04 04:57:52,product_view,Product,P0073,Desktop,Facebook
E00001344,C00026,S0000317,2025-09-04 05:00:57,review_view,Reviews,P0068,Desktop,Facebook
E00001345,C00026,S0000318,2025-04-03 17:08:40,page_view,Home,,Mobile,Google
E00001346,C00026,S0000318,2025-04-03 17:12:01,search,Search,,Mobile,Google
E00001347,C00026,S0000318,2025-04-03 17:14:26,page_view,Category,,Mobile,Google
E00001348,C00026,S0000319,2025-08-29 04:23:09,page_view,Home,,Mobile,Affiliate
E00001349,C00026,S0000319,2025-08-29 04:26:49,search,Search,,Mobile,Affiliate
E00001350,C00026,S0000319,2025-08-29 04:28:09,page_view,Category,,Mobile,Affiliate
E00001351,C00026,S0000319,2025-08-29 04:28:36,product_view,Product,P0062,Mobile,Affiliate
E00001352,C00026,S0000319,2025-08-29 04:30:25,review_view,Reviews,P0041,Mobile,Affiliate
E00001353,C00026,S0000319,2025-08-29 04:31:16,add_to_cart,Cart,P0017,Mobile,Affiliate
E00001354,C00026,S0000319,2025-08-29 04:33:51,checkout_start,Checkout,P0014,Mobile,Affiliate
E00001355,C00026,S0000319,2025-08-29 04:37:26,purchase,Checkout,P0073,Mobile,Affiliate
E00001356,C00026,S0000320,2025-08-13 04:21:26,page_view,Home,,Mobile,Instagram
E00001357,C00026,S0000320,2025-08-13 04:25:22,search,Search,,Mobile,Instagram
E00001358,C00026,S0000320,2025-08-13 04:27:06,page_view,Category,,Mobile,Instagram
E00001359,C00026,S0000320,2025-08-13 04:30:51,product_view,Product,P0041,Mobile,Instagram
E00001360,C00026,S0000320,2025-08-13 04:34:36,add_to_cart,Cart,P0074,Mobile,Instagram
E00001361,C00026,S0000320,2025-08-13 04:36:26,checkout_start,Checkout,P0057,Mobile,Instagram
E00001362,C00026,S0000320,2025-08-13 04:39:48,purchase,Checkout,P0074,Mobile,Instagram
E00001363,C00026,S0000321,2025-02-28 13:59:23,page_view,Home,,Mobile,Facebook
E00001364,C00026,S0000321,2025-02-28 14:02:58,search,Search,,Mobile,Facebook
E00001365,C00026,S0000322,2026-02-25 13:14:24,page_view,Home,,Mobile,Email
E00001366,C00026,S0000322,2026-02-25 13:15:39,search,Search,,Mobile,Email
E00001367,C00026,S0000322,2026-02-25 13:17:05,page_view,Category,,Mobile,Email
E00001368,C00027,S0000323,2025-03-26 14:18:29,page_view,Home,,Mobile,Google
E00001369,C00027,S0000323,2025-03-26 14:19:36,search,Search,,Mobile,Google
E00001370,C00027,S0000323,2025-03-26 14:22:11,page_view,Category,,Mobile,Google
E00001371,C00027,S0000323,2025-03-26 14:24:07,product_view,Product,P0044,Mobile,Google
E00001372,C00027,S0000323,2025-03-26 14:24:19,review_view,Reviews,P0044,Mobile,Google
E00001373,C00027,S0000323,2025-03-26 14:27:14,add_to_cart,Cart,P0061,Mobile,Google
E00001374,C00027,S0000324,2025-01-29 06:07:26,page_view,Home,,Mobile,Google
E00001375,C00027,S0000324,2025-01-29 06:11:21,search,Search,,Mobile,Google
E00001376,C00027,S0000324,2025-01-29 06:15:04,page_view,Category,,Mobile,Google
E00001377,C00027,S0000324,2025-01-29 06:15:44,product_view,Product,P0024,Mobile,Google
E00001378,C00027,S0000325,2024-11-07 05:24:07,page_view,Home,,Desktop,Email
E00001379,C00027,S0000325,2024-11-07 05:25:44,search,Search,,Desktop,Email
E00001380,C00027,S0000326,2025-11-10 20:14:20,page_view,Home,,Mobile,Affiliate
E00001381,C00027,S0000326,2025-11-10 20:18:07,search,Search,,Mobile,Affiliate
E00001382,C00027,S0000326,2025-11-10 20:20:28,page_view,Category,,Mobile,Affiliate
E00001383,C00027,S0000326,2025-11-10 20:23:20,product_view,Product,P0024,Mobile,Affiliate
E00001384,C00027,S0000326,2025-11-10 20:25:46,review_view,Reviews,P0077,Mobile,Affiliate
E00001385,C00027,S0000327,2025-05-28 21:38:39,page_view,Home,,Desktop,Instagram
E00001386,C00027,S0000327,2025-05-28 21:41:32,search,Search,,Desktop,Instagram
E00001387,C00027,S0000327,2025-05-28 21:42:43,page_view,Category,,Desktop,Instagram
E00001388,C00027,S0000327,2025-05-28 21:45:58,product_view,Product,P0044,Desktop,Instagram
E00001389,C00027,S0000327,2025-05-28 21:49:38,review_view,Reviews,P0077,Desktop,Instagram
E00001390,C00027,S0000327,2025-05-28 21:50:09,add_to_cart,Cart,P0077,Desktop,Instagram
E00001391,C00027,S0000328,2025-09-16 20:50:44,page_view,Home,,Mobile,Bing
E00001392,C00027,S0000328,2025-09-16 20:51:55,search,Search,,Mobile,Bing
E00001393,C00027,S0000328,2025-09-16 20:55:52,page_view,Category,,Mobile,Bing
E00001394,C00027,S0000328,2025-09-16 20:56:36,product_view,Product,P0077,Mobile,Bing
E00001395,C00027,S0000328,2025-09-16 20:57:58,review_view,Reviews,P0056,Mobile,Bing
E00001396,C00027,S0000329,2024-07-19 13:20:00,page_view,Home,,Mobile,Google
E00001397,C00027,S0000329,2024-07-19 13:21:01,search,Search,,Mobile,Google
E00001398,C00027,S0000329,2024-07-19 13:24:39,page_view,Category,,Mobile,Google
E00001399,C00027,S0000329,2024-07-19 13:24:57,product_view,Product,P0077,Mobile,Google
E00001400,C00027,S0000329,2024-07-19 13:26:08,review_view,Reviews,P0024,Mobile,Google
E00001401,C00027,S0000330,2024-03-30 13:22:25,page_view,Home,,Mobile,Bing
E00001402,C00027,S0000330,2024-03-30 13:23:43,search,Search,,Mobile,Bing
E00001403,C00027,S0000330,2024-03-30 13:25:27,page_view,Category,,Mobile,Bing
E00001404,C00027,S0000330,2024-03-30 13:29:18,product_view,Product,P0056,Mobile,Bing
E00001405,C00027,S0000330,2024-03-30 13:32:47,review_view,Reviews,P0077,Mobile,Bing
E00001406,C00027,S0000330,2024-03-30 13:34:36,add_to_cart,Cart,P0077,Mobile,Bing
E00001407,C00027,S0000331,2025-08-09 09:50:40,page_view,Home,,Mobile,Affiliate
E00001408,C00027,S0000331,2025-08-09 09:53:54,search,Search,,Mobile,Affiliate
E00001409,C00027,S0000331,2025-08-09 09:57:28,page_view,Category,,Mobile,Affiliate
E00001410,C00027,S0000331,2025-08-09 09:58:46,product_view,Product,P0077,Mobile,Affiliate
E00001411,C00028,S0000332,2026-06-18 23:10:30,page_view,Home,,Tablet,Instagram
E00001412,C00028,S0000332,2026-06-18 23:13:04,search,Search,,Tablet,Instagram
E00001413,C00028,S0000332,2026-06-18 23:15:14,page_view,Category,,Tablet,Instagram
E00001414,C00028,S0000333,2026-02-10 14:22:10,page_view,Home,,Desktop,Instagram
E00001415,C00028,S0000333,2026-02-10 14:22:36,search,Search,,Desktop,Instagram
E00001416,C00028,S0000333,2026-02-10 14:24:36,page_view,Category,,Desktop,Instagram
E00001417,C00028,S0000334,2026-01-25 10:14:53,page_view,Home,,Mobile,Direct
E00001418,C00028,S0000335,2026-05-30 00:19:38,page_view,Home,,Desktop,Bing
E00001419,C00028,S0000335,2026-05-30 00:20:10,search,Search,,Desktop,Bing
E00001420,C00028,S0000335,2026-05-30 00:23:48,page_view,Category,,Desktop,Bing
E00001421,C00028,S0000335,2026-05-30 00:25:25,product_view,Product,P0025,Desktop,Bing
E00001422,C00028,S0000336,2026-06-15 14:33:37,page_view,Home,,Desktop,Facebook
E00001423,C00028,S0000336,2026-06-15 14:35:28,search,Search,,Desktop,Facebook
E00001424,C00028,S0000336,2026-06-15 14:36:55,page_view,Category,,Desktop,Facebook
E00001425,C00028,S0000336,2026-06-15 14:40:41,product_view,Product,P0064,Desktop,Facebook
E00001426,C00028,S0000336,2026-06-15 14:41:37,review_view,Reviews,P0015,Desktop,Facebook
E00001427,C00028,S0000337,2026-02-02 00:33:03,page_view,Home,,Mobile,Bing
E00001428,C00028,S0000337,2026-02-02 00:36:16,search,Search,,Mobile,Bing
E00001429,C00028,S0000337,2026-02-02 00:38:56,page_view,Category,,Mobile,Bing
E00001430,C00028,S0000337,2026-02-02 00:39:36,product_view,Product,P0037,Mobile,Bing
E00001431,C00028,S0000338,2026-01-18 14:01:54,page_view,Home,,Mobile,Affiliate
E00001432,C00028,S0000339,2026-05-18 19:53:02,page_view,Home,,Desktop,Instagram
E00001433,C00028,S0000339,2026-05-18 19:53:41,search,Search,,Desktop,Instagram
E00001434,C00028,S0000339,2026-05-18 19:55:08,page_view,Category,,Desktop,Instagram
E00001435,C00028,S0000339,2026-05-18 19:58:36,product_view,Product,P0040,Desktop,Instagram
E00001436,C00028,S0000339,2026-05-18 20:02:32,review_view,Reviews,P0037,Desktop,Instagram
E00001437,C00028,S0000340,2026-01-26 02:03:05,page_view,Home,,Desktop,Instagram
E00001438,C00028,S0000340,2026-01-26 02:03:41,search,Search,,Desktop,Instagram
E00001439,C00028,S0000340,2026-01-26 02:06:45,page_view,Category,,Desktop,Instagram
E00001440,C00028,S0000340,2026-01-26 02:06:59,product_view,Product,P0004,Desktop,Instagram
E00001441,C00028,S0000341,2026-04-18 23:32:03,page_view,Home,,Desktop,Email
E00001442,C00028,S0000341,2026-04-18 23:32:55,search,Search,,Desktop,Email
E00001443,C00028,S0000341,2026-04-18 23:33:41,page_view,Category,,Desktop,Email
E00001444,C00028,S0000341,2026-04-18 23:34:21,product_view,Product,P0015,Desktop,Email
E00001445,C00028,S0000341,2026-04-18 23:36:05,review_view,Reviews,P0076,Desktop,Email
E00001446,C00028,S0000341,2026-04-18 23:38:09,add_to_cart,Cart,P0015,Desktop,Email
E00001447,C00028,S0000341,2026-04-18 23:40:41,checkout_start,Checkout,P0037,Desktop,Email
E00001448,C00028,S0000341,2026-04-18 23:42:12,purchase,Checkout,P0025,Desktop,Email
E00001449,C00029,S0000342,2026-03-18 10:13:50,page_view,Home,,Desktop,Facebook
E00001450,C00029,S0000342,2026-03-18 10:15:57,search,Search,,Desktop,Facebook
E00001451,C00029,S0000342,2026-03-18 10:17:13,page_view,Category,,Desktop,Facebook
E00001452,C00029,S0000342,2026-03-18 10:18:31,product_view,Product,P0058,Desktop,Facebook
E00001453,C00029,S0000342,2026-03-18 10:21:35,review_view,Reviews,P0054,Desktop,Facebook
E00001454,C00029,S0000342,2026-03-18 10:25:32,add_to_cart,Cart,P0054,Desktop,Facebook
E00001455,C00029,S0000342,2026-03-18 10:27:49,checkout_start,Checkout,P0005,Desktop,Facebook
E00001456,C00029,S0000342,2026-03-18 10:28:27,purchase,Checkout,P0013,Desktop,Facebook
E00001457,C00029,S0000343,2024-11-28 23:24:31,page_view,Home,,Desktop,Affiliate
E00001458,C00029,S0000343,2024-11-28 23:27:38,search,Search,,Desktop,Affiliate
E00001459,C00029,S0000343,2024-11-28 23:30:03,page_view,Category,,Desktop,Affiliate
E00001460,C00029,S0000343,2024-11-28 23:31:58,product_view,Product,P0058,Desktop,Affiliate
E00001461,C00029,S0000343,2024-11-28 23:33:35,review_view,Reviews,P0054,Desktop,Affiliate
E00001462,C00029,S0000343,2024-11-28 23:37:15,add_to_cart,Cart,P0008,Desktop,Affiliate
E00001463,C00029,S0000344,2024-12-27 16:13:00,page_view,Home,,Mobile,Affiliate
E00001464,C00029,S0000344,2024-12-27 16:14:54,search,Search,,Mobile,Affiliate
E00001465,C00029,S0000344,2024-12-27 16:15:52,page_view,Category,,Mobile,Affiliate
E00001466,C00029,S0000344,2024-12-27 16:16:51,product_view,Product,P0013,Mobile,Affiliate
E00001467,C00029,S0000344,2024-12-27 16:17:01,add_to_cart,Cart,P0005,Mobile,Affiliate
E00001468,C00029,S0000344,2024-12-27 16:18:22,checkout_start,Checkout,P0005,Mobile,Affiliate
E00001469,C00029,S0000344,2024-12-27 16:21:17,purchase,Checkout,P0058,Mobile,Affiliate
E00001470,C00029,S0000345,2024-06-30 22:55:09,page_view,Home,,Desktop,Facebook
E00001471,C00029,S0000345,2024-06-30 22:55:25,search,Search,,Desktop,Facebook
E00001472,C00029,S0000345,2024-06-30 22:57:09,page_view,Category,,Desktop,Facebook
E00001473,C00029,S0000345,2024-06-30 22:58:42,product_view,Product,P0054,Desktop,Facebook
E00001474,C00029,S0000345,2024-06-30 23:01:04,review_view,Reviews,P0054,Desktop,Facebook
E00001475,C00029,S0000346,2024-06-29 01:22:42,page_view,Home,,Desktop,Google
E00001476,C00029,S0000346,2024-06-29 01:23:24,add_to_cart,Cart,P0005,Desktop,Google
E00001477,C00029,S0000346,2024-06-29 01:24:53,checkout_start,Checkout,P0008,Desktop,Google
E00001478,C00029,S0000346,2024-06-29 01:26:24,purchase,Checkout,P0013,Desktop,Google
E00001479,C00029,S0000347,2026-03-23 07:08:48,page_view,Home,,Mobile,Facebook
E00001480,C00029,S0000347,2026-03-23 07:12:20,add_to_cart,Cart,P0005,Mobile,Facebook
E00001481,C00029,S0000347,2026-03-23 07:15:46,checkout_start,Checkout,P0008,Mobile,Facebook
E00001482,C00029,S0000347,2026-03-23 07:19:11,purchase,Checkout,P0013,Mobile,Facebook
E00001483,C00029,S0000348,2025-11-06 22:51:53,page_view,Home,,Mobile,Direct
E00001484,C00029,S0000348,2025-11-06 22:52:34,search,Search,,Mobile,Direct
E00001485,C00029,S0000348,2025-11-06 22:53:34,page_view,Category,,Mobile,Direct
E00001486,C00029,S0000348,2025-11-06 22:55:20,product_view,Product,P0021,Mobile,Direct
E00001487,C00029,S0000348,2025-11-06 22:56:58,review_view,Reviews,P0010,Mobile,Direct
E00001488,C00029,S0000349,2026-05-10 05:39:30,page_view,Home,,Desktop,Direct
E00001489,C00029,S0000349,2026-05-10 05:42:25,search,Search,,Desktop,Direct
E00001490,C00029,S0000349,2026-05-10 05:43:22,page_view,Category,,Desktop,Direct
E00001491,C00029,S0000349,2026-05-10 05:45:59,product_view,Product,P0054,Desktop,Direct
E00001492,C00029,S0000350,2026-02-19 17:40:22,page_view,Home,,Desktop,Facebook
E00001493,C00029,S0000350,2026-02-19 17:44:03,search,Search,,Desktop,Facebook
E00001494,C00029,S0000350,2026-02-19 17:48:01,page_view,Category,,Desktop,Facebook
E00001495,C00029,S0000350,2026-02-19 17:51:51,product_view,Product,P0054,Desktop,Facebook
E00001496,C00029,S0000350,2026-02-19 17:54:55,review_view,Reviews,P0008,Desktop,Facebook
E00001497,C00029,S0000350,2026-02-19 17:56:05,add_to_cart,Cart,P0008,Desktop,Facebook
E00001498,C00029,S0000351,2024-11-03 05:32:09,page_view,Home,,Mobile,Affiliate
E00001499,C00029,S0000351,2024-11-03 05:33:07,search,Search,,Mobile,Affiliate
E00001500,C00029,S0000351,2024-11-03 05:37:05,page_view,Category,,Mobile,Affiliate
E00001501,C00029,S0000351,2024-11-03 05:39:28,product_view,Product,P0021,Mobile,Affiliate
E00001502,C00029,S0000351,2024-11-03 05:42:13,review_view,Reviews,P0008,Mobile,Affiliate
E00001503,C00029,S0000352,2024-05-15 10:31:22,page_view,Home,,Desktop,Email
E00001504,C00029,S0000352,2024-05-15 10:32:28,search,Search,,Desktop,Email
E00001505,C00029,S0000352,2024-05-15 10:35:58,page_view,Category,,Desktop,Email
E00001506,C00029,S0000353,2025-05-11 08:12:54,page_view,Home,,Mobile,Bing
E00001507,C00029,S0000354,2025-09-06 14:29:48,page_view,Home,,Tablet,Direct
E00001508,C00029,S0000354,2025-09-06 14:30:45,add_to_cart,Cart,P0013,Tablet,Direct
E00001509,C00029,S0000354,2025-09-06 14:33:30,checkout_start,Checkout,P0013,Tablet,Direct
E00001510,C00029,S0000354,2025-09-06 14:37:01,purchase,Checkout,P0005,Tablet,Direct
E00001511,C00029,S0000355,2025-10-13 05:48:16,page_view,Home,,Mobile,Direct
E00001512,C00029,S0000355,2025-10-13 05:48:57,search,Search,,Mobile,Direct
E00001513,C00029,S0000355,2025-10-13 05:49:46,page_view,Category,,Mobile,Direct
E00001514,C00029,S0000355,2025-10-13 05:51:37,product_view,Product,P0005,Mobile,Direct
E00001515,C00029,S0000355,2025-10-13 05:53:17,review_view,Reviews,P0054,Mobile,Direct
E00001516,C00029,S0000355,2025-10-13 05:57:03,add_to_cart,Cart,P0058,Mobile,Direct
E00001517,C00029,S0000355,2025-10-13 05:59:34,checkout_start,Checkout,P0008,Mobile,Direct
E00001518,C00029,S0000355,2025-10-13 06:03:32,purchase,Checkout,P0021,Mobile,Direct
E00001519,C00029,S0000356,2026-04-08 20:26:05,page_view,Home,,Mobile,Email
E00001520,C00029,S0000356,2026-04-08 20:29:05,search,Search,,Mobile,Email
E00001521,C00029,S0000356,2026-04-08 20:32:38,page_view,Category,,Mobile,Email
E00001522,C00029,S0000356,2026-04-08 20:36:23,product_view,Product,P0054,Mobile,Email
E00001523,C00029,S0000356,2026-04-08 20:38:24,review_view,Reviews,P0054,Mobile,Email
E00001524,C00029,S0000356,2026-04-08 20:41:49,add_to_cart,Cart,P0010,Mobile,Email
E00001525,C00029,S0000356,2026-04-08 20:44:15,checkout_start,Checkout,P0058,Mobile,Email
E00001526,C00029,S0000356,2026-04-08 20:45:31,purchase,Checkout,P0058,Mobile,Email
E00001527,C00029,S0000357,2025-06-30 17:26:17,page_view,Home,,Mobile,Google
E00001528,C00029,S0000357,2025-06-30 17:27:22,search,Search,,Mobile,Google
E00001529,C00029,S0000358,2026-04-21 05:36:35,page_view,Home,,Desktop,Direct
E00001530,C00029,S0000358,2026-04-21 05:37:12,add_to_cart,Cart,P0058,Desktop,Direct
E00001531,C00029,S0000358,2026-04-21 05:39:57,checkout_start,Checkout,P0010,Desktop,Direct
E00001532,C00029,S0000358,2026-04-21 05:41:11,purchase,Checkout,P0008,Desktop,Direct
E00001533,C00030,S0000359,2025-03-07 20:27:26,page_view,Home,,Mobile,Affiliate
E00001534,C00030,S0000359,2025-03-07 20:30:26,search,Search,,Mobile,Affiliate
E00001535,C00030,S0000359,2025-03-07 20:33:31,page_view,Category,,Mobile,Affiliate
E00001536,C00030,S0000359,2025-03-07 20:36:22,product_view,Product,P0079,Mobile,Affiliate
E00001537,C00030,S0000359,2025-03-07 20:37:19,review_view,Reviews,P0030,Mobile,Affiliate
E00001538,C00030,S0000359,2025-03-07 20:40:36,add_to_cart,Cart,P0031,Mobile,Affiliate
E00001539,C00030,S0000360,2025-05-06 02:05:56,page_view,Home,,Mobile,Bing
E00001540,C00030,S0000360,2025-05-06 02:07:41,search,Search,,Mobile,Bing
E00001541,C00030,S0000360,2025-05-06 02:10:38,page_view,Category,,Mobile,Bing
E00001542,C00030,S0000361,2024-05-07 14:14:58,page_view,Home,,Desktop,Instagram
E00001543,C00030,S0000361,2024-05-07 14:18:32,search,Search,,Desktop,Instagram
E00001544,C00030,S0000362,2024-11-23 02:28:43,page_view,Home,,Mobile,Instagram
E00001545,C00030,S0000362,2024-11-23 02:32:16,search,Search,,Mobile,Instagram
E00001546,C00030,S0000362,2024-11-23 02:34:31,page_view,Category,,Mobile,Instagram
E00001547,C00030,S0000362,2024-11-23 02:35:51,product_view,Product,P0016,Mobile,Instagram
E00001548,C00030,S0000362,2024-11-23 02:39:32,review_view,Reviews,P0030,Mobile,Instagram
E00001549,C00030,S0000362,2024-11-23 02:39:43,add_to_cart,Cart,P0033,Mobile,Instagram
E00001550,C00030,S0000362,2024-11-23 02:42:44,checkout_start,Checkout,P0031,Mobile,Instagram
E00001551,C00030,S0000362,2024-11-23 02:43:52,purchase,Checkout,P0079,Mobile,Instagram
E00001552,C00030,S0000363,2025-10-11 11:09:59,page_view,Home,,Mobile,Direct
E00001553,C00030,S0000363,2025-10-11 11:12:57,search,Search,,Mobile,Direct
E00001554,C00030,S0000363,2025-10-11 11:13:25,page_view,Category,,Mobile,Direct
E00001555,C00030,S0000363,2025-10-11 11:14:31,product_view,Product,P0079,Mobile,Direct
E00001556,C00030,S0000363,2025-10-11 11:16:19,review_view,Reviews,P0030,Mobile,Direct
E00001557,C00030,S0000364,2025-05-02 02:08:56,page_view,Home,,Mobile,Facebook
E00001558,C00030,S0000364,2025-05-02 02:12:10,search,Search,,Mobile,Facebook
E00001559,C00030,S0000364,2025-05-02 02:14:21,page_view,Category,,Mobile,Facebook
E00001560,C00030,S0000364,2025-05-02 02:17:19,product_view,Product,P0031,Mobile,Facebook
E00001561,C00030,S0000365,2025-04-17 02:19:42,page_view,Home,,Mobile,Bing
E00001562,C00030,S0000365,2025-04-17 02:20:56,search,Search,,Mobile,Bing
E00001563,C00030,S0000365,2025-04-17 02:23:31,page_view,Category,,Mobile,Bing
E00001564,C00030,S0000366,2024-05-31 06:23:57,page_view,Home,,Mobile,Instagram
E00001565,C00030,S0000366,2024-05-31 06:25:15,search,Search,,Mobile,Instagram
E00001566,C00030,S0000366,2024-05-31 06:25:43,page_view,Category,,Mobile,Instagram
E00001567,C00030,S0000366,2024-05-31 06:26:12,product_view,Product,P0045,Mobile,Instagram
E00001568,C00030,S0000366,2024-05-31 06:29:38,review_view,Reviews,P0065,Mobile,Instagram
E00001569,C00030,S0000366,2024-05-31 06:31:15,add_to_cart,Cart,P0031,Mobile,Instagram
E00001570,C00030,S0000367,2025-05-30 09:55:07,page_view,Home,,Mobile,Affiliate
E00001571,C00030,S0000368,2025-11-14 07:43:01,page_view,Home,,Mobile,Email
E00001572,C00030,S0000368,2025-11-14 07:43:26,search,Search,,Mobile,Email
E00001573,C00030,S0000368,2025-11-14 07:45:38,page_view,Category,,Mobile,Email
E00001574,C00030,S0000368,2025-11-14 07:49:13,product_view,Product,P0016,Mobile,Email
E00001575,C00030,S0000368,2025-11-14 07:52:50,review_view,Reviews,P0030,Mobile,Email
E00001576,C00030,S0000369,2024-04-05 09:16:51,page_view,Home,,Desktop,Direct
E00001577,C00030,S0000369,2024-04-05 09:20:42,search,Search,,Desktop,Direct
E00001578,C00030,S0000370,2026-01-14 18:04:16,page_view,Home,,Mobile,Bing
E00001579,C00030,S0000371,2024-10-10 20:50:30,page_view,Home,,Desktop,Facebook
E00001580,C00030,S0000371,2024-10-10 20:52:38,search,Search,,Desktop,Facebook
E00001581,C00030,S0000372,2025-09-13 20:39:47,page_view,Home,,Mobile,Facebook
E00001582,C00030,S0000372,2025-09-13 20:40:52,search,Search,,Mobile,Facebook
E00001583,C00030,S0000372,2025-09-13 20:41:20,page_view,Category,,Mobile,Facebook
E00001584,C00030,S0000372,2025-09-13 20:42:12,product_view,Product,P0033,Mobile,Facebook
E00001585,C00030,S0000372,2025-09-13 20:44:27,review_view,Reviews,P0033,Mobile,Facebook
E00001586,C00030,S0000373,2024-11-09 02:57:29,page_view,Home,,Mobile,Instagram
E00001587,C00030,S0000373,2024-11-09 02:59:18,search,Search,,Mobile,Instagram
E00001588,C00030,S0000373,2024-11-09 03:02:20,page_view,Category,,Mobile,Instagram
E00001589,C00030,S0000373,2024-11-09 03:05:45,product_view,Product,P0016,Mobile,Instagram
E00001590,C00030,S0000373,2024-11-09 03:07:52,review_view,Reviews,P0031,Mobile,Instagram
E00001591,C00030,S0000373,2024-11-09 03:11:00,add_to_cart,Cart,P0045,Mobile,Instagram
E00001592,C00030,S0000374,2025-09-12 19:31:57,page_view,Home,,Mobile,Google
E00001593,C00030,S0000374,2025-09-12 19:34:50,search,Search,,Mobile,Google
E00001594,C00030,S0000374,2025-09-12 19:35:53,page_view,Category,,Mobile,Google
E00001595,C00030,S0000374,2025-09-12 19:38:44,product_view,Product,P0065,Mobile,Google
E00001596,C00030,S0000374,2025-09-12 19:41:20,review_view,Reviews,P0065,Mobile,Google
E00001597,C00030,S0000375,2026-02-25 11:16:04,page_view,Home,,Desktop,Instagram
E00001598,C00030,S0000375,2026-02-25 11:17:33,search,Search,,Desktop,Instagram
E00001599,C00031,S0000376,2026-03-16 06:37:21,page_view,Home,,Mobile,Facebook
E00001600,C00031,S0000376,2026-03-16 06:39:01,search,Search,,Mobile,Facebook
E00001601,C00031,S0000376,2026-03-16 06:42:46,add_to_cart,Cart,P0016,Mobile,Facebook
E00001602,C00031,S0000376,2026-03-16 06:46:14,checkout_start,Checkout,P0031,Mobile,Facebook
E00001603,C00031,S0000376,2026-03-16 06:48:28,purchase,Checkout,P0079,Mobile,Facebook
E00001604,C00031,S0000377,2026-04-07 09:57:01,page_view,Home,,Mobile,Bing
E00001605,C00031,S0000377,2026-04-07 09:57:12,search,Search,,Mobile,Bing
E00001606,C00031,S0000377,2026-04-07 10:00:24,page_view,Category,,Mobile,Bing
E00001607,C00031,S0000377,2026-04-07 10:00:46,product_view,Product,P0016,Mobile,Bing
E00001608,C00031,S0000377,2026-04-07 10:01:31,review_view,Reviews,P0033,Mobile,Bing
E00001609,C00031,S0000377,2026-04-07 10:04:04,add_to_cart,Cart,P0033,Mobile,Bing
E00001610,C00031,S0000378,2026-04-16 11:10:16,page_view,Home,,Mobile,Instagram
E00001611,C00031,S0000378,2026-04-16 11:12:52,search,Search,,Mobile,Instagram
E00001612,C00031,S0000378,2026-04-16 11:14:56,page_view,Category,,Mobile,Instagram
E00001613,C00031,S0000379,2026-05-14 11:20:05,page_view,Home,,Desktop,Instagram
E00001614,C00031,S0000379,2026-05-14 11:21:43,search,Search,,Desktop,Instagram
E00001615,C00031,S0000379,2026-05-14 11:23:42,page_view,Category,,Desktop,Instagram
E00001616,C00031,S0000379,2026-05-14 11:26:48,product_view,Product,P0016,Desktop,Instagram
E00001617,C00031,S0000379,2026-05-14 11:28:03,review_view,Reviews,P0079,Desktop,Instagram
E00001618,C00031,S0000379,2026-05-14 11:29:37,add_to_cart,Cart,P0016,Desktop,Instagram
E00001619,C00031,S0000379,2026-05-14 11:29:52,checkout_start,Checkout,P0033,Desktop,Instagram
E00001620,C00031,S0000379,2026-05-14 11:31:04,purchase,Checkout,P0031,Desktop,Instagram
E00001621,C00031,S0000380,2026-03-06 08:04:27,page_view,Home,,Desktop,Bing
E00001622,C00031,S0000380,2026-03-06 08:06:26,search,Search,,Desktop,Bing
E00001623,C00031,S0000380,2026-03-06 08:09:13,page_view,Category,,Desktop,Bing
E00001624,C00031,S0000380,2026-03-06 08:10:10,product_view,Product,P0033,Desktop,Bing
E00001625,C00031,S0000380,2026-03-06 08:12:12,add_to_cart,Cart,P0016,Desktop,Bing
E00001626,C00031,S0000380,2026-03-06 08:12:50,checkout_start,Checkout,P0065,Desktop,Bing
E00001627,C00031,S0000380,2026-03-06 08:15:24,purchase,Checkout,P0065,Desktop,Bing
E00001628,C00031,S0000381,2026-03-28 05:03:10,page_view,Home,,Mobile,Direct
E00001629,C00031,S0000381,2026-03-28 05:04:54,search,Search,,Mobile,Direct
E00001630,C00031,S0000381,2026-03-28 05:07:35,page_view,Category,,Mobile,Direct
E00001631,C00031,S0000381,2026-03-28 05:09:44,product_view,Product,P0065,Mobile,Direct
E00001632,C00031,S0000382,2025-09-30 06:33:29,page_view,Home,,Mobile,Instagram
E00001633,C00031,S0000382,2025-09-30 06:36:31,search,Search,,Mobile,Instagram
E00001634,C00031,S0000382,2025-09-30 06:37:33,page_view,Category,,Mobile,Instagram
E00001635,C00031,S0000382,2025-09-30 06:39:32,add_to_cart,Cart,P0031,Mobile,Instagram
E00001636,C00031,S0000382,2025-09-30 06:40:42,checkout_start,Checkout,P0016,Mobile,Instagram
E00001637,C00031,S0000382,2025-09-30 06:44:30,purchase,Checkout,P0031,Mobile,Instagram
E00001638,C00031,S0000383,2026-02-21 19:08:35,page_view,Home,,Mobile,Bing
E00001639,C00031,S0000383,2026-02-21 19:10:25,search,Search,,Mobile,Bing
E00001640,C00031,S0000383,2026-02-21 19:12:04,page_view,Category,,Mobile,Bing
E00001641,C00031,S0000383,2026-02-21 19:13:26,product_view,Product,P0033,Mobile,Bing
E00001642,C00031,S0000383,2026-02-21 19:16:24,review_view,Reviews,P0033,Mobile,Bing
E00001643,C00031,S0000384,2026-01-30 10:55:29,page_view,Home,,Desktop,Bing
E00001644,C00031,S0000384,2026-01-30 10:56:35,search,Search,,Desktop,Bing
E00001645,C00031,S0000384,2026-01-30 10:58:03,page_view,Category,,Desktop,Bing
E00001646,C00031,S0000384,2026-01-30 11:01:14,product_view,Product,P0031,Desktop,Bing
E00001647,C00031,S0000384,2026-01-30 11:04:45,review_view,Reviews,P0016,Desktop,Bing
E00001648,C00031,S0000384,2026-01-30 11:08:17,add_to_cart,Cart,P0031,Desktop,Bing
E00001649,C00031,S0000385,2025-11-27 14:25:13,page_view,Home,,Mobile,Facebook
E00001650,C00031,S0000385,2025-11-27 14:28:56,search,Search,,Mobile,Facebook
E00001651,C00031,S0000385,2025-11-27 14:32:06,page_view,Category,,Mobile,Facebook
E00001652,C00031,S0000385,2025-11-27 14:35:55,product_view,Product,P0031,Mobile,Facebook
E00001653,C00031,S0000386,2026-02-14 21:04:38,page_view,Home,,Desktop,Instagram
E00001654,C00031,S0000386,2026-02-14 21:04:52,search,Search,,Desktop,Instagram
E00001655,C00031,S0000386,2026-02-14 21:07:16,page_view,Category,,Desktop,Instagram
E00001656,C00031,S0000386,2026-02-14 21:10:40,product_view,Product,P0065,Desktop,Instagram
E00001657,C00031,S0000387,2025-12-22 05:21:54,page_view,Home,,Mobile,Google
E00001658,C00031,S0000387,2025-12-22 05:25:09,search,Search,,Mobile,Google
E00001659,C00031,S0000388,2026-05-28 08:01:17,page_view,Home,,Mobile,Email
E00001660,C00031,S0000388,2026-05-28 08:03:40,search,Search,,Mobile,Email
E00001661,C00031,S0000388,2026-05-28 08:06:19,page_view,Category,,Mobile,Email
E00001662,C00031,S0000388,2026-05-28 08:10:08,product_view,Product,P0031,Mobile,Email
E00001663,C00031,S0000388,2026-05-28 08:10:43,review_view,Reviews,P0030,Mobile,Email
E00001664,C00031,S0000388,2026-05-28 08:11:33,add_to_cart,Cart,P0016,Mobile,Email
E00001665,C00031,S0000389,2025-09-30 20:49:35,page_view,Home,,Mobile,Email
E00001666,C00031,S0000389,2025-09-30 20:52:59,search,Search,,Mobile,Email
E00001667,C00031,S0000389,2025-09-30 20:53:20,page_view,Category,,Mobile,Email
E00001668,C00031,S0000389,2025-09-30 20:55:32,product_view,Product,P0031,Mobile,Email
E00001669,C00031,S0000389,2025-09-30 20:56:59,add_to_cart,Cart,P0079,Mobile,Email
E00001670,C00031,S0000389,2025-09-30 20:59:21,checkout_start,Checkout,P0031,Mobile,Email
E00001671,C00031,S0000389,2025-09-30 21:00:20,purchase,Checkout,P0031,Mobile,Email
E00001672,C00031,S0000390,2026-04-25 13:30:09,page_view,Home,,Mobile,Email
E00001673,C00031,S0000390,2026-04-25 13:30:28,search,Search,,Mobile,Email
E00001674,C00031,S0000390,2026-04-25 13:31:40,page_view,Category,,Mobile,Email
E00001675,C00031,S0000391,2025-10-01 01:34:10,page_view,Home,,Desktop,Instagram
E00001676,C00031,S0000391,2025-10-01 01:34:57,search,Search,,Desktop,Instagram
E00001677,C00031,S0000391,2025-10-01 01:38:12,page_view,Category,,Desktop,Instagram
E00001678,C00031,S0000392,2026-01-18 20:39:22,page_view,Home,,Desktop,Email
E00001679,C00031,S0000392,2026-01-18 20:39:59,add_to_cart,Cart,P0030,Desktop,Email
E00001680,C00031,S0000392,2026-01-18 20:43:28,checkout_start,Checkout,P0016,Desktop,Email
E00001681,C00031,S0000392,2026-01-18 20:44:30,purchase,Checkout,P0065,Desktop,Email
E00001682,C00032,S0000393,2026-02-28 12:09:58,page_view,Home,,Mobile,Facebook
E00001683,C00032,S0000393,2026-02-28 12:10:56,search,Search,,Mobile,Facebook
E00001684,C00032,S0000393,2026-02-28 12:12:30,page_view,Category,,Mobile,Facebook
E00001685,C00032,S0000393,2026-02-28 12:15:09,product_view,Product,P0044,Mobile,Facebook
E00001686,C00032,S0000393,2026-02-28 12:17:59,review_view,Reviews,P0077,Mobile,Facebook
E00001687,C00032,S0000393,2026-02-28 12:21:43,add_to_cart,Cart,P0056,Mobile,Facebook
E00001688,C00032,S0000394,2025-07-08 20:16:00,page_view,Home,,Mobile,Facebook
E00001689,C00032,S0000394,2025-07-08 20:17:05,search,Search,,Mobile,Facebook
E00001690,C00032,S0000394,2025-07-08 20:17:32,page_view,Category,,Mobile,Facebook
E00001691,C00032,S0000394,2025-07-08 20:18:48,product_view,Product,P0077,Mobile,Facebook
E00001692,C00032,S0000394,2025-07-08 20:20:30,review_view,Reviews,P0061,Mobile,Facebook
E00001693,C00032,S0000394,2025-07-08 20:21:56,add_to_cart,Cart,P0027,Mobile,Facebook
E00001694,C00032,S0000395,2025-11-16 11:57:24,page_view,Home,,Mobile,Facebook
E00001695,C00032,S0000395,2025-11-16 11:59:08,search,Search,,Mobile,Facebook
E00001696,C00032,S0000395,2025-11-16 11:59:30,page_view,Category,,Mobile,Facebook
E00001697,C00032,S0000396,2025-10-19 10:51:18,page_view,Home,,Mobile,Affiliate
E00001698,C00032,S0000396,2025-10-19 10:52:02,search,Search,,Mobile,Affiliate
E00001699,C00032,S0000396,2025-10-19 10:52:20,page_view,Category,,Mobile,Affiliate
E00001700,C00032,S0000396,2025-10-19 10:56:09,product_view,Product,P0027,Mobile,Affiliate
E00001701,C00032,S0000396,2025-10-19 10:57:08,review_view,Reviews,P0044,Mobile,Affiliate
E00001702,C00032,S0000396,2025-10-19 10:59:15,add_to_cart,Cart,P0044,Mobile,Affiliate
E00001703,C00032,S0000396,2025-10-19 11:00:11,checkout_start,Checkout,P0044,Mobile,Affiliate
E00001704,C00032,S0000396,2025-10-19 11:02:05,purchase,Checkout,P0027,Mobile,Affiliate
E00001705,C00032,S0000397,2026-06-07 03:57:23,page_view,Home,,Mobile,Facebook
E00001706,C00032,S0000398,2026-03-23 00:00:00,page_view,Home,,Desktop,Direct
E00001707,C00032,S0000398,2026-03-23 00:03:32,search,Search,,Desktop,Direct
E00001708,C00032,S0000398,2026-03-23 00:07:32,page_view,Category,,Desktop,Direct
E00001709,C00032,S0000399,2026-06-05 11:27:16,page_view,Home,,Mobile,Bing
E00001710,C00032,S0000399,2026-06-05 11:30:38,search,Search,,Mobile,Bing
E00001711,C00032,S0000399,2026-06-05 11:33:17,page_view,Category,,Mobile,Bing
E00001712,C00032,S0000399,2026-06-05 11:33:39,product_view,Product,P0027,Mobile,Bing
E00001713,C00032,S0000399,2026-06-05 11:37:35,review_view,Reviews,P0077,Mobile,Bing
E00001714,C00032,S0000400,2025-08-21 23:34:44,page_view,Home,,Desktop,Direct
E00001715,C00032,S0000400,2025-08-21 23:36:01,search,Search,,Desktop,Direct
E00001716,C00032,S0000400,2025-08-21 23:36:59,page_view,Category,,Desktop,Direct
E00001717,C00032,S0000400,2025-08-21 23:37:18,product_view,Product,P0044,Desktop,Direct
E00001718,C00032,S0000400,2025-08-21 23:38:21,review_view,Reviews,P0044,Desktop,Direct
E00001719,C00032,S0000401,2025-08-05 05:39:48,page_view,Home,,Desktop,Direct
E00001720,C00032,S0000401,2025-08-05 05:40:39,search,Search,,Desktop,Direct
E00001721,C00032,S0000402,2026-04-19 22:14:50,page_view,Home,,Mobile,Instagram
E00001722,C00032,S0000402,2026-04-19 22:16:26,search,Search,,Mobile,Instagram
E00001723,C00032,S0000402,2026-04-19 22:19:42,page_view,Category,,Mobile,Instagram
E00001724,C00032,S0000402,2026-04-19 22:23:35,product_view,Product,P0027,Mobile,Instagram
E00001725,C00032,S0000402,2026-04-19 22:24:35,review_view,Reviews,P0027,Mobile,Instagram
E00001726,C00032,S0000402,2026-04-19 22:25:19,add_to_cart,Cart,P0061,Mobile,Instagram
E00001727,C00032,S0000403,2025-09-23 22:44:09,page_view,Home,,Mobile,Bing
E00001728,C00032,S0000403,2025-09-23 22:46:45,search,Search,,Mobile,Bing
E00001729,C00032,S0000403,2025-09-23 22:47:22,page_view,Category,,Mobile,Bing
E00001730,C00032,S0000403,2025-09-23 22:48:27,product_view,Product,P0027,Mobile,Bing
E00001731,C00032,S0000403,2025-09-23 22:52:21,review_view,Reviews,P0024,Mobile,Bing
E00001732,C00032,S0000403,2025-09-23 22:53:29,add_to_cart,Cart,P0024,Mobile,Bing
E00001733,C00032,S0000403,2025-09-23 22:54:35,checkout_start,Checkout,P0027,Mobile,Bing
E00001734,C00032,S0000403,2025-09-23 22:55:49,purchase,Checkout,P0056,Mobile,Bing
E00001735,C00032,S0000404,2026-03-03 16:06:49,page_view,Home,,Desktop,Instagram
E00001736,C00032,S0000405,2026-02-25 13:21:15,page_view,Home,,Desktop,Google
E00001737,C00032,S0000405,2026-02-25 13:23:27,search,Search,,Desktop,Google
E00001738,C00032,S0000405,2026-02-25 13:26:13,page_view,Category,,Desktop,Google
E00001739,C00032,S0000405,2026-02-25 13:28:59,product_view,Product,P0044,Desktop,Google
E00001740,C00032,S0000405,2026-02-25 13:32:21,review_view,Reviews,P0044,Desktop,Google
E00001741,C00032,S0000405,2026-02-25 13:33:34,add_to_cart,Cart,P0077,Desktop,Google
E00001742,C00032,S0000405,2026-02-25 13:33:58,checkout_start,Checkout,P0027,Desktop,Google
E00001743,C00032,S0000405,2026-02-25 13:35:19,purchase,Checkout,P0077,Desktop,Google
E00001744,C00032,S0000406,2026-01-12 07:43:22,page_view,Home,,Mobile,Google
E00001745,C00032,S0000407,2026-04-30 20:15:57,page_view,Home,,Mobile,Direct
E00001746,C00032,S0000407,2026-04-30 20:17:16,search,Search,,Mobile,Direct
E00001747,C00032,S0000407,2026-04-30 20:20:29,page_view,Category,,Mobile,Direct
E00001748,C00032,S0000407,2026-04-30 20:24:01,product_view,Product,P0027,Mobile,Direct
E00001749,C00032,S0000407,2026-04-30 20:24:22,review_view,Reviews,P0027,Mobile,Direct
E00001750,C00032,S0000408,2026-04-09 10:49:56,page_view,Home,,Desktop,Email
E00001751,C00032,S0000408,2026-04-09 10:53:30,search,Search,,Desktop,Email
E00001752,C00032,S0000408,2026-04-09 10:56:57,page_view,Category,,Desktop,Email
E00001753,C00032,S0000408,2026-04-09 10:57:11,product_view,Product,P0024,Desktop,Email
E00001754,C00032,S0000409,2026-02-24 06:00:05,page_view,Home,,Mobile,Direct
E00001755,C00032,S0000409,2026-02-24 06:01:50,search,Search,,Mobile,Direct
E00001756,C00032,S0000409,2026-02-24 06:02:14,page_view,Category,,Mobile,Direct
E00001757,C00032,S0000409,2026-02-24 06:04:16,product_view,Product,P0077,Mobile,Direct
E00001758,C00032,S0000409,2026-02-24 06:06:11,review_view,Reviews,P0044,Mobile,Direct
E00001759,C00032,S0000409,2026-02-24 06:09:10,add_to_cart,Cart,P0061,Mobile,Direct
E00001760,C00032,S0000410,2026-02-28 03:43:27,page_view,Home,,Desktop,Instagram
E00001761,C00032,S0000410,2026-02-28 03:47:08,search,Search,,Desktop,Instagram
E00001762,C00032,S0000410,2026-02-28 03:48:24,page_view,Category,,Desktop,Instagram
E00001763,C00032,S0000410,2026-02-28 03:50:19,product_view,Product,P0024,Desktop,Instagram
E00001764,C00032,S0000410,2026-02-28 03:53:08,review_view,Reviews,P0061,Desktop,Instagram
E00001765,C00032,S0000410,2026-02-28 03:56:58,add_to_cart,Cart,P0027,Desktop,Instagram
E00001766,C00032,S0000411,2025-11-19 01:51:21,page_view,Home,,Mobile,Email
E00001767,C00032,S0000411,2025-11-19 01:52:10,search,Search,,Mobile,Email
E00001768,C00032,S0000411,2025-11-19 01:55:41,page_view,Category,,Mobile,Email
E00001769,C00032,S0000412,2026-06-18 17:05:49,page_view,Home,,Desktop,Direct
E00001770,C00032,S0000412,2026-06-18 17:06:38,search,Search,,Desktop,Direct
E00001771,C00032,S0000412,2026-06-18 17:08:09,page_view,Category,,Desktop,Direct
E00001772,C00032,S0000412,2026-06-18 17:10:52,product_view,Product,P0024,Desktop,Direct
E00001773,C00032,S0000412,2026-06-18 17:14:27,review_view,Reviews,P0061,Desktop,Direct
E00001774,C00033,S0000413,2025-10-28 19:26:50,page_view,Home,,Mobile,Affiliate
E00001775,C00033,S0000413,2025-10-28 19:28:03,search,Search,,Mobile,Affiliate
E00001776,C00033,S0000413,2025-10-28 19:30:17,page_view,Category,,Mobile,Affiliate
E00001777,C00033,S0000414,2025-08-15 22:51:05,page_view,Home,,Desktop,Email
E00001778,C00033,S0000414,2025-08-15 22:51:40,search,Search,,Desktop,Email
E00001779,C00033,S0000415,2025-06-15 03:05:00,page_view,Home,,Mobile,Facebook
E00001780,C00033,S0000415,2025-06-15 03:06:10,add_to_cart,Cart,P0043,Mobile,Facebook
E00001781,C00033,S0000415,2025-06-15 03:09:16,checkout_start,Checkout,P0059,Mobile,Facebook
E00001782,C00033,S0000415,2025-06-15 03:11:12,purchase,Checkout,P0070,Mobile,Facebook
E00001783,C00033,S0000416,2025-05-05 02:44:37,page_view,Home,,Desktop,Bing
E00001784,C00033,S0000416,2025-05-05 02:44:56,search,Search,,Desktop,Bing
E00001785,C00033,S0000416,2025-05-05 02:48:30,page_view,Category,,Desktop,Bing
E00001786,C00033,S0000416,2025-05-05 02:51:21,product_view,Product,P0032,Desktop,Bing
E00001787,C00033,S0000416,2025-05-05 02:54:04,add_to_cart,Cart,P0020,Desktop,Bing
E00001788,C00033,S0000416,2025-05-05 02:55:44,checkout_start,Checkout,P0018,Desktop,Bing
E00001789,C00033,S0000416,2025-05-05 02:58:24,purchase,Checkout,P0070,Desktop,Bing
E00001790,C00033,S0000417,2026-02-20 09:10:44,page_view,Home,,Mobile,Email
E00001791,C00033,S0000417,2026-02-20 09:13:00,search,Search,,Mobile,Email
E00001792,C00033,S0000417,2026-02-20 09:13:36,page_view,Category,,Mobile,Email
E00001793,C00033,S0000417,2026-02-20 09:14:30,product_view,Product,P0020,Mobile,Email
E00001794,C00033,S0000417,2026-02-20 09:15:16,review_view,Reviews,P0055,Mobile,Email
E00001795,C00033,S0000418,2025-10-25 09:17:43,page_view,Home,,Mobile,Direct
E00001796,C00033,S0000418,2025-10-25 09:21:32,search,Search,,Mobile,Direct
E00001797,C00033,S0000419,2025-09-05 05:30:00,page_view,Home,,Mobile,Bing
E00001798,C00033,S0000420,2026-05-30 09:30:25,page_view,Home,,Desktop,Google
E00001799,C00033,S0000420,2026-05-30 09:33:44,search,Search,,Desktop,Google
E00001800,C00033,S0000420,2026-05-30 09:37:02,page_view,Category,,Desktop,Google
E00001801,C00033,S0000420,2026-05-30 09:37:12,product_view,Product,P0059,Desktop,Google
E00001802,C00033,S0000420,2026-05-30 09:40:51,review_view,Reviews,P0032,Desktop,Google
E00001803,C00033,S0000421,2025-07-22 10:34:45,page_view,Home,,Desktop,Direct
E00001804,C00033,S0000421,2025-07-22 10:37:03,search,Search,,Desktop,Direct
E00001805,C00033,S0000421,2025-07-22 10:40:48,page_view,Category,,Desktop,Direct
E00001806,C00033,S0000422,2025-12-31 18:12:25,page_view,Home,,Mobile,Bing
E00001807,C00033,S0000422,2025-12-31 18:12:40,search,Search,,Mobile,Bing
E00001808,C00033,S0000422,2025-12-31 18:16:15,page_view,Category,,Mobile,Bing
E00001809,C00033,S0000422,2025-12-31 18:17:07,product_view,Product,P0003,Mobile,Bing
E00001810,C00033,S0000423,2026-06-24 13:37:53,page_view,Home,,Mobile,Bing
E00001811,C00033,S0000423,2026-06-24 13:40:39,search,Search,,Mobile,Bing
E00001812,C00033,S0000423,2026-06-24 13:44:05,page_view,Category,,Mobile,Bing
E00001813,C00033,S0000423,2026-06-24 13:47:58,product_view,Product,P0043,Mobile,Bing
E00001814,C00033,S0000423,2026-06-24 13:48:56,review_view,Reviews,P0075,Mobile,Bing
E00001815,C00034,S0000424,2025-09-28 18:08:13,page_view,Home,,Mobile,Instagram
E00001816,C00034,S0000424,2025-09-28 18:11:11,search,Search,,Mobile,Instagram
E00001817,C00034,S0000425,2025-01-27 05:50:44,page_view,Home,,Mobile,Google
E00001818,C00034,S0000425,2025-01-27 05:51:41,search,Search,,Mobile,Google
E00001819,C00034,S0000425,2025-01-27 05:53:46,page_view,Category,,Mobile,Google
E00001820,C00034,S0000425,2025-01-27 05:56:03,product_view,Product,P0055,Mobile,Google
E00001821,C00034,S0000425,2025-01-27 05:57:34,review_view,Reviews,P0020,Mobile,Google
E00001822,C00034,S0000425,2025-01-27 05:58:24,add_to_cart,Cart,P0043,Mobile,Google
E00001823,C00034,S0000426,2026-01-28 05:36:05,page_view,Home,,Mobile,Facebook
E00001824,C00034,S0000426,2026-01-28 05:36:51,add_to_cart,Cart,P0070,Mobile,Facebook
E00001825,C00034,S0000426,2026-01-28 05:37:35,checkout_start,Checkout,P0003,Mobile,Facebook
E00001826,C00034,S0000426,2026-01-28 05:40:32,purchase,Checkout,P0043,Mobile,Facebook
E00001827,C00034,S0000427,2026-02-03 05:47:51,page_view,Home,,Mobile,Email
E00001828,C00034,S0000427,2026-02-03 05:49:46,search,Search,,Mobile,Email
E00001829,C00034,S0000428,2025-02-05 01:34:28,page_view,Home,,Desktop,Affiliate
E00001830,C00034,S0000428,2025-02-05 01:36:20,search,Search,,Desktop,Affiliate
E00001831,C00034,S0000429,2025-02-20 15:54:07,page_view,Home,,Desktop,Affiliate
E00001832,C00034,S0000429,2025-02-20 15:55:01,search,Search,,Desktop,Affiliate
E00001833,C00034,S0000430,2026-03-26 10:48:32,page_view,Home,,Mobile,Instagram
E00001834,C00034,S0000430,2026-03-26 10:50:07,search,Search,,Mobile,Instagram
E00001835,C00034,S0000430,2026-03-26 10:53:06,page_view,Category,,Mobile,Instagram
E00001836,C00034,S0000430,2026-03-26 10:54:22,product_view,Product,P0070,Mobile,Instagram
E00001837,C00034,S0000430,2026-03-26 10:56:43,review_view,Reviews,P0003,Mobile,Instagram
E00001838,C00035,S0000431,2024-07-29 07:08:44,page_view,Home,,Desktop,Email
E00001839,C00035,S0000431,2024-07-29 07:09:04,search,Search,,Desktop,Email
E00001840,C00035,S0000432,2024-06-04 09:56:21,page_view,Home,,Mobile,Email
E00001841,C00035,S0000432,2024-06-04 09:56:47,search,Search,,Mobile,Email
E00001842,C00035,S0000432,2024-06-04 10:00:26,page_view,Category,,Mobile,Email
E00001843,C00035,S0000432,2024-06-04 10:03:20,product_view,Product,P0018,Mobile,Email
E00001844,C00035,S0000433,2024-10-19 05:35:02,page_view,Home,,Desktop,Bing
E00001845,C00035,S0000434,2025-02-18 18:37:54,page_view,Home,,Desktop,Facebook
E00001846,C00035,S0000434,2025-02-18 18:41:46,search,Search,,Desktop,Facebook
E00001847,C00035,S0000434,2025-02-18 18:43:47,page_view,Category,,Desktop,Facebook
E00001848,C00035,S0000434,2025-02-18 18:46:16,product_view,Product,P0046,Desktop,Facebook
E00001849,C00035,S0000434,2025-02-18 18:48:43,review_view,Reviews,P0055,Desktop,Facebook
E00001850,C00035,S0000435,2025-06-06 10:52:26,page_view,Home,,Mobile,Facebook
E00001851,C00035,S0000435,2025-06-06 10:53:43,search,Search,,Mobile,Facebook
E00001852,C00035,S0000435,2025-06-06 10:56:15,page_view,Category,,Mobile,Facebook
E00001853,C00035,S0000435,2025-06-06 10:58:42,product_view,Product,P0003,Mobile,Facebook
E00001854,C00035,S0000435,2025-06-06 11:00:31,review_view,Reviews,P0039,Mobile,Facebook
E00001855,C00035,S0000435,2025-06-06 11:01:59,add_to_cart,Cart,P0020,Mobile,Facebook
E00001856,C00035,S0000435,2025-06-06 11:05:43,checkout_start,Checkout,P0075,Mobile,Facebook
E00001857,C00035,S0000435,2025-06-06 11:05:53,purchase,Checkout,P0003,Mobile,Facebook
E00001858,C00035,S0000436,2025-05-23 06:30:59,page_view,Home,,Desktop,Instagram
E00001859,C00035,S0000436,2025-05-23 06:33:23,search,Search,,Desktop,Instagram
E00001860,C00035,S0000436,2025-05-23 06:35:35,page_view,Category,,Desktop,Instagram
E00001861,C00035,S0000436,2025-05-23 06:36:47,product_view,Product,P0043,Desktop,Instagram
E00001862,C00035,S0000437,2025-10-06 11:58:50,page_view,Home,,Desktop,Bing
E00001863,C00035,S0000437,2025-10-06 12:00:42,search,Search,,Desktop,Bing
E00001864,C00035,S0000437,2025-10-06 12:04:03,page_view,Category,,Desktop,Bing
E00001865,C00035,S0000437,2025-10-06 12:05:32,product_view,Product,P0018,Desktop,Bing
E00001866,C00035,S0000437,2025-10-06 12:08:14,review_view,Reviews,P0046,Desktop,Bing
E00001867,C00035,S0000438,2026-05-02 04:45:40,page_view,Home,,Mobile,Google
E00001868,C00035,S0000438,2026-05-02 04:47:41,search,Search,,Mobile,Google
E00001869,C00036,S0000439,2025-12-14 06:31:28,page_view,Home,,Mobile,Direct
E00001870,C00036,S0000440,2026-02-23 05:57:39,page_view,Home,,Desktop,Direct
E00001871,C00036,S0000440,2026-02-23 06:00:56,search,Search,,Desktop,Direct
E00001872,C00036,S0000440,2026-02-23 06:03:10,page_view,Category,,Desktop,Direct
E00001873,C00036,S0000440,2026-02-23 06:05:30,product_view,Product,P0021,Desktop,Direct
E00001874,C00036,S0000440,2026-02-23 06:08:57,review_view,Reviews,P0058,Desktop,Direct
E00001875,C00036,S0000441,2025-11-27 03:18:36,page_view,Home,,Mobile,Email
E00001876,C00036,S0000441,2025-11-27 03:21:16,search,Search,,Mobile,Email
E00001877,C00036,S0000441,2025-11-27 03:24:02,page_view,Category,,Mobile,Email
E00001878,C00036,S0000441,2025-11-27 03:26:44,product_view,Product,P0021,Mobile,Email
E00001879,C00036,S0000442,2026-02-20 20:57:54,page_view,Home,,Mobile,Affiliate
E00001880,C00036,S0000442,2026-02-20 20:58:32,search,Search,,Mobile,Affiliate
E00001881,C00036,S0000442,2026-02-20 21:01:50,page_view,Category,,Mobile,Affiliate
E00001882,C00036,S0000442,2026-02-20 21:04:20,product_view,Product,P0005,Mobile,Affiliate
E00001883,C00036,S0000442,2026-02-20 21:04:44,review_view,Reviews,P0008,Mobile,Affiliate
E00001884,C00036,S0000442,2026-02-20 21:08:38,add_to_cart,Cart,P0013,Mobile,Affiliate
E00001885,C00036,S0000442,2026-02-20 21:10:36,checkout_start,Checkout,P0013,Mobile,Affiliate
E00001886,C00036,S0000442,2026-02-20 21:10:51,purchase,Checkout,P0054,Mobile,Affiliate
E00001887,C00036,S0000443,2025-12-26 00:07:07,page_view,Home,,Mobile,Google
E00001888,C00036,S0000444,2026-03-22 07:05:19,page_view,Home,,Mobile,Bing
E00001889,C00036,S0000444,2026-03-22 07:05:40,search,Search,,Mobile,Bing
E00001890,C00036,S0000444,2026-03-22 07:07:13,page_view,Category,,Mobile,Bing
E00001891,C00036,S0000444,2026-03-22 07:10:50,product_view,Product,P0008,Mobile,Bing
E00001892,C00036,S0000445,2026-02-16 08:55:17,page_view,Home,,Mobile,Direct
E00001893,C00036,S0000445,2026-02-16 08:57:48,search,Search,,Mobile,Direct
E00001894,C00036,S0000445,2026-02-16 09:00:54,page_view,Category,,Mobile,Direct
E00001895,C00036,S0000445,2026-02-16 09:01:45,product_view,Product,P0013,Mobile,Direct
E00001896,C00036,S0000445,2026-02-16 09:05:30,review_view,Reviews,P0058,Mobile,Direct
E00001897,C00036,S0000445,2026-02-16 09:08:17,add_to_cart,Cart,P0008,Mobile,Direct
E00001898,C00036,S0000446,2025-11-01 02:12:24,page_view,Home,,Mobile,Email
E00001899,C00036,S0000446,2025-11-01 02:15:47,search,Search,,Mobile,Email
E00001900,C00036,S0000446,2025-11-01 02:17:48,page_view,Category,,Mobile,Email
E00001901,C00036,S0000446,2025-11-01 02:19:00,product_view,Product,P0058,Mobile,Email
E00001902,C00036,S0000447,2026-01-25 06:29:38,page_view,Home,,Mobile,Email
E00001903,C00036,S0000447,2026-01-25 06:32:24,search,Search,,Mobile,Email
E00001904,C00036,S0000447,2026-01-25 06:36:22,page_view,Category,,Mobile,Email
E00001905,C00036,S0000447,2026-01-25 06:38:10,product_view,Product,P0054,Mobile,Email
E00001906,C00036,S0000447,2026-01-25 06:41:42,review_view,Reviews,P0008,Mobile,Email
E00001907,C00036,S0000447,2026-01-25 06:42:46,add_to_cart,Cart,P0058,Mobile,Email
E00001908,C00036,S0000448,2026-06-05 14:54:09,page_view,Home,,Mobile,Direct
E00001909,C00036,S0000448,2026-06-05 14:57:00,search,Search,,Mobile,Direct
E00001910,C00036,S0000448,2026-06-05 14:59:28,page_view,Category,,Mobile,Direct
E00001911,C00036,S0000448,2026-06-05 15:03:05,product_view,Product,P0058,Mobile,Direct
E00001912,C00036,S0000448,2026-06-05 15:06:46,review_view,Reviews,P0058,Mobile,Direct
E00001913,C00036,S0000448,2026-06-05 15:08:39,add_to_cart,Cart,P0008,Mobile,Direct
E00001914,C00036,S0000448,2026-06-05 15:10:30,checkout_start,Checkout,P0013,Mobile,Direct
E00001915,C00036,S0000448,2026-06-05 15:11:06,purchase,Checkout,P0008,Mobile,Direct
E00001916,C00036,S0000449,2026-05-11 20:07:09,page_view,Home,,Mobile,Direct
E00001917,C00036,S0000449,2026-05-11 20:07:58,search,Search,,Mobile,Direct
E00001918,C00036,S0000449,2026-05-11 20:10:57,page_view,Category,,Mobile,Direct
E00001919,C00036,S0000450,2026-06-16 05:45:40,page_view,Home,,Mobile,Direct
E00001920,C00036,S0000450,2026-06-16 05:48:08,search,Search,,Mobile,Direct
E00001921,C00037,S0000451,2025-08-01 12:43:33,page_view,Home,,Mobile,Email
E00001922,C00037,S0000451,2025-08-01 12:45:58,search,Search,,Mobile,Email
E00001923,C00037,S0000451,2025-08-01 12:48:10,page_view,Category,,Mobile,Email
E00001924,C00037,S0000451,2025-08-01 12:49:43,product_view,Product,P0001,Mobile,Email
E00001925,C00037,S0000451,2025-08-01 12:51:36,review_view,Reviews,P0078,Mobile,Email
E00001926,C00037,S0000451,2025-08-01 12:53:52,add_to_cart,Cart,P0063,Mobile,Email
E00001927,C00037,S0000452,2025-05-27 23:43:59,page_view,Home,,Desktop,Email
E00001928,C00037,S0000453,2025-07-03 00:16:39,page_view,Home,,Mobile,Email
E00001929,C00037,S0000453,2025-07-03 00:20:17,search,Search,,Mobile,Email
E00001930,C00037,S0000453,2025-07-03 00:21:35,page_view,Category,,Mobile,Email
E00001931,C00037,S0000453,2025-07-03 00:22:48,product_view,Product,P0006,Mobile,Email
E00001932,C00037,S0000453,2025-07-03 00:25:37,review_view,Reviews,P0011,Mobile,Email
E00001933,C00037,S0000454,2025-12-04 22:08:28,page_view,Home,,Mobile,Facebook
E00001934,C00037,S0000454,2025-12-04 22:09:06,search,Search,,Mobile,Facebook
E00001935,C00037,S0000454,2025-12-04 22:10:46,page_view,Category,,Mobile,Facebook
E00001936,C00037,S0000454,2025-12-04 22:13:27,product_view,Product,P0069,Mobile,Facebook
E00001937,C00037,S0000455,2026-01-30 19:27:09,page_view,Home,,Mobile,Affiliate
E00001938,C00037,S0000455,2026-01-30 19:28:04,search,Search,,Mobile,Affiliate
E00001939,C00037,S0000455,2026-01-30 19:31:22,page_view,Category,,Mobile,Affiliate
E00001940,C00037,S0000455,2026-01-30 19:34:24,product_view,Product,P0001,Mobile,Affiliate
E00001941,C00037,S0000455,2026-01-30 19:37:37,review_view,Reviews,P0011,Mobile,Affiliate
E00001942,C00037,S0000456,2026-04-03 14:15:29,page_view,Home,,Desktop,Facebook
E00001943,C00037,S0000456,2026-04-03 14:18:54,search,Search,,Desktop,Facebook
E00001944,C00037,S0000456,2026-04-03 14:19:47,page_view,Category,,Desktop,Facebook
E00001945,C00037,S0000457,2026-02-16 12:54:34,page_view,Home,,Mobile,Google
E00001946,C00037,S0000457,2026-02-16 12:57:21,search,Search,,Mobile,Google
E00001947,C00037,S0000457,2026-02-16 12:59:40,page_view,Category,,Mobile,Google
E00001948,C00037,S0000457,2026-02-16 13:02:21,product_view,Product,P0019,Mobile,Google
E00001949,C00037,S0000457,2026-02-16 13:03:58,add_to_cart,Cart,P0050,Mobile,Google
E00001950,C00037,S0000457,2026-02-16 13:05:05,checkout_start,Checkout,P0038,Mobile,Google
E00001951,C00037,S0000457,2026-02-16 13:08:06,purchase,Checkout,P0069,Mobile,Google
E00001952,C00037,S0000458,2026-02-24 23:13:00,page_view,Home,,Mobile,Google
E00001953,C00037,S0000459,2026-06-24 22:10:37,page_view,Home,,Mobile,Email
E00001954,C00037,S0000460,2025-11-05 15:26:46,page_view,Home,,Mobile,Instagram
E00001955,C00037,S0000460,2025-11-05 15:29:34,search,Search,,Mobile,Instagram
E00001956,C00037,S0000460,2025-11-05 15:31:25,page_view,Category,,Mobile,Instagram
E00001957,C00037,S0000460,2025-11-05 15:33:39,product_view,Product,P0001,Mobile,Instagram
E00001958,C00037,S0000460,2025-11-05 15:36:12,review_view,Reviews,P0001,Mobile,Instagram
E00001959,C00037,S0000461,2026-01-17 21:42:05,page_view,Home,,Mobile,Facebook
E00001960,C00037,S0000461,2026-01-17 21:45:10,search,Search,,Mobile,Facebook
E00001961,C00037,S0000461,2026-01-17 21:47:58,page_view,Category,,Mobile,Facebook
E00001962,C00037,S0000461,2026-01-17 21:51:45,product_view,Product,P0049,Mobile,Facebook
E00001963,C00037,S0000462,2025-11-02 10:04:48,page_view,Home,,Desktop,Email
E00001964,C00037,S0000463,2026-06-16 11:02:40,page_view,Home,,Mobile,Instagram
E00001965,C00037,S0000464,2026-02-25 12:30:42,page_view,Home,,Mobile,Facebook
E00001966,C00037,S0000464,2026-02-25 12:32:29,search,Search,,Mobile,Facebook
E00001967,C00037,S0000465,2025-09-05 21:19:06,page_view,Home,,Mobile,Email
E00001968,C00037,S0000465,2025-09-05 21:19:58,search,Search,,Mobile,Email
E00001969,C00037,S0000465,2025-09-05 21:22:57,page_view,Category,,Mobile,Email
E00001970,C00037,S0000465,2025-09-05 21:25:50,product_view,Product,P0080,Mobile,Email
E00001971,C00037,S0000466,2026-05-26 14:25:44,page_view,Home,,Mobile,Email
E00001972,C00037,S0000466,2026-05-26 14:26:02,search,Search,,Mobile,Email
E00001973,C00037,S0000466,2026-05-26 14:26:53,page_view,Category,,Mobile,Email
E00001974,C00037,S0000466,2026-05-26 14:28:45,product_view,Product,P0011,Mobile,Email
E00001975,C00037,S0000466,2026-05-26 14:30:52,review_view,Reviews,P0002,Mobile,Email
E00001976,C00037,S0000466,2026-05-26 14:32:43,add_to_cart,Cart,P0063,Mobile,Email
E00001977,C00038,S0000467,2026-01-30 20:09:05,page_view,Home,,Desktop,Google
E00001978,C00038,S0000467,2026-01-30 20:11:31,search,Search,,Desktop,Google
E00001979,C00038,S0000467,2026-01-30 20:15:14,page_view,Category,,Desktop,Google
E00001980,C00038,S0000467,2026-01-30 20:16:28,product_view,Product,P0035,Desktop,Google
E00001981,C00038,S0000467,2026-01-30 20:18:51,review_view,Reviews,P0014,Desktop,Google
E00001982,C00038,S0000467,2026-01-30 20:22:18,add_to_cart,Cart,P0028,Desktop,Google
E00001983,C00038,S0000467,2026-01-30 20:22:28,checkout_start,Checkout,P0060,Desktop,Google
E00001984,C00038,S0000467,2026-01-30 20:26:22,purchase,Checkout,P0060,Desktop,Google
E00001985,C00038,S0000468,2026-04-12 20:15:04,page_view,Home,,Mobile,Instagram
E00001986,C00038,S0000468,2026-04-12 20:18:04,search,Search,,Mobile,Instagram
E00001987,C00038,S0000469,2026-06-13 19:45:14,page_view,Home,,Desktop,Bing
E00001988,C00038,S0000469,2026-06-13 19:49:02,search,Search,,Desktop,Bing
E00001989,C00038,S0000469,2026-06-13 19:52:22,page_view,Category,,Desktop,Bing
E00001990,C00038,S0000469,2026-06-13 19:52:59,product_view,Product,P0060,Desktop,Bing
E00001991,C00038,S0000470,2026-02-13 15:12:16,page_view,Home,,Mobile,Instagram
E00001992,C00038,S0000470,2026-02-13 15:14:00,search,Search,,Mobile,Instagram
E00001993,C00038,S0000470,2026-02-13 15:14:13,page_view,Category,,Mobile,Instagram
E00001994,C00038,S0000470,2026-02-13 15:14:35,product_view,Product,P0012,Mobile,Instagram
E00001995,C00038,S0000470,2026-02-13 15:15:39,review_view,Reviews,P0012,Mobile,Instagram
E00001996,C00038,S0000470,2026-02-13 15:18:42,add_to_cart,Cart,P0035,Mobile,Instagram
E00001997,C00038,S0000471,2026-05-20 14:16:16,page_view,Home,,Mobile,Email
E00001998,C00038,S0000471,2026-05-20 14:18:58,search,Search,,Mobile,Email
E00001999,C00038,S0000471,2026-05-20 14:20:39,page_view,Category,,Mobile,Email
E00002000,C00038,S0000471,2026-05-20 14:23:34,product_view,Product,P0028,Mobile,Email
E00002001,C00038,S0000471,2026-05-20 14:23:48,review_view,Reviews,P0074,Mobile,Email
E00002002,C00038,S0000472,2026-02-16 14:09:58,page_view,Home,,Desktop,Google
E00002003,C00038,S0000472,2026-02-16 14:12:00,search,Search,,Desktop,Google
E00002004,C00038,S0000472,2026-02-16 14:14:28,page_view,Category,,Desktop,Google
E00002005,C00038,S0000473,2026-05-06 10:45:54,page_view,Home,,Mobile,Instagram
E00002006,C00038,S0000473,2026-05-06 10:46:08,search,Search,,Mobile,Instagram
E00002007,C00038,S0000473,2026-05-06 10:49:05,page_view,Category,,Mobile,Instagram
E00002008,C00038,S0000473,2026-05-06 10:49:45,product_view,Product,P0060,Mobile,Instagram
E00002009,C00038,S0000474,2026-03-17 05:56:44,page_view,Home,,Mobile,Direct
E00002010,C00038,S0000474,2026-03-17 06:00:06,search,Search,,Mobile,Direct
E00002011,C00038,S0000474,2026-03-17 06:01:08,page_view,Category,,Mobile,Direct
E00002012,C00038,S0000474,2026-03-17 06:03:07,product_view,Product,P0035,Mobile,Direct
E00002013,C00038,S0000475,2026-05-12 04:29:08,page_view,Home,,Mobile,Bing
E00002014,C00039,S0000476,2026-02-14 17:40:51,page_view,Home,,Mobile,Instagram
E00002015,C00039,S0000476,2026-02-14 17:42:36,search,Search,,Mobile,Instagram
E00002016,C00039,S0000477,2025-10-20 10:57:56,page_view,Home,,Desktop,Google
E00002017,C00039,S0000477,2025-10-20 10:59:28,search,Search,,Desktop,Google
E00002018,C00039,S0000477,2025-10-20 11:01:06,page_view,Category,,Desktop,Google
E00002019,C00039,S0000477,2025-10-20 11:03:52,product_view,Product,P0070,Desktop,Google
E00002020,C00039,S0000477,2025-10-20 11:05:53,review_view,Reviews,P0055,Desktop,Google
E00002021,C00039,S0000477,2025-10-20 11:06:38,add_to_cart,Cart,P0043,Desktop,Google
E00002022,C00039,S0000478,2026-03-02 06:30:58,page_view,Home,,Mobile,Direct
E00002023,C00039,S0000478,2026-03-02 06:32:08,search,Search,,Mobile,Direct
E00002024,C00039,S0000479,2025-11-15 23:09:54,page_view,Home,,Desktop,Bing
E00002025,C00039,S0000479,2025-11-15 23:11:22,search,Search,,Desktop,Bing
E00002026,C00039,S0000479,2025-11-15 23:13:34,page_view,Category,,Desktop,Bing
E00002027,C00039,S0000479,2025-11-15 23:17:34,product_view,Product,P0046,Desktop,Bing
E00002028,C00039,S0000479,2025-11-15 23:19:01,review_view,Reviews,P0059,Desktop,Bing
E00002029,C00040,S0000480,2025-09-03 11:52:01,page_view,Home,,Mobile,Google
E00002030,C00040,S0000480,2025-09-03 11:55:48,search,Search,,Mobile,Google
E00002031,C00040,S0000480,2025-09-03 11:59:28,page_view,Category,,Mobile,Google
E00002032,C00040,S0000481,2026-06-01 08:27:02,page_view,Home,,Mobile,Direct
E00002033,C00040,S0000481,2026-06-01 08:28:25,search,Search,,Mobile,Direct
E00002034,C00040,S0000481,2026-06-01 08:30:00,page_view,Category,,Mobile,Direct
E00002035,C00040,S0000481,2026-06-01 08:33:16,product_view,Product,P0051,Mobile,Direct
E00002036,C00040,S0000482,2025-07-29 03:42:10,page_view,Home,,Desktop,Direct
E00002037,C00040,S0000482,2025-07-29 03:45:29,search,Search,,Desktop,Direct
E00002038,C00040,S0000483,2025-08-14 14:22:00,page_view,Home,,Mobile,Email
E00002039,C00041,S0000484,2025-04-07 23:21:45,page_view,Home,,Mobile,Instagram
E00002040,C00041,S0000485,2025-05-12 19:32:35,page_view,Home,,Mobile,Facebook
E00002041,C00041,S0000485,2025-05-12 19:35:47,search,Search,,Mobile,Facebook
E00002042,C00041,S0000485,2025-05-12 19:38:49,page_view,Category,,Mobile,Facebook
E00002043,C00041,S0000485,2025-05-12 19:40:21,product_view,Product,P0060,Mobile,Facebook
E00002044,C00041,S0000485,2025-05-12 19:41:54,review_view,Reviews,P0017,Mobile,Facebook
E00002045,C00041,S0000486,2025-02-09 21:19:57,page_view,Home,,Desktop,Google
E00002046,C00041,S0000486,2025-02-09 21:23:46,search,Search,,Desktop,Google
E00002047,C00041,S0000486,2025-02-09 21:25:16,page_view,Category,,Desktop,Google
E00002048,C00041,S0000486,2025-02-09 21:25:51,product_view,Product,P0041,Desktop,Google
E00002049,C00041,S0000486,2025-02-09 21:26:30,review_view,Reviews,P0060,Desktop,Google
E00002050,C00041,S0000486,2025-02-09 21:28:03,add_to_cart,Cart,P0057,Desktop,Google
E00002051,C00041,S0000486,2025-02-09 21:29:47,checkout_start,Checkout,P0062,Desktop,Google
E00002052,C00041,S0000486,2025-02-09 21:30:18,purchase,Checkout,P0057,Desktop,Google
E00002053,C00041,S0000487,2024-10-15 02:01:16,page_view,Home,,Desktop,Direct
E00002054,C00041,S0000487,2024-10-15 02:02:44,search,Search,,Desktop,Direct
E00002055,C00041,S0000487,2024-10-15 02:05:27,page_view,Category,,Desktop,Direct
E00002056,C00041,S0000487,2024-10-15 02:06:00,add_to_cart,Cart,P0029,Desktop,Direct
E00002057,C00041,S0000487,2024-10-15 02:08:04,checkout_start,Checkout,P0057,Desktop,Direct
E00002058,C00041,S0000487,2024-10-15 02:09:32,purchase,Checkout,P0029,Desktop,Direct
E00002059,C00041,S0000488,2025-12-03 08:24:34,page_view,Home,,Mobile,Google
E00002060,C00041,S0000488,2025-12-03 08:26:36,search,Search,,Mobile,Google
E00002061,C00041,S0000488,2025-12-03 08:30:29,page_view,Category,,Mobile,Google
E00002062,C00041,S0000488,2025-12-03 08:32:54,product_view,Product,P0068,Mobile,Google
E00002063,C00041,S0000488,2025-12-03 08:36:14,review_view,Reviews,P0073,Mobile,Google
E00002064,C00041,S0000489,2025-06-06 04:06:23,page_view,Home,,Mobile,Facebook
E00002065,C00041,S0000489,2025-06-06 04:09:32,search,Search,,Mobile,Facebook
E00002066,C00041,S0000489,2025-06-06 04:13:08,page_view,Category,,Mobile,Facebook
E00002067,C00041,S0000489,2025-06-06 04:15:44,product_view,Product,P0057,Mobile,Facebook
E00002068,C00041,S0000489,2025-06-06 04:16:45,review_view,Reviews,P0029,Mobile,Facebook
E00002069,C00041,S0000489,2025-06-06 04:18:09,add_to_cart,Cart,P0073,Mobile,Facebook
E00002070,C00041,S0000490,2026-04-17 07:24:56,page_view,Home,,Mobile,Direct
E00002071,C00041,S0000491,2025-02-23 04:35:45,page_view,Home,,Desktop,Direct
E00002072,C00041,S0000491,2025-02-23 04:36:46,search,Search,,Desktop,Direct
E00002073,C00041,S0000491,2025-02-23 04:37:57,page_view,Category,,Desktop,Direct
E00002074,C00041,S0000491,2025-02-23 04:41:38,product_view,Product,P0066,Desktop,Direct
E00002075,C00041,S0000492,2026-01-23 21:54:56,page_view,Home,,Mobile,Instagram
E00002076,C00041,S0000492,2026-01-23 21:57:22,search,Search,,Mobile,Instagram
E00002077,C00041,S0000492,2026-01-23 22:01:19,page_view,Category,,Mobile,Instagram
E00002078,C00041,S0000492,2026-01-23 22:02:13,product_view,Product,P0071,Mobile,Instagram
E00002079,C00041,S0000492,2026-01-23 22:04:45,review_view,Reviews,P0014,Mobile,Instagram
E00002080,C00041,S0000492,2026-01-23 22:06:25,add_to_cart,Cart,P0071,Mobile,Instagram
E00002081,C00041,S0000493,2025-02-02 17:30:24,page_view,Home,,Mobile,Facebook
E00002082,C00041,S0000493,2025-02-02 17:31:21,search,Search,,Mobile,Facebook
E00002083,C00041,S0000493,2025-02-02 17:32:51,page_view,Category,,Mobile,Facebook
E00002084,C00041,S0000493,2025-02-02 17:35:56,product_view,Product,P0014,Mobile,Facebook
E00002085,C00041,S0000493,2025-02-02 17:37:26,add_to_cart,Cart,P0017,Mobile,Facebook
E00002086,C00041,S0000493,2025-02-02 17:38:07,checkout_start,Checkout,P0057,Mobile,Facebook
E00002087,C00041,S0000493,2025-02-02 17:41:14,purchase,Checkout,P0029,Mobile,Facebook
E00002088,C00041,S0000494,2025-09-30 11:55:56,page_view,Home,,Mobile,Google
E00002089,C00041,S0000494,2025-09-30 11:59:33,search,Search,,Mobile,Google
E00002090,C00041,S0000494,2025-09-30 12:03:09,page_view,Category,,Mobile,Google
E00002091,C00041,S0000494,2025-09-30 12:06:39,product_view,Product,P0060,Mobile,Google
E00002092,C00041,S0000494,2025-09-30 12:07:01,review_view,Reviews,P0014,Mobile,Google
E00002093,C00041,S0000494,2025-09-30 12:09:22,add_to_cart,Cart,P0062,Mobile,Google
E00002094,C00041,S0000494,2025-09-30 12:13:13,checkout_start,Checkout,P0014,Mobile,Google
E00002095,C00041,S0000494,2025-09-30 12:14:54,purchase,Checkout,P0041,Mobile,Google
E00002096,C00041,S0000495,2025-12-10 06:52:52,page_view,Home,,Mobile,Affiliate
E00002097,C00041,S0000495,2025-12-10 06:54:55,search,Search,,Mobile,Affiliate
E00002098,C00041,S0000495,2025-12-10 06:58:15,page_view,Category,,Mobile,Affiliate
E00002099,C00041,S0000496,2025-08-30 05:56:17,page_view,Home,,Desktop,Bing
E00002100,C00041,S0000496,2025-08-30 05:57:20,search,Search,,Desktop,Bing
E00002101,C00041,S0000496,2025-08-30 06:00:58,page_view,Category,,Desktop,Bing
E00002102,C00041,S0000496,2025-08-30 06:02:49,product_view,Product,P0017,Desktop,Bing
E00002103,C00041,S0000496,2025-08-30 06:05:29,review_view,Reviews,P0062,Desktop,Bing
E00002104,C00041,S0000497,2026-03-20 09:21:42,page_view,Home,,Mobile,Bing
E00002105,C00041,S0000497,2026-03-20 09:24:28,search,Search,,Mobile,Bing
E00002106,C00041,S0000497,2026-03-20 09:27:08,page_view,Category,,Mobile,Bing
E00002107,C00041,S0000497,2026-03-20 09:29:45,product_view,Product,P0062,Mobile,Bing
E00002108,C00041,S0000497,2026-03-20 09:33:17,review_view,Reviews,P0012,Mobile,Bing
E00002109,C00041,S0000497,2026-03-20 09:36:23,add_to_cart,Cart,P0012,Mobile,Bing
E00002110,C00041,S0000498,2024-11-30 01:45:34,page_view,Home,,Mobile,Facebook
E00002111,C00041,S0000498,2024-11-30 01:48:00,search,Search,,Mobile,Facebook
E00002112,C00041,S0000498,2024-11-30 01:49:09,page_view,Category,,Mobile,Facebook
E00002113,C00041,S0000498,2024-11-30 01:52:52,product_view,Product,P0074,Mobile,Facebook
E00002114,C00041,S0000499,2025-07-22 06:00:02,page_view,Home,,Mobile,Affiliate
E00002115,C00041,S0000499,2025-07-22 06:01:26,add_to_cart,Cart,P0074,Mobile,Affiliate
E00002116,C00041,S0000499,2025-07-22 06:02:49,checkout_start,Checkout,P0017,Mobile,Affiliate
E00002117,C00041,S0000499,2025-07-22 06:05:45,purchase,Checkout,P0029,Mobile,Affiliate
E00002118,C00041,S0000500,2025-09-11 10:08:20,page_view,Home,,Mobile,Facebook
E00002119,C00041,S0000500,2025-09-11 10:12:20,search,Search,,Mobile,Facebook
E00002120,C00041,S0000500,2025-09-11 10:16:04,page_view,Category,,Mobile,Facebook
E00002121,C00041,S0000500,2025-09-11 10:19:05,product_view,Product,P0062,Mobile,Facebook
E00002122,C00041,S0000500,2025-09-11 10:22:20,review_view,Reviews,P0057,Mobile,Facebook
E00002123,C00041,S0000501,2026-03-27 13:33:17,page_view,Home,,Desktop,Email
E00002124,C00041,S0000501,2026-03-27 13:37:14,search,Search,,Desktop,Email
E00002125,C00041,S0000501,2026-03-27 13:39:29,page_view,Category,,Desktop,Email
E00002126,C00041,S0000501,2026-03-27 13:41:03,product_view,Product,P0066,Desktop,Email
E00002127,C00042,S0000502,2026-06-29 12:45:07,page_view,Home,,Mobile,Direct
E00002128,C00042,S0000502,2026-06-29 12:47:48,search,Search,,Mobile,Direct
E00002129,C00042,S0000502,2026-06-29 12:48:11,page_view,Category,,Mobile,Direct
E00002130,C00042,S0000502,2026-06-29 12:49:06,product_view,Product,P0017,Mobile,Direct
E00002131,C00042,S0000502,2026-06-29 12:49:34,review_view,Reviews,P0057,Mobile,Direct
E00002132,C00042,S0000502,2026-06-29 12:52:54,add_to_cart,Cart,P0062,Mobile,Direct
E00002133,C00042,S0000502,2026-06-29 12:55:02,checkout_start,Checkout,P0068,Mobile,Direct
E00002134,C00042,S0000502,2026-06-29 12:57:29,purchase,Checkout,P0062,Mobile,Direct
E00002135,C00042,S0000503,2026-02-21 05:02:48,page_view,Home,,Desktop,Email
E00002136,C00042,S0000503,2026-02-21 05:06:48,search,Search,,Desktop,Email
E00002137,C00042,S0000503,2026-02-21 05:07:18,page_view,Category,,Desktop,Email
E00002138,C00042,S0000504,2026-06-01 00:32:59,page_view,Home,,Mobile,Bing
E00002139,C00042,S0000504,2026-06-01 00:36:36,search,Search,,Mobile,Bing
E00002140,C00042,S0000504,2026-06-01 00:37:11,page_view,Category,,Mobile,Bing
E00002141,C00042,S0000504,2026-06-01 00:40:43,product_view,Product,P0029,Mobile,Bing
E00002142,C00042,S0000504,2026-06-01 00:44:16,review_view,Reviews,P0074,Mobile,Bing
E00002143,C00042,S0000504,2026-06-01 00:45:18,add_to_cart,Cart,P0041,Mobile,Bing
E00002144,C00042,S0000505,2026-06-10 05:50:11,page_view,Home,,Mobile,Direct
E00002145,C00042,S0000505,2026-06-10 05:53:26,search,Search,,Mobile,Direct
E00002146,C00042,S0000505,2026-06-10 05:54:31,page_view,Category,,Mobile,Direct
E00002147,C00042,S0000505,2026-06-10 05:57:24,product_view,Product,P0012,Mobile,Direct
E00002148,C00042,S0000506,2026-03-28 19:17:15,page_view,Home,,Desktop,Direct
E00002149,C00042,S0000506,2026-03-28 19:17:45,search,Search,,Desktop,Direct
E00002150,C00042,S0000506,2026-03-28 19:20:22,page_view,Category,,Desktop,Direct
E00002151,C00042,S0000506,2026-03-28 19:21:34,product_view,Product,P0062,Desktop,Direct
E00002152,C00042,S0000507,2026-06-08 19:40:54,page_view,Home,,Mobile,Direct
E00002153,C00042,S0000508,2026-02-08 22:31:08,page_view,Home,,Desktop,Facebook
E00002154,C00042,S0000508,2026-02-08 22:34:54,search,Search,,Desktop,Facebook
E00002155,C00042,S0000508,2026-02-08 22:35:46,page_view,Category,,Desktop,Facebook
E00002156,C00042,S0000508,2026-02-08 22:39:29,product_view,Product,P0014,Desktop,Facebook
E00002157,C00042,S0000508,2026-02-08 22:41:32,review_view,Reviews,P0057,Desktop,Facebook
E00002158,C00042,S0000509,2026-06-30 01:45:18,page_view,Home,,Desktop,Instagram
E00002159,C00042,S0000509,2026-06-30 01:46:21,search,Search,,Desktop,Instagram
E00002160,C00042,S0000509,2026-06-30 01:47:27,page_view,Category,,Desktop,Instagram
E00002161,C00042,S0000509,2026-06-30 01:51:07,add_to_cart,Cart,P0071,Desktop,Instagram
E00002162,C00042,S0000509,2026-06-30 01:52:52,checkout_start,Checkout,P0014,Desktop,Instagram
E00002163,C00042,S0000509,2026-06-30 01:55:42,purchase,Checkout,P0073,Desktop,Instagram
E00002164,C00043,S0000510,2025-10-27 16:56:05,page_view,Home,,Desktop,Bing
E00002165,C00043,S0000510,2025-10-27 16:56:47,search,Search,,Desktop,Bing
E00002166,C00043,S0000510,2025-10-27 16:59:49,page_view,Category,,Desktop,Bing
E00002167,C00043,S0000510,2025-10-27 17:01:40,product_view,Product,P0012,Desktop,Bing
E00002168,C00043,S0000510,2025-10-27 17:05:01,review_view,Reviews,P0068,Desktop,Bing
E00002169,C00043,S0000510,2025-10-27 17:05:42,add_to_cart,Cart,P0014,Desktop,Bing
E00002170,C00043,S0000510,2025-10-27 17:08:19,checkout_start,Checkout,P0028,Desktop,Bing
E00002171,C00043,S0000510,2025-10-27 17:11:50,purchase,Checkout,P0062,Desktop,Bing
E00002172,C00043,S0000511,2025-11-26 00:24:58,page_view,Home,,Mobile,Facebook
E00002173,C00043,S0000511,2025-11-26 00:26:26,search,Search,,Mobile,Facebook
E00002174,C00043,S0000512,2025-12-24 23:32:14,page_view,Home,,Mobile,Instagram
E00002175,C00043,S0000512,2025-12-24 23:34:50,search,Search,,Mobile,Instagram
E00002176,C00043,S0000512,2025-12-24 23:35:15,page_view,Category,,Mobile,Instagram
E00002177,C00043,S0000512,2025-12-24 23:38:21,product_view,Product,P0060,Mobile,Instagram
E00002178,C00043,S0000512,2025-12-24 23:39:54,review_view,Reviews,P0073,Mobile,Instagram
E00002179,C00043,S0000512,2025-12-24 23:42:20,add_to_cart,Cart,P0071,Mobile,Instagram
E00002180,C00043,S0000513,2025-12-07 18:18:41,page_view,Home,,Mobile,Google
E00002181,C00043,S0000513,2025-12-07 18:19:45,search,Search,,Mobile,Google
E00002182,C00043,S0000513,2025-12-07 18:22:57,page_view,Category,,Mobile,Google
E00002183,C00043,S0000513,2025-12-07 18:25:05,product_view,Product,P0028,Mobile,Google
E00002184,C00043,S0000513,2025-12-07 18:26:57,review_view,Reviews,P0014,Mobile,Google
E00002185,C00043,S0000513,2025-12-07 18:28:34,add_to_cart,Cart,P0074,Mobile,Google
E00002186,C00043,S0000513,2025-12-07 18:31:42,checkout_start,Checkout,P0071,Mobile,Google
E00002187,C00043,S0000513,2025-12-07 18:35:13,purchase,Checkout,P0060,Mobile,Google
E00002188,C00043,S0000514,2026-06-28 07:30:18,page_view,Home,,Desktop,Direct
E00002189,C00043,S0000514,2026-06-28 07:33:24,search,Search,,Desktop,Direct
E00002190,C00043,S0000514,2026-06-28 07:35:03,page_view,Category,,Desktop,Direct
E00002191,C00043,S0000515,2026-05-10 20:44:44,page_view,Home,,Desktop,Direct
E00002192,C00043,S0000515,2026-05-10 20:44:55,search,Search,,Desktop,Direct
E00002193,C00043,S0000516,2026-04-05 19:50:08,page_view,Home,,Desktop,Instagram
E00002194,C00043,S0000516,2026-04-05 19:51:51,search,Search,,Desktop,Instagram
E00002195,C00043,S0000516,2026-04-05 19:54:43,page_view,Category,,Desktop,Instagram
E00002196,C00043,S0000517,2026-03-15 16:27:29,page_view,Home,,Mobile,Instagram
E00002197,C00043,S0000517,2026-03-15 16:29:15,search,Search,,Mobile,Instagram
E00002198,C00043,S0000517,2026-03-15 16:30:26,page_view,Category,,Mobile,Instagram
E00002199,C00043,S0000517,2026-03-15 16:33:05,product_view,Product,P0057,Mobile,Instagram
E00002200,C00043,S0000517,2026-03-15 16:35:40,review_view,Reviews,P0017,Mobile,Instagram
E00002201,C00043,S0000517,2026-03-15 16:37:21,add_to_cart,Cart,P0035,Mobile,Instagram
E00002202,C00043,S0000517,2026-03-15 16:40:53,checkout_start,Checkout,P0074,Mobile,Instagram
E00002203,C00043,S0000517,2026-03-15 16:41:32,purchase,Checkout,P0014,Mobile,Instagram
E00002204,C00043,S0000518,2026-04-29 10:34:38,page_view,Home,,Mobile,Affiliate
E00002205,C00043,S0000518,2026-04-29 10:38:22,search,Search,,Mobile,Affiliate
E00002206,C00043,S0000519,2026-02-16 17:12:47,page_view,Home,,Desktop,Facebook
E00002207,C00043,S0000519,2026-02-16 17:14:44,search,Search,,Desktop,Facebook
E00002208,C00043,S0000519,2026-02-16 17:18:10,page_view,Category,,Desktop,Facebook
E00002209,C00043,S0000519,2026-02-16 17:21:06,product_view,Product,P0041,Desktop,Facebook
E00002210,C00043,S0000520,2026-05-14 00:12:00,page_view,Home,,Mobile,Direct
E00002211,C00043,S0000520,2026-05-14 00:15:36,search,Search,,Mobile,Direct
E00002212,C00043,S0000520,2026-05-14 00:16:51,page_view,Category,,Mobile,Direct
E00002213,C00043,S0000521,2026-02-25 02:32:52,page_view,Home,,Mobile,Direct
E00002214,C00043,S0000521,2026-02-25 02:36:00,search,Search,,Mobile,Direct
E00002215,C00043,S0000521,2026-02-25 02:38:08,page_view,Category,,Mobile,Direct
E00002216,C00043,S0000521,2026-02-25 02:39:40,product_view,Product,P0066,Mobile,Direct
E00002217,C00043,S0000521,2026-02-25 02:43:38,review_view,Reviews,P0028,Mobile,Direct
E00002218,C00043,S0000521,2026-02-25 02:45:13,add_to_cart,Cart,P0060,Mobile,Direct
E00002219,C00043,S0000522,2026-03-19 14:55:05,page_view,Home,,Mobile,Direct
E00002220,C00043,S0000522,2026-03-19 14:56:03,search,Search,,Mobile,Direct
E00002221,C00043,S0000522,2026-03-19 14:59:04,page_view,Category,,Mobile,Direct
E00002222,C00043,S0000522,2026-03-19 15:01:37,product_view,Product,P0060,Mobile,Direct
E00002223,C00043,S0000522,2026-03-19 15:01:47,review_view,Reviews,P0017,Mobile,Direct
E00002224,C00043,S0000522,2026-03-19 15:04:02,add_to_cart,Cart,P0028,Mobile,Direct
E00002225,C00043,S0000522,2026-03-19 15:04:14,checkout_start,Checkout,P0029,Mobile,Direct
E00002226,C00043,S0000522,2026-03-19 15:05:00,purchase,Checkout,P0057,Mobile,Direct
E00002227,C00044,S0000523,2026-05-20 07:36:49,page_view,Home,,Mobile,Direct
E00002228,C00044,S0000523,2026-05-20 07:39:41,search,Search,,Mobile,Direct
E00002229,C00044,S0000523,2026-05-20 07:40:57,page_view,Category,,Mobile,Direct
E00002230,C00044,S0000523,2026-05-20 07:44:00,product_view,Product,P0044,Mobile,Direct
E00002231,C00044,S0000524,2026-05-29 04:14:36,page_view,Home,,Mobile,Email
E00002232,C00044,S0000524,2026-05-29 04:14:51,search,Search,,Mobile,Email
E00002233,C00044,S0000524,2026-05-29 04:17:28,page_view,Category,,Mobile,Email
E00002234,C00044,S0000524,2026-05-29 04:19:23,product_view,Product,P0061,Mobile,Email
E00002235,C00044,S0000525,2026-02-13 15:17:49,page_view,Home,,Desktop,Affiliate
E00002236,C00044,S0000525,2026-02-13 15:20:34,search,Search,,Desktop,Affiliate
E00002237,C00044,S0000525,2026-02-13 15:23:24,page_view,Category,,Desktop,Affiliate
E00002238,C00044,S0000525,2026-02-13 15:26:31,product_view,Product,P0024,Desktop,Affiliate
E00002239,C00044,S0000526,2026-06-27 06:21:47,page_view,Home,,Desktop,Facebook
E00002240,C00044,S0000526,2026-06-27 06:23:53,search,Search,,Desktop,Facebook
E00002241,C00044,S0000527,2026-04-12 11:42:32,page_view,Home,,Desktop,Google
E00002242,C00044,S0000527,2026-04-12 11:46:14,search,Search,,Desktop,Google
E00002243,C00044,S0000527,2026-04-12 11:49:40,page_view,Category,,Desktop,Google
E00002244,C00044,S0000527,2026-04-12 11:51:14,product_view,Product,P0061,Desktop,Google
E00002245,C00044,S0000527,2026-04-12 11:54:35,review_view,Reviews,P0056,Desktop,Google
E00002246,C00044,S0000528,2026-03-08 17:54:29,page_view,Home,,Mobile,Affiliate
E00002247,C00044,S0000529,2026-06-23 20:26:56,page_view,Home,,Desktop,Email
E00002248,C00044,S0000529,2026-06-23 20:30:36,search,Search,,Desktop,Email
E00002249,C00044,S0000529,2026-06-23 20:31:55,page_view,Category,,Desktop,Email
E00002250,C00044,S0000529,2026-06-23 20:35:23,product_view,Product,P0077,Desktop,Email
E00002251,C00044,S0000529,2026-06-23 20:38:49,review_view,Reviews,P0024,Desktop,Email
E00002252,C00044,S0000529,2026-06-23 20:39:50,add_to_cart,Cart,P0044,Desktop,Email
E00002253,C00044,S0000530,2026-03-27 21:31:19,page_view,Home,,Mobile,Instagram
E00002254,C00044,S0000530,2026-03-27 21:33:49,search,Search,,Mobile,Instagram
E00002255,C00044,S0000530,2026-03-27 21:35:59,page_view,Category,,Mobile,Instagram
E00002256,C00044,S0000530,2026-03-27 21:38:02,product_view,Product,P0077,Mobile,Instagram
E00002257,C00044,S0000531,2026-05-04 18:40:35,page_view,Home,,Mobile,Email
E00002258,C00044,S0000531,2026-05-04 18:42:40,search,Search,,Mobile,Email
E00002259,C00044,S0000531,2026-05-04 18:42:53,add_to_cart,Cart,P0044,Mobile,Email
E00002260,C00044,S0000531,2026-05-04 18:43:27,checkout_start,Checkout,P0027,Mobile,Email
E00002261,C00044,S0000531,2026-05-04 18:46:40,purchase,Checkout,P0024,Mobile,Email
E00002262,C00044,S0000532,2026-02-05 22:43:58,page_view,Home,,Mobile,Facebook
E00002263,C00044,S0000532,2026-02-05 22:46:51,search,Search,,Mobile,Facebook
E00002264,C00044,S0000532,2026-02-05 22:50:44,page_view,Category,,Mobile,Facebook
E00002265,C00044,S0000532,2026-02-05 22:52:41,product_view,Product,P0024,Mobile,Facebook
E00002266,C00044,S0000532,2026-02-05 22:53:38,review_view,Reviews,P0061,Mobile,Facebook
E00002267,C00044,S0000532,2026-02-05 22:54:20,add_to_cart,Cart,P0056,Mobile,Facebook
E00002268,C00044,S0000533,2026-03-08 12:42:09,page_view,Home,,Mobile,Bing
E00002269,C00044,S0000533,2026-03-08 12:45:06,search,Search,,Mobile,Bing
E00002270,C00044,S0000533,2026-03-08 12:48:52,add_to_cart,Cart,P0027,Mobile,Bing
E00002271,C00044,S0000533,2026-03-08 12:52:42,checkout_start,Checkout,P0027,Mobile,Bing
E00002272,C00044,S0000533,2026-03-08 12:56:40,purchase,Checkout,P0024,Mobile,Bing
E00002273,C00045,S0000534,2025-03-17 16:23:44,page_view,Home,,Desktop,Direct
E00002274,C00045,S0000534,2025-03-17 16:24:08,search,Search,,Desktop,Direct
E00002275,C00045,S0000534,2025-03-17 16:27:19,page_view,Category,,Desktop,Direct
E00002276,C00045,S0000534,2025-03-17 16:30:25,product_view,Product,P0064,Desktop,Direct
E00002277,C00045,S0000534,2025-03-17 16:33:31,add_to_cart,Cart,P0037,Desktop,Direct
E00002278,C00045,S0000534,2025-03-17 16:34:06,checkout_start,Checkout,P0034,Desktop,Direct
E00002279,C00045,S0000534,2025-03-17 16:34:56,purchase,Checkout,P0037,Desktop,Direct
E00002280,C00045,S0000535,2025-04-02 08:47:55,page_view,Home,,Mobile,Instagram
E00002281,C00045,S0000535,2025-04-02 08:50:42,search,Search,,Mobile,Instagram
E00002282,C00045,S0000535,2025-04-02 08:52:11,page_view,Category,,Mobile,Instagram
E00002283,C00045,S0000535,2025-04-02 08:52:46,product_view,Product,P0025,Mobile,Instagram
E00002284,C00045,S0000535,2025-04-02 08:53:32,review_view,Reviews,P0037,Mobile,Instagram
E00002285,C00045,S0000535,2025-04-02 08:56:01,add_to_cart,Cart,P0064,Mobile,Instagram
E00002286,C00045,S0000536,2024-04-15 21:24:24,page_view,Home,,Mobile,Instagram
E00002287,C00045,S0000536,2024-04-15 21:28:15,search,Search,,Mobile,Instagram
E00002288,C00045,S0000536,2024-04-15 21:30:52,page_view,Category,,Mobile,Instagram
E00002289,C00045,S0000536,2024-04-15 21:32:46,product_view,Product,P0034,Mobile,Instagram
E00002290,C00045,S0000536,2024-04-15 21:33:42,review_view,Reviews,P0025,Mobile,Instagram
E00002291,C00045,S0000537,2025-04-04 02:52:04,page_view,Home,,Desktop,Google
E00002292,C00045,S0000537,2025-04-04 02:52:17,search,Search,,Desktop,Google
E00002293,C00045,S0000537,2025-04-04 02:53:34,page_view,Category,,Desktop,Google
E00002294,C00045,S0000537,2025-04-04 02:57:17,product_view,Product,P0034,Desktop,Google
E00002295,C00045,S0000537,2025-04-04 02:58:11,review_view,Reviews,P0042,Desktop,Google
E00002296,C00045,S0000537,2025-04-04 02:58:46,add_to_cart,Cart,P0015,Desktop,Google
E00002297,C00045,S0000538,2025-09-15 22:39:03,page_view,Home,,Mobile,Instagram
E00002298,C00045,S0000539,2026-02-20 13:55:25,page_view,Home,,Mobile,Instagram
E00002299,C00045,S0000539,2026-02-20 13:58:32,search,Search,,Mobile,Instagram
E00002300,C00045,S0000540,2026-01-15 06:13:42,page_view,Home,,Desktop,Direct
E00002301,C00045,S0000541,2025-02-24 08:39:07,page_view,Home,,Desktop,Direct
E00002302,C00045,S0000541,2025-02-24 08:40:49,search,Search,,Desktop,Direct
E00002303,C00045,S0000541,2025-02-24 08:41:49,page_view,Category,,Desktop,Direct
E00002304,C00045,S0000542,2025-05-11 19:49:14,page_view,Home,,Mobile,Facebook
E00002305,C00045,S0000542,2025-05-11 19:49:31,search,Search,,Mobile,Facebook
E00002306,C00045,S0000542,2025-05-11 19:49:56,page_view,Category,,Mobile,Facebook
E00002307,C00045,S0000542,2025-05-11 19:50:30,product_view,Product,P0064,Mobile,Facebook
E00002308,C00045,S0000542,2025-05-11 19:51:42,review_view,Reviews,P0025,Mobile,Facebook
E00002309,C00045,S0000542,2025-05-11 19:53:17,add_to_cart,Cart,P0004,Mobile,Facebook
E00002310,C00045,S0000542,2025-05-11 19:53:33,checkout_start,Checkout,P0064,Mobile,Facebook
E00002311,C00045,S0000542,2025-05-11 19:54:38,purchase,Checkout,P0064,Mobile,Facebook
E00002312,C00045,S0000543,2024-06-17 06:54:32,page_view,Home,,Mobile,Google
E00002313,C00045,S0000543,2024-06-17 06:55:09,search,Search,,Mobile,Google
E00002314,C00045,S0000543,2024-06-17 06:56:11,page_view,Category,,Mobile,Google
E00002315,C00045,S0000543,2024-06-17 06:58:39,product_view,Product,P0042,Mobile,Google
E00002316,C00045,S0000543,2024-06-17 07:01:13,review_view,Reviews,P0004,Mobile,Google
E00002317,C00045,S0000543,2024-06-17 07:04:33,add_to_cart,Cart,P0076,Mobile,Google
E00002318,C00045,S0000543,2024-06-17 07:06:43,checkout_start,Checkout,P0015,Mobile,Google
E00002319,C00045,S0000543,2024-06-17 07:09:40,purchase,Checkout,P0042,Mobile,Google
E00002320,C00045,S0000544,2025-08-07 05:15:14,page_view,Home,,Desktop,Bing
E00002321,C00045,S0000544,2025-08-07 05:18:25,search,Search,,Desktop,Bing
E00002322,C00045,S0000544,2025-08-07 05:21:53,add_to_cart,Cart,P0037,Desktop,Bing
E00002323,C00045,S0000544,2025-08-07 05:25:13,checkout_start,Checkout,P0042,Desktop,Bing
E00002324,C00045,S0000544,2025-08-07 05:28:45,purchase,Checkout,P0015,Desktop,Bing
E00002325,C00046,S0000545,2026-04-04 04:04:34,page_view,Home,,Tablet,Direct
E00002326,C00046,S0000545,2026-04-04 04:08:17,search,Search,,Tablet,Direct
E00002327,C00046,S0000545,2026-04-04 04:08:28,page_view,Category,,Tablet,Direct
E00002328,C00046,S0000545,2026-04-04 04:10:34,product_view,Product,P0039,Tablet,Direct
E00002329,C00046,S0000546,2025-09-22 08:58:20,page_view,Home,,Mobile,Google
E00002330,C00046,S0000546,2025-09-22 08:59:47,search,Search,,Mobile,Google
E00002331,C00046,S0000546,2025-09-22 09:01:12,page_view,Category,,Mobile,Google
E00002332,C00046,S0000546,2025-09-22 09:05:01,product_view,Product,P0020,Mobile,Google
E00002333,C00046,S0000547,2025-05-20 13:08:33,page_view,Home,,Mobile,Bing
E00002334,C00046,S0000548,2025-06-20 21:27:08,page_view,Home,,Tablet,Affiliate
E00002335,C00046,S0000548,2025-06-20 21:27:22,search,Search,,Tablet,Affiliate
E00002336,C00046,S0000548,2025-06-20 21:30:01,add_to_cart,Cart,P0039,Tablet,Affiliate
E00002337,C00046,S0000548,2025-06-20 21:31:29,checkout_start,Checkout,P0055,Tablet,Affiliate
E00002338,C00046,S0000548,2025-06-20 21:35:03,purchase,Checkout,P0055,Tablet,Affiliate
E00002339,C00046,S0000549,2025-05-16 13:43:50,page_view,Home,,Mobile,Affiliate
E00002340,C00046,S0000549,2025-05-16 13:45:30,search,Search,,Mobile,Affiliate
E00002341,C00046,S0000549,2025-05-16 13:47:00,page_view,Category,,Mobile,Affiliate
E00002342,C00046,S0000549,2025-05-16 13:47:34,product_view,Product,P0032,Mobile,Affiliate
E00002343,C00046,S0000549,2025-05-16 13:48:17,review_view,Reviews,P0055,Mobile,Affiliate
E00002344,C00046,S0000550,2026-01-05 02:52:37,page_view,Home,,Mobile,Facebook
E00002345,C00046,S0000550,2026-01-05 02:55:40,search,Search,,Mobile,Facebook
E00002346,C00046,S0000550,2026-01-05 02:56:24,page_view,Category,,Mobile,Facebook
E00002347,C00046,S0000550,2026-01-05 02:57:43,product_view,Product,P0043,Mobile,Facebook
E00002348,C00046,S0000550,2026-01-05 03:01:24,review_view,Reviews,P0043,Mobile,Facebook
E00002349,C00046,S0000551,2026-05-20 12:49:14,page_view,Home,,Mobile,Facebook
E00002350,C00046,S0000551,2026-05-20 12:49:52,add_to_cart,Cart,P0043,Mobile,Facebook
E00002351,C00046,S0000551,2026-05-20 12:52:19,checkout_start,Checkout,P0070,Mobile,Facebook
E00002352,C00046,S0000551,2026-05-20 12:56:04,purchase,Checkout,P0018,Mobile,Facebook
E00002353,C00047,S0000552,2025-11-25 10:25:57,page_view,Home,,Desktop,Bing
E00002354,C00047,S0000552,2025-11-25 10:28:29,search,Search,,Desktop,Bing
E00002355,C00047,S0000552,2025-11-25 10:30:28,page_view,Category,,Desktop,Bing
E00002356,C00047,S0000552,2025-11-25 10:34:00,product_view,Product,P0059,Desktop,Bing
E00002357,C00047,S0000552,2025-11-25 10:37:02,review_view,Reviews,P0046,Desktop,Bing
E00002358,C00047,S0000553,2025-07-05 07:49:39,page_view,Home,,Desktop,Facebook
E00002359,C00047,S0000553,2025-07-05 07:50:57,search,Search,,Desktop,Facebook
E00002360,C00047,S0000553,2025-07-05 07:52:26,page_view,Category,,Desktop,Facebook
E00002361,C00047,S0000553,2025-07-05 07:54:32,product_view,Product,P0039,Desktop,Facebook
E00002362,C00047,S0000554,2025-05-14 18:39:14,page_view,Home,,Desktop,Direct
E00002363,C00047,S0000554,2025-05-14 18:39:52,search,Search,,Desktop,Direct
E00002364,C00047,S0000554,2025-05-14 18:42:28,page_view,Category,,Desktop,Direct
E00002365,C00047,S0000554,2025-05-14 18:42:46,product_view,Product,P0055,Desktop,Direct
E00002366,C00047,S0000554,2025-05-14 18:44:10,review_view,Reviews,P0070,Desktop,Direct
E00002367,C00047,S0000555,2026-02-16 04:48:39,page_view,Home,,Mobile,Facebook
E00002368,C00047,S0000556,2026-05-08 19:17:38,page_view,Home,,Desktop,Google
E00002369,C00047,S0000556,2026-05-08 19:20:23,search,Search,,Desktop,Google
E00002370,C00047,S0000556,2026-05-08 19:23:39,page_view,Category,,Desktop,Google
E00002371,C00047,S0000556,2026-05-08 19:26:29,product_view,Product,P0020,Desktop,Google
E00002372,C00047,S0000556,2026-05-08 19:30:12,review_view,Reviews,P0032,Desktop,Google
E00002373,C00047,S0000556,2026-05-08 19:33:43,add_to_cart,Cart,P0043,Desktop,Google
E00002374,C00047,S0000557,2025-08-27 10:10:55,page_view,Home,,Mobile,Direct
E00002375,C00047,S0000557,2025-08-27 10:11:45,search,Search,,Mobile,Direct
E00002376,C00047,S0000557,2025-08-27 10:12:25,page_view,Category,,Mobile,Direct
E00002377,C00047,S0000557,2025-08-27 10:13:32,product_view,Product,P0070,Mobile,Direct
E00002378,C00047,S0000558,2026-01-27 14:56:20,page_view,Home,,Mobile,Email
E00002379,C00047,S0000558,2026-01-27 14:57:13,search,Search,,Mobile,Email
E00002380,C00047,S0000558,2026-01-27 14:57:39,page_view,Category,,Mobile,Email
E00002381,C00047,S0000559,2025-07-26 07:19:13,page_view,Home,,Desktop,Google
E00002382,C00047,S0000559,2025-07-26 07:19:26,search,Search,,Desktop,Google
E00002383,C00047,S0000559,2025-07-26 07:21:07,page_view,Category,,Desktop,Google
E00002384,C00047,S0000559,2025-07-26 07:22:41,product_view,Product,P0003,Desktop,Google
E00002385,C00047,S0000559,2025-07-26 07:26:35,review_view,Reviews,P0032,Desktop,Google
E00002386,C00047,S0000560,2026-05-26 07:57:01,page_view,Home,,Mobile,Instagram
E00002387,C00047,S0000560,2026-05-26 08:00:34,add_to_cart,Cart,P0039,Mobile,Instagram
E00002388,C00047,S0000560,2026-05-26 08:03:54,checkout_start,Checkout,P0046,Mobile,Instagram
E00002389,C00047,S0000560,2026-05-26 08:06:00,purchase,Checkout,P0032,Mobile,Instagram
E00002390,C00047,S0000561,2026-03-01 04:06:28,page_view,Home,,Mobile,Email
E00002391,C00047,S0000561,2026-03-01 04:09:03,search,Search,,Mobile,Email
E00002392,C00047,S0000561,2026-03-01 04:09:36,page_view,Category,,Mobile,Email
E00002393,C00047,S0000561,2026-03-01 04:10:17,product_view,Product,P0039,Mobile,Email
E00002394,C00047,S0000561,2026-03-01 04:10:57,review_view,Reviews,P0046,Mobile,Email
E00002395,C00047,S0000561,2026-03-01 04:14:31,add_to_cart,Cart,P0003,Mobile,Email
E00002396,C00047,S0000561,2026-03-01 04:14:46,checkout_start,Checkout,P0070,Mobile,Email
E00002397,C00047,S0000561,2026-03-01 04:18:35,purchase,Checkout,P0018,Mobile,Email
E00002398,C00047,S0000562,2025-11-14 20:43:16,page_view,Home,,Desktop,Google
E00002399,C00047,S0000562,2025-11-14 20:45:32,search,Search,,Desktop,Google
E00002400,C00047,S0000562,2025-11-14 20:46:33,page_view,Category,,Desktop,Google
E00002401,C00047,S0000562,2025-11-14 20:48:39,product_view,Product,P0070,Desktop,Google
E00002402,C00047,S0000562,2025-11-14 20:51:41,review_view,Reviews,P0059,Desktop,Google
E00002403,C00047,S0000563,2026-06-01 21:01:02,page_view,Home,,Mobile,Instagram
E00002404,C00047,S0000563,2026-06-01 21:03:30,search,Search,,Mobile,Instagram
E00002405,C00047,S0000563,2026-06-01 21:07:03,page_view,Category,,Mobile,Instagram
E00002406,C00047,S0000563,2026-06-01 21:10:20,product_view,Product,P0043,Mobile,Instagram
E00002407,C00047,S0000563,2026-06-01 21:11:46,review_view,Reviews,P0059,Mobile,Instagram
E00002408,C00047,S0000564,2025-06-13 19:56:38,page_view,Home,,Mobile,Direct
E00002409,C00047,S0000564,2025-06-13 19:56:53,search,Search,,Mobile,Direct
E00002410,C00047,S0000564,2025-06-13 19:59:35,page_view,Category,,Mobile,Direct
E00002411,C00047,S0000564,2025-06-13 20:03:13,product_view,Product,P0070,Mobile,Direct
E00002412,C00047,S0000565,2026-01-20 10:09:05,page_view,Home,,Mobile,Direct
E00002413,C00047,S0000565,2026-01-20 10:12:48,search,Search,,Mobile,Direct
E00002414,C00047,S0000565,2026-01-20 10:14:00,page_view,Category,,Mobile,Direct
E00002415,C00047,S0000565,2026-01-20 10:16:04,product_view,Product,P0018,Mobile,Direct
E00002416,C00047,S0000565,2026-01-20 10:16:38,review_view,Reviews,P0059,Mobile,Direct
E00002417,C00047,S0000565,2026-01-20 10:20:33,add_to_cart,Cart,P0018,Mobile,Direct
E00002418,C00047,S0000565,2026-01-20 10:22:04,checkout_start,Checkout,P0018,Mobile,Direct
E00002419,C00047,S0000565,2026-01-20 10:25:03,purchase,Checkout,P0070,Mobile,Direct
E00002420,C00047,S0000566,2026-02-10 23:33:17,page_view,Home,,Mobile,Email
E00002421,C00047,S0000566,2026-02-10 23:36:53,search,Search,,Mobile,Email
E00002422,C00047,S0000566,2026-02-10 23:38:22,page_view,Category,,Mobile,Email
E00002423,C00047,S0000567,2025-07-17 00:40:08,page_view,Home,,Desktop,Direct
E00002424,C00047,S0000567,2025-07-17 00:41:50,search,Search,,Desktop,Direct
E00002425,C00048,S0000568,2025-07-08 11:49:11,page_view,Home,,Mobile,Instagram
E00002426,C00048,S0000568,2025-07-08 11:50:57,search,Search,,Mobile,Instagram
E00002427,C00048,S0000568,2025-07-08 11:53:34,page_view,Category,,Mobile,Instagram
E00002428,C00048,S0000568,2025-07-08 11:56:19,product_view,Product,P0021,Mobile,Instagram
E00002429,C00048,S0000568,2025-07-08 11:57:33,review_view,Reviews,P0010,Mobile,Instagram
E00002430,C00048,S0000569,2025-09-17 14:45:58,page_view,Home,,Mobile,Direct
E00002431,C00048,S0000569,2025-09-17 14:46:43,search,Search,,Mobile,Direct
E00002432,C00048,S0000569,2025-09-17 14:48:01,page_view,Category,,Mobile,Direct
E00002433,C00048,S0000569,2025-09-17 14:51:56,product_view,Product,P0054,Mobile,Direct
E00002434,C00048,S0000569,2025-09-17 14:55:10,add_to_cart,Cart,P0005,Mobile,Direct
E00002435,C00048,S0000569,2025-09-17 14:58:47,checkout_start,Checkout,P0008,Mobile,Direct
E00002436,C00048,S0000569,2025-09-17 15:01:57,purchase,Checkout,P0058,Mobile,Direct
E00002437,C00048,S0000570,2026-06-17 03:22:27,page_view,Home,,Mobile,Google
E00002438,C00048,S0000570,2026-06-17 03:24:31,search,Search,,Mobile,Google
E00002439,C00048,S0000570,2026-06-17 03:27:13,page_view,Category,,Mobile,Google
E00002440,C00048,S0000570,2026-06-17 03:30:39,product_view,Product,P0010,Mobile,Google
E00002441,C00048,S0000570,2026-06-17 03:30:49,review_view,Reviews,P0008,Mobile,Google
E00002442,C00048,S0000570,2026-06-17 03:34:47,add_to_cart,Cart,P0013,Mobile,Google
E00002443,C00048,S0000570,2026-06-17 03:35:33,checkout_start,Checkout,P0005,Mobile,Google
E00002444,C00048,S0000570,2026-06-17 03:37:58,purchase,Checkout,P0010,Mobile,Google
E00002445,C00048,S0000571,2026-05-08 02:34:06,page_view,Home,,Desktop,Instagram
E00002446,C00048,S0000571,2026-05-08 02:37:38,search,Search,,Desktop,Instagram
E00002447,C00048,S0000571,2026-05-08 02:39:19,page_view,Category,,Desktop,Instagram
E00002448,C00048,S0000571,2026-05-08 02:42:12,product_view,Product,P0008,Desktop,Instagram
E00002449,C00048,S0000572,2026-02-06 11:20:52,page_view,Home,,Mobile,Instagram
E00002450,C00048,S0000572,2026-02-06 11:21:04,search,Search,,Mobile,Instagram
E00002451,C00048,S0000573,2025-10-09 03:12:59,page_view,Home,,Desktop,Google
E00002452,C00048,S0000573,2025-10-09 03:16:08,search,Search,,Desktop,Google
E00002453,C00048,S0000573,2025-10-09 03:17:42,add_to_cart,Cart,P0005,Desktop,Google
E00002454,C00048,S0000573,2025-10-09 03:20:12,checkout_start,Checkout,P0005,Desktop,Google
E00002455,C00048,S0000573,2025-10-09 03:23:17,purchase,Checkout,P0013,Desktop,Google
E00002456,C00048,S0000574,2025-02-21 22:52:52,page_view,Home,,Mobile,Facebook
E00002457,C00048,S0000574,2025-02-21 22:54:15,search,Search,,Mobile,Facebook
E00002458,C00048,S0000575,2026-01-23 04:10:21,page_view,Home,,Mobile,Google
E00002459,C00048,S0000575,2026-01-23 04:11:38,search,Search,,Mobile,Google
E00002460,C00048,S0000575,2026-01-23 04:13:37,page_view,Category,,Mobile,Google
E00002461,C00048,S0000575,2026-01-23 04:15:31,product_view,Product,P0005,Mobile,Google
E00002462,C00048,S0000575,2026-01-23 04:15:54,review_view,Reviews,P0005,Mobile,Google
E00002463,C00048,S0000575,2026-01-23 04:16:36,add_to_cart,Cart,P0021,Mobile,Google
E00002464,C00048,S0000575,2026-01-23 04:17:48,checkout_start,Checkout,P0021,Mobile,Google
E00002465,C00048,S0000575,2026-01-23 04:18:34,purchase,Checkout,P0013,Mobile,Google
E00002466,C00048,S0000576,2025-03-10 01:05:24,page_view,Home,,Desktop,Google
E00002467,C00048,S0000577,2026-02-22 02:32:23,page_view,Home,,Desktop,Bing
E00002468,C00048,S0000577,2026-02-22 02:35:36,search,Search,,Desktop,Bing
E00002469,C00048,S0000577,2026-02-22 02:37:21,page_view,Category,,Desktop,Bing
E00002470,C00048,S0000577,2026-02-22 02:37:33,add_to_cart,Cart,P0013,Desktop,Bing
E00002471,C00048,S0000577,2026-02-22 02:40:51,checkout_start,Checkout,P0013,Desktop,Bing
E00002472,C00048,S0000577,2026-02-22 02:42:52,purchase,Checkout,P0058,Desktop,Bing
E00002473,C00048,S0000578,2025-11-09 08:11:27,page_view,Home,,Desktop,Email
E00002474,C00048,S0000578,2025-11-09 08:12:56,search,Search,,Desktop,Email
E00002475,C00048,S0000578,2025-11-09 08:14:43,page_view,Category,,Desktop,Email
E00002476,C00048,S0000578,2025-11-09 08:17:58,product_view,Product,P0005,Desktop,Email
E00002477,C00048,S0000578,2025-11-09 08:21:52,review_view,Reviews,P0010,Desktop,Email
E00002478,C00048,S0000578,2025-11-09 08:24:49,add_to_cart,Cart,P0008,Desktop,Email
E00002479,C00048,S0000579,2025-05-08 16:04:27,page_view,Home,,Desktop,Instagram
E00002480,C00048,S0000579,2025-05-08 16:04:43,search,Search,,Desktop,Instagram
E00002481,C00048,S0000579,2025-05-08 16:05:20,page_view,Category,,Desktop,Instagram
E00002482,C00048,S0000579,2025-05-08 16:08:09,product_view,Product,P0005,Desktop,Instagram
E00002483,C00048,S0000580,2025-11-17 08:37:53,page_view,Home,,Desktop,Affiliate
E00002484,C00049,S0000581,2026-06-13 05:27:31,page_view,Home,,Tablet,Direct
E00002485,C00049,S0000581,2026-06-13 05:29:25,search,Search,,Tablet,Direct
E00002486,C00049,S0000582,2026-03-25 06:10:03,page_view,Home,,Mobile,Affiliate
E00002487,C00049,S0000582,2026-03-25 06:13:44,search,Search,,Mobile,Affiliate
E00002488,C00049,S0000583,2026-03-06 06:42:18,page_view,Home,,Mobile,Email
E00002489,C00049,S0000583,2026-03-06 06:45:28,search,Search,,Mobile,Email
E00002490,C00049,S0000583,2026-03-06 06:49:05,page_view,Category,,Mobile,Email
E00002491,C00049,S0000584,2026-02-16 12:47:40,page_view,Home,,Tablet,Email
E00002492,C00049,S0000584,2026-02-16 12:49:00,search,Search,,Tablet,Email
E00002493,C00049,S0000584,2026-02-16 12:49:29,page_view,Category,,Tablet,Email
E00002494,C00049,S0000584,2026-02-16 12:52:18,product_view,Product,P0072,Tablet,Email
E00002495,C00049,S0000584,2026-02-16 12:56:14,review_view,Reviews,P0069,Tablet,Email
E00002496,C00049,S0000584,2026-02-16 13:00:02,add_to_cart,Cart,P0072,Tablet,Email
E00002497,C00049,S0000585,2026-03-19 09:51:51,page_view,Home,,Mobile,Direct
E00002498,C00049,S0000585,2026-03-19 09:52:41,search,Search,,Mobile,Direct
E00002499,C00049,S0000585,2026-03-19 09:55:19,page_view,Category,,Mobile,Direct
E00002500,C00049,S0000585,2026-03-19 09:55:44,product_view,Product,P0026,Mobile,Direct
E00002501,C00049,S0000585,2026-03-19 09:57:26,review_view,Reviews,P0001,Mobile,Direct
E00002502,C00049,S0000585,2026-03-19 09:57:45,add_to_cart,Cart,P0069,Mobile,Direct
E00002503,C00049,S0000586,2025-12-06 18:35:22,page_view,Home,,Tablet,Google
E00002504,C00049,S0000586,2025-12-06 18:36:32,search,Search,,Tablet,Google
E00002505,C00049,S0000586,2025-12-06 18:38:02,page_view,Category,,Tablet,Google
E00002506,C00049,S0000587,2026-06-18 09:57:49,page_view,Home,,Mobile,Instagram
E00002507,C00049,S0000587,2026-06-18 10:01:08,search,Search,,Mobile,Instagram
E00002508,C00049,S0000587,2026-06-18 10:04:30,page_view,Category,,Mobile,Instagram
E00002509,C00049,S0000587,2026-06-18 10:06:16,product_view,Product,P0011,Mobile,Instagram
E00002510,C00049,S0000587,2026-06-18 10:06:54,review_view,Reviews,P0011,Mobile,Instagram
E00002511,C00049,S0000587,2026-06-18 10:07:26,add_to_cart,Cart,P0050,Mobile,Instagram
E00002512,C00049,S0000588,2026-05-30 23:12:49,page_view,Home,,Desktop,Bing
E00002513,C00049,S0000588,2026-05-30 23:14:30,search,Search,,Desktop,Bing
E00002514,C00049,S0000588,2026-05-30 23:15:45,page_view,Category,,Desktop,Bing
E00002515,C00049,S0000588,2026-05-30 23:18:22,product_view,Product,P0019,Desktop,Bing
E00002516,C00049,S0000589,2025-11-13 14:33:37,page_view,Home,,Mobile,Email
E00002517,C00049,S0000589,2025-11-13 14:37:03,search,Search,,Mobile,Email
E00002518,C00049,S0000589,2025-11-13 14:37:44,page_view,Category,,Mobile,Email
E00002519,C00049,S0000589,2025-11-13 14:38:19,product_view,Product,P0078,Mobile,Email
E00002520,C00049,S0000589,2025-11-13 14:41:47,review_view,Reviews,P0026,Mobile,Email
E00002521,C00049,S0000590,2026-03-28 20:05:27,page_view,Home,,Mobile,Email
E00002522,C00049,S0000590,2026-03-28 20:07:26,add_to_cart,Cart,P0036,Mobile,Email
E00002523,C00049,S0000590,2026-03-28 20:08:54,checkout_start,Checkout,P0036,Mobile,Email
E00002524,C00049,S0000590,2026-03-28 20:10:30,purchase,Checkout,P0049,Mobile,Email
E00002525,C00049,S0000591,2026-03-17 18:20:48,page_view,Home,,Mobile,Bing
E00002526,C00049,S0000591,2026-03-17 18:24:23,search,Search,,Mobile,Bing
E00002527,C00049,S0000591,2026-03-17 18:26:20,page_view,Category,,Mobile,Bing
E00002528,C00049,S0000591,2026-03-17 18:28:47,product_view,Product,P0001,Mobile,Bing
E00002529,C00049,S0000591,2026-03-17 18:30:40,review_view,Reviews,P0063,Mobile,Bing
E00002530,C00049,S0000591,2026-03-17 18:31:56,add_to_cart,Cart,P0001,Mobile,Bing
E00002531,C00049,S0000592,2026-02-05 03:38:27,page_view,Home,,Mobile,Google
E00002532,C00049,S0000592,2026-02-05 03:42:21,search,Search,,Mobile,Google
E00002533,C00049,S0000592,2026-02-05 03:44:05,page_view,Category,,Mobile,Google
E00002534,C00049,S0000592,2026-02-05 03:45:34,product_view,Product,P0026,Mobile,Google
E00002535,C00049,S0000592,2026-02-05 03:48:32,review_view,Reviews,P0038,Mobile,Google
E00002536,C00049,S0000592,2026-02-05 03:49:03,add_to_cart,Cart,P0019,Mobile,Google
E00002537,C00049,S0000593,2026-01-11 01:06:26,page_view,Home,,Mobile,Affiliate
E00002538,C00049,S0000594,2026-02-25 00:12:25,page_view,Home,,Mobile,Affiliate
E00002539,C00049,S0000594,2026-02-25 00:15:19,search,Search,,Mobile,Affiliate
E00002540,C00049,S0000594,2026-02-25 00:19:12,page_view,Category,,Mobile,Affiliate
E00002541,C00049,S0000594,2026-02-25 00:21:31,product_view,Product,P0063,Mobile,Affiliate
E00002542,C00049,S0000594,2026-02-25 00:21:54,review_view,Reviews,P0002,Mobile,Affiliate
E00002543,C00049,S0000594,2026-02-25 00:22:55,add_to_cart,Cart,P0019,Mobile,Affiliate
E00002544,C00049,S0000594,2026-02-25 00:23:20,checkout_start,Checkout,P0026,Mobile,Affiliate
E00002545,C00049,S0000594,2026-02-25 00:23:56,purchase,Checkout,P0072,Mobile,Affiliate
E00002546,C00050,S0000595,2026-01-17 21:37:20,page_view,Home,,Mobile,Direct
E00002547,C00050,S0000595,2026-01-17 21:38:40,search,Search,,Mobile,Direct
E00002548,C00050,S0000595,2026-01-17 21:38:58,page_view,Category,,Mobile,Direct
E00002549,C00050,S0000595,2026-01-17 21:39:11,product_view,Product,P0034,Mobile,Direct
E00002550,C00050,S0000595,2026-01-17 21:40:37,review_view,Reviews,P0064,Mobile,Direct
E00002551,C00050,S0000596,2024-10-30 08:49:29,page_view,Home,,Desktop,Facebook
E00002552,C00050,S0000597,2025-10-23 23:48:12,page_view,Home,,Desktop,Affiliate
E00002553,C00050,S0000597,2025-10-23 23:50:01,search,Search,,Desktop,Affiliate
E00002554,C00050,S0000597,2025-10-23 23:53:57,page_view,Category,,Desktop,Affiliate
E00002555,C00050,S0000597,2025-10-23 23:54:46,product_view,Product,P0040,Desktop,Affiliate
E00002556,C00050,S0000597,2025-10-23 23:57:51,add_to_cart,Cart,P0004,Desktop,Affiliate
E00002557,C00050,S0000597,2025-10-24 00:01:05,checkout_start,Checkout,P0076,Desktop,Affiliate
E00002558,C00050,S0000597,2025-10-24 00:02:21,purchase,Checkout,P0015,Desktop,Affiliate
E00002559,C00050,S0000598,2026-02-18 23:37:10,page_view,Home,,Mobile,Facebook
E00002560,C00050,S0000598,2026-02-18 23:41:02,search,Search,,Mobile,Facebook
E00002561,C00050,S0000598,2026-02-18 23:42:45,page_view,Category,,Mobile,Facebook
E00002562,C00050,S0000599,2024-07-12 22:54:59,page_view,Home,,Mobile,Google
E00002563,C00050,S0000600,2025-12-27 06:04:16,page_view,Home,,Desktop,Facebook
E00002564,C00050,S0000600,2025-12-27 06:07:19,search,Search,,Desktop,Facebook
E00002565,C00050,S0000600,2025-12-27 06:11:11,page_view,Category,,Desktop,Facebook
E00002566,C00050,S0000600,2025-12-27 06:14:55,product_view,Product,P0064,Desktop,Facebook
E00002567,C00050,S0000600,2025-12-27 06:17:18,review_view,Reviews,P0004,Desktop,Facebook
E00002568,C00050,S0000600,2025-12-27 06:19:28,add_to_cart,Cart,P0025,Desktop,Facebook
E00002569,C00050,S0000600,2025-12-27 06:22:57,checkout_start,Checkout,P0064,Desktop,Facebook
E00002570,C00050,S0000600,2025-12-27 06:25:40,purchase,Checkout,P0004,Desktop,Facebook
E00002571,C00050,S0000601,2025-02-20 17:05:20,page_view,Home,,Mobile,Facebook
E00002572,C00050,S0000602,2025-12-09 04:06:35,page_view,Home,,Desktop,Google
E00002573,C00050,S0000602,2025-12-09 04:07:36,search,Search,,Desktop,Google
E00002574,C00050,S0000602,2025-12-09 04:10:39,page_view,Category,,Desktop,Google
E00002575,C00050,S0000602,2025-12-09 04:13:21,product_view,Product,P0042,Desktop,Google
E00002576,C00050,S0000602,2025-12-09 04:14:35,review_view,Reviews,P0064,Desktop,Google
E00002577,C00050,S0000603,2025-11-17 04:25:33,page_view,Home,,Desktop,Direct
E00002578,C00050,S0000603,2025-11-17 04:29:27,search,Search,,Desktop,Direct
E00002579,C00050,S0000603,2025-11-17 04:31:24,page_view,Category,,Desktop,Direct
E00002580,C00050,S0000603,2025-11-17 04:33:57,product_view,Product,P0015,Desktop,Direct
E00002581,C00050,S0000604,2024-07-10 06:40:13,page_view,Home,,Desktop,Affiliate
E00002582,C00050,S0000604,2024-07-10 06:41:56,search,Search,,Desktop,Affiliate
E00002583,C00050,S0000604,2024-07-10 06:45:26,page_view,Category,,Desktop,Affiliate
E00002584,C00050,S0000604,2024-07-10 06:47:06,product_view,Product,P0064,Desktop,Affiliate
E00002585,C00050,S0000604,2024-07-10 06:50:57,review_view,Reviews,P0076,Desktop,Affiliate
E00002586,C00050,S0000604,2024-07-10 06:51:15,add_to_cart,Cart,P0004,Desktop,Affiliate
E00002587,C00050,S0000605,2024-12-23 23:43:35,page_view,Home,,Mobile,Email
E00002588,C00050,S0000605,2024-12-23 23:44:39,search,Search,,Mobile,Email
E00002589,C00050,S0000606,2025-08-11 06:50:20,page_view,Home,,Mobile,Direct
E00002590,C00050,S0000606,2025-08-11 06:52:08,search,Search,,Mobile,Direct
E00002591,C00050,S0000607,2026-03-11 13:57:35,page_view,Home,,Mobile,Affiliate
E00002592,C00050,S0000607,2026-03-11 13:57:50,search,Search,,Mobile,Affiliate
E00002593,C00050,S0000607,2026-03-11 13:59:39,page_view,Category,,Mobile,Affiliate
E00002594,C00050,S0000607,2026-03-11 14:03:14,product_view,Product,P0064,Mobile,Affiliate
E00002595,C00051,S0000608,2025-09-05 22:36:59,page_view,Home,,Desktop,Bing
E00002596,C00051,S0000608,2025-09-05 22:40:20,search,Search,,Desktop,Bing
E00002597,C00051,S0000608,2025-09-05 22:44:14,page_view,Category,,Desktop,Bing
E00002598,C00051,S0000608,2025-09-05 22:45:00,product_view,Product,P0024,Desktop,Bing
E00002599,C00051,S0000608,2025-09-05 22:46:32,review_view,Reviews,P0024,Desktop,Bing
E00002600,C00051,S0000609,2024-10-11 14:50:22,page_view,Home,,Mobile,Direct
E00002601,C00051,S0000609,2024-10-11 14:50:34,search,Search,,Mobile,Direct
E00002602,C00051,S0000609,2024-10-11 14:51:39,page_view,Category,,Mobile,Direct
E00002603,C00051,S0000609,2024-10-11 14:52:39,product_view,Product,P0044,Mobile,Direct
E00002604,C00051,S0000609,2024-10-11 14:53:00,review_view,Reviews,P0077,Mobile,Direct
E00002605,C00051,S0000609,2024-10-11 14:55:23,add_to_cart,Cart,P0044,Mobile,Direct
E00002606,C00051,S0000610,2024-11-22 10:18:38,page_view,Home,,Desktop,Facebook
E00002607,C00051,S0000610,2024-11-22 10:22:29,search,Search,,Desktop,Facebook
E00002608,C00051,S0000610,2024-11-22 10:23:35,page_view,Category,,Desktop,Facebook
E00002609,C00051,S0000610,2024-11-22 10:26:12,product_view,Product,P0027,Desktop,Facebook
E00002610,C00051,S0000610,2024-11-22 10:27:35,review_view,Reviews,P0061,Desktop,Facebook
E00002611,C00051,S0000610,2024-11-22 10:31:23,add_to_cart,Cart,P0044,Desktop,Facebook
E00002612,C00051,S0000611,2025-11-12 02:26:03,page_view,Home,,Desktop,Affiliate
E00002613,C00051,S0000611,2025-11-12 02:28:46,search,Search,,Desktop,Affiliate
E00002614,C00051,S0000611,2025-11-12 02:32:23,add_to_cart,Cart,P0024,Desktop,Affiliate
E00002615,C00051,S0000611,2025-11-12 02:36:01,checkout_start,Checkout,P0024,Desktop,Affiliate
E00002616,C00051,S0000611,2025-11-12 02:37:31,purchase,Checkout,P0027,Desktop,Affiliate
E00002617,C00051,S0000612,2024-08-01 05:23:37,page_view,Home,,Mobile,Affiliate
E00002618,C00051,S0000613,2026-06-16 20:02:48,page_view,Home,,Mobile,Email
E00002619,C00051,S0000613,2026-06-16 20:03:57,search,Search,,Mobile,Email
E00002620,C00051,S0000613,2026-06-16 20:06:57,page_view,Category,,Mobile,Email
E00002621,C00051,S0000613,2026-06-16 20:10:49,product_view,Product,P0061,Mobile,Email
E00002622,C00051,S0000613,2026-06-16 20:14:39,review_view,Reviews,P0044,Mobile,Email
E00002623,C00051,S0000613,2026-06-16 20:15:48,add_to_cart,Cart,P0044,Mobile,Email
E00002624,C00051,S0000614,2025-12-30 03:19:30,page_view,Home,,Desktop,Email
E00002625,C00051,S0000615,2025-11-07 15:22:26,page_view,Home,,Mobile,Email
E00002626,C00051,S0000615,2025-11-07 15:25:05,search,Search,,Mobile,Email
E00002627,C00051,S0000616,2025-08-23 04:30:32,page_view,Home,,Mobile,Affiliate
E00002628,C00051,S0000616,2025-08-23 04:34:23,search,Search,,Mobile,Affiliate
E00002629,C00051,S0000616,2025-08-23 04:35:01,page_view,Category,,Mobile,Affiliate
E00002630,C00052,S0000617,2024-11-01 19:56:22,page_view,Home,,Desktop,Bing
E00002631,C00052,S0000617,2024-11-01 19:56:57,search,Search,,Desktop,Bing
E00002632,C00052,S0000617,2024-11-01 19:57:41,page_view,Category,,Desktop,Bing
E00002633,C00052,S0000617,2024-11-01 19:58:50,product_view,Product,P0061,Desktop,Bing
E00002634,C00052,S0000617,2024-11-01 20:00:35,review_view,Reviews,P0061,Desktop,Bing
E00002635,C00052,S0000618,2025-11-05 18:29:45,page_view,Home,,Mobile,Email
E00002636,C00052,S0000619,2024-07-30 21:48:59,page_view,Home,,Mobile,Google
E00002637,C00052,S0000619,2024-07-30 21:52:30,search,Search,,Mobile,Google
E00002638,C00052,S0000619,2024-07-30 21:53:54,page_view,Category,,Mobile,Google
E00002639,C00052,S0000619,2024-07-30 21:55:55,product_view,Product,P0077,Mobile,Google
E00002640,C00052,S0000620,2025-06-27 10:12:30,page_view,Home,,Mobile,Bing
E00002641,C00052,S0000620,2025-06-27 10:14:33,search,Search,,Mobile,Bing
E00002642,C00052,S0000620,2025-06-27 10:15:09,page_view,Category,,Mobile,Bing
E00002643,C00052,S0000620,2025-06-27 10:15:25,product_view,Product,P0056,Mobile,Bing
E00002644,C00052,S0000621,2025-01-08 02:14:51,page_view,Home,,Mobile,Email
E00002645,C00052,S0000621,2025-01-08 02:18:14,search,Search,,Mobile,Email
E00002646,C00052,S0000621,2025-01-08 02:21:10,page_view,Category,,Mobile,Email
E00002647,C00052,S0000621,2025-01-08 02:23:23,product_view,Product,P0061,Mobile,Email
E00002648,C00052,S0000621,2025-01-08 02:26:17,review_view,Reviews,P0027,Mobile,Email
E00002649,C00052,S0000621,2025-01-08 02:28:30,add_to_cart,Cart,P0077,Mobile,Email
E00002650,C00052,S0000622,2026-06-24 02:16:06,page_view,Home,,Mobile,Google
E00002651,C00052,S0000622,2026-06-24 02:16:20,search,Search,,Mobile,Google
E00002652,C00052,S0000623,2024-12-21 16:07:46,page_view,Home,,Mobile,Email
E00002653,C00052,S0000623,2024-12-21 16:10:56,search,Search,,Mobile,Email
E00002654,C00052,S0000623,2024-12-21 16:13:03,page_view,Category,,Mobile,Email
E00002655,C00052,S0000623,2024-12-21 16:16:04,add_to_cart,Cart,P0027,Mobile,Email
E00002656,C00052,S0000623,2024-12-21 16:17:52,checkout_start,Checkout,P0024,Mobile,Email
E00002657,C00052,S0000623,2024-12-21 16:18:43,purchase,Checkout,P0061,Mobile,Email
E00002658,C00053,S0000624,2026-03-07 14:22:35,page_view,Home,,Mobile,Instagram
E00002659,C00053,S0000624,2026-03-07 14:25:07,search,Search,,Mobile,Instagram
E00002660,C00053,S0000624,2026-03-07 14:27:29,page_view,Category,,Mobile,Instagram
E00002661,C00053,S0000624,2026-03-07 14:31:12,product_view,Product,P0010,Mobile,Instagram
E00002662,C00053,S0000624,2026-03-07 14:31:33,review_view,Reviews,P0013,Mobile,Instagram
E00002663,C00053,S0000625,2025-03-29 15:39:22,page_view,Home,,Desktop,Instagram
E00002664,C00053,S0000625,2025-03-29 15:40:24,search,Search,,Desktop,Instagram
E00002665,C00053,S0000625,2025-03-29 15:41:10,add_to_cart,Cart,P0013,Desktop,Instagram
E00002666,C00053,S0000625,2025-03-29 15:41:37,checkout_start,Checkout,P0058,Desktop,Instagram
E00002667,C00053,S0000625,2025-03-29 15:45:20,purchase,Checkout,P0054,Desktop,Instagram
E00002668,C00053,S0000626,2024-08-26 12:20:52,page_view,Home,,Desktop,Instagram
E00002669,C00053,S0000626,2024-08-26 12:23:59,search,Search,,Desktop,Instagram
E00002670,C00053,S0000627,2024-06-17 13:04:40,page_view,Home,,Mobile,Affiliate
E00002671,C00053,S0000627,2024-06-17 13:08:23,search,Search,,Mobile,Affiliate
E00002672,C00053,S0000627,2024-06-17 13:10:34,page_view,Category,,Mobile,Affiliate
E00002673,C00053,S0000627,2024-06-17 13:13:19,product_view,Product,P0005,Mobile,Affiliate
E00002674,C00053,S0000627,2024-06-17 13:15:13,review_view,Reviews,P0054,Mobile,Affiliate
E00002675,C00053,S0000627,2024-06-17 13:18:20,add_to_cart,Cart,P0005,Mobile,Affiliate
E00002676,C00053,S0000627,2024-06-17 13:21:54,checkout_start,Checkout,P0010,Mobile,Affiliate
E00002677,C00053,S0000627,2024-06-17 13:24:16,purchase,Checkout,P0021,Mobile,Affiliate
E00002678,C00053,S0000628,2025-03-05 21:33:29,page_view,Home,,Desktop,Email
E00002679,C00053,S0000628,2025-03-05 21:36:58,search,Search,,Desktop,Email
E00002680,C00053,S0000628,2025-03-05 21:38:08,page_view,Category,,Desktop,Email
E00002681,C00053,S0000628,2025-03-05 21:39:24,product_view,Product,P0005,Desktop,Email
E00002682,C00053,S0000628,2025-03-05 21:41:02,review_view,Reviews,P0058,Desktop,Email
E00002683,C00053,S0000628,2025-03-05 21:41:18,add_to_cart,Cart,P0054,Desktop,Email
E00002684,C00053,S0000628,2025-03-05 21:43:42,checkout_start,Checkout,P0058,Desktop,Email
E00002685,C00053,S0000628,2025-03-05 21:46:26,purchase,Checkout,P0058,Desktop,Email
E00002686,C00053,S0000629,2024-06-24 17:18:44,page_view,Home,,Mobile,Bing
E00002687,C00053,S0000629,2024-06-24 17:22:32,search,Search,,Mobile,Bing
E00002688,C00053,S0000630,2025-05-02 15:40:15,page_view,Home,,Mobile,Affiliate
E00002689,C00053,S0000630,2025-05-02 15:43:33,search,Search,,Mobile,Affiliate
E00002690,C00053,S0000630,2025-05-02 15:45:05,page_view,Category,,Mobile,Affiliate
E00002691,C00053,S0000630,2025-05-02 15:47:00,product_view,Product,P0013,Mobile,Affiliate
E00002692,C00053,S0000630,2025-05-02 15:47:24,review_view,Reviews,P0054,Mobile,Affiliate
E00002693,C00053,S0000630,2025-05-02 15:49:35,add_to_cart,Cart,P0021,Mobile,Affiliate
E00002694,C00053,S0000631,2025-09-28 16:56:02,page_view,Home,,Mobile,Instagram
E00002695,C00053,S0000631,2025-09-28 16:56:31,search,Search,,Mobile,Instagram
E00002696,C00053,S0000631,2025-09-28 16:59:11,page_view,Category,,Mobile,Instagram
E00002697,C00053,S0000631,2025-09-28 17:02:21,product_view,Product,P0058,Mobile,Instagram
E00002698,C00053,S0000632,2024-02-25 08:49:11,page_view,Home,,Mobile,Google
E00002699,C00053,S0000632,2024-02-25 08:50:14,search,Search,,Mobile,Google
E00002700,C00053,S0000632,2024-02-25 08:54:04,page_view,Category,,Mobile,Google
E00002701,C00053,S0000632,2024-02-25 08:55:57,product_view,Product,P0054,Mobile,Google
E00002702,C00053,S0000632,2024-02-25 08:59:41,review_view,Reviews,P0008,Mobile,Google
E00002703,C00053,S0000632,2024-02-25 09:01:47,add_to_cart,Cart,P0054,Mobile,Google
E00002704,C00053,S0000633,2024-08-26 06:36:00,page_view,Home,,Desktop,Google
E00002705,C00053,S0000633,2024-08-26 06:36:36,add_to_cart,Cart,P0005,Desktop,Google
E00002706,C00053,S0000633,2024-08-26 06:40:00,checkout_start,Checkout,P0005,Desktop,Google
E00002707,C00053,S0000633,2024-08-26 06:43:43,purchase,Checkout,P0013,Desktop,Google
E00002708,C00053,S0000634,2026-05-27 13:31:03,page_view,Home,,Mobile,Instagram
E00002709,C00053,S0000634,2026-05-27 13:33:01,search,Search,,Mobile,Instagram
E00002710,C00053,S0000634,2026-05-27 13:33:53,page_view,Category,,Mobile,Instagram
E00002711,C00053,S0000634,2026-05-27 13:34:17,product_view,Product,P0058,Mobile,Instagram
E00002712,C00053,S0000634,2026-05-27 13:35:42,review_view,Reviews,P0008,Mobile,Instagram
E00002713,C00053,S0000635,2025-10-20 19:49:14,page_view,Home,,Desktop,Instagram
E00002714,C00053,S0000635,2025-10-20 19:51:45,search,Search,,Desktop,Instagram
E00002715,C00053,S0000635,2025-10-20 19:52:54,page_view,Category,,Desktop,Instagram
E00002716,C00053,S0000636,2024-03-01 13:38:57,page_view,Home,,Mobile,Facebook
E00002717,C00053,S0000636,2024-03-01 13:40:00,search,Search,,Mobile,Facebook
E00002718,C00053,S0000636,2024-03-01 13:42:39,add_to_cart,Cart,P0058,Mobile,Facebook
E00002719,C00053,S0000636,2024-03-01 13:46:15,checkout_start,Checkout,P0008,Mobile,Facebook
E00002720,C00053,S0000636,2024-03-01 13:47:12,purchase,Checkout,P0005,Mobile,Facebook
E00002721,C00053,S0000637,2024-07-30 15:03:14,page_view,Home,,Desktop,Direct
E00002722,C00053,S0000637,2024-07-30 15:07:11,search,Search,,Desktop,Direct
E00002723,C00053,S0000637,2024-07-30 15:08:29,page_view,Category,,Desktop,Direct
E00002724,C00053,S0000637,2024-07-30 15:09:26,product_view,Product,P0054,Desktop,Direct
E00002725,C00053,S0000637,2024-07-30 15:11:17,review_view,Reviews,P0010,Desktop,Direct
E00002726,C00053,S0000637,2024-07-30 15:13:33,add_to_cart,Cart,P0058,Desktop,Direct
E00002727,C00053,S0000638,2024-04-16 02:16:12,page_view,Home,,Mobile,Instagram
E00002728,C00053,S0000638,2024-04-16 02:20:09,search,Search,,Mobile,Instagram
E00002729,C00053,S0000638,2024-04-16 02:23:33,page_view,Category,,Mobile,Instagram
E00002730,C00053,S0000638,2024-04-16 02:23:47,product_view,Product,P0008,Mobile,Instagram
E00002731,C00053,S0000638,2024-04-16 02:27:23,add_to_cart,Cart,P0005,Mobile,Instagram
E00002732,C00053,S0000638,2024-04-16 02:29:15,checkout_start,Checkout,P0008,Mobile,Instagram
E00002733,C00053,S0000638,2024-04-16 02:31:19,purchase,Checkout,P0058,Mobile,Instagram
E00002734,C00053,S0000639,2024-03-08 12:29:06,page_view,Home,,Mobile,Google
E00002735,C00053,S0000639,2024-03-08 12:30:03,search,Search,,Mobile,Google
E00002736,C00053,S0000639,2024-03-08 12:31:58,page_view,Category,,Mobile,Google
E00002737,C00053,S0000639,2024-03-08 12:35:41,product_view,Product,P0013,Mobile,Google
E00002738,C00053,S0000639,2024-03-08 12:36:37,review_view,Reviews,P0010,Mobile,Google
E00002739,C00054,S0000640,2025-01-02 13:43:49,page_view,Home,,Desktop,Instagram
E00002740,C00054,S0000640,2025-01-02 13:46:23,search,Search,,Desktop,Instagram
E00002741,C00054,S0000640,2025-01-02 13:47:44,page_view,Category,,Desktop,Instagram
E00002742,C00054,S0000640,2025-01-02 13:51:14,product_view,Product,P0056,Desktop,Instagram
E00002743,C00054,S0000641,2025-06-08 08:48:13,page_view,Home,,Mobile,Facebook
E00002744,C00054,S0000641,2025-06-08 08:51:32,search,Search,,Mobile,Facebook
E00002745,C00054,S0000641,2025-06-08 08:53:23,page_view,Category,,Mobile,Facebook
E00002746,C00054,S0000641,2025-06-08 08:56:46,product_view,Product,P0044,Mobile,Facebook
E00002747,C00054,S0000641,2025-06-08 08:58:02,review_view,Reviews,P0024,Mobile,Facebook
E00002748,C00054,S0000641,2025-06-08 08:58:52,add_to_cart,Cart,P0044,Mobile,Facebook
E00002749,C00054,S0000641,2025-06-08 09:01:39,checkout_start,Checkout,P0077,Mobile,Facebook
E00002750,C00054,S0000641,2025-06-08 09:04:25,purchase,Checkout,P0061,Mobile,Facebook
E00002751,C00054,S0000642,2025-02-17 03:59:38,page_view,Home,,Mobile,Google
E00002752,C00054,S0000642,2025-02-17 04:02:47,search,Search,,Mobile,Google
E00002753,C00054,S0000642,2025-02-17 04:03:37,page_view,Category,,Mobile,Google
E00002754,C00054,S0000642,2025-02-17 04:07:01,product_view,Product,P0056,Mobile,Google
E00002755,C00054,S0000642,2025-02-17 04:07:57,review_view,Reviews,P0061,Mobile,Google
E00002756,C00054,S0000643,2024-06-19 05:52:36,page_view,Home,,Mobile,Bing
E00002757,C00054,S0000643,2024-06-19 05:52:58,search,Search,,Mobile,Bing
E00002758,C00054,S0000643,2024-06-19 05:54:24,page_view,Category,,Mobile,Bing
E00002759,C00054,S0000643,2024-06-19 05:57:51,product_view,Product,P0061,Mobile,Bing
E00002760,C00054,S0000643,2024-06-19 06:01:30,review_view,Reviews,P0056,Mobile,Bing
E00002761,C00054,S0000643,2024-06-19 06:01:55,add_to_cart,Cart,P0027,Mobile,Bing
E00002762,C00054,S0000643,2024-06-19 06:05:37,checkout_start,Checkout,P0056,Mobile,Bing
E00002763,C00054,S0000643,2024-06-19 06:08:50,purchase,Checkout,P0056,Mobile,Bing
E00002764,C00054,S0000644,2025-06-28 14:25:41,page_view,Home,,Mobile,Google
E00002765,C00054,S0000644,2025-06-28 14:28:35,search,Search,,Mobile,Google
E00002766,C00054,S0000644,2025-06-28 14:30:02,page_view,Category,,Mobile,Google
E00002767,C00054,S0000644,2025-06-28 14:31:43,product_view,Product,P0027,Mobile,Google
E00002768,C00054,S0000644,2025-06-28 14:34:23,review_view,Reviews,P0056,Mobile,Google
E00002769,C00054,S0000645,2024-12-18 22:42:04,page_view,Home,,Mobile,Affiliate
E00002770,C00054,S0000645,2024-12-18 22:44:23,search,Search,,Mobile,Affiliate
E00002771,C00054,S0000645,2024-12-18 22:48:12,page_view,Category,,Mobile,Affiliate
E00002772,C00054,S0000645,2024-12-18 22:50:41,product_view,Product,P0056,Mobile,Affiliate
E00002773,C00054,S0000645,2024-12-18 22:52:08,review_view,Reviews,P0024,Mobile,Affiliate
E00002774,C00054,S0000646,2025-05-24 18:02:34,page_view,Home,,Desktop,Direct
E00002775,C00054,S0000646,2025-05-24 18:02:55,search,Search,,Desktop,Direct
E00002776,C00054,S0000646,2025-05-24 18:05:24,page_view,Category,,Desktop,Direct
E00002777,C00054,S0000646,2025-05-24 18:05:36,product_view,Product,P0077,Desktop,Direct
E00002778,C00054,S0000646,2025-05-24 18:08:49,review_view,Reviews,P0024,Desktop,Direct
E00002779,C00054,S0000646,2025-05-24 18:11:23,add_to_cart,Cart,P0027,Desktop,Direct
E00002780,C00054,S0000647,2025-11-21 01:45:10,page_view,Home,,Desktop,Email
E00002781,C00054,S0000647,2025-11-21 01:46:36,search,Search,,Desktop,Email
E00002782,C00054,S0000648,2024-11-20 22:36:23,page_view,Home,,Mobile,Direct
E00002783,C00054,S0000649,2024-11-07 06:19:35,page_view,Home,,Mobile,Google
E00002784,C00054,S0000649,2024-11-07 06:19:46,search,Search,,Mobile,Google
E00002785,C00054,S0000649,2024-11-07 06:20:38,page_view,Category,,Mobile,Google
E00002786,C00054,S0000649,2024-11-07 06:21:50,product_view,Product,P0044,Mobile,Google
E00002787,C00054,S0000649,2024-11-07 06:22:17,review_view,Reviews,P0024,Mobile,Google
E00002788,C00054,S0000649,2024-11-07 06:23:06,add_to_cart,Cart,P0044,Mobile,Google
E00002789,C00054,S0000650,2026-01-18 12:05:02,page_view,Home,,Mobile,Affiliate
E00002790,C00054,S0000650,2026-01-18 12:06:38,search,Search,,Mobile,Affiliate
E00002791,C00054,S0000650,2026-01-18 12:08:00,page_view,Category,,Mobile,Affiliate
E00002792,C00054,S0000651,2025-02-21 01:16:32,page_view,Home,,Mobile,Facebook
E00002793,C00054,S0000651,2025-02-21 01:19:05,search,Search,,Mobile,Facebook
E00002794,C00054,S0000652,2025-01-07 07:36:07,page_view,Home,,Mobile,Google
E00002795,C00054,S0000652,2025-01-07 07:39:54,search,Search,,Mobile,Google
E00002796,C00054,S0000652,2025-01-07 07:41:07,page_view,Category,,Mobile,Google
E00002797,C00054,S0000652,2025-01-07 07:42:57,product_view,Product,P0027,Mobile,Google
E00002798,C00054,S0000652,2025-01-07 07:45:38,review_view,Reviews,P0056,Mobile,Google
E00002799,C00054,S0000653,2024-08-04 00:18:16,page_view,Home,,Mobile,Affiliate
E00002800,C00054,S0000653,2024-08-04 00:21:11,search,Search,,Mobile,Affiliate
E00002801,C00054,S0000653,2024-08-04 00:22:20,page_view,Category,,Mobile,Affiliate
E00002802,C00054,S0000653,2024-08-04 00:23:01,product_view,Product,P0027,Mobile,Affiliate
E00002803,C00054,S0000653,2024-08-04 00:26:43,review_view,Reviews,P0044,Mobile,Affiliate
E00002804,C00054,S0000653,2024-08-04 00:30:05,add_to_cart,Cart,P0044,Mobile,Affiliate
E00002805,C00054,S0000653,2024-08-04 00:30:38,checkout_start,Checkout,P0027,Mobile,Affiliate
E00002806,C00054,S0000653,2024-08-04 00:34:33,purchase,Checkout,P0061,Mobile,Affiliate
E00002807,C00054,S0000654,2024-05-19 16:13:25,page_view,Home,,Mobile,Email
E00002808,C00054,S0000654,2024-05-19 16:16:08,search,Search,,Mobile,Email
E00002809,C00054,S0000654,2024-05-19 16:18:55,page_view,Category,,Mobile,Email
E00002810,C00054,S0000654,2024-05-19 16:19:39,product_view,Product,P0024,Mobile,Email
E00002811,C00054,S0000654,2024-05-19 16:20:19,review_view,Reviews,P0027,Mobile,Email
E00002812,C00054,S0000654,2024-05-19 16:21:31,add_to_cart,Cart,P0056,Mobile,Email
E00002813,C00054,S0000655,2025-05-07 07:13:33,page_view,Home,,Mobile,Bing
E00002814,C00054,S0000656,2024-05-28 00:33:04,page_view,Home,,Desktop,Affiliate
E00002815,C00054,S0000656,2024-05-28 00:35:38,search,Search,,Desktop,Affiliate
E00002816,C00054,S0000656,2024-05-28 00:36:40,page_view,Category,,Desktop,Affiliate
E00002817,C00055,S0000657,2025-08-21 21:20:37,page_view,Home,,Mobile,Google
E00002818,C00055,S0000658,2026-03-05 13:34:48,page_view,Home,,Desktop,Email
E00002819,C00055,S0000658,2026-03-05 13:36:59,search,Search,,Desktop,Email
E00002820,C00055,S0000659,2025-12-12 05:31:58,page_view,Home,,Desktop,Bing
E00002821,C00055,S0000659,2025-12-12 05:32:34,search,Search,,Desktop,Bing
E00002822,C00055,S0000659,2025-12-12 05:36:33,page_view,Category,,Desktop,Bing
E00002823,C00055,S0000659,2025-12-12 05:37:19,product_view,Product,P0065,Desktop,Bing
E00002824,C00055,S0000659,2025-12-12 05:37:35,review_view,Reviews,P0045,Desktop,Bing
E00002825,C00055,S0000660,2026-02-04 04:25:50,page_view,Home,,Mobile,Facebook
E00002826,C00055,S0000660,2026-02-04 04:26:40,search,Search,,Mobile,Facebook
E00002827,C00055,S0000660,2026-02-04 04:29:38,page_view,Category,,Mobile,Facebook
E00002828,C00055,S0000660,2026-02-04 04:32:57,product_view,Product,P0045,Mobile,Facebook
E00002829,C00055,S0000661,2025-11-16 11:29:37,page_view,Home,,Mobile,Affiliate
E00002830,C00055,S0000661,2025-11-16 11:30:03,search,Search,,Mobile,Affiliate
E00002831,C00055,S0000661,2025-11-16 11:31:43,page_view,Category,,Mobile,Affiliate
E00002832,C00055,S0000661,2025-11-16 11:34:49,product_view,Product,P0030,Mobile,Affiliate
E00002833,C00055,S0000661,2025-11-16 11:38:39,review_view,Reviews,P0031,Mobile,Affiliate
E00002834,C00055,S0000661,2025-11-16 11:40:19,add_to_cart,Cart,P0016,Mobile,Affiliate
E00002835,C00055,S0000662,2025-12-11 03:28:25,page_view,Home,,Mobile,Facebook
E00002836,C00055,S0000662,2025-12-11 03:29:01,search,Search,,Mobile,Facebook
E00002837,C00055,S0000663,2025-12-02 08:42:05,page_view,Home,,Desktop,Instagram
E00002838,C00055,S0000663,2025-12-02 08:44:13,search,Search,,Desktop,Instagram
E00002839,C00055,S0000663,2025-12-02 08:47:06,page_view,Category,,Desktop,Instagram
E00002840,C00055,S0000663,2025-12-02 08:47:51,product_view,Product,P0031,Desktop,Instagram
E00002841,C00055,S0000663,2025-12-02 08:50:00,review_view,Reviews,P0045,Desktop,Instagram
E00002842,C00055,S0000663,2025-12-02 08:50:42,add_to_cart,Cart,P0031,Desktop,Instagram
E00002843,C00055,S0000663,2025-12-02 08:53:49,checkout_start,Checkout,P0065,Desktop,Instagram
E00002844,C00055,S0000663,2025-12-02 08:55:03,purchase,Checkout,P0079,Desktop,Instagram
E00002845,C00055,S0000664,2025-09-07 05:36:11,page_view,Home,,Mobile,Email
E00002846,C00055,S0000664,2025-09-07 05:39:01,search,Search,,Mobile,Email
E00002847,C00055,S0000664,2025-09-07 05:42:35,page_view,Category,,Mobile,Email
E00002848,C00055,S0000664,2025-09-07 05:45:37,product_view,Product,P0031,Mobile,Email
E00002849,C00055,S0000664,2025-09-07 05:48:46,review_view,Reviews,P0045,Mobile,Email
E00002850,C00055,S0000664,2025-09-07 05:52:18,add_to_cart,Cart,P0016,Mobile,Email
E00002851,C00055,S0000665,2026-04-30 06:36:09,page_view,Home,,Mobile,Facebook
E00002852,C00055,S0000665,2026-04-30 06:38:25,search,Search,,Mobile,Facebook
E00002853,C00055,S0000665,2026-04-30 06:38:45,page_view,Category,,Mobile,Facebook
E00002854,C00055,S0000665,2026-04-30 06:40:45,product_view,Product,P0033,Mobile,Facebook
E00002855,C00055,S0000665,2026-04-30 06:43:37,review_view,Reviews,P0033,Mobile,Facebook
E00002856,C00055,S0000666,2026-04-22 07:15:48,page_view,Home,,Desktop,Facebook
E00002857,C00055,S0000666,2026-04-22 07:18:20,search,Search,,Desktop,Facebook
E00002858,C00055,S0000666,2026-04-22 07:20:20,page_view,Category,,Desktop,Facebook
E00002859,C00055,S0000666,2026-04-22 07:22:00,product_view,Product,P0016,Desktop,Facebook
E00002860,C00055,S0000666,2026-04-22 07:23:41,review_view,Reviews,P0079,Desktop,Facebook
E00002861,C00055,S0000666,2026-04-22 07:26:29,add_to_cart,Cart,P0016,Desktop,Facebook
E00002862,C00055,S0000667,2025-09-24 12:24:42,page_view,Home,,Mobile,Instagram
E00002863,C00055,S0000667,2025-09-24 12:25:06,search,Search,,Mobile,Instagram
E00002864,C00055,S0000667,2025-09-24 12:29:02,page_view,Category,,Mobile,Instagram
E00002865,C00055,S0000667,2025-09-24 12:31:25,product_view,Product,P0031,Mobile,Instagram
E00002866,C00055,S0000668,2026-05-23 18:23:31,page_view,Home,,Mobile,Google
E00002867,C00055,S0000668,2026-05-23 18:26:50,search,Search,,Mobile,Google
E00002868,C00055,S0000668,2026-05-23 18:29:18,page_view,Category,,Mobile,Google
E00002869,C00055,S0000668,2026-05-23 18:30:11,product_view,Product,P0079,Mobile,Google
E00002870,C00055,S0000668,2026-05-23 18:31:43,review_view,Reviews,P0065,Mobile,Google
E00002871,C00055,S0000668,2026-05-23 18:33:44,add_to_cart,Cart,P0065,Mobile,Google
E00002872,C00055,S0000669,2026-03-03 04:56:42,page_view,Home,,Desktop,Bing
E00002873,C00055,S0000669,2026-03-03 04:58:55,search,Search,,Desktop,Bing
E00002874,C00055,S0000669,2026-03-03 04:59:37,page_view,Category,,Desktop,Bing
E00002875,C00055,S0000669,2026-03-03 05:02:35,product_view,Product,P0045,Desktop,Bing
E00002876,C00055,S0000670,2025-09-26 13:13:13,page_view,Home,,Desktop,Email
E00002877,C00055,S0000670,2025-09-26 13:16:31,search,Search,,Desktop,Email
E00002878,C00055,S0000670,2025-09-26 13:18:16,page_view,Category,,Desktop,Email
E00002879,C00055,S0000671,2025-08-12 21:20:55,page_view,Home,,Mobile,Email
E00002880,C00055,S0000671,2025-08-12 21:21:07,search,Search,,Mobile,Email
E00002881,C00055,S0000671,2025-08-12 21:24:30,page_view,Category,,Mobile,Email
E00002882,C00055,S0000672,2025-08-25 19:26:51,page_view,Home,,Desktop,Affiliate
E00002883,C00055,S0000672,2025-08-25 19:27:44,search,Search,,Desktop,Affiliate
E00002884,C00056,S0000673,2025-11-20 16:20:53,page_view,Home,,Mobile,Bing
E00002885,C00056,S0000673,2025-11-20 16:21:49,search,Search,,Mobile,Bing
E00002886,C00056,S0000674,2025-01-30 03:18:32,page_view,Home,,Mobile,Bing
E00002887,C00056,S0000674,2025-01-30 03:19:55,search,Search,,Mobile,Bing
E00002888,C00056,S0000674,2025-01-30 03:22:30,page_view,Category,,Mobile,Bing
E00002889,C00056,S0000674,2025-01-30 03:25:06,product_view,Product,P0008,Mobile,Bing
E00002890,C00056,S0000674,2025-01-30 03:27:48,review_view,Reviews,P0005,Mobile,Bing
E00002891,C00056,S0000674,2025-01-30 03:31:19,add_to_cart,Cart,P0005,Mobile,Bing
E00002892,C00056,S0000674,2025-01-30 03:34:04,checkout_start,Checkout,P0054,Mobile,Bing
E00002893,C00056,S0000674,2025-01-30 03:37:01,purchase,Checkout,P0013,Mobile,Bing
E00002894,C00056,S0000675,2026-02-24 06:12:03,page_view,Home,,Mobile,Instagram
E00002895,C00056,S0000675,2026-02-24 06:13:20,search,Search,,Mobile,Instagram
E00002896,C00056,S0000675,2026-02-24 06:17:02,page_view,Category,,Mobile,Instagram
E00002897,C00056,S0000675,2026-02-24 06:21:00,product_view,Product,P0010,Mobile,Instagram
E00002898,C00056,S0000675,2026-02-24 06:24:41,review_view,Reviews,P0058,Mobile,Instagram
E00002899,C00056,S0000675,2026-02-24 06:25:04,add_to_cart,Cart,P0021,Mobile,Instagram
E00002900,C00056,S0000676,2026-01-21 15:40:21,page_view,Home,,Desktop,Affiliate
E00002901,C00056,S0000676,2026-01-21 15:40:35,search,Search,,Desktop,Affiliate
E00002902,C00056,S0000676,2026-01-21 15:43:48,add_to_cart,Cart,P0008,Desktop,Affiliate
E00002903,C00056,S0000676,2026-01-21 15:46:35,checkout_start,Checkout,P0005,Desktop,Affiliate
E00002904,C00056,S0000676,2026-01-21 15:46:57,purchase,Checkout,P0054,Desktop,Affiliate
E00002905,C00056,S0000677,2025-04-13 20:56:51,page_view,Home,,Mobile,Facebook
E00002906,C00056,S0000677,2025-04-13 20:57:35,search,Search,,Mobile,Facebook
E00002907,C00056,S0000678,2025-06-30 10:52:30,page_view,Home,,Desktop,Google
E00002908,C00056,S0000678,2025-06-30 10:56:18,search,Search,,Desktop,Google
E00002909,C00056,S0000678,2025-06-30 10:56:29,page_view,Category,,Desktop,Google
E00002910,C00056,S0000678,2025-06-30 10:59:36,product_view,Product,P0005,Desktop,Google
E00002911,C00056,S0000678,2025-06-30 11:01:33,review_view,Reviews,P0005,Desktop,Google
E00002912,C00056,S0000678,2025-06-30 11:03:58,add_to_cart,Cart,P0008,Desktop,Google
E00002913,C00056,S0000678,2025-06-30 11:06:06,checkout_start,Checkout,P0013,Desktop,Google
E00002914,C00056,S0000678,2025-06-30 11:09:04,purchase,Checkout,P0005,Desktop,Google
E00002915,C00056,S0000679,2025-12-11 14:37:27,page_view,Home,,Desktop,Instagram
E00002916,C00056,S0000679,2025-12-11 14:41:12,search,Search,,Desktop,Instagram
E00002917,C00056,S0000679,2025-12-11 14:41:36,page_view,Category,,Desktop,Instagram
E00002918,C00056,S0000679,2025-12-11 14:43:47,add_to_cart,Cart,P0013,Desktop,Instagram
E00002919,C00056,S0000679,2025-12-11 14:47:39,checkout_start,Checkout,P0008,Desktop,Instagram
E00002920,C00056,S0000679,2025-12-11 14:49:29,purchase,Checkout,P0010,Desktop,Instagram
E00002921,C00056,S0000680,2025-08-28 19:09:35,page_view,Home,,Mobile,Bing
E00002922,C00056,S0000680,2025-08-28 19:11:43,search,Search,,Mobile,Bing
E00002923,C00056,S0000680,2025-08-28 19:12:37,page_view,Category,,Mobile,Bing
E00002924,C00056,S0000680,2025-08-28 19:13:38,product_view,Product,P0010,Mobile,Bing
E00002925,C00056,S0000680,2025-08-28 19:15:36,review_view,Reviews,P0005,Mobile,Bing
E00002926,C00056,S0000681,2026-04-17 15:33:37,page_view,Home,,Desktop,Google
E00002927,C00056,S0000681,2026-04-17 15:37:33,search,Search,,Desktop,Google
E00002928,C00056,S0000681,2026-04-17 15:38:33,page_view,Category,,Desktop,Google
E00002929,C00056,S0000681,2026-04-17 15:42:04,product_view,Product,P0013,Desktop,Google
E00002930,C00056,S0000681,2026-04-17 15:42:43,review_view,Reviews,P0005,Desktop,Google
E00002931,C00056,S0000682,2025-10-09 10:21:41,page_view,Home,,Mobile,Google
E00002932,C00056,S0000682,2025-10-09 10:22:16,search,Search,,Mobile,Google
E00002933,C00056,S0000682,2025-10-09 10:24:05,page_view,Category,,Mobile,Google
E00002934,C00056,S0000682,2025-10-09 10:25:44,product_view,Product,P0010,Mobile,Google
E00002935,C00056,S0000682,2025-10-09 10:29:44,review_view,Reviews,P0058,Mobile,Google
E00002936,C00056,S0000683,2025-11-07 04:17:02,page_view,Home,,Mobile,Instagram
E00002937,C00056,S0000683,2025-11-07 04:21:01,search,Search,,Mobile,Instagram
E00002938,C00056,S0000683,2025-11-07 04:22:50,page_view,Category,,Mobile,Instagram
E00002939,C00056,S0000683,2025-11-07 04:25:13,product_view,Product,P0010,Mobile,Instagram
E00002940,C00056,S0000683,2025-11-07 04:27:25,review_view,Reviews,P0013,Mobile,Instagram
E00002941,C00056,S0000683,2025-11-07 04:31:23,add_to_cart,Cart,P0058,Mobile,Instagram
E00002942,C00056,S0000683,2025-11-07 04:31:41,checkout_start,Checkout,P0013,Mobile,Instagram
E00002943,C00056,S0000683,2025-11-07 04:35:30,purchase,Checkout,P0054,Mobile,Instagram
E00002944,C00056,S0000684,2025-08-18 09:09:41,page_view,Home,,Tablet,Email
E00002945,C00056,S0000684,2025-08-18 09:13:36,search,Search,,Tablet,Email
E00002946,C00056,S0000684,2025-08-18 09:15:35,page_view,Category,,Tablet,Email
E00002947,C00056,S0000684,2025-08-18 09:19:12,product_view,Product,P0005,Tablet,Email
E00002948,C00056,S0000684,2025-08-18 09:21:23,review_view,Reviews,P0010,Tablet,Email
E00002949,C00056,S0000684,2025-08-18 09:25:12,add_to_cart,Cart,P0010,Tablet,Email
E00002950,C00056,S0000684,2025-08-18 09:25:47,checkout_start,Checkout,P0021,Tablet,Email
E00002951,C00056,S0000684,2025-08-18 09:28:17,purchase,Checkout,P0013,Tablet,Email
E00002952,C00056,S0000685,2025-02-06 03:09:57,page_view,Home,,Mobile,Google
E00002953,C00056,S0000685,2025-02-06 03:11:23,search,Search,,Mobile,Google
E00002954,C00056,S0000685,2025-02-06 03:14:31,page_view,Category,,Mobile,Google
E00002955,C00056,S0000685,2025-02-06 03:15:27,product_view,Product,P0005,Mobile,Google
E00002956,C00056,S0000685,2025-02-06 03:19:22,review_view,Reviews,P0008,Mobile,Google
E00002957,C00056,S0000685,2025-02-06 03:20:45,add_to_cart,Cart,P0021,Mobile,Google
E00002958,C00057,S0000686,2026-02-21 02:53:22,page_view,Home,,Mobile,Instagram
E00002959,C00057,S0000686,2026-02-21 02:54:57,search,Search,,Mobile,Instagram
E00002960,C00057,S0000686,2026-02-21 02:58:30,page_view,Category,,Mobile,Instagram
E00002961,C00057,S0000686,2026-02-21 02:59:30,product_view,Product,P0080,Mobile,Instagram
E00002962,C00057,S0000686,2026-02-21 03:03:10,review_view,Reviews,P0063,Mobile,Instagram
E00002963,C00057,S0000686,2026-02-21 03:05:46,add_to_cart,Cart,P0038,Mobile,Instagram
E00002964,C00057,S0000686,2026-02-21 03:07:50,checkout_start,Checkout,P0001,Mobile,Instagram
E00002965,C00057,S0000686,2026-02-21 03:08:42,purchase,Checkout,P0053,Mobile,Instagram
E00002966,C00057,S0000687,2026-03-07 19:33:00,page_view,Home,,Desktop,Google
E00002967,C00057,S0000687,2026-03-07 19:35:33,search,Search,,Desktop,Google
E00002968,C00057,S0000687,2026-03-07 19:38:08,page_view,Category,,Desktop,Google
E00002969,C00057,S0000688,2025-10-29 10:16:44,page_view,Home,,Mobile,Affiliate
E00002970,C00057,S0000688,2025-10-29 10:18:02,search,Search,,Mobile,Affiliate
E00002971,C00057,S0000688,2025-10-29 10:18:28,page_view,Category,,Mobile,Affiliate
E00002972,C00057,S0000688,2025-10-29 10:21:25,product_view,Product,P0001,Mobile,Affiliate
E00002973,C00057,S0000688,2025-10-29 10:21:35,review_view,Reviews,P0050,Mobile,Affiliate
E00002974,C00057,S0000688,2025-10-29 10:22:43,add_to_cart,Cart,P0080,Mobile,Affiliate
E00002975,C00057,S0000688,2025-10-29 10:26:36,checkout_start,Checkout,P0050,Mobile,Affiliate
E00002976,C00057,S0000688,2025-10-29 10:29:26,purchase,Checkout,P0050,Mobile,Affiliate
E00002977,C00057,S0000689,2026-06-11 09:48:45,page_view,Home,,Mobile,Bing
E00002978,C00057,S0000689,2026-06-11 09:51:26,search,Search,,Mobile,Bing
E00002979,C00057,S0000690,2025-10-16 01:14:02,page_view,Home,,Mobile,Bing
E00002980,C00057,S0000690,2025-10-16 01:16:01,search,Search,,Mobile,Bing
E00002981,C00057,S0000690,2025-10-16 01:16:23,page_view,Category,,Mobile,Bing
E00002982,C00057,S0000690,2025-10-16 01:17:51,product_view,Product,P0078,Mobile,Bing
E00002983,C00057,S0000690,2025-10-16 01:21:37,review_view,Reviews,P0069,Mobile,Bing
E00002984,C00057,S0000691,2025-11-25 10:42:42,page_view,Home,,Desktop,Bing
E00002985,C00057,S0000691,2025-11-25 10:43:46,search,Search,,Desktop,Bing
E00002986,C00057,S0000692,2026-05-30 01:55:39,page_view,Home,,Mobile,Instagram
E00002987,C00057,S0000692,2026-05-30 01:58:35,search,Search,,Mobile,Instagram
E00002988,C00057,S0000692,2026-05-30 02:02:24,page_view,Category,,Mobile,Instagram
E00002989,C00057,S0000693,2026-04-05 15:11:52,page_view,Home,,Mobile,Affiliate
E00002990,C00057,S0000693,2026-04-05 15:13:41,search,Search,,Mobile,Affiliate
E00002991,C00057,S0000694,2026-02-04 14:44:34,page_view,Home,,Tablet,Direct
E00002992,C00057,S0000694,2026-02-04 14:47:32,search,Search,,Tablet,Direct
E00002993,C00057,S0000694,2026-02-04 14:48:58,page_view,Category,,Tablet,Direct
E00002994,C00057,S0000694,2026-02-04 14:52:53,product_view,Product,P0006,Tablet,Direct
E00002995,C00057,S0000695,2026-06-30 13:35:07,page_view,Home,,Mobile,Direct
E00002996,C00057,S0000695,2026-06-30 13:37:12,search,Search,,Mobile,Direct
E00002997,C00057,S0000695,2026-06-30 13:39:23,page_view,Category,,Mobile,Direct
E00002998,C00057,S0000695,2026-06-30 13:42:31,product_view,Product,P0019,Mobile,Direct
E00002999,C00057,S0000695,2026-06-30 13:45:08,review_view,Reviews,P0007,Mobile,Direct
E00003000,C00057,S0000695,2026-06-30 13:45:20,add_to_cart,Cart,P0080,Mobile,Direct
E00003001,C00057,S0000696,2026-03-14 12:12:34,page_view,Home,,Desktop,Facebook
E00003002,C00057,S0000697,2025-10-18 10:33:56,page_view,Home,,Desktop,Instagram
E00003003,C00057,S0000697,2025-10-18 10:35:32,search,Search,,Desktop,Instagram
E00003004,C00057,S0000697,2025-10-18 10:39:32,page_view,Category,,Desktop,Instagram
E00003005,C00057,S0000697,2025-10-18 10:39:51,product_view,Product,P0036,Desktop,Instagram
E00003006,C00057,S0000697,2025-10-18 10:43:01,review_view,Reviews,P0036,Desktop,Instagram
E00003007,C00057,S0000697,2025-10-18 10:45:04,add_to_cart,Cart,P0038,Desktop,Instagram
E00003008,C00057,S0000698,2026-05-13 21:35:34,page_view,Home,,Mobile,Affiliate
E00003009,C00057,S0000698,2026-05-13 21:38:34,search,Search,,Mobile,Affiliate
E00003010,C00057,S0000698,2026-05-13 21:39:38,page_view,Category,,Mobile,Affiliate
E00003011,C00057,S0000698,2026-05-13 21:39:53,product_view,Product,P0063,Mobile,Affiliate
E00003012,C00057,S0000699,2026-06-06 04:24:35,page_view,Home,,Desktop,Instagram
E00003013,C00057,S0000699,2026-06-06 04:28:32,search,Search,,Desktop,Instagram
E00003014,C00057,S0000699,2026-06-06 04:32:21,page_view,Category,,Desktop,Instagram
E00003015,C00057,S0000699,2026-06-06 04:34:32,product_view,Product,P0038,Desktop,Instagram
E00003016,C00057,S0000699,2026-06-06 04:38:00,add_to_cart,Cart,P0006,Desktop,Instagram
E00003017,C00057,S0000699,2026-06-06 04:40:47,checkout_start,Checkout,P0001,Desktop,Instagram
E00003018,C00057,S0000699,2026-06-06 04:44:14,purchase,Checkout,P0080,Desktop,Instagram
E00003019,C00057,S0000700,2026-05-27 18:31:29,page_view,Home,,Mobile,Email
E00003020,C00057,S0000700,2026-05-27 18:34:32,search,Search,,Mobile,Email
E00003021,C00057,S0000700,2026-05-27 18:37:15,page_view,Category,,Mobile,Email
E00003022,C00057,S0000700,2026-05-27 18:40:51,product_view,Product,P0002,Mobile,Email
E00003023,C00057,S0000700,2026-05-27 18:42:40,review_view,Reviews,P0078,Mobile,Email
E00003024,C00058,S0000701,2025-07-29 20:53:18,page_view,Home,,Desktop,Affiliate
E00003025,C00058,S0000701,2025-07-29 20:56:25,search,Search,,Desktop,Affiliate
E00003026,C00058,S0000701,2025-07-29 20:59:13,page_view,Category,,Desktop,Affiliate
E00003027,C00058,S0000701,2025-07-29 21:03:05,product_view,Product,P0058,Desktop,Affiliate
E00003028,C00058,S0000702,2026-05-30 17:34:54,page_view,Home,,Desktop,Email
E00003029,C00058,S0000702,2026-05-30 17:36:26,search,Search,,Desktop,Email
E00003030,C00058,S0000702,2026-05-30 17:40:13,page_view,Category,,Desktop,Email
E00003031,C00058,S0000702,2026-05-30 17:40:28,product_view,Product,P0058,Desktop,Email
E00003032,C00058,S0000702,2026-05-30 17:43:29,review_view,Reviews,P0054,Desktop,Email
E00003033,C00058,S0000702,2026-05-30 17:44:56,add_to_cart,Cart,P0021,Desktop,Email
E00003034,C00058,S0000702,2026-05-30 17:45:41,checkout_start,Checkout,P0008,Desktop,Email
E00003035,C00058,S0000702,2026-05-30 17:49:23,purchase,Checkout,P0005,Desktop,Email
E00003036,C00058,S0000703,2026-04-11 02:11:36,page_view,Home,,Mobile,Affiliate
E00003037,C00058,S0000703,2026-04-11 02:12:05,search,Search,,Mobile,Affiliate
E00003038,C00058,S0000704,2026-02-15 16:10:41,page_view,Home,,Mobile,Direct
E00003039,C00058,S0000705,2025-03-12 14:40:50,page_view,Home,,Tablet,Direct
E00003040,C00058,S0000705,2025-03-12 14:41:49,search,Search,,Tablet,Direct
E00003041,C00058,S0000705,2025-03-12 14:45:26,page_view,Category,,Tablet,Direct
E00003042,C00058,S0000705,2025-03-12 14:48:04,product_view,Product,P0021,Tablet,Direct
E00003043,C00058,S0000705,2025-03-12 14:48:59,review_view,Reviews,P0058,Tablet,Direct
E00003044,C00058,S0000706,2026-06-05 22:27:17,page_view,Home,,Desktop,Google
E00003045,C00058,S0000707,2025-05-02 20:28:25,page_view,Home,,Tablet,Email
E00003046,C00058,S0000707,2025-05-02 20:31:52,search,Search,,Tablet,Email
E00003047,C00058,S0000708,2025-08-26 16:54:49,page_view,Home,,Desktop,Facebook
E00003048,C00058,S0000709,2025-11-11 22:15:13,page_view,Home,,Mobile,Direct
E00003049,C00058,S0000709,2025-11-11 22:18:26,search,Search,,Mobile,Direct
E00003050,C00058,S0000710,2025-08-28 03:13:09,page_view,Home,,Mobile,Affiliate
E00003051,C00058,S0000710,2025-08-28 03:15:52,search,Search,,Mobile,Affiliate
E00003052,C00058,S0000710,2025-08-28 03:18:59,page_view,Category,,Mobile,Affiliate
E00003053,C00058,S0000710,2025-08-28 03:19:13,product_view,Product,P0005,Mobile,Affiliate
E00003054,C00058,S0000710,2025-08-28 03:20:35,review_view,Reviews,P0010,Mobile,Affiliate
E00003055,C00058,S0000711,2026-03-04 16:23:52,page_view,Home,,Mobile,Facebook
E00003056,C00058,S0000712,2026-03-25 06:56:03,page_view,Home,,Mobile,Google
E00003057,C00058,S0000713,2025-08-25 20:27:37,page_view,Home,,Mobile,Email
E00003058,C00058,S0000713,2025-08-25 20:31:14,search,Search,,Mobile,Email
E00003059,C00058,S0000713,2025-08-25 20:31:37,page_view,Category,,Mobile,Email
E00003060,C00058,S0000713,2025-08-25 20:34:45,product_view,Product,P0008,Mobile,Email
E00003061,C00058,S0000713,2025-08-25 20:38:15,review_view,Reviews,P0058,Mobile,Email
E00003062,C00058,S0000713,2025-08-25 20:41:22,add_to_cart,Cart,P0054,Mobile,Email
E00003063,C00058,S0000714,2025-03-18 16:57:58,page_view,Home,,Mobile,Email
E00003064,C00058,S0000714,2025-03-18 16:59:46,search,Search,,Mobile,Email
E00003065,C00058,S0000714,2025-03-18 17:02:38,page_view,Category,,Mobile,Email
E00003066,C00058,S0000714,2025-03-18 17:04:24,product_view,Product,P0054,Mobile,Email
E00003067,C00058,S0000714,2025-03-18 17:05:43,review_view,Reviews,P0054,Mobile,Email
E00003068,C00058,S0000714,2025-03-18 17:06:49,add_to_cart,Cart,P0054,Mobile,Email
E00003069,C00058,S0000714,2025-03-18 17:07:28,checkout_start,Checkout,P0010,Mobile,Email
E00003070,C00058,S0000714,2025-03-18 17:11:24,purchase,Checkout,P0054,Mobile,Email
E00003071,C00058,S0000715,2026-06-24 21:08:35,page_view,Home,,Desktop,Direct
E00003072,C00058,S0000715,2026-06-24 21:11:31,search,Search,,Desktop,Direct
E00003073,C00058,S0000715,2026-06-24 21:15:18,page_view,Category,,Desktop,Direct
E00003074,C00058,S0000715,2026-06-24 21:16:32,product_view,Product,P0058,Desktop,Direct
E00003075,C00058,S0000715,2026-06-24 21:19:10,review_view,Reviews,P0054,Desktop,Direct
E00003076,C00058,S0000715,2026-06-24 21:22:08,add_to_cart,Cart,P0008,Desktop,Direct
E00003077,C00058,S0000716,2026-06-07 03:24:08,page_view,Home,,Mobile,Direct
E00003078,C00058,S0000716,2026-06-07 03:26:19,search,Search,,Mobile,Direct
E00003079,C00058,S0000716,2026-06-07 03:26:42,page_view,Category,,Mobile,Direct
E00003080,C00059,S0000717,2025-10-07 23:00:22,page_view,Home,,Mobile,Direct
E00003081,C00059,S0000717,2025-10-07 23:03:13,search,Search,,Mobile,Direct
E00003082,C00059,S0000717,2025-10-07 23:05:41,page_view,Category,,Mobile,Direct
E00003083,C00059,S0000718,2025-03-26 18:51:30,page_view,Home,,Desktop,Instagram
E00003084,C00059,S0000718,2025-03-26 18:53:22,search,Search,,Desktop,Instagram
E00003085,C00059,S0000718,2025-03-26 18:54:10,page_view,Category,,Desktop,Instagram
E00003086,C00059,S0000718,2025-03-26 18:56:35,product_view,Product,P0027,Desktop,Instagram
E00003087,C00059,S0000718,2025-03-26 18:59:18,review_view,Reviews,P0056,Desktop,Instagram
E00003088,C00059,S0000719,2025-12-16 06:22:11,page_view,Home,,Desktop,Email
E00003089,C00059,S0000719,2025-12-16 06:23:44,search,Search,,Desktop,Email
E00003090,C00059,S0000719,2025-12-16 06:27:06,page_view,Category,,Desktop,Email
E00003091,C00059,S0000719,2025-12-16 06:27:23,product_view,Product,P0077,Desktop,Email
E00003092,C00059,S0000719,2025-12-16 06:31:10,review_view,Reviews,P0024,Desktop,Email
E00003093,C00059,S0000720,2025-10-30 05:22:44,page_view,Home,,Tablet,Facebook
E00003094,C00059,S0000720,2025-10-30 05:25:38,search,Search,,Tablet,Facebook
E00003095,C00059,S0000720,2025-10-30 05:28:33,page_view,Category,,Tablet,Facebook
E00003096,C00059,S0000720,2025-10-30 05:30:42,product_view,Product,P0077,Tablet,Facebook
E00003097,C00059,S0000721,2025-07-29 03:17:06,page_view,Home,,Mobile,Facebook
E00003098,C00059,S0000722,2025-05-06 21:52:32,page_view,Home,,Mobile,Email
E00003099,C00059,S0000722,2025-05-06 21:54:25,search,Search,,Mobile,Email
E00003100,C00059,S0000722,2025-05-06 21:56:15,page_view,Category,,Mobile,Email
E00003101,C00059,S0000722,2025-05-06 21:56:58,product_view,Product,P0024,Mobile,Email
E00003102,C00059,S0000722,2025-05-06 21:59:30,review_view,Reviews,P0024,Mobile,Email
E00003103,C00059,S0000722,2025-05-06 22:01:55,add_to_cart,Cart,P0027,Mobile,Email
E00003104,C00059,S0000723,2026-05-14 00:40:09,page_view,Home,,Mobile,Email
E00003105,C00059,S0000723,2026-05-14 00:41:03,search,Search,,Mobile,Email
E00003106,C00059,S0000723,2026-05-14 00:43:00,add_to_cart,Cart,P0027,Mobile,Email
E00003107,C00059,S0000723,2026-05-14 00:46:02,checkout_start,Checkout,P0044,Mobile,Email
E00003108,C00059,S0000723,2026-05-14 00:47:23,purchase,Checkout,P0044,Mobile,Email
E00003109,C00059,S0000724,2025-06-29 11:53:31,page_view,Home,,Desktop,Affiliate
E00003110,C00059,S0000724,2025-06-29 11:55:06,search,Search,,Desktop,Affiliate
E00003111,C00059,S0000724,2025-06-29 11:57:29,page_view,Category,,Desktop,Affiliate
E00003112,C00059,S0000724,2025-06-29 12:00:33,product_view,Product,P0056,Desktop,Affiliate
E00003113,C00059,S0000724,2025-06-29 12:04:33,review_view,Reviews,P0024,Desktop,Affiliate
E00003114,C00059,S0000724,2025-06-29 12:05:03,add_to_cart,Cart,P0027,Desktop,Affiliate
E00003115,C00059,S0000725,2025-03-15 10:47:55,page_view,Home,,Mobile,Google
E00003116,C00059,S0000725,2025-03-15 10:51:49,search,Search,,Mobile,Google
E00003117,C00059,S0000725,2025-03-15 10:53:34,page_view,Category,,Mobile,Google
E00003118,C00059,S0000725,2025-03-15 10:54:39,product_view,Product,P0056,Mobile,Google
E00003119,C00059,S0000725,2025-03-15 10:57:21,review_view,Reviews,P0024,Mobile,Google
E00003120,C00059,S0000725,2025-03-15 11:00:00,add_to_cart,Cart,P0024,Mobile,Google
E00003121,C00059,S0000726,2026-06-27 05:43:45,page_view,Home,,Mobile,Google
E00003122,C00059,S0000726,2026-06-27 05:45:03,search,Search,,Mobile,Google
E00003123,C00059,S0000726,2026-06-27 05:47:38,page_view,Category,,Mobile,Google
E00003124,C00059,S0000726,2026-06-27 05:49:43,product_view,Product,P0056,Mobile,Google
E00003125,C00059,S0000726,2026-06-27 05:53:23,review_view,Reviews,P0077,Mobile,Google
E00003126,C00059,S0000726,2026-06-27 05:53:48,add_to_cart,Cart,P0027,Mobile,Google
E00003127,C00059,S0000727,2026-01-16 13:44:22,page_view,Home,,Mobile,Email
E00003128,C00059,S0000727,2026-01-16 13:45:34,search,Search,,Mobile,Email
E00003129,C00059,S0000727,2026-01-16 13:47:20,page_view,Category,,Mobile,Email
E00003130,C00059,S0000727,2026-01-16 13:48:51,product_view,Product,P0027,Mobile,Email
E00003131,C00059,S0000727,2026-01-16 13:52:37,review_view,Reviews,P0077,Mobile,Email
E00003132,C00059,S0000728,2025-08-14 01:34:06,page_view,Home,,Desktop,Bing
E00003133,C00059,S0000728,2025-08-14 01:37:28,search,Search,,Desktop,Bing
E00003134,C00059,S0000728,2025-08-14 01:37:58,page_view,Category,,Desktop,Bing
E00003135,C00059,S0000729,2026-03-03 19:26:56,page_view,Home,,Desktop,Bing
E00003136,C00059,S0000729,2026-03-03 19:27:10,search,Search,,Desktop,Bing
E00003137,C00059,S0000729,2026-03-03 19:28:22,page_view,Category,,Desktop,Bing
E00003138,C00059,S0000729,2026-03-03 19:32:15,product_view,Product,P0056,Desktop,Bing
E00003139,C00059,S0000729,2026-03-03 19:35:56,review_view,Reviews,P0077,Desktop,Bing
E00003140,C00059,S0000729,2026-03-03 19:37:15,add_to_cart,Cart,P0061,Desktop,Bing
E00003141,C00059,S0000730,2025-12-14 05:22:03,page_view,Home,,Mobile,Instagram
E00003142,C00059,S0000731,2025-11-30 13:27:45,page_view,Home,,Mobile,Google
E00003143,C00059,S0000731,2025-11-30 13:28:54,search,Search,,Mobile,Google
E00003144,C00059,S0000732,2025-10-15 01:26:23,page_view,Home,,Mobile,Facebook
E00003145,C00059,S0000732,2025-10-15 01:28:17,search,Search,,Mobile,Facebook
E00003146,C00059,S0000732,2025-10-15 01:29:39,page_view,Category,,Mobile,Facebook
E00003147,C00059,S0000733,2026-01-03 02:44:46,page_view,Home,,Mobile,Instagram
E00003148,C00059,S0000734,2026-06-07 06:22:54,page_view,Home,,Mobile,Facebook
E00003149,C00059,S0000734,2026-06-07 06:24:43,add_to_cart,Cart,P0027,Mobile,Facebook
E00003150,C00059,S0000734,2026-06-07 06:25:35,checkout_start,Checkout,P0056,Mobile,Facebook
E00003151,C00059,S0000734,2026-06-07 06:28:09,purchase,Checkout,P0061,Mobile,Facebook
E00003152,C00059,S0000735,2025-05-14 00:26:51,page_view,Home,,Tablet,Facebook
E00003153,C00059,S0000735,2025-05-14 00:28:45,search,Search,,Tablet,Facebook
E00003154,C00059,S0000735,2025-05-14 00:29:40,page_view,Category,,Tablet,Facebook
E00003155,C00060,S0000736,2025-06-25 12:36:05,page_view,Home,,Desktop,Facebook
E00003156,C00060,S0000736,2025-06-25 12:39:45,search,Search,,Desktop,Facebook
E00003157,C00060,S0000736,2025-06-25 12:40:34,page_view,Category,,Desktop,Facebook
E00003158,C00060,S0000737,2026-01-16 22:01:04,page_view,Home,,Mobile,Bing
E00003159,C00060,S0000737,2026-01-16 22:03:35,search,Search,,Mobile,Bing
E00003160,C00060,S0000737,2026-01-16 22:06:53,page_view,Category,,Mobile,Bing
E00003161,C00060,S0000737,2026-01-16 22:09:05,product_view,Product,P0046,Mobile,Bing
E00003162,C00060,S0000737,2026-01-16 22:11:37,review_view,Reviews,P0059,Mobile,Bing
E00003163,C00060,S0000737,2026-01-16 22:13:45,add_to_cart,Cart,P0055,Mobile,Bing
E00003164,C00060,S0000738,2025-11-06 22:15:14,page_view,Home,,Mobile,Bing
E00003165,C00060,S0000738,2025-11-06 22:16:27,search,Search,,Mobile,Bing
E00003166,C00060,S0000739,2025-07-29 19:11:16,page_view,Home,,Desktop,Bing
E00003167,C00060,S0000739,2025-07-29 19:14:01,search,Search,,Desktop,Bing
E00003168,C00060,S0000740,2026-05-11 09:03:02,page_view,Home,,Mobile,Google
E00003169,C00060,S0000741,2026-01-21 03:08:52,page_view,Home,,Mobile,Direct
E00003170,C00060,S0000741,2026-01-21 03:09:19,search,Search,,Mobile,Direct
E00003171,C00060,S0000741,2026-01-21 03:10:43,add_to_cart,Cart,P0039,Mobile,Direct
E00003172,C00060,S0000741,2026-01-21 03:11:05,checkout_start,Checkout,P0075,Mobile,Direct
E00003173,C00060,S0000741,2026-01-21 03:14:03,purchase,Checkout,P0055,Mobile,Direct
E00003174,C00060,S0000742,2025-10-11 05:22:08,page_view,Home,,Desktop,Email
E00003175,C00060,S0000742,2025-10-11 05:25:27,search,Search,,Desktop,Email
E00003176,C00060,S0000742,2025-10-11 05:28:23,page_view,Category,,Desktop,Email
E00003177,C00060,S0000742,2025-10-11 05:31:22,product_view,Product,P0032,Desktop,Email
E00003178,C00060,S0000742,2025-10-11 05:35:10,review_view,Reviews,P0003,Desktop,Email
E00003179,C00060,S0000742,2025-10-11 05:39:02,add_to_cart,Cart,P0039,Desktop,Email
E00003180,C00060,S0000743,2026-03-30 20:35:44,page_view,Home,,Mobile,Facebook
E00003181,C00060,S0000744,2026-01-09 18:03:36,page_view,Home,,Desktop,Instagram
E00003182,C00060,S0000744,2026-01-09 18:03:54,search,Search,,Desktop,Instagram
E00003183,C00060,S0000744,2026-01-09 18:06:35,page_view,Category,,Desktop,Instagram
E00003184,C00060,S0000745,2026-01-28 19:40:48,page_view,Home,,Desktop,Bing
E00003185,C00060,S0000745,2026-01-28 19:44:08,search,Search,,Desktop,Bing
E00003186,C00060,S0000745,2026-01-28 19:47:39,page_view,Category,,Desktop,Bing
E00003187,C00060,S0000745,2026-01-28 19:50:39,product_view,Product,P0020,Desktop,Bing
E00003188,C00060,S0000746,2025-08-19 00:27:10,page_view,Home,,Desktop,Direct
E00003189,C00060,S0000746,2025-08-19 00:28:06,search,Search,,Desktop,Direct
E00003190,C00060,S0000746,2025-08-19 00:29:15,page_view,Category,,Desktop,Direct
E00003191,C00060,S0000747,2025-09-09 08:29:50,page_view,Home,,Tablet,Instagram
E00003192,C00061,S0000748,2025-10-04 20:24:10,page_view,Home,,Desktop,Facebook
E00003193,C00061,S0000748,2025-10-04 20:27:38,search,Search,,Desktop,Facebook
E00003194,C00061,S0000748,2025-10-04 20:30:07,page_view,Category,,Desktop,Facebook
E00003195,C00061,S0000748,2025-10-04 20:33:46,product_view,Product,P0003,Desktop,Facebook
E00003196,C00061,S0000748,2025-10-04 20:36:42,review_view,Reviews,P0043,Desktop,Facebook
E00003197,C00061,S0000748,2025-10-04 20:38:34,add_to_cart,Cart,P0059,Desktop,Facebook
E00003198,C00061,S0000749,2025-05-24 00:11:29,page_view,Home,,Mobile,Direct
E00003199,C00061,S0000750,2026-03-04 14:54:22,page_view,Home,,Mobile,Instagram
E00003200,C00061,S0000751,2025-11-03 00:15:21,page_view,Home,,Mobile,Bing
E00003201,C00061,S0000751,2025-11-03 00:18:32,search,Search,,Mobile,Bing
E00003202,C00061,S0000751,2025-11-03 00:19:23,page_view,Category,,Mobile,Bing
E00003203,C00061,S0000752,2025-12-01 08:14:11,page_view,Home,,Mobile,Facebook
E00003204,C00061,S0000752,2025-12-01 08:17:58,search,Search,,Mobile,Facebook
E00003205,C00061,S0000752,2025-12-01 08:19:51,page_view,Category,,Mobile,Facebook
E00003206,C00061,S0000752,2025-12-01 08:20:25,product_view,Product,P0003,Mobile,Facebook
E00003207,C00061,S0000752,2025-12-01 08:20:48,review_view,Reviews,P0055,Mobile,Facebook
E00003208,C00061,S0000752,2025-12-01 08:23:03,add_to_cart,Cart,P0055,Mobile,Facebook
E00003209,C00061,S0000753,2025-07-30 23:24:22,page_view,Home,,Tablet,Direct
E00003210,C00061,S0000753,2025-07-30 23:26:19,search,Search,,Tablet,Direct
E00003211,C00061,S0000754,2025-04-08 20:58:59,page_view,Home,,Mobile,Affiliate
E00003212,C00061,S0000754,2025-04-08 21:02:42,search,Search,,Mobile,Affiliate
E00003213,C00061,S0000754,2025-04-08 21:05:31,page_view,Category,,Mobile,Affiliate
E00003214,C00061,S0000754,2025-04-08 21:08:51,product_view,Product,P0070,Mobile,Affiliate
E00003215,C00061,S0000754,2025-04-08 21:11:33,review_view,Reviews,P0018,Mobile,Affiliate
E00003216,C00061,S0000755,2025-08-01 18:49:42,page_view,Home,,Mobile,Bing
E00003217,C00061,S0000755,2025-08-01 18:50:39,search,Search,,Mobile,Bing
E00003218,C00061,S0000755,2025-08-01 18:54:16,page_view,Category,,Mobile,Bing
E00003219,C00061,S0000755,2025-08-01 18:55:41,product_view,Product,P0039,Mobile,Bing
E00003220,C00061,S0000756,2025-10-18 16:21:52,page_view,Home,,Desktop,Instagram
E00003221,C00061,S0000756,2025-10-18 16:22:08,search,Search,,Desktop,Instagram
E00003222,C00061,S0000756,2025-10-18 16:24:11,page_view,Category,,Desktop,Instagram
E00003223,C00061,S0000757,2026-03-11 04:44:12,page_view,Home,,Mobile,Direct
E00003224,C00061,S0000757,2026-03-11 04:47:56,search,Search,,Mobile,Direct
E00003225,C00061,S0000757,2026-03-11 04:50:06,page_view,Category,,Mobile,Direct
E00003226,C00061,S0000757,2026-03-11 04:52:01,product_view,Product,P0043,Mobile,Direct
E00003227,C00061,S0000757,2026-03-11 04:52:30,review_view,Reviews,P0070,Mobile,Direct
E00003228,C00061,S0000758,2025-03-24 17:12:52,page_view,Home,,Desktop,Email
E00003229,C00061,S0000758,2025-03-24 17:14:33,search,Search,,Desktop,Email
E00003230,C00061,S0000758,2025-03-24 17:15:05,page_view,Category,,Desktop,Email
E00003231,C00061,S0000758,2025-03-24 17:17:18,product_view,Product,P0032,Desktop,Email
E00003232,C00061,S0000758,2025-03-24 17:20:16,review_view,Reviews,P0020,Desktop,Email
E00003233,C00061,S0000759,2025-12-31 02:54:07,page_view,Home,,Tablet,Direct
E00003234,C00061,S0000759,2025-12-31 02:57:45,search,Search,,Tablet,Direct
E00003235,C00061,S0000760,2025-03-26 20:23:02,page_view,Home,,Mobile,Facebook
E00003236,C00061,S0000760,2025-03-26 20:23:32,search,Search,,Mobile,Facebook
E00003237,C00061,S0000760,2025-03-26 20:26:48,page_view,Category,,Mobile,Facebook
E00003238,C00061,S0000760,2025-03-26 20:30:06,product_view,Product,P0018,Mobile,Facebook
E00003239,C00061,S0000760,2025-03-26 20:31:38,review_view,Reviews,P0055,Mobile,Facebook
E00003240,C00061,S0000760,2025-03-26 20:32:54,add_to_cart,Cart,P0039,Mobile,Facebook
E00003241,C00062,S0000761,2026-05-05 22:34:24,page_view,Home,,Mobile,Direct
E00003242,C00062,S0000761,2026-05-05 22:34:46,search,Search,,Mobile,Direct
E00003243,C00062,S0000761,2026-05-05 22:37:41,page_view,Category,,Mobile,Direct
E00003244,C00062,S0000762,2025-09-15 17:16:25,page_view,Home,,Mobile,Email
E00003245,C00062,S0000763,2024-05-12 11:23:50,page_view,Home,,Mobile,Direct
E00003246,C00062,S0000763,2024-05-12 11:25:03,search,Search,,Mobile,Direct
E00003247,C00062,S0000763,2024-05-12 11:27:47,page_view,Category,,Mobile,Direct
E00003248,C00062,S0000764,2026-04-28 19:53:39,page_view,Home,,Mobile,Affiliate
E00003249,C00062,S0000764,2026-04-28 19:56:19,add_to_cart,Cart,P0042,Mobile,Affiliate
E00003250,C00062,S0000764,2026-04-28 19:58:09,checkout_start,Checkout,P0025,Mobile,Affiliate
E00003251,C00062,S0000764,2026-04-28 20:01:35,purchase,Checkout,P0004,Mobile,Affiliate
E00003252,C00062,S0000765,2024-12-30 18:43:38,page_view,Home,,Mobile,Affiliate
E00003253,C00062,S0000765,2024-12-30 18:46:28,search,Search,,Mobile,Affiliate
E00003254,C00062,S0000765,2024-12-30 18:49:35,page_view,Category,,Mobile,Affiliate
E00003255,C00062,S0000766,2026-05-31 00:47:29,page_view,Home,,Mobile,Instagram
E00003256,C00062,S0000766,2026-05-31 00:48:19,search,Search,,Mobile,Instagram
E00003257,C00062,S0000766,2026-05-31 00:51:04,page_view,Category,,Mobile,Instagram
E00003258,C00062,S0000766,2026-05-31 00:54:12,product_view,Product,P0040,Mobile,Instagram
E00003259,C00062,S0000766,2026-05-31 00:54:45,review_view,Reviews,P0042,Mobile,Instagram
E00003260,C00062,S0000767,2025-02-13 15:56:58,page_view,Home,,Mobile,Google
E00003261,C00062,S0000767,2025-02-13 16:00:12,search,Search,,Mobile,Google
E00003262,C00062,S0000767,2025-02-13 16:02:08,page_view,Category,,Mobile,Google
E00003263,C00062,S0000767,2025-02-13 16:02:51,product_view,Product,P0034,Mobile,Google
E00003264,C00062,S0000767,2025-02-13 16:03:15,review_view,Reviews,P0034,Mobile,Google
E00003265,C00062,S0000768,2026-01-09 17:07:17,page_view,Home,,Mobile,Facebook
E00003266,C00062,S0000768,2026-01-09 17:07:40,search,Search,,Mobile,Facebook
E00003267,C00062,S0000768,2026-01-09 17:11:05,page_view,Category,,Mobile,Facebook
E00003268,C00062,S0000769,2026-06-26 15:45:56,page_view,Home,,Tablet,Facebook
E00003269,C00062,S0000769,2026-06-26 15:46:16,search,Search,,Tablet,Facebook
E00003270,C00062,S0000769,2026-06-26 15:48:58,page_view,Category,,Tablet,Facebook
E00003271,C00062,S0000769,2026-06-26 15:49:51,product_view,Product,P0004,Tablet,Facebook
E00003272,C00062,S0000770,2026-03-26 04:20:18,page_view,Home,,Mobile,Affiliate
E00003273,C00062,S0000770,2026-03-26 04:23:25,search,Search,,Mobile,Affiliate
E00003274,C00062,S0000770,2026-03-26 04:26:16,page_view,Category,,Mobile,Affiliate
E00003275,C00062,S0000770,2026-03-26 04:30:12,product_view,Product,P0037,Mobile,Affiliate
E00003276,C00062,S0000770,2026-03-26 04:34:03,review_view,Reviews,P0034,Mobile,Affiliate
E00003277,C00062,S0000771,2024-07-19 03:22:28,page_view,Home,,Mobile,Instagram
E00003278,C00062,S0000771,2024-07-19 03:23:03,search,Search,,Mobile,Instagram
E00003279,C00062,S0000772,2024-08-06 12:13:17,page_view,Home,,Mobile,Bing
E00003280,C00062,S0000772,2024-08-06 12:16:51,search,Search,,Mobile,Bing
E00003281,C00062,S0000772,2024-08-06 12:18:43,page_view,Category,,Mobile,Bing
E00003282,C00062,S0000772,2024-08-06 12:19:54,product_view,Product,P0025,Mobile,Bing
E00003283,C00062,S0000773,2026-03-04 04:24:11,page_view,Home,,Mobile,Instagram
E00003284,C00062,S0000774,2026-03-31 05:50:14,page_view,Home,,Mobile,Instagram
E00003285,C00063,S0000775,2026-01-22 13:14:10,page_view,Home,,Desktop,Email
E00003286,C00063,S0000775,2026-01-22 13:18:01,search,Search,,Desktop,Email
E00003287,C00063,S0000775,2026-01-22 13:20:27,page_view,Category,,Desktop,Email
E00003288,C00063,S0000775,2026-01-22 13:23:30,product_view,Product,P0023,Desktop,Email
E00003289,C00063,S0000775,2026-01-22 13:26:23,review_view,Reviews,P0047,Desktop,Email
E00003290,C00063,S0000776,2025-12-04 16:12:16,page_view,Home,,Desktop,Email
E00003291,C00063,S0000776,2025-12-04 16:14:52,search,Search,,Desktop,Email
E00003292,C00063,S0000776,2025-12-04 16:16:28,page_view,Category,,Desktop,Email
E00003293,C00063,S0000776,2025-12-04 16:19:44,product_view,Product,P0047,Desktop,Email
E00003294,C00063,S0000776,2025-12-04 16:22:21,review_view,Reviews,P0048,Desktop,Email
E00003295,C00063,S0000777,2026-03-01 17:42:26,page_view,Home,,Mobile,Instagram
E00003296,C00063,S0000777,2026-03-01 17:43:39,search,Search,,Mobile,Instagram
E00003297,C00063,S0000777,2026-03-01 17:45:12,page_view,Category,,Mobile,Instagram
E00003298,C00063,S0000777,2026-03-01 17:48:21,product_view,Product,P0052,Mobile,Instagram
E00003299,C00063,S0000777,2026-03-01 17:48:31,review_view,Reviews,P0051,Mobile,Instagram
E00003300,C00063,S0000777,2026-03-01 17:49:40,add_to_cart,Cart,P0009,Mobile,Instagram
E00003301,C00063,S0000778,2025-12-19 14:01:53,page_view,Home,,Mobile,Bing
E00003302,C00063,S0000779,2026-06-10 20:15:25,page_view,Home,,Desktop,Facebook
E00003303,C00063,S0000779,2026-06-10 20:15:47,search,Search,,Desktop,Facebook
E00003304,C00063,S0000779,2026-06-10 20:17:21,page_view,Category,,Desktop,Facebook
E00003305,C00063,S0000779,2026-06-10 20:20:59,product_view,Product,P0009,Desktop,Facebook
E00003306,C00063,S0000779,2026-06-10 20:22:49,review_view,Reviews,P0047,Desktop,Facebook
E00003307,C00063,S0000779,2026-06-10 20:23:09,add_to_cart,Cart,P0052,Desktop,Facebook
E00003308,C00063,S0000779,2026-06-10 20:25:00,checkout_start,Checkout,P0047,Desktop,Facebook
E00003309,C00063,S0000779,2026-06-10 20:27:01,purchase,Checkout,P0009,Desktop,Facebook
E00003310,C00063,S0000780,2026-02-16 01:39:01,page_view,Home,,Desktop,Affiliate
E00003311,C00063,S0000781,2026-03-03 09:44:52,page_view,Home,,Mobile,Direct
E00003312,C00063,S0000781,2026-03-03 09:45:57,search,Search,,Mobile,Direct
E00003313,C00063,S0000781,2026-03-03 09:48:37,page_view,Category,,Mobile,Direct
E00003314,C00063,S0000781,2026-03-03 09:48:58,product_view,Product,P0022,Mobile,Direct
E00003315,C00063,S0000781,2026-03-03 09:49:50,review_view,Reviews,P0009,Mobile,Direct
E00003316,C00063,S0000781,2026-03-03 09:53:26,add_to_cart,Cart,P0047,Mobile,Direct
E00003317,C00063,S0000782,2026-04-26 01:03:46,page_view,Home,,Mobile,Bing
E00003318,C00063,S0000782,2026-04-26 01:06:52,add_to_cart,Cart,P0047,Mobile,Bing
E00003319,C00063,S0000782,2026-04-26 01:10:18,checkout_start,Checkout,P0067,Mobile,Bing
E00003320,C00063,S0000782,2026-04-26 01:13:41,purchase,Checkout,P0051,Mobile,Bing
E00003321,C00063,S0000783,2026-04-08 17:04:10,page_view,Home,,Desktop,Facebook
E00003322,C00063,S0000783,2026-04-08 17:07:51,search,Search,,Desktop,Facebook
E00003323,C00063,S0000783,2026-04-08 17:08:48,page_view,Category,,Desktop,Facebook
E00003324,C00063,S0000783,2026-04-08 17:10:38,product_view,Product,P0009,Desktop,Facebook
E00003325,C00063,S0000783,2026-04-08 17:11:00,review_view,Reviews,P0052,Desktop,Facebook
E00003326,C00063,S0000784,2025-11-25 04:52:03,page_view,Home,,Desktop,Instagram
E00003327,C00063,S0000784,2025-11-25 04:55:02,search,Search,,Desktop,Instagram
E00003328,C00063,S0000784,2025-11-25 04:56:34,page_view,Category,,Desktop,Instagram
E00003329,C00063,S0000784,2025-11-25 04:57:49,product_view,Product,P0048,Desktop,Instagram
E00003330,C00063,S0000784,2025-11-25 05:00:40,review_view,Reviews,P0023,Desktop,Instagram
E00003331,C00063,S0000784,2025-11-25 05:01:01,add_to_cart,Cart,P0051,Desktop,Instagram
E00003332,C00063,S0000785,2026-01-26 20:17:32,page_view,Home,,Mobile,Bing
E00003333,C00063,S0000785,2026-01-26 20:19:53,search,Search,,Mobile,Bing
E00003334,C00063,S0000785,2026-01-26 20:20:26,page_view,Category,,Mobile,Bing
E00003335,C00063,S0000785,2026-01-26 20:21:07,product_view,Product,P0009,Mobile,Bing
E00003336,C00063,S0000785,2026-01-26 20:23:58,review_view,Reviews,P0022,Mobile,Bing
E00003337,C00063,S0000785,2026-01-26 20:27:11,add_to_cart,Cart,P0052,Mobile,Bing
E00003338,C00063,S0000786,2026-02-11 22:55:59,page_view,Home,,Desktop,Email
E00003339,C00063,S0000786,2026-02-11 22:59:24,search,Search,,Desktop,Email
E00003340,C00063,S0000786,2026-02-11 23:00:58,page_view,Category,,Desktop,Email
E00003341,C00063,S0000787,2026-02-23 14:48:02,page_view,Home,,Desktop,Bing
E00003342,C00063,S0000787,2026-02-23 14:48:43,search,Search,,Desktop,Bing
E00003343,C00063,S0000788,2026-03-20 22:27:59,page_view,Home,,Mobile,Direct
E00003344,C00063,S0000788,2026-03-20 22:31:36,search,Search,,Mobile,Direct
E00003345,C00063,S0000788,2026-03-20 22:33:30,page_view,Category,,Mobile,Direct
E00003346,C00063,S0000788,2026-03-20 22:34:06,product_view,Product,P0052,Mobile,Direct
E00003347,C00063,S0000789,2026-06-17 05:06:53,page_view,Home,,Mobile,Bing
E00003348,C00063,S0000789,2026-06-17 05:10:44,search,Search,,Mobile,Bing
E00003349,C00063,S0000789,2026-06-17 05:13:37,page_view,Category,,Mobile,Bing
E00003350,C00063,S0000790,2025-12-23 15:24:33,page_view,Home,,Mobile,Bing
E00003351,C00063,S0000790,2025-12-23 15:24:59,search,Search,,Mobile,Bing
E00003352,C00063,S0000790,2025-12-23 15:26:42,page_view,Category,,Mobile,Bing
E00003353,C00063,S0000790,2025-12-23 15:29:01,product_view,Product,P0051,Mobile,Bing
E00003354,C00063,S0000790,2025-12-23 15:29:17,review_view,Reviews,P0022,Mobile,Bing
E00003355,C00063,S0000790,2025-12-23 15:31:02,add_to_cart,Cart,P0047,Mobile,Bing
E00003356,C00064,S0000791,2025-01-16 02:30:11,page_view,Home,,Desktop,Direct
E00003357,C00064,S0000791,2025-01-16 02:32:28,search,Search,,Desktop,Direct
E00003358,C00064,S0000791,2025-01-16 02:36:05,page_view,Category,,Desktop,Direct
E00003359,C00064,S0000791,2025-01-16 02:36:39,product_view,Product,P0044,Desktop,Direct
E00003360,C00064,S0000792,2026-03-21 01:58:48,page_view,Home,,Mobile,Google
E00003361,C00064,S0000792,2026-03-21 02:00:03,search,Search,,Mobile,Google
E00003362,C00064,S0000792,2026-03-21 02:01:30,page_view,Category,,Mobile,Google
E00003363,C00064,S0000793,2025-03-29 07:37:22,page_view,Home,,Mobile,Bing
E00003364,C00064,S0000793,2025-03-29 07:40:33,search,Search,,Mobile,Bing
E00003365,C00064,S0000794,2026-01-31 09:38:42,page_view,Home,,Mobile,Email
E00003366,C00064,S0000794,2026-01-31 09:41:49,search,Search,,Mobile,Email
E00003367,C00064,S0000794,2026-01-31 09:43:58,page_view,Category,,Mobile,Email
E00003368,C00064,S0000794,2026-01-31 09:46:37,product_view,Product,P0024,Mobile,Email
E00003369,C00064,S0000794,2026-01-31 09:48:08,review_view,Reviews,P0077,Mobile,Email
E00003370,C00064,S0000795,2026-04-28 04:31:49,page_view,Home,,Desktop,Facebook
E00003371,C00064,S0000795,2026-04-28 04:34:26,search,Search,,Desktop,Facebook
E00003372,C00064,S0000795,2026-04-28 04:36:52,page_view,Category,,Desktop,Facebook
E00003373,C00064,S0000795,2026-04-28 04:38:43,product_view,Product,P0056,Desktop,Facebook
E00003374,C00064,S0000796,2025-11-15 14:46:24,page_view,Home,,Mobile,Direct
E00003375,C00064,S0000796,2025-11-15 14:47:34,search,Search,,Mobile,Direct
E00003376,C00064,S0000796,2025-11-15 14:48:33,page_view,Category,,Mobile,Direct
E00003377,C00064,S0000796,2025-11-15 14:52:28,product_view,Product,P0044,Mobile,Direct
E00003378,C00064,S0000796,2025-11-15 14:55:40,review_view,Reviews,P0061,Mobile,Direct
E00003379,C00064,S0000797,2026-06-02 09:38:07,page_view,Home,,Mobile,Direct
E00003380,C00064,S0000797,2026-06-02 09:41:12,search,Search,,Mobile,Direct
E00003381,C00064,S0000797,2026-06-02 09:43:21,page_view,Category,,Mobile,Direct
E00003382,C00064,S0000797,2026-06-02 09:43:43,product_view,Product,P0027,Mobile,Direct
E00003383,C00064,S0000797,2026-06-02 09:44:55,review_view,Reviews,P0077,Mobile,Direct
E00003384,C00064,S0000798,2026-05-16 17:15:45,page_view,Home,,Mobile,Email
E00003385,C00064,S0000798,2026-05-16 17:19:21,search,Search,,Mobile,Email
E00003386,C00064,S0000798,2026-05-16 17:22:15,page_view,Category,,Mobile,Email
E00003387,C00064,S0000798,2026-05-16 17:22:50,product_view,Product,P0061,Mobile,Email
E00003388,C00064,S0000798,2026-05-16 17:23:47,review_view,Reviews,P0027,Mobile,Email
E00003389,C00064,S0000798,2026-05-16 17:24:03,add_to_cart,Cart,P0061,Mobile,Email
E00003390,C00064,S0000798,2026-05-16 17:25:45,checkout_start,Checkout,P0056,Mobile,Email
E00003391,C00064,S0000798,2026-05-16 17:28:00,purchase,Checkout,P0027,Mobile,Email
E00003392,C00064,S0000799,2025-08-22 06:56:30,page_view,Home,,Desktop,Affiliate
E00003393,C00064,S0000799,2025-08-22 06:57:34,search,Search,,Desktop,Affiliate
E00003394,C00064,S0000799,2025-08-22 07:01:05,page_view,Category,,Desktop,Affiliate
E00003395,C00064,S0000799,2025-08-22 07:04:09,product_view,Product,P0027,Desktop,Affiliate
E00003396,C00064,S0000799,2025-08-22 07:05:12,review_view,Reviews,P0061,Desktop,Affiliate
E00003397,C00064,S0000799,2025-08-22 07:09:02,add_to_cart,Cart,P0056,Desktop,Affiliate
E00003398,C00064,S0000799,2025-08-22 07:10:26,checkout_start,Checkout,P0044,Desktop,Affiliate
E00003399,C00064,S0000799,2025-08-22 07:10:46,purchase,Checkout,P0027,Desktop,Affiliate
E00003400,C00064,S0000800,2025-05-28 11:47:45,page_view,Home,,Mobile,Email
E00003401,C00064,S0000800,2025-05-28 11:49:52,search,Search,,Mobile,Email
E00003402,C00064,S0000801,2026-02-01 22:30:43,page_view,Home,,Mobile,Instagram
E00003403,C00064,S0000801,2026-02-01 22:31:53,search,Search,,Mobile,Instagram
E00003404,C00064,S0000801,2026-02-01 22:34:42,page_view,Category,,Mobile,Instagram
E00003405,C00064,S0000801,2026-02-01 22:37:53,product_view,Product,P0027,Mobile,Instagram
E00003406,C00064,S0000801,2026-02-01 22:39:00,review_view,Reviews,P0077,Mobile,Instagram
E00003407,C00064,S0000801,2026-02-01 22:41:26,add_to_cart,Cart,P0044,Mobile,Instagram
E00003408,C00064,S0000802,2025-06-05 01:43:19,page_view,Home,,Mobile,Direct
E00003409,C00065,S0000803,2026-01-15 22:28:56,page_view,Home,,Mobile,Bing
E00003410,C00065,S0000803,2026-01-15 22:29:41,search,Search,,Mobile,Bing
E00003411,C00065,S0000804,2025-09-29 10:52:35,page_view,Home,,Mobile,Google
E00003412,C00065,S0000804,2025-09-29 10:55:20,search,Search,,Mobile,Google
E00003413,C00065,S0000804,2025-09-29 10:55:32,page_view,Category,,Mobile,Google
E00003414,C00065,S0000804,2025-09-29 10:59:06,product_view,Product,P0077,Mobile,Google
E00003415,C00065,S0000804,2025-09-29 11:01:19,add_to_cart,Cart,P0044,Mobile,Google
E00003416,C00065,S0000804,2025-09-29 11:04:58,checkout_start,Checkout,P0044,Mobile,Google
E00003417,C00065,S0000804,2025-09-29 11:08:48,purchase,Checkout,P0024,Mobile,Google
E00003418,C00065,S0000805,2025-11-28 09:48:34,page_view,Home,,Mobile,Instagram
E00003419,C00065,S0000805,2025-11-28 09:50:35,search,Search,,Mobile,Instagram
E00003420,C00065,S0000805,2025-11-28 09:53:10,page_view,Category,,Mobile,Instagram
E00003421,C00065,S0000805,2025-11-28 09:56:16,product_view,Product,P0061,Mobile,Instagram
E00003422,C00065,S0000805,2025-11-28 09:59:05,review_view,Reviews,P0024,Mobile,Instagram
E00003423,C00065,S0000805,2025-11-28 10:00:06,add_to_cart,Cart,P0061,Mobile,Instagram
E00003424,C00065,S0000805,2025-11-28 10:01:12,checkout_start,Checkout,P0024,Mobile,Instagram
E00003425,C00065,S0000805,2025-11-28 10:01:29,purchase,Checkout,P0024,Mobile,Instagram
E00003426,C00065,S0000806,2026-06-14 14:20:13,page_view,Home,,Mobile,Google
E00003427,C00065,S0000806,2026-06-14 14:23:41,search,Search,,Mobile,Google
E00003428,C00065,S0000806,2026-06-14 14:27:05,page_view,Category,,Mobile,Google
E00003429,C00065,S0000806,2026-06-14 14:29:05,product_view,Product,P0077,Mobile,Google
E00003430,C00065,S0000806,2026-06-14 14:32:20,review_view,Reviews,P0027,Mobile,Google
E00003431,C00065,S0000806,2026-06-14 14:33:02,add_to_cart,Cart,P0056,Mobile,Google
E00003432,C00065,S0000807,2026-01-29 17:03:27,page_view,Home,,Mobile,Affiliate
E00003433,C00065,S0000807,2026-01-29 17:06:36,search,Search,,Mobile,Affiliate
E00003434,C00065,S0000807,2026-01-29 17:06:54,page_view,Category,,Mobile,Affiliate
E00003435,C00065,S0000807,2026-01-29 17:08:45,product_view,Product,P0056,Mobile,Affiliate
E00003436,C00065,S0000807,2026-01-29 17:10:11,add_to_cart,Cart,P0077,Mobile,Affiliate
E00003437,C00065,S0000807,2026-01-29 17:12:23,checkout_start,Checkout,P0024,Mobile,Affiliate
E00003438,C00065,S0000807,2026-01-29 17:15:58,purchase,Checkout,P0056,Mobile,Affiliate
E00003439,C00065,S0000808,2025-06-14 07:34:30,page_view,Home,,Mobile,Direct
E00003440,C00065,S0000808,2025-06-14 07:37:17,search,Search,,Mobile,Direct
E00003441,C00065,S0000808,2025-06-14 07:38:47,page_view,Category,,Mobile,Direct
E00003442,C00065,S0000808,2025-06-14 07:39:40,product_view,Product,P0061,Mobile,Direct
E00003443,C00065,S0000808,2025-06-14 07:41:58,add_to_cart,Cart,P0044,Mobile,Direct
E00003444,C00065,S0000808,2025-06-14 07:42:42,checkout_start,Checkout,P0077,Mobile,Direct
E00003445,C00065,S0000808,2025-06-14 07:44:05,purchase,Checkout,P0024,Mobile,Direct
E00003446,C00065,S0000809,2026-06-20 01:22:50,page_view,Home,,Mobile,Direct
E00003447,C00065,S0000809,2026-06-20 01:26:49,search,Search,,Mobile,Direct
E00003448,C00065,S0000809,2026-06-20 01:29:05,page_view,Category,,Mobile,Direct
E00003449,C00065,S0000809,2026-06-20 01:30:24,product_view,Product,P0024,Mobile,Direct
E00003450,C00065,S0000809,2026-06-20 01:33:26,review_view,Reviews,P0077,Mobile,Direct
E00003451,C00065,S0000810,2026-01-21 17:15:45,page_view,Home,,Mobile,Instagram
E00003452,C00065,S0000810,2026-01-21 17:16:30,search,Search,,Mobile,Instagram
E00003453,C00065,S0000810,2026-01-21 17:18:15,page_view,Category,,Mobile,Instagram
E00003454,C00065,S0000810,2026-01-21 17:20:50,product_view,Product,P0024,Mobile,Instagram
E00003455,C00065,S0000810,2026-01-21 17:24:35,review_view,Reviews,P0056,Mobile,Instagram
E00003456,C00065,S0000810,2026-01-21 17:28:17,add_to_cart,Cart,P0027,Mobile,Instagram
E00003457,C00065,S0000811,2025-06-20 01:29:05,page_view,Home,,Desktop,Affiliate
E00003458,C00065,S0000811,2025-06-20 01:31:57,search,Search,,Desktop,Affiliate
E00003459,C00065,S0000812,2026-01-05 09:34:27,page_view,Home,,Mobile,Instagram
E00003460,C00065,S0000812,2026-01-05 09:35:57,search,Search,,Mobile,Instagram
E00003461,C00065,S0000812,2026-01-05 09:38:39,page_view,Category,,Mobile,Instagram
E00003462,C00065,S0000812,2026-01-05 09:40:53,product_view,Product,P0077,Mobile,Instagram
E00003463,C00065,S0000812,2026-01-05 09:43:33,review_view,Reviews,P0027,Mobile,Instagram
E00003464,C00065,S0000812,2026-01-05 09:44:09,add_to_cart,Cart,P0061,Mobile,Instagram
E00003465,C00065,S0000813,2025-10-02 21:26:13,page_view,Home,,Mobile,Facebook
E00003466,C00065,S0000813,2025-10-02 21:28:41,search,Search,,Mobile,Facebook
E00003467,C00065,S0000813,2025-10-02 21:31:52,page_view,Category,,Mobile,Facebook
E00003468,C00065,S0000813,2025-10-02 21:33:13,product_view,Product,P0061,Mobile,Facebook
E00003469,C00065,S0000813,2025-10-02 21:36:45,review_view,Reviews,P0024,Mobile,Facebook
E00003470,C00065,S0000814,2025-10-22 21:50:46,page_view,Home,,Mobile,Affiliate
E00003471,C00065,S0000814,2025-10-22 21:54:43,search,Search,,Mobile,Affiliate
E00003472,C00065,S0000814,2025-10-22 21:56:13,page_view,Category,,Mobile,Affiliate
E00003473,C00065,S0000814,2025-10-22 21:59:51,product_view,Product,P0044,Mobile,Affiliate
E00003474,C00065,S0000814,2025-10-22 22:00:04,review_view,Reviews,P0044,Mobile,Affiliate
E00003475,C00065,S0000814,2025-10-22 22:02:46,add_to_cart,Cart,P0077,Mobile,Affiliate
E00003476,C00065,S0000815,2026-05-17 07:34:27,page_view,Home,,Desktop,Bing
E00003477,C00066,S0000816,2025-08-02 04:48:28,page_view,Home,,Mobile,Instagram
E00003478,C00066,S0000816,2025-08-02 04:49:11,search,Search,,Mobile,Instagram
E00003479,C00066,S0000816,2025-08-02 04:49:46,page_view,Category,,Mobile,Instagram
E00003480,C00066,S0000816,2025-08-02 04:50:36,product_view,Product,P0077,Mobile,Instagram
E00003481,C00066,S0000816,2025-08-02 04:53:06,review_view,Reviews,P0061,Mobile,Instagram
E00003482,C00066,S0000817,2026-05-24 19:27:22,page_view,Home,,Desktop,Direct
E00003483,C00066,S0000817,2026-05-24 19:30:09,search,Search,,Desktop,Direct
E00003484,C00066,S0000817,2026-05-24 19:31:32,page_view,Category,,Desktop,Direct
E00003485,C00066,S0000817,2026-05-24 19:34:05,product_view,Product,P0044,Desktop,Direct
E00003486,C00066,S0000817,2026-05-24 19:35:13,review_view,Reviews,P0044,Desktop,Direct
E00003487,C00066,S0000817,2026-05-24 19:35:27,add_to_cart,Cart,P0024,Desktop,Direct
E00003488,C00066,S0000817,2026-05-24 19:38:36,checkout_start,Checkout,P0024,Desktop,Direct
E00003489,C00066,S0000817,2026-05-24 19:39:32,purchase,Checkout,P0077,Desktop,Direct
E00003490,C00066,S0000818,2026-01-14 15:55:29,page_view,Home,,Desktop,Google
E00003491,C00066,S0000818,2026-01-14 15:59:08,search,Search,,Desktop,Google
E00003492,C00066,S0000818,2026-01-14 16:01:49,page_view,Category,,Desktop,Google
E00003493,C00066,S0000818,2026-01-14 16:04:14,product_view,Product,P0077,Desktop,Google
E00003494,C00066,S0000818,2026-01-14 16:05:41,review_view,Reviews,P0056,Desktop,Google
E00003495,C00066,S0000819,2025-10-29 06:20:19,page_view,Home,,Mobile,Instagram
E00003496,C00066,S0000819,2025-10-29 06:22:27,search,Search,,Mobile,Instagram
E00003497,C00066,S0000819,2025-10-29 06:25:48,page_view,Category,,Mobile,Instagram
E00003498,C00066,S0000819,2025-10-29 06:28:07,product_view,Product,P0077,Mobile,Instagram
E00003499,C00066,S0000819,2025-10-29 06:30:22,review_view,Reviews,P0024,Mobile,Instagram
E00003500,C00066,S0000819,2025-10-29 06:34:08,add_to_cart,Cart,P0061,Mobile,Instagram
E00003501,C00066,S0000820,2026-06-29 18:17:15,page_view,Home,,Mobile,Instagram
E00003502,C00066,S0000820,2026-06-29 18:20:09,search,Search,,Mobile,Instagram
E00003503,C00066,S0000820,2026-06-29 18:22:38,page_view,Category,,Mobile,Instagram
E00003504,C00066,S0000820,2026-06-29 18:25:34,product_view,Product,P0056,Mobile,Instagram
E00003505,C00066,S0000821,2025-06-27 12:02:54,page_view,Home,,Mobile,Instagram
E00003506,C00066,S0000821,2025-06-27 12:03:16,search,Search,,Mobile,Instagram
E00003507,C00066,S0000821,2025-06-27 12:05:04,page_view,Category,,Mobile,Instagram
E00003508,C00066,S0000821,2025-06-27 12:08:12,product_view,Product,P0024,Mobile,Instagram
E00003509,C00066,S0000821,2025-06-27 12:11:29,review_view,Reviews,P0027,Mobile,Instagram
E00003510,C00066,S0000822,2026-05-21 09:20:35,page_view,Home,,Mobile,Affiliate
E00003511,C00066,S0000822,2026-05-21 09:23:18,search,Search,,Mobile,Affiliate
E00003512,C00066,S0000822,2026-05-21 09:25:45,page_view,Category,,Mobile,Affiliate
E00003513,C00066,S0000822,2026-05-21 09:29:37,product_view,Product,P0044,Mobile,Affiliate
E00003514,C00066,S0000823,2025-12-15 00:56:20,page_view,Home,,Mobile,Instagram
E00003515,C00066,S0000823,2025-12-15 00:57:38,search,Search,,Mobile,Instagram
E00003516,C00066,S0000823,2025-12-15 01:00:13,page_view,Category,,Mobile,Instagram
E00003517,C00066,S0000823,2025-12-15 01:03:41,product_view,Product,P0056,Mobile,Instagram
E00003518,C00066,S0000823,2025-12-15 01:04:40,review_view,Reviews,P0077,Mobile,Instagram
E00003519,C00066,S0000824,2026-03-02 08:48:15,page_view,Home,,Desktop,Instagram
E00003520,C00066,S0000824,2026-03-02 08:49:16,search,Search,,Desktop,Instagram
E00003521,C00066,S0000824,2026-03-02 08:51:07,page_view,Category,,Desktop,Instagram
E00003522,C00066,S0000824,2026-03-02 08:54:42,product_view,Product,P0024,Desktop,Instagram
E00003523,C00066,S0000824,2026-03-02 08:55:04,review_view,Reviews,P0061,Desktop,Instagram
E00003524,C00066,S0000824,2026-03-02 08:55:29,add_to_cart,Cart,P0061,Desktop,Instagram
E00003525,C00066,S0000825,2025-08-09 15:12:52,page_view,Home,,Mobile,Instagram
E00003526,C00066,S0000826,2025-11-27 11:37:40,page_view,Home,,Mobile,Bing
E00003527,C00066,S0000826,2025-11-27 11:39:57,search,Search,,Mobile,Bing
E00003528,C00066,S0000826,2025-11-27 11:42:57,page_view,Category,,Mobile,Bing
E00003529,C00066,S0000826,2025-11-27 11:45:20,product_view,Product,P0056,Mobile,Bing
E00003530,C00066,S0000826,2025-11-27 11:46:52,review_view,Reviews,P0044,Mobile,Bing
E00003531,C00066,S0000827,2026-06-17 13:04:20,page_view,Home,,Tablet,Google
E00003532,C00066,S0000827,2026-06-17 13:06:30,search,Search,,Tablet,Google
E00003533,C00066,S0000827,2026-06-17 13:08:30,page_view,Category,,Tablet,Google
E00003534,C00066,S0000827,2026-06-17 13:09:50,product_view,Product,P0024,Tablet,Google
E00003535,C00066,S0000827,2026-06-17 13:10:01,review_view,Reviews,P0024,Tablet,Google
E00003536,C00066,S0000827,2026-06-17 13:11:49,add_to_cart,Cart,P0061,Tablet,Google
E00003537,C00066,S0000828,2026-01-12 12:18:10,page_view,Home,,Desktop,Email
E00003538,C00066,S0000828,2026-01-12 12:19:34,search,Search,,Desktop,Email
E00003539,C00066,S0000828,2026-01-12 12:22:38,page_view,Category,,Desktop,Email
E00003540,C00066,S0000828,2026-01-12 12:23:02,product_view,Product,P0044,Desktop,Email
E00003541,C00066,S0000829,2025-07-04 15:09:56,page_view,Home,,Mobile,Google
E00003542,C00066,S0000829,2025-07-04 15:11:11,search,Search,,Mobile,Google
E00003543,C00066,S0000829,2025-07-04 15:15:01,page_view,Category,,Mobile,Google
E00003544,C00066,S0000830,2025-10-30 09:28:11,page_view,Home,,Mobile,Bing
E00003545,C00066,S0000831,2025-08-10 07:20:53,page_view,Home,,Mobile,Instagram
E00003546,C00066,S0000831,2025-08-10 07:23:14,search,Search,,Mobile,Instagram
E00003547,C00067,S0000832,2026-04-15 17:08:31,page_view,Home,,Mobile,Google
E00003548,C00067,S0000832,2026-04-15 17:09:30,search,Search,,Mobile,Google
E00003549,C00067,S0000832,2026-04-15 17:09:51,page_view,Category,,Mobile,Google
E00003550,C00067,S0000832,2026-04-15 17:13:46,product_view,Product,P0070,Mobile,Google
E00003551,C00067,S0000832,2026-04-15 17:15:12,review_view,Reviews,P0039,Mobile,Google
E00003552,C00067,S0000832,2026-04-15 17:16:01,add_to_cart,Cart,P0032,Mobile,Google
E00003553,C00067,S0000833,2025-11-08 23:27:54,page_view,Home,,Desktop,Bing
E00003554,C00067,S0000833,2025-11-08 23:28:16,search,Search,,Desktop,Bing
E00003555,C00067,S0000833,2025-11-08 23:30:44,page_view,Category,,Desktop,Bing
E00003556,C00067,S0000833,2025-11-08 23:33:30,product_view,Product,P0059,Desktop,Bing
E00003557,C00067,S0000834,2025-06-13 01:07:28,page_view,Home,,Mobile,Direct
E00003558,C00067,S0000834,2025-06-13 01:08:46,search,Search,,Mobile,Direct
E00003559,C00067,S0000834,2025-06-13 01:11:47,page_view,Category,,Mobile,Direct
E00003560,C00067,S0000834,2025-06-13 01:14:25,product_view,Product,P0003,Mobile,Direct
E00003561,C00067,S0000834,2025-06-13 01:17:04,review_view,Reviews,P0046,Mobile,Direct
E00003562,C00067,S0000834,2025-06-13 01:19:57,add_to_cart,Cart,P0018,Mobile,Direct
E00003563,C00067,S0000835,2026-04-16 22:10:52,page_view,Home,,Desktop,Email
E00003564,C00067,S0000835,2026-04-16 22:13:29,search,Search,,Desktop,Email
E00003565,C00067,S0000835,2026-04-16 22:17:23,page_view,Category,,Desktop,Email
E00003566,C00067,S0000835,2026-04-16 22:19:37,product_view,Product,P0020,Desktop,Email
E00003567,C00067,S0000836,2026-04-25 09:57:30,page_view,Home,,Mobile,Google
E00003568,C00067,S0000836,2026-04-25 09:59:19,search,Search,,Mobile,Google
E00003569,C00067,S0000836,2026-04-25 10:02:05,page_view,Category,,Mobile,Google
E00003570,C00067,S0000837,2025-07-07 19:12:06,page_view,Home,,Mobile,Google
E00003571,C00067,S0000838,2026-03-11 13:47:34,page_view,Home,,Tablet,Direct
E00003572,C00067,S0000838,2026-03-11 13:49:06,search,Search,,Tablet,Direct
E00003573,C00067,S0000838,2026-03-11 13:51:23,page_view,Category,,Tablet,Direct
E00003574,C00067,S0000838,2026-03-11 13:54:16,product_view,Product,P0075,Tablet,Direct
E00003575,C00067,S0000838,2026-03-11 13:55:23,review_view,Reviews,P0070,Tablet,Direct
E00003576,C00067,S0000839,2025-06-27 00:41:30,page_view,Home,,Desktop,Facebook
E00003577,C00067,S0000839,2025-06-27 00:42:15,search,Search,,Desktop,Facebook
E00003578,C00067,S0000839,2025-06-27 00:45:13,page_view,Category,,Desktop,Facebook
E00003579,C00067,S0000839,2025-06-27 00:47:13,product_view,Product,P0003,Desktop,Facebook
E00003580,C00067,S0000839,2025-06-27 00:48:06,review_view,Reviews,P0070,Desktop,Facebook
E00003581,C00067,S0000839,2025-06-27 00:49:20,add_to_cart,Cart,P0039,Desktop,Facebook
E00003582,C00067,S0000840,2025-05-05 23:43:05,page_view,Home,,Desktop,Direct
E00003583,C00067,S0000840,2025-05-05 23:45:30,search,Search,,Desktop,Direct
E00003584,C00067,S0000840,2025-05-05 23:48:13,page_view,Category,,Desktop,Direct
E00003585,C00067,S0000840,2025-05-05 23:51:38,product_view,Product,P0020,Desktop,Direct
E00003586,C00067,S0000840,2025-05-05 23:53:13,review_view,Reviews,P0059,Desktop,Direct
E00003587,C00067,S0000840,2025-05-05 23:54:34,add_to_cart,Cart,P0070,Desktop,Direct
E00003588,C00067,S0000841,2026-04-25 00:38:55,page_view,Home,,Mobile,Google
E00003589,C00067,S0000841,2026-04-25 00:41:29,search,Search,,Mobile,Google
E00003590,C00067,S0000841,2026-04-25 00:44:49,page_view,Category,,Mobile,Google
E00003591,C00067,S0000841,2026-04-25 00:46:51,product_view,Product,P0075,Mobile,Google
E00003592,C00067,S0000842,2025-10-12 17:09:55,page_view,Home,,Mobile,Bing
E00003593,C00067,S0000842,2025-10-12 17:12:53,search,Search,,Mobile,Bing
E00003594,C00067,S0000842,2025-10-12 17:14:22,page_view,Category,,Mobile,Bing
E00003595,C00067,S0000843,2025-03-25 18:44:06,page_view,Home,,Tablet,Affiliate
E00003596,C00067,S0000843,2025-03-25 18:47:20,search,Search,,Tablet,Affiliate
E00003597,C00067,S0000843,2025-03-25 18:48:10,page_view,Category,,Tablet,Affiliate
E00003598,C00067,S0000843,2025-03-25 18:49:11,product_view,Product,P0003,Tablet,Affiliate
E00003599,C00067,S0000843,2025-03-25 18:51:29,review_view,Reviews,P0059,Tablet,Affiliate
E00003600,C00067,S0000843,2025-03-25 18:54:52,add_to_cart,Cart,P0020,Tablet,Affiliate
E00003601,C00068,S0000844,2026-05-17 11:42:39,page_view,Home,,Mobile,Facebook
E00003602,C00068,S0000844,2026-05-17 11:43:59,search,Search,,Mobile,Facebook
E00003603,C00068,S0000844,2026-05-17 11:44:36,page_view,Category,,Mobile,Facebook
E00003604,C00068,S0000844,2026-05-17 11:47:12,product_view,Product,P0042,Mobile,Facebook
E00003605,C00068,S0000844,2026-05-17 11:48:02,review_view,Reviews,P0034,Mobile,Facebook
E00003606,C00068,S0000844,2026-05-17 11:50:57,add_to_cart,Cart,P0034,Mobile,Facebook
E00003607,C00068,S0000845,2025-02-23 15:41:10,page_view,Home,,Desktop,Instagram
E00003608,C00068,S0000846,2026-06-03 10:12:36,page_view,Home,,Mobile,Facebook
E00003609,C00068,S0000846,2026-06-03 10:13:11,search,Search,,Mobile,Facebook
E00003610,C00068,S0000847,2025-12-02 07:01:31,page_view,Home,,Mobile,Facebook
E00003611,C00068,S0000847,2025-12-02 07:04:29,search,Search,,Mobile,Facebook
E00003612,C00068,S0000847,2025-12-02 07:07:23,page_view,Category,,Mobile,Facebook
E00003613,C00068,S0000847,2025-12-02 07:10:27,product_view,Product,P0015,Mobile,Facebook
E00003614,C00068,S0000847,2025-12-02 07:12:12,review_view,Reviews,P0015,Mobile,Facebook
E00003615,C00068,S0000848,2026-02-28 03:21:15,page_view,Home,,Mobile,Google
E00003616,C00068,S0000848,2026-02-28 03:23:02,search,Search,,Mobile,Google
E00003617,C00068,S0000848,2026-02-28 03:26:42,page_view,Category,,Mobile,Google
E00003618,C00068,S0000848,2026-02-28 03:28:24,product_view,Product,P0040,Mobile,Google
E00003619,C00068,S0000849,2026-04-03 11:23:17,page_view,Home,,Desktop,Instagram
E00003620,C00068,S0000849,2026-04-03 11:24:27,search,Search,,Desktop,Instagram
E00003621,C00068,S0000849,2026-04-03 11:25:11,page_view,Category,,Desktop,Instagram
E00003622,C00068,S0000849,2026-04-03 11:27:18,product_view,Product,P0025,Desktop,Instagram
E00003623,C00068,S0000850,2025-04-17 23:48:26,page_view,Home,,Mobile,Facebook
E00003624,C00068,S0000850,2025-04-17 23:49:14,search,Search,,Mobile,Facebook
E00003625,C00068,S0000850,2025-04-17 23:53:10,page_view,Category,,Mobile,Facebook
E00003626,C00068,S0000850,2025-04-17 23:54:03,product_view,Product,P0034,Mobile,Facebook
E00003627,C00068,S0000851,2025-12-30 20:53:41,page_view,Home,,Desktop,Instagram
E00003628,C00069,S0000852,2026-05-20 22:54:49,page_view,Home,,Desktop,Bing
E00003629,C00069,S0000852,2026-05-20 22:56:58,search,Search,,Desktop,Bing
E00003630,C00069,S0000852,2026-05-20 22:59:02,page_view,Category,,Desktop,Bing
E00003631,C00069,S0000852,2026-05-20 23:01:40,product_view,Product,P0035,Desktop,Bing
E00003632,C00069,S0000852,2026-05-20 23:04:50,review_view,Reviews,P0029,Desktop,Bing
E00003633,C00069,S0000852,2026-05-20 23:05:18,add_to_cart,Cart,P0066,Desktop,Bing
E00003634,C00069,S0000852,2026-05-20 23:08:50,checkout_start,Checkout,P0057,Desktop,Bing
E00003635,C00069,S0000852,2026-05-20 23:10:47,purchase,Checkout,P0057,Desktop,Bing
E00003636,C00069,S0000853,2025-09-28 11:28:09,page_view,Home,,Tablet,Email
E00003637,C00069,S0000853,2025-09-28 11:30:37,search,Search,,Tablet,Email
E00003638,C00069,S0000854,2024-12-21 16:28:47,page_view,Home,,Mobile,Facebook
E00003639,C00069,S0000854,2024-12-21 16:30:19,search,Search,,Mobile,Facebook
E00003640,C00069,S0000854,2024-12-21 16:32:35,page_view,Category,,Mobile,Facebook
E00003641,C00069,S0000854,2024-12-21 16:35:19,product_view,Product,P0012,Mobile,Facebook
E00003642,C00069,S0000854,2024-12-21 16:37:51,review_view,Reviews,P0062,Mobile,Facebook
E00003643,C00069,S0000855,2025-09-16 13:28:15,page_view,Home,,Desktop,Instagram
E00003644,C00069,S0000855,2025-09-16 13:30:08,search,Search,,Desktop,Instagram
E00003645,C00069,S0000855,2025-09-16 13:33:49,page_view,Category,,Desktop,Instagram
E00003646,C00069,S0000855,2025-09-16 13:36:19,product_view,Product,P0028,Desktop,Instagram
E00003647,C00069,S0000856,2026-04-12 09:39:37,page_view,Home,,Mobile,Direct
E00003648,C00069,S0000856,2026-04-12 09:40:26,search,Search,,Mobile,Direct
E00003649,C00069,S0000856,2026-04-12 09:40:40,page_view,Category,,Mobile,Direct
E00003650,C00069,S0000856,2026-04-12 09:43:45,product_view,Product,P0057,Mobile,Direct
E00003651,C00069,S0000857,2025-12-24 02:53:49,page_view,Home,,Desktop,Google
E00003652,C00069,S0000857,2025-12-24 02:56:40,search,Search,,Desktop,Google
E00003653,C00069,S0000858,2024-12-09 23:03:11,page_view,Home,,Mobile,Email
E00003654,C00069,S0000858,2024-12-09 23:03:46,search,Search,,Mobile,Email
E00003655,C00069,S0000858,2024-12-09 23:04:35,page_view,Category,,Mobile,Email
E00003656,C00069,S0000858,2024-12-09 23:07:10,product_view,Product,P0066,Mobile,Email
E00003657,C00069,S0000858,2024-12-09 23:10:42,review_view,Reviews,P0060,Mobile,Email
E00003658,C00069,S0000858,2024-12-09 23:13:05,add_to_cart,Cart,P0066,Mobile,Email
E00003659,C00069,S0000859,2025-12-12 23:55:55,page_view,Home,,Desktop,Email
E00003660,C00069,S0000859,2025-12-12 23:56:11,search,Search,,Desktop,Email
E00003661,C00069,S0000859,2025-12-12 23:59:07,page_view,Category,,Desktop,Email
E00003662,C00069,S0000859,2025-12-13 00:02:48,product_view,Product,P0057,Desktop,Email
E00003663,C00069,S0000859,2025-12-13 00:02:59,review_view,Reviews,P0074,Desktop,Email
E00003664,C00069,S0000859,2025-12-13 00:04:51,add_to_cart,Cart,P0041,Desktop,Email
E00003665,C00069,S0000859,2025-12-13 00:08:04,checkout_start,Checkout,P0071,Desktop,Email
E00003666,C00069,S0000859,2025-12-13 00:11:51,purchase,Checkout,P0062,Desktop,Email
E00003667,C00069,S0000860,2024-12-18 04:19:28,page_view,Home,,Mobile,Email
E00003668,C00069,S0000861,2026-06-02 05:17:41,page_view,Home,,Mobile,Bing
E00003669,C00069,S0000861,2026-06-02 05:20:01,search,Search,,Mobile,Bing
E00003670,C00069,S0000861,2026-06-02 05:23:00,page_view,Category,,Mobile,Bing
E00003671,C00069,S0000862,2026-02-01 11:05:08,page_view,Home,,Mobile,Affiliate
E00003672,C00069,S0000862,2026-02-01 11:05:29,search,Search,,Mobile,Affiliate
E00003673,C00069,S0000862,2026-02-01 11:07:26,page_view,Category,,Mobile,Affiliate
E00003674,C00069,S0000862,2026-02-01 11:09:41,product_view,Product,P0035,Mobile,Affiliate
E00003675,C00069,S0000862,2026-02-01 11:11:48,review_view,Reviews,P0060,Mobile,Affiliate
E00003676,C00069,S0000863,2026-01-08 18:54:25,page_view,Home,,Tablet,Google
E00003677,C00069,S0000863,2026-01-08 18:56:05,search,Search,,Tablet,Google
E00003678,C00069,S0000863,2026-01-08 18:59:11,page_view,Category,,Tablet,Google
E00003679,C00069,S0000863,2026-01-08 19:01:15,product_view,Product,P0012,Tablet,Google
E00003680,C00069,S0000863,2026-01-08 19:04:49,review_view,Reviews,P0057,Tablet,Google
E00003681,C00069,S0000863,2026-01-08 19:06:52,add_to_cart,Cart,P0028,Tablet,Google
E00003682,C00070,S0000864,2026-03-01 03:42:26,page_view,Home,,Desktop,Google
E00003683,C00070,S0000864,2026-03-01 03:43:58,search,Search,,Desktop,Google
E00003684,C00070,S0000864,2026-03-01 03:45:32,page_view,Category,,Desktop,Google
E00003685,C00070,S0000864,2026-03-01 03:47:09,product_view,Product,P0075,Desktop,Google
E00003686,C00070,S0000864,2026-03-01 03:47:29,review_view,Reviews,P0075,Desktop,Google
E00003687,C00070,S0000865,2026-04-24 11:35:52,page_view,Home,,Mobile,Affiliate
E00003688,C00070,S0000865,2026-04-24 11:38:16,search,Search,,Mobile,Affiliate
E00003689,C00070,S0000865,2026-04-24 11:40:28,page_view,Category,,Mobile,Affiliate
E00003690,C00070,S0000865,2026-04-24 11:43:16,product_view,Product,P0070,Mobile,Affiliate
E00003691,C00070,S0000866,2026-01-27 08:07:51,page_view,Home,,Mobile,Direct
E00003692,C00070,S0000866,2026-01-27 08:09:35,search,Search,,Mobile,Direct
E00003693,C00070,S0000866,2026-01-27 08:11:55,page_view,Category,,Mobile,Direct
E00003694,C00070,S0000866,2026-01-27 08:14:22,product_view,Product,P0032,Mobile,Direct
E00003695,C00070,S0000867,2025-04-10 02:49:43,page_view,Home,,Mobile,Direct
E00003696,C00070,S0000867,2025-04-10 02:52:52,search,Search,,Mobile,Direct
E00003697,C00070,S0000867,2025-04-10 02:53:28,page_view,Category,,Mobile,Direct
E00003698,C00070,S0000868,2026-03-08 05:33:15,page_view,Home,,Desktop,Email
E00003699,C00070,S0000868,2026-03-08 05:34:15,search,Search,,Desktop,Email
E00003700,C00070,S0000868,2026-03-08 05:36:07,page_view,Category,,Desktop,Email
E00003701,C00070,S0000868,2026-03-08 05:38:34,product_view,Product,P0055,Desktop,Email
E00003702,C00070,S0000868,2026-03-08 05:39:13,review_view,Reviews,P0043,Desktop,Email
E00003703,C00070,S0000868,2026-03-08 05:42:03,add_to_cart,Cart,P0046,Desktop,Email
E00003704,C00070,S0000869,2026-04-11 19:30:02,page_view,Home,,Mobile,Instagram
E00003705,C00070,S0000869,2026-04-11 19:33:55,search,Search,,Mobile,Instagram
E00003706,C00070,S0000869,2026-04-11 19:36:00,page_view,Category,,Mobile,Instagram
E00003707,C00070,S0000869,2026-04-11 19:38:48,product_view,Product,P0055,Mobile,Instagram
E00003708,C00070,S0000869,2026-04-11 19:41:15,review_view,Reviews,P0003,Mobile,Instagram
E00003709,C00070,S0000870,2026-05-09 05:11:46,page_view,Home,,Desktop,Affiliate
E00003710,C00070,S0000870,2026-05-09 05:13:27,search,Search,,Desktop,Affiliate
E00003711,C00070,S0000871,2025-09-22 18:40:43,page_view,Home,,Mobile,Email
E00003712,C00070,S0000871,2025-09-22 18:40:59,search,Search,,Mobile,Email
E00003713,C00070,S0000871,2025-09-22 18:44:23,page_view,Category,,Mobile,Email
E00003714,C00071,S0000872,2026-02-19 15:34:07,page_view,Home,,Mobile,Google
E00003715,C00071,S0000872,2026-02-19 15:36:53,search,Search,,Mobile,Google
E00003716,C00071,S0000872,2026-02-19 15:38:24,page_view,Category,,Mobile,Google
E00003717,C00071,S0000872,2026-02-19 15:40:36,product_view,Product,P0027,Mobile,Google
E00003718,C00071,S0000872,2026-02-19 15:44:00,review_view,Reviews,P0056,Mobile,Google
E00003719,C00071,S0000872,2026-02-19 15:46:19,add_to_cart,Cart,P0077,Mobile,Google
E00003720,C00071,S0000873,2025-07-14 04:20:51,page_view,Home,,Mobile,Affiliate
E00003721,C00071,S0000873,2025-07-14 04:23:34,search,Search,,Mobile,Affiliate
E00003722,C00071,S0000873,2025-07-14 04:26:44,page_view,Category,,Mobile,Affiliate
E00003723,C00071,S0000874,2025-05-12 16:02:44,page_view,Home,,Tablet,Email
E00003724,C00071,S0000874,2025-05-12 16:03:47,search,Search,,Tablet,Email
E00003725,C00071,S0000875,2025-01-20 05:01:37,page_view,Home,,Mobile,Affiliate
E00003726,C00071,S0000875,2025-01-20 05:03:04,search,Search,,Mobile,Affiliate
E00003727,C00071,S0000875,2025-01-20 05:05:58,page_view,Category,,Mobile,Affiliate
E00003728,C00071,S0000875,2025-01-20 05:06:49,product_view,Product,P0027,Mobile,Affiliate
E00003729,C00071,S0000875,2025-01-20 05:07:57,add_to_cart,Cart,P0027,Mobile,Affiliate
E00003730,C00071,S0000875,2025-01-20 05:09:23,checkout_start,Checkout,P0024,Mobile,Affiliate
E00003731,C00071,S0000875,2025-01-20 05:11:09,purchase,Checkout,P0077,Mobile,Affiliate
E00003732,C00071,S0000876,2025-12-29 02:33:19,page_view,Home,,Mobile,Google
E00003733,C00071,S0000876,2025-12-29 02:35:19,search,Search,,Mobile,Google
E00003734,C00071,S0000876,2025-12-29 02:38:53,page_view,Category,,Mobile,Google
E00003735,C00071,S0000876,2025-12-29 02:40:42,product_view,Product,P0024,Mobile,Google
E00003736,C00071,S0000877,2026-04-04 07:34:06,page_view,Home,,Desktop,Affiliate
E00003737,C00071,S0000877,2026-04-04 07:35:55,search,Search,,Desktop,Affiliate
E00003738,C00071,S0000877,2026-04-04 07:36:50,page_view,Category,,Desktop,Affiliate
E00003739,C00071,S0000878,2025-04-17 12:35:00,page_view,Home,,Mobile,Affiliate
E00003740,C00071,S0000878,2025-04-17 12:37:50,search,Search,,Mobile,Affiliate
E00003741,C00071,S0000878,2025-04-17 12:40:04,page_view,Category,,Mobile,Affiliate
E00003742,C00071,S0000878,2025-04-17 12:41:22,product_view,Product,P0077,Mobile,Affiliate
E00003743,C00071,S0000878,2025-04-17 12:44:08,review_view,Reviews,P0024,Mobile,Affiliate
E00003744,C00071,S0000879,2026-02-20 02:19:30,page_view,Home,,Desktop,Google
E00003745,C00071,S0000879,2026-02-20 02:21:51,search,Search,,Desktop,Google
E00003746,C00071,S0000879,2026-02-20 02:24:51,page_view,Category,,Desktop,Google
E00003747,C00071,S0000879,2026-02-20 02:25:25,product_view,Product,P0056,Desktop,Google
E00003748,C00071,S0000880,2025-02-24 23:33:41,page_view,Home,,Tablet,Google
E00003749,C00071,S0000880,2025-02-24 23:37:06,search,Search,,Tablet,Google
E00003750,C00071,S0000880,2025-02-24 23:38:32,page_view,Category,,Tablet,Google
E00003751,C00071,S0000880,2025-02-24 23:42:16,product_view,Product,P0044,Tablet,Google
E00003752,C00071,S0000880,2025-02-24 23:45:16,review_view,Reviews,P0056,Tablet,Google
E00003753,C00071,S0000880,2025-02-24 23:47:04,add_to_cart,Cart,P0077,Tablet,Google
E00003754,C00071,S0000881,2025-02-10 21:32:42,page_view,Home,,Desktop,Email
E00003755,C00071,S0000881,2025-02-10 21:34:05,search,Search,,Desktop,Email
E00003756,C00071,S0000882,2025-01-08 04:42:00,page_view,Home,,Mobile,Instagram
E00003757,C00071,S0000882,2025-01-08 04:45:00,search,Search,,Mobile,Instagram
E00003758,C00071,S0000882,2025-01-08 04:47:53,page_view,Category,,Mobile,Instagram
E00003759,C00071,S0000882,2025-01-08 04:49:04,product_view,Product,P0027,Mobile,Instagram
E00003760,C00071,S0000882,2025-01-08 04:52:31,review_view,Reviews,P0024,Mobile,Instagram
E00003761,C00071,S0000883,2025-05-17 15:28:10,page_view,Home,,Tablet,Affiliate
E00003762,C00071,S0000883,2025-05-17 15:30:47,search,Search,,Tablet,Affiliate
E00003763,C00071,S0000883,2025-05-17 15:34:02,page_view,Category,,Tablet,Affiliate
E00003764,C00071,S0000883,2025-05-17 15:36:57,product_view,Product,P0061,Tablet,Affiliate
E00003765,C00071,S0000883,2025-05-17 15:38:45,review_view,Reviews,P0077,Tablet,Affiliate
E00003766,C00071,S0000883,2025-05-17 15:42:24,add_to_cart,Cart,P0027,Tablet,Affiliate
E00003767,C00071,S0000884,2025-04-11 20:21:18,page_view,Home,,Mobile,Direct
E00003768,C00071,S0000884,2025-04-11 20:24:39,search,Search,,Mobile,Direct
E00003769,C00071,S0000884,2025-04-11 20:26:25,page_view,Category,,Mobile,Direct
E00003770,C00071,S0000884,2025-04-11 20:28:21,product_view,Product,P0056,Mobile,Direct
E00003771,C00071,S0000884,2025-04-11 20:30:22,review_view,Reviews,P0024,Mobile,Direct
E00003772,C00071,S0000884,2025-04-11 20:30:32,add_to_cart,Cart,P0027,Mobile,Direct
E00003773,C00071,S0000885,2025-10-29 14:21:46,page_view,Home,,Desktop,Direct
E00003774,C00071,S0000885,2025-10-29 14:25:19,search,Search,,Desktop,Direct
E00003775,C00071,S0000885,2025-10-29 14:29:06,page_view,Category,,Desktop,Direct
E00003776,C00071,S0000885,2025-10-29 14:32:50,product_view,Product,P0027,Desktop,Direct
E00003777,C00071,S0000885,2025-10-29 14:33:34,review_view,Reviews,P0077,Desktop,Direct
E00003778,C00071,S0000885,2025-10-29 14:36:42,add_to_cart,Cart,P0027,Desktop,Direct
E00003779,C00071,S0000886,2025-09-14 22:23:56,page_view,Home,,Desktop,Google
E00003780,C00071,S0000886,2025-09-14 22:25:58,search,Search,,Desktop,Google
E00003781,C00071,S0000886,2025-09-14 22:27:56,page_view,Category,,Desktop,Google
E00003782,C00071,S0000886,2025-09-14 22:30:27,product_view,Product,P0027,Desktop,Google
E00003783,C00071,S0000886,2025-09-14 22:34:25,review_view,Reviews,P0056,Desktop,Google
E00003784,C00071,S0000886,2025-09-14 22:36:39,add_to_cart,Cart,P0044,Desktop,Google
E00003785,C00071,S0000886,2025-09-14 22:39:27,checkout_start,Checkout,P0077,Desktop,Google
E00003786,C00071,S0000886,2025-09-14 22:39:41,purchase,Checkout,P0024,Desktop,Google
E00003787,C00071,S0000887,2026-04-12 16:31:47,page_view,Home,,Desktop,Bing
E00003788,C00071,S0000887,2026-04-12 16:33:40,search,Search,,Desktop,Bing
E00003789,C00071,S0000887,2026-04-12 16:34:20,page_view,Category,,Desktop,Bing
E00003790,C00071,S0000887,2026-04-12 16:35:40,product_view,Product,P0044,Desktop,Bing
E00003791,C00071,S0000887,2026-04-12 16:35:56,review_view,Reviews,P0061,Desktop,Bing
E00003792,C00072,S0000888,2025-12-16 07:45:21,page_view,Home,,Mobile,Bing
E00003793,C00072,S0000888,2025-12-16 07:47:12,search,Search,,Mobile,Bing
E00003794,C00072,S0000889,2026-03-26 15:49:05,page_view,Home,,Desktop,Email
E00003795,C00072,S0000889,2026-03-26 15:49:43,search,Search,,Desktop,Email
E00003796,C00072,S0000889,2026-03-26 15:52:13,page_view,Category,,Desktop,Email
E00003797,C00072,S0000889,2026-03-26 15:54:01,product_view,Product,P0034,Desktop,Email
E00003798,C00072,S0000889,2026-03-26 15:56:16,review_view,Reviews,P0025,Desktop,Email
E00003799,C00072,S0000889,2026-03-26 15:58:03,add_to_cart,Cart,P0034,Desktop,Email
E00003800,C00072,S0000889,2026-03-26 15:58:30,checkout_start,Checkout,P0040,Desktop,Email
E00003801,C00072,S0000889,2026-03-26 16:01:48,purchase,Checkout,P0042,Desktop,Email
E00003802,C00072,S0000890,2026-03-13 12:59:45,page_view,Home,,Mobile,Affiliate
E00003803,C00072,S0000890,2026-03-13 13:01:31,search,Search,,Mobile,Affiliate
E00003804,C00072,S0000890,2026-03-13 13:05:18,page_view,Category,,Mobile,Affiliate
E00003805,C00072,S0000890,2026-03-13 13:09:13,product_view,Product,P0037,Mobile,Affiliate
E00003806,C00072,S0000890,2026-03-13 13:12:50,review_view,Reviews,P0015,Mobile,Affiliate
E00003807,C00072,S0000891,2026-02-22 22:11:30,page_view,Home,,Desktop,Email
E00003808,C00072,S0000892,2026-06-30 11:46:51,page_view,Home,,Desktop,Bing
E00003809,C00072,S0000893,2026-01-07 09:54:03,page_view,Home,,Mobile,Facebook
E00003810,C00072,S0000893,2026-01-07 09:56:16,search,Search,,Mobile,Facebook
E00003811,C00072,S0000893,2026-01-07 09:57:02,page_view,Category,,Mobile,Facebook
E00003812,C00072,S0000893,2026-01-07 09:57:58,product_view,Product,P0076,Mobile,Facebook
E00003813,C00072,S0000893,2026-01-07 10:00:25,review_view,Reviews,P0034,Mobile,Facebook
E00003814,C00072,S0000894,2025-09-23 10:58:34,page_view,Home,,Mobile,Bing
E00003815,C00072,S0000894,2025-09-23 10:59:54,search,Search,,Mobile,Bing
E00003816,C00072,S0000894,2025-09-23 11:01:40,page_view,Category,,Mobile,Bing
E00003817,C00072,S0000894,2025-09-23 11:04:57,product_view,Product,P0015,Mobile,Bing
E00003818,C00072,S0000895,2026-04-02 17:34:02,page_view,Home,,Mobile,Direct
E00003819,C00072,S0000895,2026-04-02 17:35:18,search,Search,,Mobile,Direct
E00003820,C00072,S0000895,2026-04-02 17:38:26,page_view,Category,,Mobile,Direct
E00003821,C00072,S0000896,2026-05-15 19:09:45,page_view,Home,,Mobile,Direct
E00003822,C00072,S0000896,2026-05-15 19:13:38,search,Search,,Mobile,Direct
E00003823,C00072,S0000896,2026-05-15 19:16:44,page_view,Category,,Mobile,Direct
E00003824,C00072,S0000896,2026-05-15 19:16:56,product_view,Product,P0037,Mobile,Direct
E00003825,C00072,S0000897,2025-09-30 21:15:54,page_view,Home,,Mobile,Instagram
E00003826,C00072,S0000897,2025-09-30 21:16:28,search,Search,,Mobile,Instagram
E00003827,C00072,S0000897,2025-09-30 21:18:49,page_view,Category,,Mobile,Instagram
E00003828,C00072,S0000898,2025-12-31 01:53:40,page_view,Home,,Mobile,Direct
E00003829,C00072,S0000898,2025-12-31 01:56:55,search,Search,,Mobile,Direct
E00003830,C00072,S0000898,2025-12-31 02:00:03,page_view,Category,,Mobile,Direct
E00003831,C00072,S0000898,2025-12-31 02:02:30,product_view,Product,P0064,Mobile,Direct
E00003832,C00072,S0000898,2025-12-31 02:03:42,review_view,Reviews,P0015,Mobile,Direct
E00003833,C00072,S0000899,2026-03-01 07:31:25,page_view,Home,,Desktop,Bing
E00003834,C00072,S0000899,2026-03-01 07:33:25,search,Search,,Desktop,Bing
E00003835,C00072,S0000899,2026-03-01 07:35:38,page_view,Category,,Desktop,Bing
E00003836,C00072,S0000899,2026-03-01 07:38:04,product_view,Product,P0042,Desktop,Bing
E00003837,C00072,S0000899,2026-03-01 07:38:57,review_view,Reviews,P0015,Desktop,Bing
E00003838,C00073,S0000900,2026-05-22 02:52:24,page_view,Home,,Mobile,Instagram
E00003839,C00073,S0000900,2026-05-22 02:54:48,search,Search,,Mobile,Instagram
E00003840,C00073,S0000900,2026-05-22 02:56:19,page_view,Category,,Mobile,Instagram
E00003841,C00073,S0000900,2026-05-22 02:58:17,product_view,Product,P0039,Mobile,Instagram
E00003842,C00073,S0000900,2026-05-22 02:58:59,add_to_cart,Cart,P0043,Mobile,Instagram
E00003843,C00073,S0000900,2026-05-22 03:02:23,checkout_start,Checkout,P0055,Mobile,Instagram
E00003844,C00073,S0000900,2026-05-22 03:06:07,purchase,Checkout,P0003,Mobile,Instagram
E00003845,C00073,S0000901,2026-03-11 23:26:49,page_view,Home,,Mobile,Instagram
E00003846,C00073,S0000901,2026-03-11 23:29:27,search,Search,,Mobile,Instagram
E00003847,C00073,S0000901,2026-03-11 23:32:25,page_view,Category,,Mobile,Instagram
E00003848,C00073,S0000901,2026-03-11 23:33:25,product_view,Product,P0032,Mobile,Instagram
E00003849,C00073,S0000902,2025-09-20 13:35:09,page_view,Home,,Desktop,Direct
E00003850,C00073,S0000902,2025-09-20 13:35:27,search,Search,,Desktop,Direct
E00003851,C00073,S0000902,2025-09-20 13:35:50,page_view,Category,,Desktop,Direct
E00003852,C00073,S0000902,2025-09-20 13:36:47,product_view,Product,P0032,Desktop,Direct
E00003853,C00073,S0000902,2025-09-20 13:37:10,review_view,Reviews,P0020,Desktop,Direct
E00003854,C00073,S0000902,2025-09-20 13:39:28,add_to_cart,Cart,P0046,Desktop,Direct
E00003855,C00073,S0000902,2025-09-20 13:43:21,checkout_start,Checkout,P0043,Desktop,Direct
E00003856,C00073,S0000902,2025-09-20 13:46:16,purchase,Checkout,P0043,Desktop,Direct
E00003857,C00073,S0000903,2025-08-24 11:53:41,page_view,Home,,Mobile,Direct
E00003858,C00073,S0000903,2025-08-24 11:55:05,search,Search,,Mobile,Direct
E00003859,C00073,S0000903,2025-08-24 11:58:36,page_view,Category,,Mobile,Direct
E00003860,C00073,S0000903,2025-08-24 11:59:25,product_view,Product,P0003,Mobile,Direct
E00003861,C00073,S0000903,2025-08-24 12:01:18,review_view,Reviews,P0046,Mobile,Direct
E00003862,C00073,S0000903,2025-08-24 12:03:30,add_to_cart,Cart,P0003,Mobile,Direct
E00003863,C00073,S0000903,2025-08-24 12:04:06,checkout_start,Checkout,P0043,Mobile,Direct
E00003864,C00073,S0000903,2025-08-24 12:04:35,purchase,Checkout,P0039,Mobile,Direct
E00003865,C00073,S0000904,2026-01-25 21:28:16,page_view,Home,,Tablet,Instagram
E00003866,C00073,S0000904,2026-01-25 21:32:14,search,Search,,Tablet,Instagram
E00003867,C00073,S0000904,2026-01-25 21:33:27,page_view,Category,,Tablet,Instagram
E00003868,C00073,S0000904,2026-01-25 21:34:29,product_view,Product,P0059,Tablet,Instagram
E00003869,C00073,S0000904,2026-01-25 21:35:15,add_to_cart,Cart,P0020,Tablet,Instagram
E00003870,C00073,S0000904,2026-01-25 21:35:59,checkout_start,Checkout,P0020,Tablet,Instagram
E00003871,C00073,S0000904,2026-01-25 21:37:20,purchase,Checkout,P0003,Tablet,Instagram
E00003872,C00073,S0000905,2025-08-31 11:38:54,page_view,Home,,Mobile,Affiliate
E00003873,C00073,S0000905,2025-08-31 11:39:16,search,Search,,Mobile,Affiliate
E00003874,C00073,S0000906,2026-02-21 13:48:03,page_view,Home,,Tablet,Affiliate
E00003875,C00073,S0000906,2026-02-21 13:51:26,add_to_cart,Cart,P0003,Tablet,Affiliate
E00003876,C00073,S0000906,2026-02-21 13:55:13,checkout_start,Checkout,P0018,Tablet,Affiliate
E00003877,C00073,S0000906,2026-02-21 13:55:52,purchase,Checkout,P0032,Tablet,Affiliate
E00003878,C00073,S0000907,2025-12-24 19:29:50,page_view,Home,,Mobile,Google
E00003879,C00073,S0000907,2025-12-24 19:30:44,search,Search,,Mobile,Google
E00003880,C00073,S0000907,2025-12-24 19:32:27,page_view,Category,,Mobile,Google
E00003881,C00073,S0000908,2025-11-15 18:50:39,page_view,Home,,Desktop,Google
E00003882,C00073,S0000908,2025-11-15 18:53:56,search,Search,,Desktop,Google
E00003883,C00073,S0000908,2025-11-15 18:56:39,page_view,Category,,Desktop,Google
E00003884,C00073,S0000909,2025-12-23 12:14:04,page_view,Home,,Mobile,Google
E00003885,C00073,S0000909,2025-12-23 12:15:31,search,Search,,Mobile,Google
E00003886,C00073,S0000909,2025-12-23 12:16:28,page_view,Category,,Mobile,Google
E00003887,C00073,S0000909,2025-12-23 12:18:46,product_view,Product,P0046,Mobile,Google
E00003888,C00073,S0000909,2025-12-23 12:20:12,review_view,Reviews,P0039,Mobile,Google
E00003889,C00073,S0000909,2025-12-23 12:22:58,add_to_cart,Cart,P0055,Mobile,Google
E00003890,C00073,S0000910,2026-03-22 00:12:10,page_view,Home,,Mobile,Google
E00003891,C00073,S0000910,2026-03-22 00:13:04,search,Search,,Mobile,Google
E00003892,C00074,S0000911,2025-01-22 21:17:20,page_view,Home,,Desktop,Affiliate
E00003893,C00074,S0000911,2025-01-22 21:19:31,search,Search,,Desktop,Affiliate
E00003894,C00074,S0000911,2025-01-22 21:22:21,page_view,Category,,Desktop,Affiliate
E00003895,C00074,S0000911,2025-01-22 21:26:12,product_view,Product,P0058,Desktop,Affiliate
E00003896,C00074,S0000911,2025-01-22 21:27:24,review_view,Reviews,P0010,Desktop,Affiliate
E00003897,C00074,S0000911,2025-01-22 21:30:23,add_to_cart,Cart,P0021,Desktop,Affiliate
E00003898,C00074,S0000912,2026-06-14 23:13:10,page_view,Home,,Mobile,Google
E00003899,C00074,S0000912,2026-06-14 23:15:03,search,Search,,Mobile,Google
E00003900,C00074,S0000912,2026-06-14 23:18:46,page_view,Category,,Mobile,Google
E00003901,C00074,S0000912,2026-06-14 23:22:14,product_view,Product,P0005,Mobile,Google
E00003902,C00074,S0000912,2026-06-14 23:23:49,review_view,Reviews,P0054,Mobile,Google
E00003903,C00074,S0000912,2026-06-14 23:24:44,add_to_cart,Cart,P0013,Mobile,Google
E00003904,C00074,S0000912,2026-06-14 23:26:37,checkout_start,Checkout,P0010,Mobile,Google
E00003905,C00074,S0000912,2026-06-14 23:30:15,purchase,Checkout,P0010,Mobile,Google
E00003906,C00074,S0000913,2026-06-27 02:26:38,page_view,Home,,Mobile,Google
E00003907,C00074,S0000913,2026-06-27 02:30:09,search,Search,,Mobile,Google
E00003908,C00074,S0000914,2025-08-07 23:17:47,page_view,Home,,Mobile,Bing
E00003909,C00074,S0000914,2025-08-07 23:19:05,search,Search,,Mobile,Bing
E00003910,C00074,S0000914,2025-08-07 23:21:16,page_view,Category,,Mobile,Bing
E00003911,C00074,S0000914,2025-08-07 23:24:46,product_view,Product,P0010,Mobile,Bing
E00003912,C00074,S0000915,2025-07-10 09:08:18,page_view,Home,,Mobile,Bing
E00003913,C00074,S0000915,2025-07-10 09:10:21,search,Search,,Mobile,Bing
E00003914,C00074,S0000915,2025-07-10 09:13:50,page_view,Category,,Mobile,Bing
E00003915,C00074,S0000915,2025-07-10 09:15:09,product_view,Product,P0058,Mobile,Bing
E00003916,C00074,S0000916,2026-01-05 15:51:22,page_view,Home,,Mobile,Facebook
E00003917,C00074,S0000916,2026-01-05 15:54:30,search,Search,,Mobile,Facebook
E00003918,C00074,S0000916,2026-01-05 15:57:36,page_view,Category,,Mobile,Facebook
E00003919,C00074,S0000916,2026-01-05 16:00:45,product_view,Product,P0013,Mobile,Facebook
E00003920,C00074,S0000916,2026-01-05 16:01:27,review_view,Reviews,P0058,Mobile,Facebook
E00003921,C00074,S0000917,2026-06-15 12:24:07,page_view,Home,,Mobile,Affiliate
E00003922,C00074,S0000917,2026-06-15 12:25:56,search,Search,,Mobile,Affiliate
E00003923,C00074,S0000917,2026-06-15 12:28:12,page_view,Category,,Mobile,Affiliate
E00003924,C00074,S0000917,2026-06-15 12:30:53,product_view,Product,P0008,Mobile,Affiliate
E00003925,C00074,S0000917,2026-06-15 12:32:19,review_view,Reviews,P0005,Mobile,Affiliate
E00003926,C00074,S0000917,2026-06-15 12:33:55,add_to_cart,Cart,P0013,Mobile,Affiliate
E00003927,C00074,S0000917,2026-06-15 12:34:25,checkout_start,Checkout,P0008,Mobile,Affiliate
E00003928,C00074,S0000917,2026-06-15 12:37:19,purchase,Checkout,P0013,Mobile,Affiliate
E00003929,C00074,S0000918,2026-01-30 07:10:21,page_view,Home,,Mobile,Bing
E00003930,C00074,S0000918,2026-01-30 07:13:19,search,Search,,Mobile,Bing
E00003931,C00074,S0000918,2026-01-30 07:14:42,page_view,Category,,Mobile,Bing
E00003932,C00074,S0000918,2026-01-30 07:16:37,product_view,Product,P0021,Mobile,Bing
E00003933,C00074,S0000918,2026-01-30 07:18:11,review_view,Reviews,P0021,Mobile,Bing
E00003934,C00074,S0000919,2026-02-10 09:01:26,page_view,Home,,Desktop,Instagram
E00003935,C00074,S0000919,2026-02-10 09:03:53,search,Search,,Desktop,Instagram
E00003936,C00074,S0000919,2026-02-10 09:04:40,page_view,Category,,Desktop,Instagram
E00003937,C00074,S0000919,2026-02-10 09:06:05,product_view,Product,P0021,Desktop,Instagram
E00003938,C00074,S0000919,2026-02-10 09:08:15,review_view,Reviews,P0021,Desktop,Instagram
E00003939,C00074,S0000919,2026-02-10 09:11:08,add_to_cart,Cart,P0008,Desktop,Instagram
E00003940,C00074,S0000919,2026-02-10 09:13:55,checkout_start,Checkout,P0021,Desktop,Instagram
E00003941,C00074,S0000919,2026-02-10 09:17:17,purchase,Checkout,P0058,Desktop,Instagram
E00003942,C00074,S0000920,2026-06-10 23:58:08,page_view,Home,,Desktop,Affiliate
E00003943,C00074,S0000920,2026-06-10 23:58:39,add_to_cart,Cart,P0005,Desktop,Affiliate
E00003944,C00074,S0000920,2026-06-11 00:00:29,checkout_start,Checkout,P0058,Desktop,Affiliate
E00003945,C00074,S0000920,2026-06-11 00:02:50,purchase,Checkout,P0054,Desktop,Affiliate
E00003946,C00074,S0000921,2025-06-17 16:51:13,page_view,Home,,Mobile,Google
E00003947,C00074,S0000922,2025-04-10 13:49:18,page_view,Home,,Desktop,Email
E00003948,C00074,S0000923,2025-03-05 10:01:28,page_view,Home,,Mobile,Facebook
E00003949,C00074,S0000923,2025-03-05 10:01:42,search,Search,,Mobile,Facebook
E00003950,C00074,S0000923,2025-03-05 10:04:14,page_view,Category,,Mobile,Facebook
E00003951,C00074,S0000923,2025-03-05 10:08:13,product_view,Product,P0008,Mobile,Facebook
E00003952,C00074,S0000924,2025-12-28 10:02:48,page_view,Home,,Tablet,Bing
E00003953,C00074,S0000924,2025-12-28 10:06:18,search,Search,,Tablet,Bing
E00003954,C00074,S0000924,2025-12-28 10:07:18,page_view,Category,,Tablet,Bing
E00003955,C00074,S0000924,2025-12-28 10:09:59,product_view,Product,P0058,Tablet,Bing
E00003956,C00074,S0000924,2025-12-28 10:11:25,add_to_cart,Cart,P0058,Tablet,Bing
E00003957,C00074,S0000924,2025-12-28 10:14:52,checkout_start,Checkout,P0013,Tablet,Bing
E00003958,C00074,S0000924,2025-12-28 10:16:43,purchase,Checkout,P0008,Tablet,Bing
E00003959,C00075,S0000925,2025-03-18 21:04:24,page_view,Home,,Mobile,Affiliate
E00003960,C00075,S0000925,2025-03-18 21:06:02,search,Search,,Mobile,Affiliate
E00003961,C00075,S0000925,2025-03-18 21:09:24,page_view,Category,,Mobile,Affiliate
E00003962,C00075,S0000925,2025-03-18 21:11:17,product_view,Product,P0034,Mobile,Affiliate
E00003963,C00075,S0000925,2025-03-18 21:14:55,review_view,Reviews,P0034,Mobile,Affiliate
E00003964,C00075,S0000925,2025-03-18 21:17:38,add_to_cart,Cart,P0015,Mobile,Affiliate
E00003965,C00075,S0000926,2026-02-05 05:06:58,page_view,Home,,Desktop,Affiliate
E00003966,C00075,S0000926,2026-02-05 05:08:24,search,Search,,Desktop,Affiliate
E00003967,C00075,S0000926,2026-02-05 05:08:36,page_view,Category,,Desktop,Affiliate
E00003968,C00075,S0000926,2026-02-05 05:09:41,product_view,Product,P0042,Desktop,Affiliate
E00003969,C00075,S0000926,2026-02-05 05:13:21,review_view,Reviews,P0037,Desktop,Affiliate
E00003970,C00075,S0000927,2026-03-23 02:56:23,page_view,Home,,Desktop,Affiliate
E00003971,C00075,S0000927,2026-03-23 02:59:36,search,Search,,Desktop,Affiliate
E00003972,C00075,S0000927,2026-03-23 03:01:00,page_view,Category,,Desktop,Affiliate
E00003973,C00075,S0000927,2026-03-23 03:03:35,product_view,Product,P0064,Desktop,Affiliate
E00003974,C00075,S0000927,2026-03-23 03:04:07,review_view,Reviews,P0042,Desktop,Affiliate
E00003975,C00075,S0000927,2026-03-23 03:06:12,add_to_cart,Cart,P0004,Desktop,Affiliate
E00003976,C00075,S0000927,2026-03-23 03:08:07,checkout_start,Checkout,P0076,Desktop,Affiliate
E00003977,C00075,S0000927,2026-03-23 03:09:14,purchase,Checkout,P0034,Desktop,Affiliate
E00003978,C00075,S0000928,2025-09-23 08:02:57,page_view,Home,,Tablet,Direct
E00003979,C00075,S0000928,2025-09-23 08:04:36,search,Search,,Tablet,Direct
E00003980,C00075,S0000928,2025-09-23 08:08:07,page_view,Category,,Tablet,Direct
E00003981,C00075,S0000928,2025-09-23 08:11:34,product_view,Product,P0004,Tablet,Direct
E00003982,C00075,S0000928,2025-09-23 08:12:13,review_view,Reviews,P0042,Tablet,Direct
E00003983,C00075,S0000928,2025-09-23 08:15:41,add_to_cart,Cart,P0034,Tablet,Direct
E00003984,C00075,S0000928,2025-09-23 08:18:16,checkout_start,Checkout,P0037,Tablet,Direct
E00003985,C00075,S0000928,2025-09-23 08:21:33,purchase,Checkout,P0004,Tablet,Direct
E00003986,C00075,S0000929,2025-01-13 07:08:18,page_view,Home,,Mobile,Instagram
E00003987,C00075,S0000929,2025-01-13 07:10:15,search,Search,,Mobile,Instagram
E00003988,C00075,S0000930,2026-02-27 23:55:21,page_view,Home,,Mobile,Email
E00003989,C00075,S0000930,2026-02-27 23:56:43,search,Search,,Mobile,Email
E00003990,C00075,S0000930,2026-02-27 23:57:04,page_view,Category,,Mobile,Email
E00003991,C00075,S0000930,2026-02-28 00:00:45,product_view,Product,P0076,Mobile,Email
E00003992,C00075,S0000930,2026-02-28 00:04:19,review_view,Reviews,P0037,Mobile,Email
E00003993,C00075,S0000930,2026-02-28 00:04:51,add_to_cart,Cart,P0004,Mobile,Email
E00003994,C00075,S0000931,2025-01-02 15:50:55,page_view,Home,,Mobile,Bing
E00003995,C00075,S0000931,2025-01-02 15:51:28,search,Search,,Mobile,Bing
E00003996,C00075,S0000931,2025-01-02 15:52:04,page_view,Category,,Mobile,Bing
E00003997,C00075,S0000931,2025-01-02 15:53:56,product_view,Product,P0004,Mobile,Bing
E00003998,C00075,S0000932,2025-08-07 21:03:40,page_view,Home,,Desktop,Email
E00003999,C00075,S0000932,2025-08-07 21:04:02,search,Search,,Desktop,Email
E00004000,C00075,S0000932,2025-08-07 21:07:49,page_view,Category,,Desktop,Email
E00004001,C00075,S0000932,2025-08-07 21:09:18,product_view,Product,P0025,Desktop,Email
E00004002,C00075,S0000932,2025-08-07 21:13:16,review_view,Reviews,P0004,Desktop,Email
E00004003,C00075,S0000933,2025-03-25 19:18:53,page_view,Home,,Desktop,Direct
E00004004,C00075,S0000933,2025-03-25 19:21:22,search,Search,,Desktop,Direct
E00004005,C00075,S0000933,2025-03-25 19:21:40,page_view,Category,,Desktop,Direct
E00004006,C00075,S0000933,2025-03-25 19:25:01,product_view,Product,P0015,Desktop,Direct
E00004007,C00075,S0000934,2026-06-30 01:27:25,page_view,Home,,Tablet,Email
E00004008,C00075,S0000934,2026-06-30 01:28:41,search,Search,,Tablet,Email
E00004009,C00075,S0000934,2026-06-30 01:30:59,add_to_cart,Cart,P0040,Tablet,Email
E00004010,C00075,S0000934,2026-06-30 01:32:26,checkout_start,Checkout,P0076,Tablet,Email
E00004011,C00075,S0000934,2026-06-30 01:33:42,purchase,Checkout,P0025,Tablet,Email
E00004012,C00075,S0000935,2024-12-22 07:40:17,page_view,Home,,Mobile,Instagram
E00004013,C00075,S0000935,2024-12-22 07:43:18,search,Search,,Mobile,Instagram
E00004014,C00075,S0000935,2024-12-22 07:43:52,page_view,Category,,Mobile,Instagram
E00004015,C00075,S0000935,2024-12-22 07:46:06,add_to_cart,Cart,P0015,Mobile,Instagram
E00004016,C00075,S0000935,2024-12-22 07:47:08,checkout_start,Checkout,P0076,Mobile,Instagram
E00004017,C00075,S0000935,2024-12-22 07:48:55,purchase,Checkout,P0004,Mobile,Instagram
E00004018,C00075,S0000936,2025-01-11 11:51:09,page_view,Home,,Desktop,Direct
E00004019,C00075,S0000936,2025-01-11 11:53:25,search,Search,,Desktop,Direct
E00004020,C00075,S0000936,2025-01-11 11:54:04,page_view,Category,,Desktop,Direct
E00004021,C00075,S0000936,2025-01-11 11:55:06,product_view,Product,P0025,Desktop,Direct
E00004022,C00075,S0000936,2025-01-11 11:58:36,review_view,Reviews,P0015,Desktop,Direct
E00004023,C00075,S0000936,2025-01-11 12:01:15,add_to_cart,Cart,P0037,Desktop,Direct
E00004024,C00075,S0000936,2025-01-11 12:05:01,checkout_start,Checkout,P0004,Desktop,Direct
E00004025,C00075,S0000936,2025-01-11 12:05:45,purchase,Checkout,P0037,Desktop,Direct
E00004026,C00075,S0000937,2026-02-09 00:09:56,page_view,Home,,Mobile,Affiliate
E00004027,C00075,S0000937,2026-02-09 00:11:20,search,Search,,Mobile,Affiliate
E00004028,C00076,S0000938,2024-11-09 04:21:58,page_view,Home,,Desktop,Bing
E00004029,C00076,S0000939,2024-12-24 17:40:35,page_view,Home,,Desktop,Google
E00004030,C00076,S0000939,2024-12-24 17:42:46,search,Search,,Desktop,Google
E00004031,C00076,S0000939,2024-12-24 17:46:33,page_view,Category,,Desktop,Google
E00004032,C00076,S0000939,2024-12-24 17:48:53,product_view,Product,P0051,Desktop,Google
E00004033,C00076,S0000939,2024-12-24 17:51:08,review_view,Reviews,P0052,Desktop,Google
E00004034,C00076,S0000939,2024-12-24 17:52:33,add_to_cart,Cart,P0052,Desktop,Google
E00004035,C00076,S0000939,2024-12-24 17:53:31,checkout_start,Checkout,P0022,Desktop,Google
E00004036,C00076,S0000939,2024-12-24 17:54:42,purchase,Checkout,P0022,Desktop,Google
E00004037,C00076,S0000940,2024-09-14 23:12:33,page_view,Home,,Mobile,Instagram
E00004038,C00076,S0000940,2024-09-14 23:16:03,search,Search,,Mobile,Instagram
E00004039,C00076,S0000940,2024-09-14 23:18:40,page_view,Category,,Mobile,Instagram
E00004040,C00076,S0000940,2024-09-14 23:20:03,product_view,Product,P0023,Mobile,Instagram
E00004041,C00076,S0000941,2025-04-19 23:24:22,page_view,Home,,Desktop,Direct
E00004042,C00076,S0000941,2025-04-19 23:25:32,search,Search,,Desktop,Direct
E00004043,C00076,S0000942,2024-10-30 12:15:55,page_view,Home,,Mobile,Instagram
E00004044,C00076,S0000942,2024-10-30 12:16:52,search,Search,,Mobile,Instagram
E00004045,C00076,S0000942,2024-10-30 12:18:41,add_to_cart,Cart,P0022,Mobile,Instagram
E00004046,C00076,S0000942,2024-10-30 12:20:35,checkout_start,Checkout,P0048,Mobile,Instagram
E00004047,C00076,S0000942,2024-10-30 12:24:13,purchase,Checkout,P0051,Mobile,Instagram
E00004048,C00076,S0000943,2025-07-18 06:06:46,page_view,Home,,Desktop,Affiliate
E00004049,C00076,S0000943,2025-07-18 06:10:44,search,Search,,Desktop,Affiliate
E00004050,C00076,S0000943,2025-07-18 06:11:13,page_view,Category,,Desktop,Affiliate
E00004051,C00076,S0000943,2025-07-18 06:11:23,product_view,Product,P0023,Desktop,Affiliate
E00004052,C00076,S0000943,2025-07-18 06:14:15,review_view,Reviews,P0051,Desktop,Affiliate
E00004053,C00076,S0000943,2025-07-18 06:15:37,add_to_cart,Cart,P0067,Desktop,Affiliate
E00004054,C00076,S0000943,2025-07-18 06:18:51,checkout_start,Checkout,P0022,Desktop,Affiliate
E00004055,C00076,S0000943,2025-07-18 06:22:02,purchase,Checkout,P0067,Desktop,Affiliate
E00004056,C00076,S0000944,2026-03-27 19:47:45,page_view,Home,,Mobile,Bing
E00004057,C00076,S0000944,2026-03-27 19:49:34,search,Search,,Mobile,Bing
E00004058,C00076,S0000944,2026-03-27 19:52:18,page_view,Category,,Mobile,Bing
E00004059,C00076,S0000944,2026-03-27 19:53:40,product_view,Product,P0047,Mobile,Bing
E00004060,C00076,S0000944,2026-03-27 19:54:04,review_view,Reviews,P0009,Mobile,Bing
E00004061,C00076,S0000945,2025-08-20 03:53:34,page_view,Home,,Desktop,Instagram
E00004062,C00076,S0000945,2025-08-20 03:55:13,search,Search,,Desktop,Instagram
E00004063,C00076,S0000945,2025-08-20 03:58:12,page_view,Category,,Desktop,Instagram
E00004064,C00076,S0000945,2025-08-20 04:00:04,product_view,Product,P0047,Desktop,Instagram
E00004065,C00076,S0000945,2025-08-20 04:01:47,review_view,Reviews,P0051,Desktop,Instagram
E00004066,C00076,S0000946,2026-01-05 10:50:24,page_view,Home,,Mobile,Affiliate
E00004067,C00076,S0000946,2026-01-05 10:50:56,search,Search,,Mobile,Affiliate
E00004068,C00076,S0000946,2026-01-05 10:53:02,page_view,Category,,Mobile,Affiliate
E00004069,C00076,S0000946,2026-01-05 10:53:51,product_view,Product,P0052,Mobile,Affiliate
E00004070,C00076,S0000946,2026-01-05 10:55:44,review_view,Reviews,P0023,Mobile,Affiliate
E00004071,C00076,S0000946,2026-01-05 10:59:08,add_to_cart,Cart,P0051,Mobile,Affiliate
E00004072,C00076,S0000947,2025-09-25 13:24:36,page_view,Home,,Mobile,Direct
E00004073,C00076,S0000948,2024-09-19 03:05:03,page_view,Home,,Desktop,Direct
E00004074,C00076,S0000948,2024-09-19 03:06:09,search,Search,,Desktop,Direct
E00004075,C00076,S0000948,2024-09-19 03:06:20,page_view,Category,,Desktop,Direct
E00004076,C00076,S0000949,2025-08-29 18:32:47,page_view,Home,,Desktop,Bing
E00004077,C00076,S0000949,2025-08-29 18:36:18,search,Search,,Desktop,Bing
E00004078,C00076,S0000949,2025-08-29 18:39:27,page_view,Category,,Desktop,Bing
E00004079,C00076,S0000949,2025-08-29 18:41:48,product_view,Product,P0067,Desktop,Bing
E00004080,C00076,S0000949,2025-08-29 18:45:17,review_view,Reviews,P0022,Desktop,Bing
E00004081,C00076,S0000950,2024-08-12 00:10:12,page_view,Home,,Mobile,Facebook
E00004082,C00076,S0000950,2024-08-12 00:10:37,search,Search,,Mobile,Facebook
E00004083,C00076,S0000950,2024-08-12 00:13:39,page_view,Category,,Mobile,Facebook
E00004084,C00076,S0000950,2024-08-12 00:14:58,product_view,Product,P0022,Mobile,Facebook
E00004085,C00076,S0000950,2024-08-12 00:17:12,review_view,Reviews,P0023,Mobile,Facebook
E00004086,C00076,S0000950,2024-08-12 00:19:39,add_to_cart,Cart,P0023,Mobile,Facebook
E00004087,C00076,S0000951,2024-08-14 17:12:07,page_view,Home,,Desktop,Direct
E00004088,C00076,S0000951,2024-08-14 17:15:59,search,Search,,Desktop,Direct
E00004089,C00076,S0000951,2024-08-14 17:19:31,page_view,Category,,Desktop,Direct
E00004090,C00076,S0000951,2024-08-14 17:22:29,product_view,Product,P0023,Desktop,Direct
E00004091,C00077,S0000952,2025-09-30 06:37:31,page_view,Home,,Mobile,Bing
E00004092,C00077,S0000952,2025-09-30 06:39:04,search,Search,,Mobile,Bing
E00004093,C00077,S0000953,2025-10-04 19:09:23,page_view,Home,,Mobile,Bing
E00004094,C00077,S0000953,2025-10-04 19:09:33,search,Search,,Mobile,Bing
E00004095,C00077,S0000954,2025-12-03 03:25:08,page_view,Home,,Mobile,Facebook
E00004096,C00077,S0000955,2025-09-14 08:20:05,page_view,Home,,Desktop,Google
E00004097,C00077,S0000955,2025-09-14 08:23:05,search,Search,,Desktop,Google
E00004098,C00077,S0000955,2025-09-14 08:23:22,page_view,Category,,Desktop,Google
E00004099,C00077,S0000956,2025-12-24 07:05:11,page_view,Home,,Mobile,Google
E00004100,C00077,S0000956,2025-12-24 07:08:37,search,Search,,Mobile,Google
E00004101,C00077,S0000956,2025-12-24 07:11:31,page_view,Category,,Mobile,Google
E00004102,C00077,S0000957,2026-04-14 21:34:45,page_view,Home,,Desktop,Instagram
E00004103,C00077,S0000958,2025-09-15 23:17:27,page_view,Home,,Tablet,Facebook
E00004104,C00077,S0000958,2025-09-15 23:20:10,search,Search,,Tablet,Facebook
E00004105,C00077,S0000958,2025-09-15 23:23:34,page_view,Category,,Tablet,Facebook
E00004106,C00077,S0000958,2025-09-15 23:25:42,product_view,Product,P0076,Tablet,Facebook
E00004107,C00077,S0000958,2025-09-15 23:26:53,review_view,Reviews,P0004,Tablet,Facebook
E00004108,C00077,S0000959,2025-09-20 19:43:26,page_view,Home,,Desktop,Direct
E00004109,C00077,S0000959,2025-09-20 19:44:49,add_to_cart,Cart,P0040,Desktop,Direct
E00004110,C00077,S0000959,2025-09-20 19:46:01,checkout_start,Checkout,P0037,Desktop,Direct
E00004111,C00077,S0000959,2025-09-20 19:46:30,purchase,Checkout,P0040,Desktop,Direct
E00004112,C00077,S0000960,2025-09-19 18:37:27,page_view,Home,,Desktop,Bing
E00004113,C00077,S0000960,2025-09-19 18:39:59,search,Search,,Desktop,Bing
E00004114,C00077,S0000960,2025-09-19 18:41:53,page_view,Category,,Desktop,Bing
E00004115,C00077,S0000960,2025-09-19 18:45:27,product_view,Product,P0064,Desktop,Bing
E00004116,C00077,S0000960,2025-09-19 18:46:50,review_view,Reviews,P0025,Desktop,Bing
E00004117,C00077,S0000960,2025-09-19 18:49:20,add_to_cart,Cart,P0004,Desktop,Bing
E00004118,C00077,S0000960,2025-09-19 18:50:14,checkout_start,Checkout,P0015,Desktop,Bing
E00004119,C00077,S0000960,2025-09-19 18:53:08,purchase,Checkout,P0076,Desktop,Bing
E00004120,C00077,S0000961,2026-06-27 20:15:03,page_view,Home,,Mobile,Email
E00004121,C00077,S0000961,2026-06-27 20:17:20,search,Search,,Mobile,Email
E00004122,C00077,S0000961,2026-06-27 20:19:53,page_view,Category,,Mobile,Email
E00004123,C00077,S0000961,2026-06-27 20:22:47,product_view,Product,P0004,Mobile,Email
E00004124,C00077,S0000961,2026-06-27 20:25:49,review_view,Reviews,P0034,Mobile,Email
E00004125,C00077,S0000961,2026-06-27 20:27:57,add_to_cart,Cart,P0076,Mobile,Email
E00004126,C00078,S0000962,2025-12-06 04:15:21,page_view,Home,,Desktop,Facebook
E00004127,C00078,S0000962,2025-12-06 04:18:34,search,Search,,Desktop,Facebook
E00004128,C00078,S0000962,2025-12-06 04:20:37,page_view,Category,,Desktop,Facebook
E00004129,C00078,S0000962,2025-12-06 04:21:51,product_view,Product,P0047,Desktop,Facebook
E00004130,C00078,S0000962,2025-12-06 04:25:31,review_view,Reviews,P0052,Desktop,Facebook
E00004131,C00078,S0000962,2025-12-06 04:28:13,add_to_cart,Cart,P0009,Desktop,Facebook
E00004132,C00078,S0000962,2025-12-06 04:29:44,checkout_start,Checkout,P0051,Desktop,Facebook
E00004133,C00078,S0000962,2025-12-06 04:32:15,purchase,Checkout,P0051,Desktop,Facebook
E00004134,C00078,S0000963,2026-06-15 12:35:39,page_view,Home,,Mobile,Bing
E00004135,C00078,S0000963,2026-06-15 12:39:05,search,Search,,Mobile,Bing
E00004136,C00078,S0000963,2026-06-15 12:39:20,page_view,Category,,Mobile,Bing
E00004137,C00078,S0000963,2026-06-15 12:41:49,product_view,Product,P0048,Mobile,Bing
E00004138,C00078,S0000963,2026-06-15 12:42:46,review_view,Reviews,P0009,Mobile,Bing
E00004139,C00078,S0000963,2026-06-15 12:46:29,add_to_cart,Cart,P0052,Mobile,Bing
E00004140,C00078,S0000964,2025-12-15 15:41:34,page_view,Home,,Mobile,Google
E00004141,C00078,S0000964,2025-12-15 15:44:19,search,Search,,Mobile,Google
E00004142,C00078,S0000964,2025-12-15 15:47:54,page_view,Category,,Mobile,Google
E00004143,C00078,S0000964,2025-12-15 15:50:23,product_view,Product,P0052,Mobile,Google
E00004144,C00078,S0000964,2025-12-15 15:50:36,add_to_cart,Cart,P0052,Mobile,Google
E00004145,C00078,S0000964,2025-12-15 15:51:03,checkout_start,Checkout,P0009,Mobile,Google
E00004146,C00078,S0000964,2025-12-15 15:52:52,purchase,Checkout,P0051,Mobile,Google
E00004147,C00078,S0000965,2025-09-13 16:48:11,page_view,Home,,Mobile,Instagram
E00004148,C00078,S0000965,2025-09-13 16:48:32,search,Search,,Mobile,Instagram
E00004149,C00078,S0000966,2025-03-24 14:33:44,page_view,Home,,Mobile,Google
E00004150,C00078,S0000966,2025-03-24 14:36:43,search,Search,,Mobile,Google
E00004151,C00078,S0000966,2025-03-24 14:39:16,page_view,Category,,Mobile,Google
E00004152,C00078,S0000967,2025-03-17 10:55:41,page_view,Home,,Mobile,Google
E00004153,C00078,S0000967,2025-03-17 10:55:56,search,Search,,Mobile,Google
E00004154,C00078,S0000967,2025-03-17 10:58:17,page_view,Category,,Mobile,Google
E00004155,C00078,S0000967,2025-03-17 10:59:38,product_view,Product,P0047,Mobile,Google
E00004156,C00078,S0000967,2025-03-17 11:01:50,review_view,Reviews,P0052,Mobile,Google
E00004157,C00078,S0000968,2025-12-22 22:22:16,page_view,Home,,Mobile,Bing
E00004158,C00078,S0000968,2025-12-22 22:24:23,search,Search,,Mobile,Bing
E00004159,C00078,S0000969,2026-03-13 18:10:03,page_view,Home,,Desktop,Email
E00004160,C00078,S0000969,2026-03-13 18:12:29,search,Search,,Desktop,Email
E00004161,C00078,S0000969,2026-03-13 18:13:51,page_view,Category,,Desktop,Email
E00004162,C00078,S0000969,2026-03-13 18:16:53,product_view,Product,P0023,Desktop,Email
E00004163,C00078,S0000969,2026-03-13 18:18:04,review_view,Reviews,P0023,Desktop,Email
E00004164,C00078,S0000969,2026-03-13 18:22:04,add_to_cart,Cart,P0048,Desktop,Email
E00004165,C00078,S0000969,2026-03-13 18:22:58,checkout_start,Checkout,P0047,Desktop,Email
E00004166,C00078,S0000969,2026-03-13 18:24:25,purchase,Checkout,P0009,Desktop,Email
E00004167,C00078,S0000970,2026-03-09 01:12:56,page_view,Home,,Mobile,Direct
E00004168,C00078,S0000970,2026-03-09 01:14:30,search,Search,,Mobile,Direct
E00004169,C00078,S0000971,2025-08-04 09:00:18,page_view,Home,,Mobile,Facebook
E00004170,C00078,S0000971,2025-08-04 09:01:48,search,Search,,Mobile,Facebook
E00004171,C00078,S0000971,2025-08-04 09:03:55,page_view,Category,,Mobile,Facebook
E00004172,C00078,S0000971,2025-08-04 09:05:17,product_view,Product,P0009,Mobile,Facebook
E00004173,C00078,S0000971,2025-08-04 09:07:05,review_view,Reviews,P0023,Mobile,Facebook
E00004174,C00078,S0000971,2025-08-04 09:10:48,add_to_cart,Cart,P0067,Mobile,Facebook
E00004175,C00078,S0000972,2025-11-25 13:48:44,page_view,Home,,Mobile,Direct
E00004176,C00078,S0000973,2026-03-07 07:47:47,page_view,Home,,Desktop,Affiliate
E00004177,C00078,S0000973,2026-03-07 07:49:11,search,Search,,Desktop,Affiliate
E00004178,C00078,S0000973,2026-03-07 07:50:52,add_to_cart,Cart,P0023,Desktop,Affiliate
E00004179,C00078,S0000973,2026-03-07 07:51:58,checkout_start,Checkout,P0022,Desktop,Affiliate
E00004180,C00078,S0000973,2026-03-07 07:53:30,purchase,Checkout,P0023,Desktop,Affiliate
E00004181,C00078,S0000974,2025-11-05 14:07:52,page_view,Home,,Desktop,Google
E00004182,C00078,S0000974,2025-11-05 14:09:53,search,Search,,Desktop,Google
E00004183,C00078,S0000975,2025-08-29 06:42:23,page_view,Home,,Mobile,Instagram
E00004184,C00078,S0000975,2025-08-29 06:42:58,search,Search,,Mobile,Instagram
E00004185,C00078,S0000975,2025-08-29 06:45:12,page_view,Category,,Mobile,Instagram
E00004186,C00078,S0000975,2025-08-29 06:46:37,product_view,Product,P0023,Mobile,Instagram
E00004187,C00078,S0000975,2025-08-29 06:49:20,review_view,Reviews,P0023,Mobile,Instagram
E00004188,C00078,S0000975,2025-08-29 06:53:02,add_to_cart,Cart,P0023,Mobile,Instagram
E00004189,C00078,S0000976,2025-02-23 11:00:28,page_view,Home,,Desktop,Google
E00004190,C00078,S0000977,2025-08-12 08:48:05,page_view,Home,,Mobile,Google
E00004191,C00078,S0000977,2025-08-12 08:51:54,search,Search,,Mobile,Google
E00004192,C00078,S0000977,2025-08-12 08:55:37,page_view,Category,,Mobile,Google
E00004193,C00078,S0000977,2025-08-12 08:55:48,product_view,Product,P0052,Mobile,Google
E00004194,C00078,S0000977,2025-08-12 08:56:54,review_view,Reviews,P0023,Mobile,Google
E00004195,C00078,S0000978,2026-04-05 12:58:04,page_view,Home,,Mobile,Google
E00004196,C00078,S0000978,2026-04-05 12:58:54,search,Search,,Mobile,Google
E00004197,C00078,S0000978,2026-04-05 13:01:12,page_view,Category,,Mobile,Google
E00004198,C00078,S0000978,2026-04-05 13:01:33,product_view,Product,P0048,Mobile,Google
E00004199,C00078,S0000978,2026-04-05 13:03:59,review_view,Reviews,P0051,Mobile,Google
E00004200,C00079,S0000979,2025-12-31 03:29:12,page_view,Home,,Mobile,Affiliate
E00004201,C00079,S0000979,2025-12-31 03:30:16,search,Search,,Mobile,Affiliate
E00004202,C00079,S0000979,2025-12-31 03:32:01,page_view,Category,,Mobile,Affiliate
E00004203,C00079,S0000979,2025-12-31 03:34:49,product_view,Product,P0030,Mobile,Affiliate
E00004204,C00079,S0000979,2025-12-31 03:37:04,review_view,Reviews,P0045,Mobile,Affiliate
E00004205,C00079,S0000979,2025-12-31 03:39:18,add_to_cart,Cart,P0016,Mobile,Affiliate
E00004206,C00079,S0000979,2025-12-31 03:42:02,checkout_start,Checkout,P0016,Mobile,Affiliate
E00004207,C00079,S0000979,2025-12-31 03:42:12,purchase,Checkout,P0016,Mobile,Affiliate
E00004208,C00079,S0000980,2024-11-20 06:42:18,page_view,Home,,Mobile,Instagram
E00004209,C00079,S0000980,2024-11-20 06:43:15,search,Search,,Mobile,Instagram
E00004210,C00079,S0000980,2024-11-20 06:47:00,page_view,Category,,Mobile,Instagram
E00004211,C00079,S0000980,2024-11-20 06:48:37,product_view,Product,P0033,Mobile,Instagram
E00004212,C00079,S0000980,2024-11-20 06:51:50,review_view,Reviews,P0065,Mobile,Instagram
E00004213,C00079,S0000981,2025-08-12 17:56:46,page_view,Home,,Mobile,Facebook
E00004214,C00079,S0000982,2024-10-31 16:22:06,page_view,Home,,Desktop,Google
E00004215,C00079,S0000982,2024-10-31 16:23:29,search,Search,,Desktop,Google
E00004216,C00079,S0000982,2024-10-31 16:27:02,page_view,Category,,Desktop,Google
E00004217,C00079,S0000982,2024-10-31 16:30:31,product_view,Product,P0031,Desktop,Google
E00004218,C00079,S0000983,2025-06-08 05:00:48,page_view,Home,,Mobile,Affiliate
E00004219,C00079,S0000983,2025-06-08 05:02:57,search,Search,,Mobile,Affiliate
E00004220,C00079,S0000983,2025-06-08 05:06:27,page_view,Category,,Mobile,Affiliate
E00004221,C00079,S0000983,2025-06-08 05:08:53,product_view,Product,P0079,Mobile,Affiliate
E00004222,C00079,S0000983,2025-06-08 05:09:22,review_view,Reviews,P0031,Mobile,Affiliate
E00004223,C00079,S0000983,2025-06-08 05:10:56,add_to_cart,Cart,P0033,Mobile,Affiliate
E00004224,C00079,S0000983,2025-06-08 05:12:20,checkout_start,Checkout,P0033,Mobile,Affiliate
E00004225,C00079,S0000983,2025-06-08 05:15:37,purchase,Checkout,P0031,Mobile,Affiliate
E00004226,C00079,S0000984,2025-07-06 16:11:27,page_view,Home,,Mobile,Email
E00004227,C00079,S0000985,2025-05-17 22:24:11,page_view,Home,,Mobile,Instagram
E00004228,C00079,S0000985,2025-05-17 22:26:10,search,Search,,Mobile,Instagram
E00004229,C00079,S0000985,2025-05-17 22:28:07,page_view,Category,,Mobile,Instagram
E00004230,C00079,S0000985,2025-05-17 22:31:19,product_view,Product,P0033,Mobile,Instagram
E00004231,C00079,S0000985,2025-05-17 22:32:56,review_view,Reviews,P0016,Mobile,Instagram
E00004232,C00079,S0000985,2025-05-17 22:34:34,add_to_cart,Cart,P0030,Mobile,Instagram
E00004233,C00079,S0000985,2025-05-17 22:37:32,checkout_start,Checkout,P0033,Mobile,Instagram
E00004234,C00079,S0000985,2025-05-17 22:40:27,purchase,Checkout,P0079,Mobile,Instagram
E00004235,C00079,S0000986,2025-12-31 02:29:48,page_view,Home,,Mobile,Direct
E00004236,C00079,S0000987,2025-09-22 17:24:22,page_view,Home,,Mobile,Affiliate
E00004237,C00079,S0000987,2025-09-22 17:24:47,search,Search,,Mobile,Affiliate
E00004238,C00079,S0000987,2025-09-22 17:25:36,page_view,Category,,Mobile,Affiliate
E00004239,C00079,S0000987,2025-09-22 17:26:19,product_view,Product,P0030,Mobile,Affiliate
E00004240,C00079,S0000988,2025-01-07 04:09:02,page_view,Home,,Desktop,Instagram
E00004241,C00079,S0000988,2025-01-07 04:10:50,search,Search,,Desktop,Instagram
E00004242,C00079,S0000988,2025-01-07 04:13:41,page_view,Category,,Desktop,Instagram
E00004243,C00079,S0000989,2026-03-02 23:05:02,page_view,Home,,Mobile,Google
E00004244,C00079,S0000989,2026-03-02 23:07:16,search,Search,,Mobile,Google
E00004245,C00079,S0000989,2026-03-02 23:07:57,page_view,Category,,Mobile,Google
E00004246,C00079,S0000989,2026-03-02 23:10:25,product_view,Product,P0031,Mobile,Google
E00004247,C00079,S0000990,2026-06-20 05:42:31,page_view,Home,,Desktop,Facebook
E00004248,C00079,S0000991,2025-08-16 23:34:10,page_view,Home,,Desktop,Direct
E00004249,C00079,S0000991,2025-08-16 23:35:33,search,Search,,Desktop,Direct
E00004250,C00079,S0000991,2025-08-16 23:39:19,page_view,Category,,Desktop,Direct
E00004251,C00079,S0000991,2025-08-16 23:40:07,product_view,Product,P0045,Desktop,Direct
E00004252,C00080,S0000992,2025-09-08 07:04:21,page_view,Home,,Desktop,Instagram
E00004253,C00080,S0000992,2025-09-08 07:05:57,add_to_cart,Cart,P0047,Desktop,Instagram
E00004254,C00080,S0000992,2025-09-08 07:08:32,checkout_start,Checkout,P0023,Desktop,Instagram
E00004255,C00080,S0000992,2025-09-08 07:12:25,purchase,Checkout,P0047,Desktop,Instagram
E00004256,C00080,S0000993,2026-03-27 02:42:37,page_view,Home,,Mobile,Affiliate
E00004257,C00080,S0000993,2026-03-27 02:44:55,search,Search,,Mobile,Affiliate
E00004258,C00080,S0000994,2026-06-11 13:52:47,page_view,Home,,Tablet,Email
E00004259,C00080,S0000994,2026-06-11 13:55:59,search,Search,,Tablet,Email
E00004260,C00080,S0000994,2026-06-11 13:57:15,page_view,Category,,Tablet,Email
E00004261,C00080,S0000995,2025-05-24 17:53:58,page_view,Home,,Desktop,Instagram
E00004262,C00080,S0000995,2025-05-24 17:56:33,search,Search,,Desktop,Instagram
E00004263,C00080,S0000995,2025-05-24 17:57:01,page_view,Category,,Desktop,Instagram
E00004264,C00080,S0000995,2025-05-24 18:00:56,product_view,Product,P0051,Desktop,Instagram
E00004265,C00080,S0000995,2025-05-24 18:04:55,review_view,Reviews,P0047,Desktop,Instagram
E00004266,C00080,S0000996,2025-12-26 05:04:56,page_view,Home,,Mobile,Email
E00004267,C00080,S0000996,2025-12-26 05:08:34,add_to_cart,Cart,P0052,Mobile,Email
E00004268,C00080,S0000996,2025-12-26 05:12:09,checkout_start,Checkout,P0051,Mobile,Email
E00004269,C00080,S0000996,2025-12-26 05:13:00,purchase,Checkout,P0052,Mobile,Email
E00004270,C00080,S0000997,2025-10-20 10:43:35,page_view,Home,,Desktop,Google
E00004271,C00080,S0000997,2025-10-20 10:47:32,search,Search,,Desktop,Google
E00004272,C00080,S0000998,2025-10-07 02:20:35,page_view,Home,,Tablet,Bing
E00004273,C00080,S0000998,2025-10-07 02:21:41,search,Search,,Tablet,Bing
E00004274,C00080,S0000998,2025-10-07 02:25:17,page_view,Category,,Tablet,Bing
E00004275,C00080,S0000998,2025-10-07 02:26:30,product_view,Product,P0067,Tablet,Bing
E00004276,C00080,S0000998,2025-10-07 02:30:13,review_view,Reviews,P0051,Tablet,Bing
E00004277,C00080,S0000998,2025-10-07 02:33:15,add_to_cart,Cart,P0052,Tablet,Bing
E00004278,C00080,S0000999,2025-09-09 14:05:21,page_view,Home,,Mobile,Instagram
E00004279,C00080,S0000999,2025-09-09 14:06:46,search,Search,,Mobile,Instagram
E00004280,C00080,S0000999,2025-09-09 14:09:26,page_view,Category,,Mobile,Instagram
E00004281,C00080,S0000999,2025-09-09 14:11:25,product_view,Product,P0023,Mobile,Instagram
E00004282,C00080,S0000999,2025-09-09 14:12:17,review_view,Reviews,P0048,Mobile,Instagram
E00004283,C00080,S0001000,2026-05-23 21:04:01,page_view,Home,,Mobile,Bing
E00004284,C00080,S0001000,2026-05-23 21:06:51,search,Search,,Mobile,Bing
E00004285,C00080,S0001000,2026-05-23 21:07:36,page_view,Category,,Mobile,Bing
E00004286,C00080,S0001001,2025-09-10 00:14:14,page_view,Home,,Tablet,Instagram
E00004287,C00080,S0001001,2025-09-10 00:16:02,search,Search,,Tablet,Instagram
E00004288,C00080,S0001001,2025-09-10 00:18:28,page_view,Category,,Tablet,Instagram
E00004289,C00080,S0001001,2025-09-10 00:20:03,product_view,Product,P0022,Tablet,Instagram
E00004290,C00080,S0001001,2025-09-10 00:20:49,review_view,Reviews,P0009,Tablet,Instagram
E00004291,C00080,S0001001,2025-09-10 00:24:40,add_to_cart,Cart,P0052,Tablet,Instagram
E00004292,C00080,S0001002,2026-04-29 04:38:46,page_view,Home,,Desktop,Google
E00004293,C00080,S0001002,2026-04-29 04:39:55,search,Search,,Desktop,Google
E00004294,C00080,S0001002,2026-04-29 04:43:14,page_view,Category,,Desktop,Google
E00004295,C00080,S0001002,2026-04-29 04:44:45,product_view,Product,P0009,Desktop,Google
E00004296,C00080,S0001002,2026-04-29 04:47:32,review_view,Reviews,P0067,Desktop,Google
E00004297,C00081,S0001003,2026-02-05 05:06:01,page_view,Home,,Mobile,Email
E00004298,C00081,S0001004,2026-03-30 00:11:40,page_view,Home,,Mobile,Instagram
E00004299,C00081,S0001004,2026-03-30 00:14:10,search,Search,,Mobile,Instagram
E00004300,C00081,S0001005,2025-09-24 10:30:30,page_view,Home,,Desktop,Instagram
E00004301,C00081,S0001005,2025-09-24 10:34:24,search,Search,,Desktop,Instagram
E00004302,C00081,S0001005,2025-09-24 10:35:09,page_view,Category,,Desktop,Instagram
E00004303,C00081,S0001005,2025-09-24 10:36:54,product_view,Product,P0024,Desktop,Instagram
E00004304,C00081,S0001005,2025-09-24 10:40:45,review_view,Reviews,P0061,Desktop,Instagram
E00004305,C00081,S0001005,2025-09-24 10:42:09,add_to_cart,Cart,P0077,Desktop,Instagram
E00004306,C00081,S0001006,2025-10-17 16:43:09,page_view,Home,,Mobile,Google
E00004307,C00081,S0001007,2026-02-17 16:32:35,page_view,Home,,Desktop,Google
E00004308,C00081,S0001007,2026-02-17 16:33:47,search,Search,,Desktop,Google
E00004309,C00081,S0001007,2026-02-17 16:34:46,page_view,Category,,Desktop,Google
E00004310,C00081,S0001007,2026-02-17 16:36:49,product_view,Product,P0077,Desktop,Google
E00004311,C00081,S0001008,2025-12-09 02:05:46,page_view,Home,,Mobile,Direct
E00004312,C00081,S0001008,2025-12-09 02:07:37,search,Search,,Mobile,Direct
E00004313,C00081,S0001008,2025-12-09 02:09:51,page_view,Category,,Mobile,Direct
E00004314,C00081,S0001008,2025-12-09 02:11:43,product_view,Product,P0077,Mobile,Direct
E00004315,C00081,S0001008,2025-12-09 02:13:46,review_view,Reviews,P0024,Mobile,Direct
E00004316,C00081,S0001008,2025-12-09 02:15:37,add_to_cart,Cart,P0027,Mobile,Direct
E00004317,C00081,S0001009,2026-04-17 22:58:56,page_view,Home,,Desktop,Email
E00004318,C00081,S0001009,2026-04-17 23:00:55,search,Search,,Desktop,Email
E00004319,C00081,S0001009,2026-04-17 23:01:56,add_to_cart,Cart,P0024,Desktop,Email
E00004320,C00081,S0001009,2026-04-17 23:02:34,checkout_start,Checkout,P0024,Desktop,Email
E00004321,C00081,S0001009,2026-04-17 23:03:19,purchase,Checkout,P0027,Desktop,Email
E00004322,C00081,S0001010,2025-10-04 01:48:21,page_view,Home,,Mobile,Facebook
E00004323,C00081,S0001010,2025-10-04 01:49:03,search,Search,,Mobile,Facebook
E00004324,C00081,S0001010,2025-10-04 01:50:52,page_view,Category,,Mobile,Facebook
E00004325,C00081,S0001010,2025-10-04 01:54:31,product_view,Product,P0044,Mobile,Facebook
E00004326,C00081,S0001010,2025-10-04 01:57:58,review_view,Reviews,P0061,Mobile,Facebook
E00004327,C00081,S0001010,2025-10-04 01:59:00,add_to_cart,Cart,P0027,Mobile,Facebook
E00004328,C00081,S0001011,2026-01-07 15:26:05,page_view,Home,,Mobile,Email
E00004329,C00081,S0001011,2026-01-07 15:26:57,search,Search,,Mobile,Email
E00004330,C00081,S0001011,2026-01-07 15:30:03,page_view,Category,,Mobile,Email
E00004331,C00081,S0001011,2026-01-07 15:32:31,product_view,Product,P0061,Mobile,Email
E00004332,C00081,S0001011,2026-01-07 15:34:24,review_view,Reviews,P0056,Mobile,Email
E00004333,C00081,S0001011,2026-01-07 15:37:39,add_to_cart,Cart,P0077,Mobile,Email
E00004334,C00081,S0001012,2025-11-03 07:34:36,page_view,Home,,Desktop,Bing
E00004335,C00081,S0001012,2025-11-03 07:35:59,search,Search,,Desktop,Bing
E00004336,C00081,S0001012,2025-11-03 07:39:57,page_view,Category,,Desktop,Bing
E00004337,C00082,S0001013,2026-03-10 21:50:44,page_view,Home,,Mobile,Instagram
E00004338,C00082,S0001014,2026-05-17 01:57:00,page_view,Home,,Mobile,Bing
E00004339,C00082,S0001015,2025-09-16 20:32:04,page_view,Home,,Desktop,Email
E00004340,C00082,S0001015,2025-09-16 20:32:33,search,Search,,Desktop,Email
E00004341,C00082,S0001015,2025-09-16 20:33:10,page_view,Category,,Desktop,Email
E00004342,C00082,S0001015,2025-09-16 20:37:10,product_view,Product,P0031,Desktop,Email
E00004343,C00082,S0001015,2025-09-16 20:38:34,review_view,Reviews,P0033,Desktop,Email
E00004344,C00082,S0001015,2025-09-16 20:39:12,add_to_cart,Cart,P0033,Desktop,Email
E00004345,C00082,S0001016,2026-01-23 19:23:00,page_view,Home,,Desktop,Facebook
E00004346,C00082,S0001016,2026-01-23 19:23:22,search,Search,,Desktop,Facebook
E00004347,C00082,S0001016,2026-01-23 19:24:27,page_view,Category,,Desktop,Facebook
E00004348,C00082,S0001016,2026-01-23 19:26:51,product_view,Product,P0065,Desktop,Facebook
E00004349,C00082,S0001016,2026-01-23 19:29:11,review_view,Reviews,P0045,Desktop,Facebook
E00004350,C00082,S0001017,2026-06-23 01:19:21,page_view,Home,,Mobile,Direct
E00004351,C00082,S0001017,2026-06-23 01:20:32,search,Search,,Mobile,Direct
E00004352,C00082,S0001017,2026-06-23 01:20:58,page_view,Category,,Mobile,Direct
E00004353,C00082,S0001018,2026-01-25 14:49:54,page_view,Home,,Mobile,Google
E00004354,C00082,S0001018,2026-01-25 14:51:28,search,Search,,Mobile,Google
E00004355,C00082,S0001018,2026-01-25 14:52:26,page_view,Category,,Mobile,Google
E00004356,C00082,S0001019,2026-04-24 23:07:08,page_view,Home,,Desktop,Instagram
E00004357,C00082,S0001019,2026-04-24 23:09:15,search,Search,,Desktop,Instagram
E00004358,C00082,S0001019,2026-04-24 23:10:46,page_view,Category,,Desktop,Instagram
E00004359,C00082,S0001019,2026-04-24 23:12:26,product_view,Product,P0045,Desktop,Instagram
E00004360,C00082,S0001019,2026-04-24 23:12:48,review_view,Reviews,P0030,Desktop,Instagram
E00004361,C00082,S0001020,2025-08-21 22:45:56,page_view,Home,,Mobile,Bing
E00004362,C00082,S0001020,2025-08-21 22:47:18,search,Search,,Mobile,Bing
E00004363,C00082,S0001020,2025-08-21 22:49:22,page_view,Category,,Mobile,Bing
E00004364,C00082,S0001020,2025-08-21 22:50:00,product_view,Product,P0033,Mobile,Bing
E00004365,C00082,S0001020,2025-08-21 22:53:45,review_view,Reviews,P0079,Mobile,Bing
E00004366,C00082,S0001020,2025-08-21 22:55:50,add_to_cart,Cart,P0045,Mobile,Bing
E00004367,C00082,S0001020,2025-08-21 22:57:07,checkout_start,Checkout,P0016,Mobile,Bing
E00004368,C00082,S0001020,2025-08-21 22:57:40,purchase,Checkout,P0045,Mobile,Bing
E00004369,C00083,S0001021,2025-09-21 14:45:19,page_view,Home,,Mobile,Affiliate
E00004370,C00083,S0001021,2025-09-21 14:47:32,search,Search,,Mobile,Affiliate
E00004371,C00083,S0001021,2025-09-21 14:50:41,page_view,Category,,Mobile,Affiliate
E00004372,C00083,S0001021,2025-09-21 14:51:17,product_view,Product,P0052,Mobile,Affiliate
E00004373,C00083,S0001021,2025-09-21 14:51:50,review_view,Reviews,P0022,Mobile,Affiliate
E00004374,C00083,S0001021,2025-09-21 14:53:33,add_to_cart,Cart,P0052,Mobile,Affiliate
E00004375,C00083,S0001022,2026-03-05 18:53:52,page_view,Home,,Mobile,Instagram
E00004376,C00083,S0001022,2026-03-05 18:57:34,search,Search,,Mobile,Instagram
E00004377,C00083,S0001022,2026-03-05 18:59:22,page_view,Category,,Mobile,Instagram
E00004378,C00083,S0001022,2026-03-05 19:01:24,product_view,Product,P0051,Mobile,Instagram
E00004379,C00083,S0001022,2026-03-05 19:04:02,review_view,Reviews,P0047,Mobile,Instagram
E00004380,C00083,S0001022,2026-03-05 19:07:01,add_to_cart,Cart,P0047,Mobile,Instagram
E00004381,C00083,S0001022,2026-03-05 19:07:51,checkout_start,Checkout,P0052,Mobile,Instagram
E00004382,C00083,S0001022,2026-03-05 19:08:17,purchase,Checkout,P0067,Mobile,Instagram
E00004383,C00083,S0001023,2025-08-21 11:42:39,page_view,Home,,Tablet,Google
E00004384,C00083,S0001023,2025-08-21 11:43:37,search,Search,,Tablet,Google
E00004385,C00083,S0001023,2025-08-21 11:44:52,page_view,Category,,Tablet,Google
E00004386,C00083,S0001023,2025-08-21 11:46:33,product_view,Product,P0022,Tablet,Google
E00004387,C00083,S0001023,2025-08-21 11:49:13,review_view,Reviews,P0051,Tablet,Google
E00004388,C00083,S0001023,2025-08-21 11:51:11,add_to_cart,Cart,P0051,Tablet,Google
E00004389,C00083,S0001024,2026-03-13 05:30:12,page_view,Home,,Tablet,Google
E00004390,C00083,S0001024,2026-03-13 05:33:09,search,Search,,Tablet,Google
E00004391,C00083,S0001024,2026-03-13 05:35:50,page_view,Category,,Tablet,Google
E00004392,C00083,S0001024,2026-03-13 05:39:17,product_view,Product,P0023,Tablet,Google
E00004393,C00083,S0001025,2025-12-22 05:50:58,page_view,Home,,Mobile,Email
E00004394,C00083,S0001025,2025-12-22 05:53:11,search,Search,,Mobile,Email
E00004395,C00083,S0001025,2025-12-22 05:54:46,page_view,Category,,Mobile,Email
E00004396,C00083,S0001026,2026-05-13 01:36:36,page_view,Home,,Desktop,Instagram
E00004397,C00083,S0001027,2026-05-07 17:40:14,page_view,Home,,Desktop,Email
E00004398,C00083,S0001027,2026-05-07 17:40:25,search,Search,,Desktop,Email
E00004399,C00083,S0001027,2026-05-07 17:41:13,page_view,Category,,Desktop,Email
E00004400,C00083,S0001027,2026-05-07 17:44:44,product_view,Product,P0051,Desktop,Email
E00004401,C00083,S0001027,2026-05-07 17:45:46,review_view,Reviews,P0023,Desktop,Email
E00004402,C00083,S0001028,2026-03-24 06:33:26,page_view,Home,,Mobile,Email
E00004403,C00083,S0001028,2026-03-24 06:34:32,search,Search,,Mobile,Email
E00004404,C00083,S0001028,2026-03-24 06:35:47,page_view,Category,,Mobile,Email
E00004405,C00083,S0001028,2026-03-24 06:37:18,product_view,Product,P0022,Mobile,Email
E00004406,C00083,S0001029,2026-06-22 13:34:17,page_view,Home,,Mobile,Google
E00004407,C00083,S0001029,2026-06-22 13:36:39,search,Search,,Mobile,Google
E00004408,C00083,S0001029,2026-06-22 13:38:23,page_view,Category,,Mobile,Google
E00004409,C00083,S0001029,2026-06-22 13:39:49,product_view,Product,P0052,Mobile,Google
E00004410,C00083,S0001029,2026-06-22 13:40:26,review_view,Reviews,P0047,Mobile,Google
E00004411,C00083,S0001029,2026-06-22 13:40:37,add_to_cart,Cart,P0067,Mobile,Google
E00004412,C00083,S0001030,2025-11-05 00:20:28,page_view,Home,,Mobile,Affiliate
E00004413,C00083,S0001030,2025-11-05 00:20:40,search,Search,,Mobile,Affiliate
E00004414,C00083,S0001030,2025-11-05 00:23:33,page_view,Category,,Mobile,Affiliate
E00004415,C00083,S0001030,2025-11-05 00:25:39,product_view,Product,P0047,Mobile,Affiliate
E00004416,C00083,S0001031,2026-05-11 06:08:01,page_view,Home,,Mobile,Affiliate
E00004417,C00083,S0001031,2026-05-11 06:08:40,search,Search,,Mobile,Affiliate
E00004418,C00083,S0001031,2026-05-11 06:09:20,page_view,Category,,Mobile,Affiliate
E00004419,C00083,S0001031,2026-05-11 06:13:14,product_view,Product,P0048,Mobile,Affiliate
E00004420,C00083,S0001031,2026-05-11 06:13:59,review_view,Reviews,P0051,Mobile,Affiliate
E00004421,C00083,S0001031,2026-05-11 06:14:41,add_to_cart,Cart,P0067,Mobile,Affiliate
E00004422,C00083,S0001032,2026-06-30 18:21:06,page_view,Home,,Desktop,Direct
E00004423,C00083,S0001032,2026-06-30 18:23:09,search,Search,,Desktop,Direct
E00004424,C00083,S0001032,2026-06-30 18:23:40,page_view,Category,,Desktop,Direct
E00004425,C00083,S0001032,2026-06-30 18:24:27,product_view,Product,P0022,Desktop,Direct
E00004426,C00083,S0001032,2026-06-30 18:24:49,review_view,Reviews,P0023,Desktop,Direct
E00004427,C00083,S0001032,2026-06-30 18:28:02,add_to_cart,Cart,P0048,Desktop,Direct
E00004428,C00083,S0001032,2026-06-30 18:28:48,checkout_start,Checkout,P0047,Desktop,Direct
E00004429,C00083,S0001032,2026-06-30 18:30:13,purchase,Checkout,P0048,Desktop,Direct
E00004430,C00083,S0001033,2026-04-07 07:55:24,page_view,Home,,Mobile,Affiliate
E00004431,C00083,S0001033,2026-04-07 07:59:11,search,Search,,Mobile,Affiliate
E00004432,C00083,S0001033,2026-04-07 08:02:51,page_view,Category,,Mobile,Affiliate
E00004433,C00083,S0001033,2026-04-07 08:05:58,product_view,Product,P0067,Mobile,Affiliate
E00004434,C00083,S0001033,2026-04-07 08:08:08,review_view,Reviews,P0022,Mobile,Affiliate
E00004435,C00083,S0001033,2026-04-07 08:11:31,add_to_cart,Cart,P0052,Mobile,Affiliate
E00004436,C00083,S0001034,2025-09-30 21:08:58,page_view,Home,,Mobile,Affiliate
E00004437,C00083,S0001034,2025-09-30 21:10:59,search,Search,,Mobile,Affiliate
E00004438,C00083,S0001034,2025-09-30 21:12:38,page_view,Category,,Mobile,Affiliate
E00004439,C00083,S0001034,2025-09-30 21:16:05,product_view,Product,P0052,Mobile,Affiliate
E00004440,C00083,S0001034,2025-09-30 21:17:58,review_view,Reviews,P0067,Mobile,Affiliate
E00004441,C00083,S0001035,2026-02-24 10:50:24,page_view,Home,,Desktop,Facebook
E00004442,C00083,S0001036,2025-11-28 07:07:12,page_view,Home,,Mobile,Affiliate
E00004443,C00083,S0001036,2025-11-28 07:08:00,search,Search,,Mobile,Affiliate
E00004444,C00083,S0001036,2025-11-28 07:08:51,page_view,Category,,Mobile,Affiliate
E00004445,C00083,S0001037,2025-12-22 05:05:50,page_view,Home,,Desktop,Google
E00004446,C00083,S0001037,2025-12-22 05:07:57,search,Search,,Desktop,Google
E00004447,C00083,S0001037,2025-12-22 05:10:46,page_view,Category,,Desktop,Google
E00004448,C00083,S0001037,2025-12-22 05:11:47,product_view,Product,P0023,Desktop,Google
E00004449,C00083,S0001037,2025-12-22 05:12:29,review_view,Reviews,P0022,Desktop,Google
E00004450,C00083,S0001037,2025-12-22 05:15:07,add_to_cart,Cart,P0022,Desktop,Google
E00004451,C00083,S0001038,2025-12-10 08:55:52,page_view,Home,,Mobile,Bing
E00004452,C00083,S0001038,2025-12-10 08:57:14,search,Search,,Mobile,Bing
E00004453,C00083,S0001038,2025-12-10 08:59:26,page_view,Category,,Mobile,Bing
E00004454,C00083,S0001038,2025-12-10 09:02:27,product_view,Product,P0047,Mobile,Bing
E00004455,C00083,S0001038,2025-12-10 09:04:24,review_view,Reviews,P0009,Mobile,Bing
E00004456,C00083,S0001038,2025-12-10 09:07:49,add_to_cart,Cart,P0022,Mobile,Bing
E00004457,C00083,S0001039,2026-01-18 17:56:56,page_view,Home,,Mobile,Bing
E00004458,C00083,S0001039,2026-01-18 18:00:16,search,Search,,Mobile,Bing
E00004459,C00083,S0001039,2026-01-18 18:03:25,page_view,Category,,Mobile,Bing
E00004460,C00083,S0001039,2026-01-18 18:03:59,product_view,Product,P0009,Mobile,Bing
E00004461,C00083,S0001039,2026-01-18 18:04:26,review_view,Reviews,P0052,Mobile,Bing
E00004462,C00083,S0001039,2026-01-18 18:07:37,add_to_cart,Cart,P0023,Mobile,Bing
E00004463,C00083,S0001040,2026-03-02 00:22:04,page_view,Home,,Mobile,Facebook
E00004464,C00083,S0001040,2026-03-02 00:25:17,add_to_cart,Cart,P0047,Mobile,Facebook
E00004465,C00083,S0001040,2026-03-02 00:28:18,checkout_start,Checkout,P0048,Mobile,Facebook
E00004466,C00083,S0001040,2026-03-02 00:32:04,purchase,Checkout,P0067,Mobile,Facebook
E00004467,C00084,S0001041,2025-04-27 21:47:35,page_view,Home,,Desktop,Google
E00004468,C00084,S0001041,2025-04-27 21:48:58,search,Search,,Desktop,Google
E00004469,C00084,S0001041,2025-04-27 21:51:17,page_view,Category,,Desktop,Google
E00004470,C00084,S0001041,2025-04-27 21:53:35,product_view,Product,P0068,Desktop,Google
E00004471,C00084,S0001042,2024-12-15 13:05:00,page_view,Home,,Mobile,Bing
E00004472,C00084,S0001042,2024-12-15 13:06:53,search,Search,,Mobile,Bing
E00004473,C00084,S0001042,2024-12-15 13:09:03,page_view,Category,,Mobile,Bing
E00004474,C00084,S0001042,2024-12-15 13:11:38,product_view,Product,P0014,Mobile,Bing
E00004475,C00084,S0001042,2024-12-15 13:15:17,add_to_cart,Cart,P0029,Mobile,Bing
E00004476,C00084,S0001042,2024-12-15 13:17:05,checkout_start,Checkout,P0028,Mobile,Bing
E00004477,C00084,S0001042,2024-12-15 13:21:04,purchase,Checkout,P0068,Mobile,Bing
E00004478,C00084,S0001043,2025-10-17 15:03:45,page_view,Home,,Mobile,Email
E00004479,C00084,S0001043,2025-10-17 15:07:22,search,Search,,Mobile,Email
E00004480,C00084,S0001043,2025-10-17 15:08:11,page_view,Category,,Mobile,Email
E00004481,C00084,S0001043,2025-10-17 15:08:26,product_view,Product,P0074,Mobile,Email
E00004482,C00084,S0001043,2025-10-17 15:09:29,review_view,Reviews,P0014,Mobile,Email
E00004483,C00084,S0001043,2025-10-17 15:11:45,add_to_cart,Cart,P0068,Mobile,Email
E00004484,C00084,S0001044,2024-10-07 23:57:35,page_view,Home,,Desktop,Google
E00004485,C00084,S0001044,2024-10-07 23:59:25,search,Search,,Desktop,Google
E00004486,C00084,S0001044,2024-10-08 00:01:52,page_view,Category,,Desktop,Google
E00004487,C00084,S0001044,2024-10-08 00:03:27,product_view,Product,P0029,Desktop,Google
E00004488,C00084,S0001045,2026-01-14 06:03:56,page_view,Home,,Mobile,Direct
E00004489,C00084,S0001045,2026-01-14 06:07:33,search,Search,,Mobile,Direct
E00004490,C00084,S0001045,2026-01-14 06:07:51,page_view,Category,,Mobile,Direct
E00004491,C00084,S0001045,2026-01-14 06:10:57,product_view,Product,P0074,Mobile,Direct
E00004492,C00084,S0001045,2026-01-14 06:14:15,review_view,Reviews,P0066,Mobile,Direct
E00004493,C00084,S0001045,2026-01-14 06:17:13,add_to_cart,Cart,P0017,Mobile,Direct
E00004494,C00084,S0001046,2024-06-08 19:54:44,page_view,Home,,Mobile,Affiliate
E00004495,C00084,S0001046,2024-06-08 19:58:16,search,Search,,Mobile,Affiliate
E00004496,C00084,S0001046,2024-06-08 19:58:30,page_view,Category,,Mobile,Affiliate
E00004497,C00084,S0001046,2024-06-08 20:00:01,add_to_cart,Cart,P0014,Mobile,Affiliate
E00004498,C00084,S0001046,2024-06-08 20:02:41,checkout_start,Checkout,P0012,Mobile,Affiliate
E00004499,C00084,S0001046,2024-06-08 20:05:14,purchase,Checkout,P0071,Mobile,Affiliate
E00004500,C00084,S0001047,2025-04-29 10:14:10,page_view,Home,,Desktop,Instagram
E00004501,C00084,S0001047,2025-04-29 10:15:11,search,Search,,Desktop,Instagram
E00004502,C00084,S0001047,2025-04-29 10:18:27,add_to_cart,Cart,P0012,Desktop,Instagram
E00004503,C00084,S0001047,2025-04-29 10:22:22,checkout_start,Checkout,P0066,Desktop,Instagram
E00004504,C00084,S0001047,2025-04-29 10:25:30,purchase,Checkout,P0068,Desktop,Instagram
E00004505,C00084,S0001048,2024-12-06 08:33:59,page_view,Home,,Desktop,Google
E00004506,C00084,S0001048,2024-12-06 08:36:42,search,Search,,Desktop,Google
E00004507,C00084,S0001048,2024-12-06 08:39:54,page_view,Category,,Desktop,Google
E00004508,C00084,S0001049,2024-12-09 00:28:29,page_view,Home,,Desktop,Facebook
E00004509,C00084,S0001049,2024-12-09 00:30:53,add_to_cart,Cart,P0073,Desktop,Facebook
E00004510,C00084,S0001049,2024-12-09 00:33:35,checkout_start,Checkout,P0062,Desktop,Facebook
E00004511,C00084,S0001049,2024-12-09 00:34:45,purchase,Checkout,P0014,Desktop,Facebook
E00004512,C00084,S0001050,2025-12-05 16:12:21,page_view,Home,,Desktop,Bing
E00004513,C00084,S0001050,2025-12-05 16:16:01,search,Search,,Desktop,Bing
E00004514,C00084,S0001050,2025-12-05 16:18:27,page_view,Category,,Desktop,Bing
E00004515,C00084,S0001050,2025-12-05 16:18:48,product_view,Product,P0017,Desktop,Bing
E00004516,C00084,S0001051,2025-11-08 23:26:36,page_view,Home,,Desktop,Bing
E00004517,C00084,S0001051,2025-11-08 23:28:11,search,Search,,Desktop,Bing
E00004518,C00084,S0001051,2025-11-08 23:30:40,page_view,Category,,Desktop,Bing
E00004519,C00084,S0001051,2025-11-08 23:34:35,product_view,Product,P0062,Desktop,Bing
E00004520,C00084,S0001051,2025-11-08 23:37:58,review_view,Reviews,P0017,Desktop,Bing
E00004521,C00084,S0001051,2025-11-08 23:40:47,add_to_cart,Cart,P0066,Desktop,Bing
E00004522,C00084,S0001052,2024-07-08 22:40:51,page_view,Home,,Mobile,Google
E00004523,C00084,S0001052,2024-07-08 22:42:54,search,Search,,Mobile,Google
E00004524,C00084,S0001052,2024-07-08 22:44:50,page_view,Category,,Mobile,Google
E00004525,C00084,S0001052,2024-07-08 22:46:48,product_view,Product,P0014,Mobile,Google
E00004526,C00084,S0001052,2024-07-08 22:48:00,review_view,Reviews,P0071,Mobile,Google
E00004527,C00084,S0001052,2024-07-08 22:49:56,add_to_cart,Cart,P0041,Mobile,Google
E00004528,C00084,S0001052,2024-07-08 22:50:49,checkout_start,Checkout,P0060,Mobile,Google
E00004529,C00084,S0001052,2024-07-08 22:53:43,purchase,Checkout,P0012,Mobile,Google
E00004530,C00084,S0001053,2025-10-24 03:00:20,page_view,Home,,Desktop,Facebook
E00004531,C00084,S0001053,2025-10-24 03:01:59,add_to_cart,Cart,P0073,Desktop,Facebook
E00004532,C00084,S0001053,2025-10-24 03:05:50,checkout_start,Checkout,P0071,Desktop,Facebook
E00004533,C00084,S0001053,2025-10-24 03:08:26,purchase,Checkout,P0029,Desktop,Facebook
E00004534,C00084,S0001054,2025-08-30 09:21:17,page_view,Home,,Desktop,Affiliate
E00004535,C00084,S0001054,2025-08-30 09:21:45,search,Search,,Desktop,Affiliate
E00004536,C00084,S0001054,2025-08-30 09:25:27,page_view,Category,,Desktop,Affiliate
E00004537,C00084,S0001054,2025-08-30 09:29:17,product_view,Product,P0014,Desktop,Affiliate
E00004538,C00084,S0001054,2025-08-30 09:29:36,review_view,Reviews,P0035,Desktop,Affiliate
E00004539,C00085,S0001055,2026-03-30 08:56:52,page_view,Home,,Mobile,Google
E00004540,C00085,S0001056,2025-12-04 22:32:19,page_view,Home,,Mobile,Facebook
E00004541,C00085,S0001056,2025-12-04 22:35:40,search,Search,,Mobile,Facebook
E00004542,C00085,S0001056,2025-12-04 22:37:08,page_view,Category,,Mobile,Facebook
E00004543,C00085,S0001056,2025-12-04 22:37:53,product_view,Product,P0066,Mobile,Facebook
E00004544,C00085,S0001057,2025-11-21 22:07:37,page_view,Home,,Desktop,Bing
E00004545,C00085,S0001057,2025-11-21 22:07:54,search,Search,,Desktop,Bing
E00004546,C00085,S0001058,2026-05-11 03:47:26,page_view,Home,,Mobile,Email
E00004547,C00085,S0001058,2026-05-11 03:49:46,search,Search,,Mobile,Email
E00004548,C00085,S0001058,2026-05-11 03:52:02,page_view,Category,,Mobile,Email
E00004549,C00085,S0001058,2026-05-11 03:54:14,product_view,Product,P0041,Mobile,Email
E00004550,C00085,S0001059,2025-06-22 23:59:51,page_view,Home,,Mobile,Google
E00004551,C00085,S0001059,2025-06-23 00:02:20,search,Search,,Mobile,Google
E00004552,C00085,S0001059,2025-06-23 00:04:44,page_view,Category,,Mobile,Google
E00004553,C00085,S0001059,2025-06-23 00:07:44,product_view,Product,P0066,Mobile,Google
E00004554,C00085,S0001060,2025-10-19 00:56:34,page_view,Home,,Desktop,Email
E00004555,C00085,S0001061,2025-07-10 16:46:38,page_view,Home,,Mobile,Instagram
E00004556,C00085,S0001061,2025-07-10 16:48:39,search,Search,,Mobile,Instagram
E00004557,C00085,S0001061,2025-07-10 16:50:42,page_view,Category,,Mobile,Instagram
E00004558,C00085,S0001061,2025-07-10 16:53:03,product_view,Product,P0073,Mobile,Instagram
E00004559,C00085,S0001061,2025-07-10 16:56:09,review_view,Reviews,P0060,Mobile,Instagram
E00004560,C00085,S0001061,2025-07-10 16:56:21,add_to_cart,Cart,P0062,Mobile,Instagram
E00004561,C00085,S0001061,2025-07-10 16:59:30,checkout_start,Checkout,P0068,Mobile,Instagram
E00004562,C00085,S0001061,2025-07-10 17:00:29,purchase,Checkout,P0057,Mobile,Instagram
E00004563,C00085,S0001062,2026-03-14 14:28:23,page_view,Home,,Desktop,Google
E00004564,C00085,S0001063,2026-01-25 23:20:04,page_view,Home,,Mobile,Facebook
E00004565,C00085,S0001063,2026-01-25 23:22:12,search,Search,,Mobile,Facebook
E00004566,C00085,S0001063,2026-01-25 23:23:36,page_view,Category,,Mobile,Facebook
E00004567,C00085,S0001063,2026-01-25 23:26:14,product_view,Product,P0062,Mobile,Facebook
E00004568,C00085,S0001063,2026-01-25 23:27:25,review_view,Reviews,P0071,Mobile,Facebook
E00004569,C00085,S0001064,2025-09-28 20:37:46,page_view,Home,,Mobile,Instagram
E00004570,C00085,S0001064,2025-09-28 20:39:55,search,Search,,Mobile,Instagram
E00004571,C00085,S0001064,2025-09-28 20:40:43,page_view,Category,,Mobile,Instagram
E00004572,C00085,S0001064,2025-09-28 20:42:44,product_view,Product,P0035,Mobile,Instagram
E00004573,C00085,S0001064,2025-09-28 20:45:28,add_to_cart,Cart,P0073,Mobile,Instagram
E00004574,C00085,S0001064,2025-09-28 20:47:44,checkout_start,Checkout,P0041,Mobile,Instagram
E00004575,C00085,S0001064,2025-09-28 20:49:09,purchase,Checkout,P0012,Mobile,Instagram
E00004576,C00085,S0001065,2026-01-25 06:52:07,page_view,Home,,Desktop,Direct
E00004577,C00085,S0001065,2026-01-25 06:52:24,search,Search,,Desktop,Direct
E00004578,C00085,S0001065,2026-01-25 06:52:52,page_view,Category,,Desktop,Direct
E00004579,C00085,S0001065,2026-01-25 06:56:03,product_view,Product,P0074,Desktop,Direct
E00004580,C00085,S0001065,2026-01-25 06:57:27,review_view,Reviews,P0014,Desktop,Direct
E00004581,C00085,S0001065,2026-01-25 07:00:54,add_to_cart,Cart,P0057,Desktop,Direct
E00004582,C00086,S0001066,2024-12-16 14:10:14,page_view,Home,,Mobile,Direct
E00004583,C00086,S0001066,2024-12-16 14:10:59,search,Search,,Mobile,Direct
E00004584,C00086,S0001066,2024-12-16 14:13:40,page_view,Category,,Mobile,Direct
E00004585,C00086,S0001067,2025-08-22 14:29:02,page_view,Home,,Mobile,Direct
E00004586,C00086,S0001067,2025-08-22 14:29:41,search,Search,,Mobile,Direct
E00004587,C00086,S0001067,2025-08-22 14:33:26,page_view,Category,,Mobile,Direct
E00004588,C00086,S0001067,2025-08-22 14:34:54,add_to_cart,Cart,P0059,Mobile,Direct
E00004589,C00086,S0001067,2025-08-22 14:36:53,checkout_start,Checkout,P0003,Mobile,Direct
E00004590,C00086,S0001067,2025-08-22 14:37:17,purchase,Checkout,P0075,Mobile,Direct
E00004591,C00086,S0001068,2025-08-31 01:38:23,page_view,Home,,Mobile,Facebook
E00004592,C00086,S0001069,2026-06-11 06:36:56,page_view,Home,,Desktop,Instagram
E00004593,C00086,S0001069,2026-06-11 06:39:49,search,Search,,Desktop,Instagram
E00004594,C00086,S0001069,2026-06-11 06:41:57,page_view,Category,,Desktop,Instagram
E00004595,C00086,S0001069,2026-06-11 06:42:19,product_view,Product,P0075,Desktop,Instagram
E00004596,C00087,S0001070,2025-03-01 21:29:43,page_view,Home,,Desktop,Google
E00004597,C00087,S0001070,2025-03-01 21:32:35,search,Search,,Desktop,Google
E00004598,C00087,S0001070,2025-03-01 21:32:48,add_to_cart,Cart,P0024,Desktop,Google
E00004599,C00087,S0001070,2025-03-01 21:35:42,checkout_start,Checkout,P0061,Desktop,Google
E00004600,C00087,S0001070,2025-03-01 21:37:32,purchase,Checkout,P0077,Desktop,Google
E00004601,C00087,S0001071,2024-11-13 18:00:50,page_view,Home,,Tablet,Instagram
E00004602,C00087,S0001071,2024-11-13 18:03:44,search,Search,,Tablet,Instagram
E00004603,C00087,S0001072,2026-06-15 12:34:45,page_view,Home,,Mobile,Google
E00004604,C00087,S0001073,2026-06-19 07:44:28,page_view,Home,,Mobile,Google
E00004605,C00087,S0001073,2026-06-19 07:44:48,search,Search,,Mobile,Google
E00004606,C00087,S0001073,2026-06-19 07:45:01,page_view,Category,,Mobile,Google
E00004607,C00087,S0001073,2026-06-19 07:48:31,product_view,Product,P0056,Mobile,Google
E00004608,C00087,S0001073,2026-06-19 07:51:24,review_view,Reviews,P0027,Mobile,Google
E00004609,C00087,S0001073,2026-06-19 07:51:39,add_to_cart,Cart,P0027,Mobile,Google
E00004610,C00087,S0001074,2025-07-02 06:20:33,page_view,Home,,Mobile,Bing
E00004611,C00087,S0001074,2025-07-02 06:24:09,search,Search,,Mobile,Bing
E00004612,C00087,S0001074,2025-07-02 06:26:45,page_view,Category,,Mobile,Bing
E00004613,C00087,S0001074,2025-07-02 06:28:50,product_view,Product,P0044,Mobile,Bing
E00004614,C00087,S0001074,2025-07-02 06:30:01,review_view,Reviews,P0056,Mobile,Bing
E00004615,C00087,S0001074,2025-07-02 06:33:33,add_to_cart,Cart,P0077,Mobile,Bing
E00004616,C00087,S0001075,2025-07-30 00:54:54,page_view,Home,,Desktop,Affiliate
E00004617,C00087,S0001075,2025-07-30 00:58:30,search,Search,,Desktop,Affiliate
E00004618,C00087,S0001075,2025-07-30 01:01:24,page_view,Category,,Desktop,Affiliate
E00004619,C00087,S0001075,2025-07-30 01:04:49,product_view,Product,P0044,Desktop,Affiliate
E00004620,C00087,S0001075,2025-07-30 01:06:17,review_view,Reviews,P0056,Desktop,Affiliate
E00004621,C00087,S0001076,2026-06-11 13:23:08,page_view,Home,,Desktop,Bing
E00004622,C00087,S0001076,2026-06-11 13:26:22,search,Search,,Desktop,Bing
E00004623,C00087,S0001076,2026-06-11 13:28:09,page_view,Category,,Desktop,Bing
E00004624,C00087,S0001076,2026-06-11 13:30:37,product_view,Product,P0056,Desktop,Bing
E00004625,C00087,S0001076,2026-06-11 13:34:08,review_view,Reviews,P0027,Desktop,Bing
E00004626,C00087,S0001076,2026-06-11 13:35:50,add_to_cart,Cart,P0077,Desktop,Bing
E00004627,C00087,S0001077,2025-08-15 09:14:22,page_view,Home,,Mobile,Direct
E00004628,C00087,S0001077,2025-08-15 09:16:09,search,Search,,Mobile,Direct
E00004629,C00087,S0001077,2025-08-15 09:19:06,page_view,Category,,Mobile,Direct
E00004630,C00087,S0001077,2025-08-15 09:21:05,product_view,Product,P0061,Mobile,Direct
E00004631,C00087,S0001077,2025-08-15 09:23:32,review_view,Reviews,P0077,Mobile,Direct
E00004632,C00087,S0001077,2025-08-15 09:27:12,add_to_cart,Cart,P0056,Mobile,Direct
E00004633,C00087,S0001077,2025-08-15 09:28:52,checkout_start,Checkout,P0061,Mobile,Direct
E00004634,C00087,S0001077,2025-08-15 09:29:52,purchase,Checkout,P0077,Mobile,Direct
E00004635,C00087,S0001078,2025-07-09 18:29:50,page_view,Home,,Desktop,Google
E00004636,C00087,S0001078,2025-07-09 18:31:30,search,Search,,Desktop,Google
E00004637,C00087,S0001079,2026-04-21 15:39:05,page_view,Home,,Desktop,Google
E00004638,C00087,S0001079,2026-04-21 15:40:55,search,Search,,Desktop,Google
E00004639,C00087,S0001079,2026-04-21 15:44:37,page_view,Category,,Desktop,Google
E00004640,C00087,S0001079,2026-04-21 15:46:03,product_view,Product,P0061,Desktop,Google
E00004641,C00087,S0001079,2026-04-21 15:47:33,review_view,Reviews,P0027,Desktop,Google
E00004642,C00087,S0001080,2025-03-14 01:06:10,page_view,Home,,Mobile,Facebook
E00004643,C00087,S0001080,2025-03-14 01:06:21,search,Search,,Mobile,Facebook
E00004644,C00087,S0001080,2025-03-14 01:08:41,page_view,Category,,Mobile,Facebook
E00004645,C00087,S0001080,2025-03-14 01:12:41,product_view,Product,P0061,Mobile,Facebook
E00004646,C00087,S0001080,2025-03-14 01:14:05,review_view,Reviews,P0027,Mobile,Facebook
E00004647,C00087,S0001080,2025-03-14 01:14:55,add_to_cart,Cart,P0077,Mobile,Facebook
E00004648,C00087,S0001081,2025-11-30 22:13:56,page_view,Home,,Desktop,Bing
E00004649,C00087,S0001081,2025-11-30 22:17:49,search,Search,,Desktop,Bing
E00004650,C00087,S0001081,2025-11-30 22:21:05,page_view,Category,,Desktop,Bing
E00004651,C00087,S0001081,2025-11-30 22:23:05,product_view,Product,P0061,Desktop,Bing
E00004652,C00087,S0001082,2025-09-18 19:31:29,page_view,Home,,Desktop,Bing
E00004653,C00087,S0001082,2025-09-18 19:35:03,add_to_cart,Cart,P0024,Desktop,Bing
E00004654,C00087,S0001082,2025-09-18 19:36:45,checkout_start,Checkout,P0077,Desktop,Bing
E00004655,C00087,S0001082,2025-09-18 19:37:03,purchase,Checkout,P0061,Desktop,Bing
E00004656,C00087,S0001083,2025-04-05 19:22:34,page_view,Home,,Desktop,Direct
E00004657,C00087,S0001083,2025-04-05 19:24:41,search,Search,,Desktop,Direct
E00004658,C00088,S0001084,2026-02-13 10:15:02,page_view,Home,,Mobile,Google
E00004659,C00088,S0001084,2026-02-13 10:15:23,search,Search,,Mobile,Google
E00004660,C00088,S0001085,2026-06-21 17:04:54,page_view,Home,,Mobile,Google
E00004661,C00088,S0001085,2026-06-21 17:07:35,search,Search,,Mobile,Google
E00004662,C00088,S0001085,2026-06-21 17:09:05,page_view,Category,,Mobile,Google
E00004663,C00088,S0001085,2026-06-21 17:10:24,product_view,Product,P0075,Mobile,Google
E00004664,C00088,S0001086,2026-03-23 22:54:15,page_view,Home,,Mobile,Direct
E00004665,C00088,S0001086,2026-03-23 22:56:12,search,Search,,Mobile,Direct
E00004666,C00088,S0001086,2026-03-23 22:56:57,page_view,Category,,Mobile,Direct
E00004667,C00088,S0001086,2026-03-23 22:58:32,product_view,Product,P0059,Mobile,Direct
E00004668,C00088,S0001086,2026-03-23 23:00:11,review_view,Reviews,P0018,Mobile,Direct
E00004669,C00088,S0001086,2026-03-23 23:01:51,add_to_cart,Cart,P0003,Mobile,Direct
E00004670,C00088,S0001086,2026-03-23 23:04:54,checkout_start,Checkout,P0020,Mobile,Direct
E00004671,C00088,S0001086,2026-03-23 23:08:00,purchase,Checkout,P0075,Mobile,Direct
E00004672,C00088,S0001087,2025-12-26 10:55:42,page_view,Home,,Mobile,Facebook
E00004673,C00088,S0001087,2025-12-26 10:57:11,search,Search,,Mobile,Facebook
E00004674,C00088,S0001087,2025-12-26 10:58:14,page_view,Category,,Mobile,Facebook
E00004675,C00088,S0001087,2025-12-26 10:59:51,product_view,Product,P0032,Mobile,Facebook
E00004676,C00088,S0001087,2025-12-26 11:03:47,review_view,Reviews,P0018,Mobile,Facebook
E00004677,C00088,S0001087,2025-12-26 11:04:32,add_to_cart,Cart,P0055,Mobile,Facebook
E00004678,C00088,S0001087,2025-12-26 11:07:14,checkout_start,Checkout,P0039,Mobile,Facebook
E00004679,C00088,S0001087,2025-12-26 11:10:41,purchase,Checkout,P0075,Mobile,Facebook
E00004680,C00088,S0001088,2026-06-18 08:31:23,page_view,Home,,Desktop,Email
E00004681,C00088,S0001088,2026-06-18 08:32:57,search,Search,,Desktop,Email
E00004682,C00088,S0001088,2026-06-18 08:33:55,page_view,Category,,Desktop,Email
E00004683,C00088,S0001088,2026-06-18 08:34:25,product_view,Product,P0018,Desktop,Email
E00004684,C00088,S0001088,2026-06-18 08:35:03,review_view,Reviews,P0020,Desktop,Email
E00004685,C00088,S0001088,2026-06-18 08:36:14,add_to_cart,Cart,P0075,Desktop,Email
E00004686,C00088,S0001089,2026-03-25 20:59:28,page_view,Home,,Mobile,Bing
E00004687,C00088,S0001090,2026-04-21 09:40:44,page_view,Home,,Desktop,Google
E00004688,C00088,S0001091,2026-06-13 12:33:46,page_view,Home,,Mobile,Google
E00004689,C00088,S0001091,2026-06-13 12:34:45,add_to_cart,Cart,P0059,Mobile,Google
E00004690,C00088,S0001091,2026-06-13 12:37:58,checkout_start,Checkout,P0075,Mobile,Google
E00004691,C00088,S0001091,2026-06-13 12:39:37,purchase,Checkout,P0043,Mobile,Google
E00004692,C00088,S0001092,2026-03-09 12:31:09,page_view,Home,,Desktop,Direct
E00004693,C00088,S0001092,2026-03-09 12:33:53,search,Search,,Desktop,Direct
E00004694,C00088,S0001092,2026-03-09 12:37:33,page_view,Category,,Desktop,Direct
E00004695,C00088,S0001092,2026-03-09 12:40:23,product_view,Product,P0018,Desktop,Direct
E00004696,C00088,S0001092,2026-03-09 12:43:02,review_view,Reviews,P0032,Desktop,Direct
E00004697,C00088,S0001092,2026-03-09 12:44:34,add_to_cart,Cart,P0018,Desktop,Direct
E00004698,C00088,S0001093,2026-01-14 17:22:43,page_view,Home,,Mobile,Bing
E00004699,C00088,S0001093,2026-01-14 17:26:06,search,Search,,Mobile,Bing
E00004700,C00088,S0001093,2026-01-14 17:29:11,page_view,Category,,Mobile,Bing
E00004701,C00088,S0001093,2026-01-14 17:30:17,product_view,Product,P0055,Mobile,Bing
E00004702,C00088,S0001093,2026-01-14 17:33:25,review_view,Reviews,P0003,Mobile,Bing
E00004703,C00088,S0001094,2026-04-10 04:57:29,page_view,Home,,Mobile,Instagram
E00004704,C00088,S0001094,2026-04-10 04:58:42,search,Search,,Mobile,Instagram
E00004705,C00088,S0001094,2026-04-10 05:00:45,page_view,Category,,Mobile,Instagram
E00004706,C00088,S0001094,2026-04-10 05:01:59,product_view,Product,P0046,Mobile,Instagram
E00004707,C00089,S0001095,2024-12-28 11:36:55,page_view,Home,,Mobile,Affiliate
E00004708,C00089,S0001095,2024-12-28 11:40:47,search,Search,,Mobile,Affiliate
E00004709,C00089,S0001095,2024-12-28 11:44:08,page_view,Category,,Mobile,Affiliate
E00004710,C00089,S0001095,2024-12-28 11:45:00,product_view,Product,P0046,Mobile,Affiliate
E00004711,C00089,S0001095,2024-12-28 11:46:15,review_view,Reviews,P0018,Mobile,Affiliate
E00004712,C00089,S0001095,2024-12-28 11:47:09,add_to_cart,Cart,P0046,Mobile,Affiliate
E00004713,C00089,S0001096,2024-10-30 18:44:14,page_view,Home,,Tablet,Affiliate
E00004714,C00089,S0001096,2024-10-30 18:46:04,search,Search,,Tablet,Affiliate
E00004715,C00089,S0001096,2024-10-30 18:46:54,add_to_cart,Cart,P0003,Tablet,Affiliate
E00004716,C00089,S0001096,2024-10-30 18:49:34,checkout_start,Checkout,P0070,Tablet,Affiliate
E00004717,C00089,S0001096,2024-10-30 18:49:59,purchase,Checkout,P0046,Tablet,Affiliate
E00004718,C00089,S0001097,2026-05-08 08:35:02,page_view,Home,,Mobile,Email
E00004719,C00089,S0001098,2025-05-29 22:31:28,page_view,Home,,Mobile,Instagram
E00004720,C00089,S0001098,2025-05-29 22:32:57,search,Search,,Mobile,Instagram
E00004721,C00089,S0001098,2025-05-29 22:34:32,page_view,Category,,Mobile,Instagram
E00004722,C00089,S0001098,2025-05-29 22:34:50,product_view,Product,P0043,Mobile,Instagram
E00004723,C00089,S0001098,2025-05-29 22:38:04,review_view,Reviews,P0070,Mobile,Instagram
E00004724,C00089,S0001099,2026-05-28 19:42:34,page_view,Home,,Desktop,Affiliate
E00004725,C00089,S0001100,2025-12-03 16:03:50,page_view,Home,,Desktop,Email
E00004726,C00089,S0001100,2025-12-03 16:05:11,search,Search,,Desktop,Email
E00004727,C00089,S0001101,2025-05-23 19:21:39,page_view,Home,,Mobile,Facebook
E00004728,C00089,S0001101,2025-05-23 19:25:26,search,Search,,Mobile,Facebook
E00004729,C00089,S0001101,2025-05-23 19:25:59,page_view,Category,,Mobile,Facebook
E00004730,C00089,S0001101,2025-05-23 19:28:57,product_view,Product,P0039,Mobile,Facebook
E00004731,C00089,S0001101,2025-05-23 19:31:53,review_view,Reviews,P0020,Mobile,Facebook
E00004732,C00089,S0001101,2025-05-23 19:32:17,add_to_cart,Cart,P0020,Mobile,Facebook
E00004733,C00089,S0001102,2025-10-14 22:10:49,page_view,Home,,Mobile,Email
E00004734,C00089,S0001102,2025-10-14 22:11:36,search,Search,,Mobile,Email
E00004735,C00089,S0001102,2025-10-14 22:14:07,page_view,Category,,Mobile,Email
E00004736,C00089,S0001102,2025-10-14 22:15:01,product_view,Product,P0032,Mobile,Email
E00004737,C00089,S0001102,2025-10-14 22:15:38,review_view,Reviews,P0032,Mobile,Email
E00004738,C00089,S0001102,2025-10-14 22:16:53,add_to_cart,Cart,P0020,Mobile,Email
E00004739,C00089,S0001103,2026-01-26 13:13:09,page_view,Home,,Mobile,Facebook
E00004740,C00089,S0001103,2026-01-26 13:13:35,search,Search,,Mobile,Facebook
E00004741,C00089,S0001103,2026-01-26 13:14:13,page_view,Category,,Mobile,Facebook
E00004742,C00089,S0001103,2026-01-26 13:17:26,product_view,Product,P0043,Mobile,Facebook
E00004743,C00089,S0001103,2026-01-26 13:18:50,review_view,Reviews,P0070,Mobile,Facebook
E00004744,C00089,S0001104,2024-10-25 10:26:17,page_view,Home,,Mobile,Email
E00004745,C00089,S0001104,2024-10-25 10:27:18,search,Search,,Mobile,Email
E00004746,C00089,S0001104,2024-10-25 10:30:13,page_view,Category,,Mobile,Email
E00004747,C00089,S0001104,2024-10-25 10:31:39,product_view,Product,P0032,Mobile,Email
E00004748,C00089,S0001104,2024-10-25 10:33:40,review_view,Reviews,P0070,Mobile,Email
E00004749,C00089,S0001104,2024-10-25 10:35:25,add_to_cart,Cart,P0032,Mobile,Email
E00004750,C00089,S0001104,2024-10-25 10:38:58,checkout_start,Checkout,P0018,Mobile,Email
E00004751,C00089,S0001104,2024-10-25 10:42:54,purchase,Checkout,P0003,Mobile,Email
E00004752,C00089,S0001105,2025-03-10 21:18:44,page_view,Home,,Desktop,Bing
E00004753,C00089,S0001105,2025-03-10 21:20:38,search,Search,,Desktop,Bing
E00004754,C00089,S0001105,2025-03-10 21:21:25,page_view,Category,,Desktop,Bing
E00004755,C00089,S0001105,2025-03-10 21:24:29,product_view,Product,P0070,Desktop,Bing
E00004756,C00089,S0001105,2025-03-10 21:25:08,add_to_cart,Cart,P0075,Desktop,Bing
E00004757,C00089,S0001105,2025-03-10 21:27:17,checkout_start,Checkout,P0070,Desktop,Bing
E00004758,C00089,S0001105,2025-03-10 21:27:59,purchase,Checkout,P0046,Desktop,Bing
E00004759,C00089,S0001106,2025-09-13 02:24:03,page_view,Home,,Mobile,Direct
E00004760,C00089,S0001106,2025-09-13 02:26:02,search,Search,,Mobile,Direct
E00004761,C00089,S0001106,2025-09-13 02:26:48,page_view,Category,,Mobile,Direct
E00004762,C00089,S0001106,2025-09-13 02:29:53,product_view,Product,P0070,Mobile,Direct
E00004763,C00089,S0001106,2025-09-13 02:30:24,review_view,Reviews,P0003,Mobile,Direct
E00004764,C00089,S0001106,2025-09-13 02:33:41,add_to_cart,Cart,P0059,Mobile,Direct
E00004765,C00089,S0001106,2025-09-13 02:35:56,checkout_start,Checkout,P0032,Mobile,Direct
E00004766,C00089,S0001106,2025-09-13 02:39:35,purchase,Checkout,P0070,Mobile,Direct
E00004767,C00089,S0001107,2025-03-09 05:45:54,page_view,Home,,Mobile,Direct
E00004768,C00089,S0001108,2025-08-26 16:10:26,page_view,Home,,Desktop,Direct
E00004769,C00089,S0001108,2025-08-26 16:10:42,search,Search,,Desktop,Direct
E00004770,C00089,S0001109,2025-10-03 05:01:58,page_view,Home,,Mobile,Instagram
E00004771,C00089,S0001109,2025-10-03 05:03:22,search,Search,,Mobile,Instagram
E00004772,C00089,S0001109,2025-10-03 05:05:00,page_view,Category,,Mobile,Instagram
E00004773,C00089,S0001109,2025-10-03 05:08:47,product_view,Product,P0070,Mobile,Instagram
E00004774,C00089,S0001110,2026-06-26 02:57:16,page_view,Home,,Mobile,Bing
E00004775,C00089,S0001110,2026-06-26 02:57:28,search,Search,,Mobile,Bing
E00004776,C00089,S0001110,2026-06-26 03:01:05,page_view,Category,,Mobile,Bing
E00004777,C00089,S0001110,2026-06-26 03:02:00,add_to_cart,Cart,P0003,Mobile,Bing
E00004778,C00089,S0001110,2026-06-26 03:02:43,checkout_start,Checkout,P0075,Mobile,Bing
E00004779,C00089,S0001110,2026-06-26 03:04:29,purchase,Checkout,P0059,Mobile,Bing
E00004780,C00089,S0001111,2025-06-07 20:25:49,page_view,Home,,Desktop,Affiliate
E00004781,C00089,S0001111,2025-06-07 20:28:42,search,Search,,Desktop,Affiliate
E00004782,C00089,S0001111,2025-06-07 20:30:20,page_view,Category,,Desktop,Affiliate
E00004783,C00089,S0001111,2025-06-07 20:34:15,product_view,Product,P0003,Desktop,Affiliate
E00004784,C00089,S0001112,2025-03-24 21:39:45,page_view,Home,,Desktop,Direct
E00004785,C00089,S0001112,2025-03-24 21:42:41,search,Search,,Desktop,Direct
E00004786,C00089,S0001112,2025-03-24 21:46:10,page_view,Category,,Desktop,Direct
E00004787,C00089,S0001113,2024-11-18 09:56:31,page_view,Home,,Desktop,Bing
E00004788,C00089,S0001114,2026-01-14 12:41:22,page_view,Home,,Desktop,Google
E00004789,C00089,S0001114,2026-01-14 12:44:53,search,Search,,Desktop,Google
E00004790,C00089,S0001114,2026-01-14 12:46:51,page_view,Category,,Desktop,Google
E00004791,C00089,S0001114,2026-01-14 12:49:19,add_to_cart,Cart,P0059,Desktop,Google
E00004792,C00089,S0001114,2026-01-14 12:49:53,checkout_start,Checkout,P0003,Desktop,Google
E00004793,C00089,S0001114,2026-01-14 12:50:22,purchase,Checkout,P0032,Desktop,Google
E00004794,C00089,S0001115,2026-04-16 04:49:17,page_view,Home,,Desktop,Bing
E00004795,C00089,S0001115,2026-04-16 04:50:29,search,Search,,Desktop,Bing
E00004796,C00089,S0001115,2026-04-16 04:51:41,page_view,Category,,Desktop,Bing
E00004797,C00089,S0001115,2026-04-16 04:53:02,product_view,Product,P0046,Desktop,Bing
E00004798,C00089,S0001115,2026-04-16 04:53:27,add_to_cart,Cart,P0018,Desktop,Bing
E00004799,C00089,S0001115,2026-04-16 04:55:56,checkout_start,Checkout,P0039,Desktop,Bing
E00004800,C00089,S0001115,2026-04-16 04:56:46,purchase,Checkout,P0020,Desktop,Bing
E00004801,C00090,S0001116,2024-10-18 03:36:25,page_view,Home,,Mobile,Email
E00004802,C00090,S0001116,2024-10-18 03:37:19,search,Search,,Mobile,Email
E00004803,C00090,S0001117,2024-11-17 20:04:54,page_view,Home,,Mobile,Email
E00004804,C00090,S0001117,2024-11-17 20:06:43,search,Search,,Mobile,Email
E00004805,C00090,S0001117,2024-11-17 20:09:06,page_view,Category,,Mobile,Email
E00004806,C00090,S0001117,2024-11-17 20:09:47,product_view,Product,P0054,Mobile,Email
E00004807,C00090,S0001117,2024-11-17 20:13:16,review_view,Reviews,P0054,Mobile,Email
E00004808,C00090,S0001118,2025-12-10 08:08:32,page_view,Home,,Mobile,Affiliate
E00004809,C00090,S0001118,2025-12-10 08:11:36,search,Search,,Mobile,Affiliate
E00004810,C00090,S0001118,2025-12-10 08:12:08,page_view,Category,,Mobile,Affiliate
E00004811,C00090,S0001118,2025-12-10 08:15:04,product_view,Product,P0054,Mobile,Affiliate
E00004812,C00090,S0001118,2025-12-10 08:17:16,add_to_cart,Cart,P0008,Mobile,Affiliate
E00004813,C00090,S0001118,2025-12-10 08:20:34,checkout_start,Checkout,P0013,Mobile,Affiliate
E00004814,C00090,S0001118,2025-12-10 08:23:17,purchase,Checkout,P0005,Mobile,Affiliate
E00004815,C00090,S0001119,2026-02-05 18:35:40,page_view,Home,,Mobile,Instagram
E00004816,C00090,S0001119,2026-02-05 18:36:01,search,Search,,Mobile,Instagram
E00004817,C00090,S0001119,2026-02-05 18:36:21,page_view,Category,,Mobile,Instagram
E00004818,C00090,S0001119,2026-02-05 18:36:36,product_view,Product,P0010,Mobile,Instagram
E00004819,C00090,S0001119,2026-02-05 18:37:19,review_view,Reviews,P0005,Mobile,Instagram
E00004820,C00090,S0001120,2025-07-06 03:38:29,page_view,Home,,Desktop,Instagram
E00004821,C00090,S0001120,2025-07-06 03:40:30,search,Search,,Desktop,Instagram
E00004822,C00090,S0001120,2025-07-06 03:41:41,page_view,Category,,Desktop,Instagram
E00004823,C00090,S0001120,2025-07-06 03:42:59,product_view,Product,P0021,Desktop,Instagram
E00004824,C00090,S0001120,2025-07-06 03:44:42,review_view,Reviews,P0058,Desktop,Instagram
E00004825,C00090,S0001120,2025-07-06 03:48:15,add_to_cart,Cart,P0005,Desktop,Instagram
E00004826,C00090,S0001121,2026-04-14 22:07:00,page_view,Home,,Mobile,Facebook
E00004827,C00090,S0001121,2026-04-14 22:07:30,search,Search,,Mobile,Facebook
E00004828,C00090,S0001121,2026-04-14 22:10:55,page_view,Category,,Mobile,Facebook
E00004829,C00090,S0001121,2026-04-14 22:11:33,add_to_cart,Cart,P0058,Mobile,Facebook
E00004830,C00090,S0001121,2026-04-14 22:14:12,checkout_start,Checkout,P0058,Mobile,Facebook
E00004831,C00090,S0001121,2026-04-14 22:14:42,purchase,Checkout,P0021,Mobile,Facebook
E00004832,C00090,S0001122,2025-07-14 23:25:54,page_view,Home,,Mobile,Facebook
E00004833,C00090,S0001122,2025-07-14 23:26:40,search,Search,,Mobile,Facebook
E00004834,C00090,S0001122,2025-07-14 23:29:27,page_view,Category,,Mobile,Facebook
E00004835,C00090,S0001123,2025-11-24 12:33:43,page_view,Home,,Mobile,Instagram
E00004836,C00090,S0001123,2025-11-24 12:36:00,search,Search,,Mobile,Instagram
E00004837,C00090,S0001123,2025-11-24 12:36:30,page_view,Category,,Mobile,Instagram
E00004838,C00090,S0001124,2025-06-14 16:02:27,page_view,Home,,Mobile,Email
E00004839,C00090,S0001124,2025-06-14 16:04:45,search,Search,,Mobile,Email
E00004840,C00090,S0001124,2025-06-14 16:07:03,page_view,Category,,Mobile,Email
E00004841,C00090,S0001124,2025-06-14 16:08:59,product_view,Product,P0058,Mobile,Email
E00004842,C00090,S0001125,2025-03-09 15:31:43,page_view,Home,,Mobile,Affiliate
E00004843,C00090,S0001125,2025-03-09 15:35:08,search,Search,,Mobile,Affiliate
E00004844,C00090,S0001126,2025-11-10 16:03:35,page_view,Home,,Mobile,Instagram
E00004845,C00090,S0001126,2025-11-10 16:05:42,search,Search,,Mobile,Instagram
E00004846,C00090,S0001126,2025-11-10 16:06:17,page_view,Category,,Mobile,Instagram
E00004847,C00090,S0001126,2025-11-10 16:07:17,product_view,Product,P0021,Mobile,Instagram
E00004848,C00090,S0001127,2026-04-06 17:24:34,page_view,Home,,Mobile,Affiliate
E00004849,C00090,S0001127,2026-04-06 17:25:39,search,Search,,Mobile,Affiliate
E00004850,C00090,S0001127,2026-04-06 17:28:44,page_view,Category,,Mobile,Affiliate
E00004851,C00090,S0001127,2026-04-06 17:31:41,product_view,Product,P0054,Mobile,Affiliate
E00004852,C00090,S0001127,2026-04-06 17:35:05,review_view,Reviews,P0010,Mobile,Affiliate
E00004853,C00090,S0001128,2025-11-09 02:32:39,page_view,Home,,Desktop,Google
E00004854,C00090,S0001128,2025-11-09 02:34:37,search,Search,,Desktop,Google
E00004855,C00090,S0001128,2025-11-09 02:35:39,page_view,Category,,Desktop,Google
E00004856,C00090,S0001129,2025-05-27 00:03:47,page_view,Home,,Mobile,Instagram
E00004857,C00090,S0001129,2025-05-27 00:07:16,search,Search,,Mobile,Instagram
E00004858,C00090,S0001129,2025-05-27 00:07:50,page_view,Category,,Mobile,Instagram
E00004859,C00090,S0001130,2025-08-17 06:21:29,page_view,Home,,Mobile,Facebook
E00004860,C00090,S0001130,2025-08-17 06:22:07,search,Search,,Mobile,Facebook
E00004861,C00090,S0001130,2025-08-17 06:24:50,page_view,Category,,Mobile,Facebook
E00004862,C00090,S0001130,2025-08-17 06:26:41,product_view,Product,P0021,Mobile,Facebook
E00004863,C00090,S0001130,2025-08-17 06:29:59,review_view,Reviews,P0013,Mobile,Facebook
E00004864,C00090,S0001130,2025-08-17 06:31:02,add_to_cart,Cart,P0013,Mobile,Facebook
E00004865,C00090,S0001130,2025-08-17 06:32:19,checkout_start,Checkout,P0013,Mobile,Facebook
E00004866,C00090,S0001130,2025-08-17 06:32:35,purchase,Checkout,P0058,Mobile,Facebook
E00004867,C00090,S0001131,2025-06-29 14:10:35,page_view,Home,,Mobile,Facebook
E00004868,C00090,S0001131,2025-06-29 14:12:48,search,Search,,Mobile,Facebook
E00004869,C00090,S0001131,2025-06-29 14:13:03,page_view,Category,,Mobile,Facebook
E00004870,C00090,S0001132,2025-05-25 13:45:48,page_view,Home,,Mobile,Direct
E00004871,C00090,S0001132,2025-05-25 13:48:16,search,Search,,Mobile,Direct
E00004872,C00090,S0001132,2025-05-25 13:49:22,page_view,Category,,Mobile,Direct
E00004873,C00090,S0001132,2025-05-25 13:51:36,product_view,Product,P0054,Mobile,Direct
E00004874,C00090,S0001133,2026-06-25 23:23:02,page_view,Home,,Desktop,Direct
E00004875,C00090,S0001133,2026-06-25 23:24:40,search,Search,,Desktop,Direct
E00004876,C00091,S0001134,2025-10-29 21:39:06,page_view,Home,,Mobile,Direct
E00004877,C00091,S0001135,2026-01-31 21:48:47,page_view,Home,,Desktop,Direct
E00004878,C00091,S0001135,2026-01-31 21:52:07,search,Search,,Desktop,Direct
E00004879,C00091,S0001135,2026-01-31 21:55:12,add_to_cart,Cart,P0030,Desktop,Direct
E00004880,C00091,S0001135,2026-01-31 21:57:50,checkout_start,Checkout,P0016,Desktop,Direct
E00004881,C00091,S0001135,2026-01-31 21:58:20,purchase,Checkout,P0045,Desktop,Direct
E00004882,C00091,S0001136,2026-04-04 06:13:05,page_view,Home,,Mobile,Facebook
E00004883,C00091,S0001136,2026-04-04 06:13:20,add_to_cart,Cart,P0016,Mobile,Facebook
E00004884,C00091,S0001136,2026-04-04 06:15:47,checkout_start,Checkout,P0016,Mobile,Facebook
E00004885,C00091,S0001136,2026-04-04 06:17:51,purchase,Checkout,P0065,Mobile,Facebook
E00004886,C00091,S0001137,2026-06-10 14:36:55,page_view,Home,,Mobile,Affiliate
E00004887,C00091,S0001137,2026-06-10 14:39:19,search,Search,,Mobile,Affiliate
E00004888,C00091,S0001137,2026-06-10 14:42:05,page_view,Category,,Mobile,Affiliate
E00004889,C00091,S0001137,2026-06-10 14:45:21,product_view,Product,P0079,Mobile,Affiliate
E00004890,C00091,S0001137,2026-06-10 14:49:05,review_view,Reviews,P0065,Mobile,Affiliate
E00004891,C00091,S0001138,2026-05-09 23:56:12,page_view,Home,,Desktop,Facebook
E00004892,C00091,S0001138,2026-05-09 23:58:16,search,Search,,Desktop,Facebook
E00004893,C00091,S0001139,2026-06-19 02:04:56,page_view,Home,,Mobile,Instagram
E00004894,C00091,S0001139,2026-06-19 02:05:34,search,Search,,Mobile,Instagram
E00004895,C00091,S0001139,2026-06-19 02:06:55,page_view,Category,,Mobile,Instagram
E00004896,C00091,S0001140,2026-05-22 14:54:31,page_view,Home,,Mobile,Affiliate
E00004897,C00091,S0001140,2026-05-22 14:57:02,search,Search,,Mobile,Affiliate
E00004898,C00091,S0001140,2026-05-22 14:59:50,page_view,Category,,Mobile,Affiliate
E00004899,C00091,S0001140,2026-05-22 15:02:16,product_view,Product,P0065,Mobile,Affiliate
E00004900,C00091,S0001140,2026-05-22 15:02:52,review_view,Reviews,P0016,Mobile,Affiliate
E00004901,C00091,S0001140,2026-05-22 15:04:52,add_to_cart,Cart,P0016,Mobile,Affiliate
E00004902,C00091,S0001141,2026-04-25 07:43:00,page_view,Home,,Tablet,Affiliate
E00004903,C00091,S0001141,2026-04-25 07:44:54,search,Search,,Tablet,Affiliate
E00004904,C00091,S0001141,2026-04-25 07:48:44,page_view,Category,,Tablet,Affiliate
E00004905,C00091,S0001141,2026-04-25 07:49:56,product_view,Product,P0016,Tablet,Affiliate
E00004906,C00091,S0001141,2026-04-25 07:51:50,review_view,Reviews,P0030,Tablet,Affiliate
E00004907,C00091,S0001142,2025-10-03 06:09:25,page_view,Home,,Mobile,Bing
E00004908,C00091,S0001142,2025-10-03 06:13:04,search,Search,,Mobile,Bing
E00004909,C00091,S0001142,2025-10-03 06:13:59,page_view,Category,,Mobile,Bing
E00004910,C00091,S0001142,2025-10-03 06:17:19,product_view,Product,P0079,Mobile,Bing
E00004911,C00091,S0001142,2025-10-03 06:20:41,review_view,Reviews,P0033,Mobile,Bing
E00004912,C00091,S0001143,2025-10-07 15:16:39,page_view,Home,,Mobile,Facebook
E00004913,C00091,S0001143,2025-10-07 15:17:07,search,Search,,Mobile,Facebook
E00004914,C00091,S0001143,2025-10-07 15:17:39,page_view,Category,,Mobile,Facebook
E00004915,C00091,S0001143,2025-10-07 15:20:15,product_view,Product,P0079,Mobile,Facebook
E00004916,C00091,S0001143,2025-10-07 15:24:13,review_view,Reviews,P0030,Mobile,Facebook
E00004917,C00091,S0001144,2026-05-12 21:29:41,page_view,Home,,Mobile,Facebook
E00004918,C00091,S0001144,2026-05-12 21:32:49,search,Search,,Mobile,Facebook
E00004919,C00091,S0001144,2026-05-12 21:33:11,page_view,Category,,Mobile,Facebook
E00004920,C00091,S0001144,2026-05-12 21:33:50,product_view,Product,P0079,Mobile,Facebook
E00004921,C00091,S0001144,2026-05-12 21:34:53,review_view,Reviews,P0065,Mobile,Facebook
E00004922,C00091,S0001145,2025-08-22 18:14:26,page_view,Home,,Mobile,Email
E00004923,C00091,S0001146,2025-11-11 04:11:42,page_view,Home,,Desktop,Instagram
E00004924,C00091,S0001146,2025-11-11 04:15:17,search,Search,,Desktop,Instagram
E00004925,C00091,S0001146,2025-11-11 04:19:01,page_view,Category,,Desktop,Instagram
E00004926,C00092,S0001147,2025-01-25 02:48:16,page_view,Home,,Mobile,Facebook
E00004927,C00092,S0001147,2025-01-25 02:51:39,search,Search,,Mobile,Facebook
E00004928,C00092,S0001147,2025-01-25 02:55:26,page_view,Category,,Mobile,Facebook
E00004929,C00092,S0001147,2025-01-25 02:55:47,product_view,Product,P0039,Mobile,Facebook
E00004930,C00092,S0001148,2026-04-28 21:56:53,page_view,Home,,Desktop,Facebook
E00004931,C00092,S0001148,2026-04-28 22:00:14,search,Search,,Desktop,Facebook
E00004932,C00092,S0001148,2026-04-28 22:01:39,page_view,Category,,Desktop,Facebook
E00004933,C00092,S0001148,2026-04-28 22:03:24,product_view,Product,P0059,Desktop,Facebook
E00004934,C00092,S0001148,2026-04-28 22:06:52,review_view,Reviews,P0043,Desktop,Facebook
E00004935,C00092,S0001148,2026-04-28 22:09:10,add_to_cart,Cart,P0032,Desktop,Facebook
E00004936,C00092,S0001149,2025-05-07 15:22:34,page_view,Home,,Mobile,Facebook
E00004937,C00092,S0001149,2025-05-07 15:25:04,search,Search,,Mobile,Facebook
E00004938,C00092,S0001149,2025-05-07 15:28:28,page_view,Category,,Mobile,Facebook
E00004939,C00092,S0001149,2025-05-07 15:32:10,product_view,Product,P0018,Mobile,Facebook
E00004940,C00092,S0001149,2025-05-07 15:32:59,review_view,Reviews,P0055,Mobile,Facebook
E00004941,C00092,S0001149,2025-05-07 15:36:46,add_to_cart,Cart,P0039,Mobile,Facebook
E00004942,C00092,S0001150,2026-06-12 07:59:49,page_view,Home,,Desktop,Email
E00004943,C00092,S0001150,2026-06-12 08:01:26,search,Search,,Desktop,Email
E00004944,C00092,S0001150,2026-06-12 08:02:03,page_view,Category,,Desktop,Email
E00004945,C00092,S0001150,2026-06-12 08:04:05,product_view,Product,P0039,Desktop,Email
E00004946,C00092,S0001150,2026-06-12 08:04:32,review_view,Reviews,P0070,Desktop,Email
E00004947,C00092,S0001150,2026-06-12 08:07:41,add_to_cart,Cart,P0020,Desktop,Email
E00004948,C00092,S0001150,2026-06-12 08:09:13,checkout_start,Checkout,P0059,Desktop,Email
E00004949,C00092,S0001150,2026-06-12 08:13:08,purchase,Checkout,P0018,Desktop,Email
E00004950,C00092,S0001151,2026-02-26 09:18:39,page_view,Home,,Desktop,Direct
E00004951,C00092,S0001151,2026-02-26 09:21:49,search,Search,,Desktop,Direct
E00004952,C00092,S0001151,2026-02-26 09:22:45,page_view,Category,,Desktop,Direct
E00004953,C00092,S0001151,2026-02-26 09:25:55,product_view,Product,P0032,Desktop,Direct
E00004954,C00092,S0001151,2026-02-26 09:27:48,review_view,Reviews,P0003,Desktop,Direct
E00004955,C00092,S0001151,2026-02-26 09:28:29,add_to_cart,Cart,P0059,Desktop,Direct
E00004956,C00092,S0001152,2025-07-01 08:30:38,page_view,Home,,Mobile,Email
E00004957,C00092,S0001152,2025-07-01 08:33:53,search,Search,,Mobile,Email
E00004958,C00092,S0001152,2025-07-01 08:37:20,page_view,Category,,Mobile,Email
E00004959,C00092,S0001152,2025-07-01 08:39:52,product_view,Product,P0039,Mobile,Email
E00004960,C00092,S0001153,2025-04-13 08:31:50,page_view,Home,,Desktop,Facebook
E00004961,C00092,S0001154,2024-05-31 17:10:11,page_view,Home,,Desktop,Email
E00004962,C00092,S0001154,2024-05-31 17:10:32,search,Search,,Desktop,Email
E00004963,C00092,S0001154,2024-05-31 17:13:28,page_view,Category,,Desktop,Email
E00004964,C00092,S0001154,2024-05-31 17:16:08,product_view,Product,P0046,Desktop,Email
E00004965,C00092,S0001154,2024-05-31 17:19:16,review_view,Reviews,P0075,Desktop,Email
E00004966,C00092,S0001155,2025-04-01 13:12:56,page_view,Home,,Mobile,Affiliate
E00004967,C00092,S0001155,2025-04-01 13:16:12,search,Search,,Mobile,Affiliate
E00004968,C00092,S0001155,2025-04-01 13:16:30,page_view,Category,,Mobile,Affiliate
E00004969,C00092,S0001155,2025-04-01 13:19:03,product_view,Product,P0070,Mobile,Affiliate
E00004970,C00092,S0001155,2025-04-01 13:21:47,review_view,Reviews,P0020,Mobile,Affiliate
E00004971,C00092,S0001155,2025-04-01 13:24:56,add_to_cart,Cart,P0018,Mobile,Affiliate
E00004972,C00092,S0001156,2025-09-06 17:36:40,page_view,Home,,Mobile,Email
E00004973,C00092,S0001156,2025-09-06 17:38:37,search,Search,,Mobile,Email
E00004974,C00092,S0001156,2025-09-06 17:40:29,page_view,Category,,Mobile,Email
E00004975,C00092,S0001156,2025-09-06 17:42:49,product_view,Product,P0018,Mobile,Email
E00004976,C00092,S0001156,2025-09-06 17:43:16,review_view,Reviews,P0032,Mobile,Email
E00004977,C00092,S0001157,2024-12-29 22:41:14,page_view,Home,,Mobile,Instagram
E00004978,C00092,S0001157,2024-12-29 22:41:58,search,Search,,Mobile,Instagram
E00004979,C00092,S0001157,2024-12-29 22:42:38,page_view,Category,,Mobile,Instagram
E00004980,C00092,S0001157,2024-12-29 22:44:50,product_view,Product,P0075,Mobile,Instagram
E00004981,C00092,S0001158,2025-01-09 10:44:36,page_view,Home,,Mobile,Google
E00004982,C00092,S0001158,2025-01-09 10:45:29,search,Search,,Mobile,Google
E00004983,C00092,S0001158,2025-01-09 10:48:24,page_view,Category,,Mobile,Google
E00004984,C00092,S0001158,2025-01-09 10:49:17,product_view,Product,P0039,Mobile,Google
E00004985,C00092,S0001158,2025-01-09 10:49:51,review_view,Reviews,P0070,Mobile,Google
E00004986,C00092,S0001158,2025-01-09 10:52:15,add_to_cart,Cart,P0032,Mobile,Google
E00004987,C00092,S0001159,2024-07-24 15:01:04,page_view,Home,,Desktop,Instagram
E00004988,C00092,S0001159,2024-07-24 15:02:32,search,Search,,Desktop,Instagram
E00004989,C00092,S0001159,2024-07-24 15:06:32,page_view,Category,,Desktop,Instagram
E00004990,C00092,S0001159,2024-07-24 15:06:45,product_view,Product,P0018,Desktop,Instagram
E00004991,C00092,S0001159,2024-07-24 15:10:43,review_view,Reviews,P0059,Desktop,Instagram
E00004992,C00093,S0001160,2026-02-18 09:47:45,page_view,Home,,Mobile,Email
E00004993,C00093,S0001160,2026-02-18 09:48:34,search,Search,,Mobile,Email
E00004994,C00093,S0001161,2025-10-08 05:43:54,page_view,Home,,Desktop,Bing
E00004995,C00093,S0001161,2025-10-08 05:47:02,search,Search,,Desktop,Bing
E00004996,C00093,S0001161,2025-10-08 05:49:45,page_view,Category,,Desktop,Bing
E00004997,C00093,S0001161,2025-10-08 05:51:13,product_view,Product,P0055,Desktop,Bing
E00004998,C00093,S0001161,2025-10-08 05:53:08,review_view,Reviews,P0043,Desktop,Bing
E00004999,C00093,S0001162,2025-11-08 04:19:44,page_view,Home,,Desktop,Bing
E00005000,C00093,S0001162,2025-11-08 04:21:04,search,Search,,Desktop,Bing
E00005001,C00093,S0001162,2025-11-08 04:21:16,page_view,Category,,Desktop,Bing
E00005002,C00093,S0001162,2025-11-08 04:24:02,product_view,Product,P0070,Desktop,Bing
E00005003,C00093,S0001162,2025-11-08 04:25:24,review_view,Reviews,P0018,Desktop,Bing
E00005004,C00093,S0001163,2026-02-28 18:05:18,page_view,Home,,Desktop,Direct
E00005005,C00093,S0001163,2026-02-28 18:06:17,search,Search,,Desktop,Direct
E00005006,C00093,S0001163,2026-02-28 18:08:26,page_view,Category,,Desktop,Direct
E00005007,C00093,S0001164,2025-10-12 11:39:25,page_view,Home,,Mobile,Bing
E00005008,C00093,S0001164,2025-10-12 11:42:30,search,Search,,Mobile,Bing
E00005009,C00093,S0001164,2025-10-12 11:45:22,page_view,Category,,Mobile,Bing
E00005010,C00093,S0001165,2025-10-21 18:34:59,page_view,Home,,Desktop,Affiliate
E00005011,C00093,S0001165,2025-10-21 18:38:39,search,Search,,Desktop,Affiliate
E00005012,C00093,S0001165,2025-10-21 18:42:08,page_view,Category,,Desktop,Affiliate
E00005013,C00093,S0001165,2025-10-21 18:42:36,product_view,Product,P0003,Desktop,Affiliate
E00005014,C00093,S0001165,2025-10-21 18:45:30,review_view,Reviews,P0032,Desktop,Affiliate
E00005015,C00093,S0001165,2025-10-21 18:47:01,add_to_cart,Cart,P0046,Desktop,Affiliate
E00005016,C00093,S0001165,2025-10-21 18:48:32,checkout_start,Checkout,P0070,Desktop,Affiliate
E00005017,C00093,S0001165,2025-10-21 18:49:50,purchase,Checkout,P0020,Desktop,Affiliate
E00005018,C00093,S0001166,2025-12-21 01:18:45,page_view,Home,,Mobile,Affiliate
E00005019,C00093,S0001166,2025-12-21 01:20:45,search,Search,,Mobile,Affiliate
E00005020,C00093,S0001166,2025-12-21 01:23:24,page_view,Category,,Mobile,Affiliate
E00005021,C00093,S0001166,2025-12-21 01:26:23,product_view,Product,P0046,Mobile,Affiliate
E00005022,C00093,S0001166,2025-12-21 01:29:06,review_view,Reviews,P0020,Mobile,Affiliate
E00005023,C00093,S0001166,2025-12-21 01:32:34,add_to_cart,Cart,P0020,Mobile,Affiliate
E00005024,C00093,S0001166,2025-12-21 01:35:09,checkout_start,Checkout,P0043,Mobile,Affiliate
E00005025,C00093,S0001166,2025-12-21 01:36:18,purchase,Checkout,P0032,Mobile,Affiliate
E00005026,C00093,S0001167,2026-06-25 14:01:55,page_view,Home,,Desktop,Affiliate
E00005027,C00093,S0001168,2026-06-27 07:02:39,page_view,Home,,Desktop,Google
E00005028,C00093,S0001168,2026-06-27 07:06:12,search,Search,,Desktop,Google
E00005029,C00093,S0001168,2026-06-27 07:07:40,page_view,Category,,Desktop,Google
E00005030,C00093,S0001168,2026-06-27 07:08:22,product_view,Product,P0039,Desktop,Google
E00005031,C00093,S0001168,2026-06-27 07:11:19,review_view,Reviews,P0075,Desktop,Google
E00005032,C00093,S0001168,2026-06-27 07:15:08,add_to_cart,Cart,P0020,Desktop,Google
E00005033,C00093,S0001168,2026-06-27 07:16:33,checkout_start,Checkout,P0003,Desktop,Google
E00005034,C00093,S0001168,2026-06-27 07:18:19,purchase,Checkout,P0046,Desktop,Google
E00005035,C00093,S0001169,2025-12-22 18:40:45,page_view,Home,,Mobile,Email
E00005036,C00093,S0001169,2025-12-22 18:43:47,search,Search,,Mobile,Email
E00005037,C00093,S0001169,2025-12-22 18:46:09,page_view,Category,,Mobile,Email
E00005038,C00093,S0001169,2025-12-22 18:48:36,product_view,Product,P0070,Mobile,Email
E00005039,C00093,S0001169,2025-12-22 18:49:44,review_view,Reviews,P0032,Mobile,Email
E00005040,C00093,S0001170,2026-02-01 07:37:40,page_view,Home,,Tablet,Facebook
E00005041,C00093,S0001170,2026-02-01 07:39:41,search,Search,,Tablet,Facebook
E00005042,C00093,S0001170,2026-02-01 07:42:27,page_view,Category,,Tablet,Facebook
E00005043,C00093,S0001170,2026-02-01 07:43:42,product_view,Product,P0003,Tablet,Facebook
E00005044,C00093,S0001170,2026-02-01 07:46:01,add_to_cart,Cart,P0046,Tablet,Facebook
E00005045,C00093,S0001170,2026-02-01 07:49:29,checkout_start,Checkout,P0043,Tablet,Facebook
E00005046,C00093,S0001170,2026-02-01 07:53:06,purchase,Checkout,P0039,Tablet,Facebook
E00005047,C00093,S0001171,2025-12-21 10:21:44,page_view,Home,,Mobile,Facebook
E00005048,C00093,S0001171,2025-12-21 10:24:15,search,Search,,Mobile,Facebook
E00005049,C00093,S0001172,2026-03-10 12:30:41,page_view,Home,,Mobile,Email
E00005050,C00093,S0001173,2026-03-19 05:59:52,page_view,Home,,Desktop,Facebook
E00005051,C00093,S0001173,2026-03-19 06:02:41,search,Search,,Desktop,Facebook
E00005052,C00093,S0001173,2026-03-19 06:04:26,page_view,Category,,Desktop,Facebook
E00005053,C00093,S0001173,2026-03-19 06:07:11,product_view,Product,P0039,Desktop,Facebook
E00005054,C00093,S0001173,2026-03-19 06:11:06,review_view,Reviews,P0055,Desktop,Facebook
E00005055,C00093,S0001173,2026-03-19 06:14:51,add_to_cart,Cart,P0075,Desktop,Facebook
E00005056,C00093,S0001174,2025-09-27 09:04:44,page_view,Home,,Mobile,Instagram
E00005057,C00093,S0001174,2025-09-27 09:06:17,search,Search,,Mobile,Instagram
E00005058,C00093,S0001174,2025-09-27 09:07:20,page_view,Category,,Mobile,Instagram
E00005059,C00093,S0001174,2025-09-27 09:08:52,product_view,Product,P0070,Mobile,Instagram
E00005060,C00093,S0001175,2025-11-11 17:09:56,page_view,Home,,Mobile,Email
E00005061,C00093,S0001175,2025-11-11 17:12:19,search,Search,,Mobile,Email
E00005062,C00093,S0001175,2025-11-11 17:13:20,page_view,Category,,Mobile,Email
E00005063,C00093,S0001175,2025-11-11 17:13:31,product_view,Product,P0003,Mobile,Email
E00005064,C00093,S0001175,2025-11-11 17:16:56,add_to_cart,Cart,P0070,Mobile,Email
E00005065,C00093,S0001175,2025-11-11 17:20:30,checkout_start,Checkout,P0070,Mobile,Email
E00005066,C00093,S0001175,2025-11-11 17:22:07,purchase,Checkout,P0039,Mobile,Email
E00005067,C00093,S0001176,2025-12-01 20:05:51,page_view,Home,,Desktop,Bing
E00005068,C00093,S0001176,2025-12-01 20:09:07,search,Search,,Desktop,Bing
E00005069,C00093,S0001176,2025-12-01 20:11:53,page_view,Category,,Desktop,Bing
E00005070,C00093,S0001176,2025-12-01 20:14:48,product_view,Product,P0046,Desktop,Bing
E00005071,C00093,S0001177,2026-04-04 18:50:36,page_view,Home,,Mobile,Facebook
E00005072,C00093,S0001177,2026-04-04 18:51:52,search,Search,,Mobile,Facebook
E00005073,C00093,S0001177,2026-04-04 18:53:58,page_view,Category,,Mobile,Facebook
E00005074,C00093,S0001177,2026-04-04 18:54:12,product_view,Product,P0046,Mobile,Facebook
E00005075,C00093,S0001177,2026-04-04 18:57:21,review_view,Reviews,P0018,Mobile,Facebook
E00005076,C00093,S0001177,2026-04-04 18:59:28,add_to_cart,Cart,P0075,Mobile,Facebook
E00005077,C00093,S0001178,2025-10-04 15:46:55,page_view,Home,,Mobile,Instagram
E00005078,C00093,S0001178,2025-10-04 15:47:25,search,Search,,Mobile,Instagram
E00005079,C00093,S0001178,2025-10-04 15:47:41,page_view,Category,,Mobile,Instagram
E00005080,C00093,S0001178,2025-10-04 15:51:05,product_view,Product,P0032,Mobile,Instagram
E00005081,C00093,S0001178,2025-10-04 15:54:39,review_view,Reviews,P0059,Mobile,Instagram
E00005082,C00093,S0001178,2025-10-04 15:55:55,add_to_cart,Cart,P0055,Mobile,Instagram
E00005083,C00093,S0001178,2025-10-04 15:56:31,checkout_start,Checkout,P0043,Mobile,Instagram
E00005084,C00093,S0001178,2025-10-04 15:58:21,purchase,Checkout,P0055,Mobile,Instagram
E00005085,C00093,S0001179,2026-03-25 15:17:25,page_view,Home,,Desktop,Direct
E00005086,C00093,S0001179,2026-03-25 15:20:41,search,Search,,Desktop,Direct
E00005087,C00093,S0001179,2026-03-25 15:23:00,page_view,Category,,Desktop,Direct
E00005088,C00093,S0001179,2026-03-25 15:24:58,product_view,Product,P0003,Desktop,Direct
E00005089,C00094,S0001180,2024-12-10 14:02:42,page_view,Home,,Mobile,Affiliate
E00005090,C00094,S0001180,2024-12-10 14:03:38,search,Search,,Mobile,Affiliate
E00005091,C00094,S0001180,2024-12-10 14:04:40,page_view,Category,,Mobile,Affiliate
E00005092,C00094,S0001180,2024-12-10 14:06:02,product_view,Product,P0047,Mobile,Affiliate
E00005093,C00094,S0001181,2025-09-14 22:14:19,page_view,Home,,Mobile,Bing
E00005094,C00094,S0001181,2025-09-14 22:18:15,search,Search,,Mobile,Bing
E00005095,C00094,S0001181,2025-09-14 22:19:36,page_view,Category,,Mobile,Bing
E00005096,C00094,S0001181,2025-09-14 22:21:08,product_view,Product,P0009,Mobile,Bing
E00005097,C00094,S0001181,2025-09-14 22:24:03,review_view,Reviews,P0051,Mobile,Bing
E00005098,C00094,S0001181,2025-09-14 22:27:33,add_to_cart,Cart,P0052,Mobile,Bing
E00005099,C00094,S0001182,2025-10-26 21:00:21,page_view,Home,,Mobile,Direct
E00005100,C00094,S0001182,2025-10-26 21:04:02,search,Search,,Mobile,Direct
E00005101,C00094,S0001182,2025-10-26 21:07:14,page_view,Category,,Mobile,Direct
E00005102,C00094,S0001182,2025-10-26 21:10:35,product_view,Product,P0048,Mobile,Direct
E00005103,C00094,S0001182,2025-10-26 21:14:35,review_view,Reviews,P0023,Mobile,Direct
E00005104,C00094,S0001182,2025-10-26 21:18:08,add_to_cart,Cart,P0052,Mobile,Direct
E00005105,C00094,S0001183,2024-11-15 17:13:52,page_view,Home,,Mobile,Bing
E00005106,C00094,S0001183,2024-11-15 17:15:56,search,Search,,Mobile,Bing
E00005107,C00094,S0001183,2024-11-15 17:16:37,page_view,Category,,Mobile,Bing
E00005108,C00094,S0001183,2024-11-15 17:18:03,product_view,Product,P0009,Mobile,Bing
E00005109,C00094,S0001183,2024-11-15 17:21:49,review_view,Reviews,P0023,Mobile,Bing
E00005110,C00094,S0001183,2024-11-15 17:23:23,add_to_cart,Cart,P0009,Mobile,Bing
E00005111,C00094,S0001184,2025-05-07 19:38:10,page_view,Home,,Mobile,Affiliate
E00005112,C00094,S0001184,2025-05-07 19:41:33,search,Search,,Mobile,Affiliate
E00005113,C00094,S0001184,2025-05-07 19:43:19,page_view,Category,,Mobile,Affiliate
E00005114,C00094,S0001185,2025-07-08 18:44:25,page_view,Home,,Mobile,Email
E00005115,C00094,S0001185,2025-07-08 18:46:47,search,Search,,Mobile,Email
E00005116,C00094,S0001185,2025-07-08 18:49:42,page_view,Category,,Mobile,Email
E00005117,C00094,S0001185,2025-07-08 18:51:05,product_view,Product,P0047,Mobile,Email
E00005118,C00094,S0001185,2025-07-08 18:54:29,review_view,Reviews,P0052,Mobile,Email
E00005119,C00094,S0001185,2025-07-08 18:58:19,add_to_cart,Cart,P0009,Mobile,Email
E00005120,C00094,S0001185,2025-07-08 19:01:20,checkout_start,Checkout,P0052,Mobile,Email
E00005121,C00094,S0001185,2025-07-08 19:02:20,purchase,Checkout,P0051,Mobile,Email
E00005122,C00094,S0001186,2026-02-09 12:46:49,page_view,Home,,Mobile,Email
E00005123,C00094,S0001186,2026-02-09 12:50:36,search,Search,,Mobile,Email
E00005124,C00094,S0001187,2025-01-25 16:02:22,page_view,Home,,Mobile,Email
E00005125,C00094,S0001187,2025-01-25 16:05:18,search,Search,,Mobile,Email
E00005126,C00094,S0001187,2025-01-25 16:06:21,page_view,Category,,Mobile,Email
E00005127,C00094,S0001187,2025-01-25 16:06:31,product_view,Product,P0048,Mobile,Email
E00005128,C00094,S0001188,2026-06-23 18:22:37,page_view,Home,,Desktop,Affiliate
E00005129,C00094,S0001188,2026-06-23 18:24:44,search,Search,,Desktop,Affiliate
E00005130,C00094,S0001188,2026-06-23 18:26:23,page_view,Category,,Desktop,Affiliate
E00005131,C00094,S0001188,2026-06-23 18:28:47,product_view,Product,P0052,Desktop,Affiliate
E00005132,C00094,S0001188,2026-06-23 18:32:11,review_view,Reviews,P0067,Desktop,Affiliate
E00005133,C00094,S0001188,2026-06-23 18:32:33,add_to_cart,Cart,P0047,Desktop,Affiliate
E00005134,C00094,S0001188,2026-06-23 18:34:22,checkout_start,Checkout,P0051,Desktop,Affiliate
E00005135,C00094,S0001188,2026-06-23 18:36:18,purchase,Checkout,P0023,Desktop,Affiliate
E00005136,C00094,S0001189,2024-10-25 07:05:31,page_view,Home,,Mobile,Bing
E00005137,C00094,S0001189,2024-10-25 07:08:21,search,Search,,Mobile,Bing
E00005138,C00094,S0001189,2024-10-25 07:11:03,page_view,Category,,Mobile,Bing
E00005139,C00094,S0001189,2024-10-25 07:12:19,product_view,Product,P0052,Mobile,Bing
E00005140,C00094,S0001189,2024-10-25 07:14:39,review_view,Reviews,P0052,Mobile,Bing
E00005141,C00094,S0001190,2025-05-11 08:29:17,page_view,Home,,Tablet,Google
E00005142,C00094,S0001190,2025-05-11 08:31:01,add_to_cart,Cart,P0067,Tablet,Google
E00005143,C00094,S0001190,2025-05-11 08:34:04,checkout_start,Checkout,P0052,Tablet,Google
E00005144,C00094,S0001190,2025-05-11 08:34:36,purchase,Checkout,P0067,Tablet,Google
E00005145,C00094,S0001191,2024-10-21 16:21:05,page_view,Home,,Desktop,Bing
E00005146,C00094,S0001191,2024-10-21 16:24:56,search,Search,,Desktop,Bing
E00005147,C00094,S0001191,2024-10-21 16:26:37,page_view,Category,,Desktop,Bing
E00005148,C00094,S0001191,2024-10-21 16:28:45,product_view,Product,P0067,Desktop,Bing
E00005149,C00094,S0001191,2024-10-21 16:32:41,review_view,Reviews,P0052,Desktop,Bing
E00005150,C00094,S0001191,2024-10-21 16:33:35,add_to_cart,Cart,P0052,Desktop,Bing
E00005151,C00094,S0001192,2025-01-20 14:08:12,page_view,Home,,Mobile,Affiliate
E00005152,C00094,S0001192,2025-01-20 14:10:32,search,Search,,Mobile,Affiliate
E00005153,C00094,S0001193,2026-05-24 20:14:19,page_view,Home,,Desktop,Bing
E00005154,C00094,S0001193,2026-05-24 20:16:35,search,Search,,Desktop,Bing
E00005155,C00094,S0001193,2026-05-24 20:20:02,page_view,Category,,Desktop,Bing
E00005156,C00094,S0001193,2026-05-24 20:23:51,product_view,Product,P0051,Desktop,Bing
E00005157,C00094,S0001193,2026-05-24 20:26:37,review_view,Reviews,P0048,Desktop,Bing
E00005158,C00094,S0001193,2026-05-24 20:29:42,add_to_cart,Cart,P0048,Desktop,Bing
E00005159,C00094,S0001194,2026-06-30 08:45:42,page_view,Home,,Desktop,Google
E00005160,C00094,S0001194,2026-06-30 08:47:22,search,Search,,Desktop,Google
E00005161,C00094,S0001194,2026-06-30 08:51:09,page_view,Category,,Desktop,Google
E00005162,C00094,S0001194,2026-06-30 08:52:07,product_view,Product,P0067,Desktop,Google
E00005163,C00094,S0001194,2026-06-30 08:55:28,review_view,Reviews,P0067,Desktop,Google
E00005164,C00094,S0001194,2026-06-30 08:58:59,add_to_cart,Cart,P0048,Desktop,Google
E00005165,C00095,S0001195,2026-04-08 08:44:36,page_view,Home,,Mobile,Bing
E00005166,C00095,S0001195,2026-04-08 08:45:53,search,Search,,Mobile,Bing
E00005167,C00095,S0001195,2026-04-08 08:49:46,page_view,Category,,Mobile,Bing
E00005168,C00095,S0001195,2026-04-08 08:50:34,product_view,Product,P0001,Mobile,Bing
E00005169,C00095,S0001196,2025-07-02 15:21:15,page_view,Home,,Mobile,Bing
E00005170,C00095,S0001196,2025-07-02 15:22:41,search,Search,,Mobile,Bing
E00005171,C00095,S0001196,2025-07-02 15:23:13,page_view,Category,,Mobile,Bing
E00005172,C00095,S0001196,2025-07-02 15:23:42,product_view,Product,P0050,Mobile,Bing
E00005173,C00095,S0001196,2025-07-02 15:27:05,add_to_cart,Cart,P0078,Mobile,Bing
E00005174,C00095,S0001196,2025-07-02 15:30:31,checkout_start,Checkout,P0026,Mobile,Bing
E00005175,C00095,S0001196,2025-07-02 15:33:27,purchase,Checkout,P0026,Mobile,Bing
E00005176,C00095,S0001197,2024-04-27 22:41:21,page_view,Home,,Desktop,Direct
E00005177,C00095,S0001197,2024-04-27 22:45:08,search,Search,,Desktop,Direct
E00005178,C00095,S0001197,2024-04-27 22:46:29,page_view,Category,,Desktop,Direct
E00005179,C00095,S0001197,2024-04-27 22:49:48,product_view,Product,P0002,Desktop,Direct
E00005180,C00095,S0001197,2024-04-27 22:53:21,review_view,Reviews,P0069,Desktop,Direct
E00005181,C00095,S0001198,2025-03-14 14:33:36,page_view,Home,,Mobile,Bing
E00005182,C00095,S0001198,2025-03-14 14:34:53,search,Search,,Mobile,Bing
E00005183,C00095,S0001198,2025-03-14 14:36:30,page_view,Category,,Mobile,Bing
E00005184,C00095,S0001199,2024-11-03 19:09:19,page_view,Home,,Desktop,Instagram
E00005185,C00095,S0001199,2024-11-03 19:10:31,search,Search,,Desktop,Instagram
E00005186,C00095,S0001199,2024-11-03 19:12:08,page_view,Category,,Desktop,Instagram
E00005187,C00095,S0001199,2024-11-03 19:13:04,product_view,Product,P0026,Desktop,Instagram
E00005188,C00095,S0001199,2024-11-03 19:16:55,review_view,Reviews,P0011,Desktop,Instagram
E00005189,C00095,S0001199,2024-11-03 19:18:50,add_to_cart,Cart,P0069,Desktop,Instagram
E00005190,C00095,S0001200,2024-03-30 22:59:24,page_view,Home,,Desktop,Email
E00005191,C00095,S0001200,2024-03-30 23:00:40,search,Search,,Desktop,Email
E00005192,C00095,S0001200,2024-03-30 23:02:49,page_view,Category,,Desktop,Email
E00005193,C00095,S0001200,2024-03-30 23:03:06,product_view,Product,P0006,Desktop,Email
E00005194,C00095,S0001200,2024-03-30 23:03:33,review_view,Reviews,P0002,Desktop,Email
E00005195,C00095,S0001201,2026-03-21 09:00:01,page_view,Home,,Desktop,Bing
E00005196,C00095,S0001201,2026-03-21 09:01:58,search,Search,,Desktop,Bing
E00005197,C00095,S0001201,2026-03-21 09:02:27,page_view,Category,,Desktop,Bing
E00005198,C00095,S0001201,2026-03-21 09:02:57,product_view,Product,P0080,Desktop,Bing
E00005199,C00095,S0001201,2026-03-21 09:05:32,review_view,Reviews,P0063,Desktop,Bing
E00005200,C00095,S0001201,2026-03-21 09:09:15,add_to_cart,Cart,P0050,Desktop,Bing
E00005201,C00095,S0001202,2024-05-19 03:12:53,page_view,Home,,Mobile,Google
E00005202,C00095,S0001202,2024-05-19 03:14:57,search,Search,,Mobile,Google
E00005203,C00095,S0001202,2024-05-19 03:18:28,page_view,Category,,Mobile,Google
E00005204,C00095,S0001202,2024-05-19 03:19:48,product_view,Product,P0063,Mobile,Google
E00005205,C00095,S0001203,2025-05-08 02:49:27,page_view,Home,,Mobile,Direct
E00005206,C00095,S0001203,2025-05-08 02:52:21,search,Search,,Mobile,Direct
E00005207,C00095,S0001203,2025-05-08 02:55:46,page_view,Category,,Mobile,Direct
E00005208,C00095,S0001204,2025-12-21 14:55:21,page_view,Home,,Mobile,Instagram
E00005209,C00095,S0001204,2025-12-21 14:58:00,search,Search,,Mobile,Instagram
E00005210,C00095,S0001204,2025-12-21 14:59:55,page_view,Category,,Mobile,Instagram
E00005211,C00095,S0001204,2025-12-21 15:01:47,product_view,Product,P0063,Mobile,Instagram
E00005212,C00095,S0001205,2025-09-09 05:23:25,page_view,Home,,Mobile,Google
E00005213,C00095,S0001205,2025-09-09 05:25:18,search,Search,,Mobile,Google
E00005214,C00095,S0001205,2025-09-09 05:26:55,page_view,Category,,Mobile,Google
E00005215,C00095,S0001205,2025-09-09 05:29:38,product_view,Product,P0053,Mobile,Google
E00005216,C00095,S0001205,2025-09-09 05:29:52,review_view,Reviews,P0080,Mobile,Google
E00005217,C00095,S0001205,2025-09-09 05:32:46,add_to_cart,Cart,P0006,Mobile,Google
E00005218,C00095,S0001205,2025-09-09 05:34:06,checkout_start,Checkout,P0019,Mobile,Google
E00005219,C00095,S0001205,2025-09-09 05:37:15,purchase,Checkout,P0036,Mobile,Google
E00005220,C00095,S0001206,2026-02-04 08:27:48,page_view,Home,,Desktop,Instagram
E00005221,C00095,S0001207,2024-12-15 00:40:19,page_view,Home,,Desktop,Facebook
E00005222,C00095,S0001207,2024-12-15 00:42:17,search,Search,,Desktop,Facebook
E00005223,C00095,S0001207,2024-12-15 00:43:11,page_view,Category,,Desktop,Facebook
E00005224,C00095,S0001208,2024-08-04 02:28:59,page_view,Home,,Mobile,Direct
E00005225,C00095,S0001208,2024-08-04 02:30:48,search,Search,,Mobile,Direct
E00005226,C00095,S0001209,2025-03-18 01:12:55,page_view,Home,,Desktop,Google
E00005227,C00095,S0001209,2025-03-18 01:15:36,search,Search,,Desktop,Google
E00005228,C00095,S0001209,2025-03-18 01:19:20,page_view,Category,,Desktop,Google
E00005229,C00095,S0001210,2024-05-29 09:15:30,page_view,Home,,Mobile,Bing
E00005230,C00095,S0001210,2024-05-29 09:16:56,search,Search,,Mobile,Bing
E00005231,C00095,S0001210,2024-05-29 09:20:47,page_view,Category,,Mobile,Bing
E00005232,C00095,S0001210,2024-05-29 09:22:14,product_view,Product,P0011,Mobile,Bing
E00005233,C00095,S0001211,2024-02-29 06:54:31,page_view,Home,,Mobile,Affiliate
E00005234,C00095,S0001211,2024-02-29 06:57:33,search,Search,,Mobile,Affiliate
E00005235,C00095,S0001211,2024-02-29 06:58:25,page_view,Category,,Mobile,Affiliate
E00005236,C00095,S0001212,2026-03-07 08:14:04,page_view,Home,,Mobile,Bing
E00005237,C00095,S0001212,2026-03-07 08:16:31,search,Search,,Mobile,Bing
E00005238,C00095,S0001212,2026-03-07 08:19:52,page_view,Category,,Mobile,Bing
E00005239,C00095,S0001212,2026-03-07 08:22:56,product_view,Product,P0069,Mobile,Bing
E00005240,C00095,S0001212,2026-03-07 08:24:51,review_view,Reviews,P0049,Mobile,Bing
E00005241,C00095,S0001212,2026-03-07 08:28:42,add_to_cart,Cart,P0078,Mobile,Bing
E00005242,C00095,S0001213,2025-07-01 11:01:11,page_view,Home,,Mobile,Bing
E00005243,C00095,S0001213,2025-07-01 11:03:30,add_to_cart,Cart,P0026,Mobile,Bing
E00005244,C00095,S0001213,2025-07-01 11:03:42,checkout_start,Checkout,P0011,Mobile,Bing
E00005245,C00095,S0001213,2025-07-01 11:05:22,purchase,Checkout,P0080,Mobile,Bing
E00005246,C00096,S0001214,2025-10-31 07:09:43,page_view,Home,,Mobile,Bing
E00005247,C00096,S0001214,2025-10-31 07:13:21,search,Search,,Mobile,Bing
E00005248,C00096,S0001215,2025-01-02 12:44:41,page_view,Home,,Mobile,Facebook
E00005249,C00096,S0001215,2025-01-02 12:47:34,search,Search,,Mobile,Facebook
E00005250,C00096,S0001216,2025-04-03 04:23:24,page_view,Home,,Mobile,Facebook
E00005251,C00096,S0001216,2025-04-03 04:26:12,search,Search,,Mobile,Facebook
E00005252,C00096,S0001216,2025-04-03 04:26:36,page_view,Category,,Mobile,Facebook
E00005253,C00096,S0001216,2025-04-03 04:30:13,product_view,Product,P0070,Mobile,Facebook
E00005254,C00096,S0001217,2026-04-02 11:05:42,page_view,Home,,Tablet,Google
E00005255,C00096,S0001217,2026-04-02 11:07:28,search,Search,,Tablet,Google
E00005256,C00096,S0001217,2026-04-02 11:09:02,page_view,Category,,Tablet,Google
E00005257,C00096,S0001217,2026-04-02 11:10:44,product_view,Product,P0059,Tablet,Google
E00005258,C00096,S0001217,2026-04-02 11:14:28,review_view,Reviews,P0018,Tablet,Google
E00005259,C00097,S0001218,2026-05-20 06:29:32,page_view,Home,,Desktop,Facebook
E00005260,C00097,S0001218,2026-05-20 06:31:01,search,Search,,Desktop,Facebook
E00005261,C00097,S0001219,2026-04-05 20:49:49,page_view,Home,,Desktop,Affiliate
E00005262,C00097,S0001220,2025-10-15 19:24:46,page_view,Home,,Mobile,Bing
E00005263,C00097,S0001221,2026-05-13 06:20:38,page_view,Home,,Desktop,Bing
E00005264,C00097,S0001221,2026-05-13 06:22:46,search,Search,,Desktop,Bing
E00005265,C00097,S0001221,2026-05-13 06:26:06,page_view,Category,,Desktop,Bing
E00005266,C00097,S0001222,2025-11-07 01:55:59,page_view,Home,,Mobile,Direct
E00005267,C00097,S0001222,2025-11-07 01:57:29,search,Search,,Mobile,Direct
E00005268,C00097,S0001222,2025-11-07 01:58:18,page_view,Category,,Mobile,Direct
E00005269,C00097,S0001222,2025-11-07 02:00:28,product_view,Product,P0027,Mobile,Direct
E00005270,C00097,S0001222,2025-11-07 02:01:53,review_view,Reviews,P0024,Mobile,Direct
E00005271,C00097,S0001222,2025-11-07 02:02:25,add_to_cart,Cart,P0044,Mobile,Direct
E00005272,C00097,S0001223,2026-01-28 03:14:12,page_view,Home,,Desktop,Bing
E00005273,C00097,S0001223,2026-01-28 03:15:12,search,Search,,Desktop,Bing
E00005274,C00097,S0001223,2026-01-28 03:18:59,add_to_cart,Cart,P0024,Desktop,Bing
E00005275,C00097,S0001223,2026-01-28 03:19:25,checkout_start,Checkout,P0044,Desktop,Bing
E00005276,C00097,S0001223,2026-01-28 03:20:32,purchase,Checkout,P0024,Desktop,Bing
E00005277,C00097,S0001224,2025-10-12 02:09:10,page_view,Home,,Mobile,Facebook
E00005278,C00097,S0001224,2025-10-12 02:12:11,search,Search,,Mobile,Facebook
E00005279,C00097,S0001224,2025-10-12 02:15:23,page_view,Category,,Mobile,Facebook
E00005280,C00097,S0001224,2025-10-12 02:15:58,product_view,Product,P0024,Mobile,Facebook
E00005281,C00097,S0001224,2025-10-12 02:18:45,review_view,Reviews,P0077,Mobile,Facebook
E00005282,C00097,S0001224,2025-10-12 02:20:39,add_to_cart,Cart,P0044,Mobile,Facebook
E00005283,C00097,S0001225,2026-05-17 20:02:41,page_view,Home,,Mobile,Instagram
E00005284,C00097,S0001225,2026-05-17 20:06:25,search,Search,,Mobile,Instagram
E00005285,C00097,S0001225,2026-05-17 20:09:36,page_view,Category,,Mobile,Instagram
E00005286,C00097,S0001226,2026-02-13 08:39:13,page_view,Home,,Tablet,Bing
E00005287,C00097,S0001226,2026-02-13 08:42:43,search,Search,,Tablet,Bing
E00005288,C00097,S0001226,2026-02-13 08:45:15,page_view,Category,,Tablet,Bing
E00005289,C00097,S0001226,2026-02-13 08:48:34,product_view,Product,P0027,Tablet,Bing
E00005290,C00097,S0001226,2026-02-13 08:51:16,review_view,Reviews,P0061,Tablet,Bing
E00005291,C00097,S0001227,2025-08-26 05:10:25,page_view,Home,,Desktop,Bing
E00005292,C00097,S0001227,2025-08-26 05:11:14,search,Search,,Desktop,Bing
E00005293,C00097,S0001227,2025-08-26 05:11:38,page_view,Category,,Desktop,Bing
E00005294,C00097,S0001227,2025-08-26 05:13:34,product_view,Product,P0044,Desktop,Bing
E00005295,C00097,S0001228,2026-06-22 03:01:09,page_view,Home,,Desktop,Direct
E00005296,C00097,S0001228,2026-06-22 03:01:45,search,Search,,Desktop,Direct
E00005297,C00097,S0001228,2026-06-22 03:04:52,page_view,Category,,Desktop,Direct
E00005298,C00097,S0001228,2026-06-22 03:08:13,product_view,Product,P0056,Desktop,Direct
E00005299,C00097,S0001228,2026-06-22 03:11:07,review_view,Reviews,P0056,Desktop,Direct
E00005300,C00097,S0001228,2026-06-22 03:14:13,add_to_cart,Cart,P0061,Desktop,Direct
E00005301,C00098,S0001229,2025-05-23 00:40:59,page_view,Home,,Desktop,Affiliate
E00005302,C00098,S0001230,2025-12-31 23:11:01,page_view,Home,,Mobile,Affiliate
E00005303,C00098,S0001231,2025-10-30 19:33:00,page_view,Home,,Desktop,Google
E00005304,C00098,S0001232,2025-05-18 23:05:20,page_view,Home,,Desktop,Google
E00005305,C00098,S0001232,2025-05-18 23:08:50,search,Search,,Desktop,Google
E00005306,C00098,S0001232,2025-05-18 23:10:37,page_view,Category,,Desktop,Google
E00005307,C00098,S0001232,2025-05-18 23:14:20,product_view,Product,P0062,Desktop,Google
E00005308,C00098,S0001232,2025-05-18 23:16:55,review_view,Reviews,P0071,Desktop,Google
E00005309,C00098,S0001232,2025-05-18 23:18:42,add_to_cart,Cart,P0017,Desktop,Google
E00005310,C00098,S0001233,2025-04-21 19:16:19,page_view,Home,,Mobile,Affiliate
E00005311,C00098,S0001233,2025-04-21 19:19:39,search,Search,,Mobile,Affiliate
E00005312,C00098,S0001234,2025-04-07 00:27:09,page_view,Home,,Desktop,Affiliate
E00005313,C00098,S0001234,2025-04-07 00:30:01,search,Search,,Desktop,Affiliate
E00005314,C00098,S0001234,2025-04-07 00:31:41,page_view,Category,,Desktop,Affiliate
E00005315,C00098,S0001234,2025-04-07 00:33:57,add_to_cart,Cart,P0017,Desktop,Affiliate
E00005316,C00098,S0001234,2025-04-07 00:37:21,checkout_start,Checkout,P0017,Desktop,Affiliate
E00005317,C00098,S0001234,2025-04-07 00:39:52,purchase,Checkout,P0066,Desktop,Affiliate
E00005318,C00098,S0001235,2025-11-25 01:50:22,page_view,Home,,Mobile,Affiliate
E00005319,C00098,S0001235,2025-11-25 01:52:30,search,Search,,Mobile,Affiliate
E00005320,C00098,S0001235,2025-11-25 01:56:16,page_view,Category,,Mobile,Affiliate
E00005321,C00098,S0001235,2025-11-25 01:57:34,product_view,Product,P0060,Mobile,Affiliate
E00005322,C00098,S0001235,2025-11-25 01:59:10,review_view,Reviews,P0062,Mobile,Affiliate
E00005323,C00098,S0001235,2025-11-25 02:01:26,add_to_cart,Cart,P0068,Mobile,Affiliate
E00005324,C00098,S0001235,2025-11-25 02:02:08,checkout_start,Checkout,P0029,Mobile,Affiliate
E00005325,C00098,S0001235,2025-11-25 02:05:44,purchase,Checkout,P0028,Mobile,Affiliate
E00005326,C00098,S0001236,2026-01-15 16:53:11,page_view,Home,,Mobile,Bing
E00005327,C00098,S0001236,2026-01-15 16:54:08,search,Search,,Mobile,Bing
E00005328,C00098,S0001236,2026-01-15 16:58:08,page_view,Category,,Mobile,Bing
E00005329,C00098,S0001236,2026-01-15 17:01:21,product_view,Product,P0071,Mobile,Bing
E00005330,C00098,S0001236,2026-01-15 17:01:42,review_view,Reviews,P0035,Mobile,Bing
E00005331,C00098,S0001236,2026-01-15 17:04:45,add_to_cart,Cart,P0060,Mobile,Bing
E00005332,C00098,S0001236,2026-01-15 17:08:41,checkout_start,Checkout,P0074,Mobile,Bing
E00005333,C00098,S0001236,2026-01-15 17:12:16,purchase,Checkout,P0066,Mobile,Bing
E00005334,C00098,S0001237,2025-04-17 05:23:49,page_view,Home,,Mobile,Email
E00005335,C00098,S0001237,2025-04-17 05:24:10,search,Search,,Mobile,Email
E00005336,C00098,S0001237,2025-04-17 05:25:33,page_view,Category,,Mobile,Email
E00005337,C00098,S0001237,2025-04-17 05:28:04,product_view,Product,P0012,Mobile,Email
E00005338,C00098,S0001237,2025-04-17 05:28:58,review_view,Reviews,P0071,Mobile,Email
E00005339,C00098,S0001237,2025-04-17 05:32:40,add_to_cart,Cart,P0017,Mobile,Email
E00005340,C00098,S0001238,2025-08-18 00:29:13,page_view,Home,,Mobile,Instagram
E00005341,C00098,S0001238,2025-08-18 00:31:18,search,Search,,Mobile,Instagram
E00005342,C00098,S0001238,2025-08-18 00:34:53,page_view,Category,,Mobile,Instagram
E00005343,C00098,S0001238,2025-08-18 00:36:45,product_view,Product,P0068,Mobile,Instagram
E00005344,C00098,S0001239,2026-02-10 12:27:56,page_view,Home,,Mobile,Direct
E00005345,C00098,S0001240,2025-12-19 21:17:43,page_view,Home,,Tablet,Bing
E00005346,C00098,S0001240,2025-12-19 21:18:02,search,Search,,Tablet,Bing
E00005347,C00098,S0001240,2025-12-19 21:18:36,page_view,Category,,Tablet,Bing
E00005348,C00098,S0001240,2025-12-19 21:22:36,product_view,Product,P0041,Tablet,Bing
E00005349,C00098,S0001241,2025-09-21 22:52:15,page_view,Home,,Mobile,Facebook
E00005350,C00098,S0001241,2025-09-21 22:54:30,search,Search,,Mobile,Facebook
E00005351,C00098,S0001241,2025-09-21 22:56:55,page_view,Category,,Mobile,Facebook
E00005352,C00098,S0001241,2025-09-21 22:59:15,product_view,Product,P0074,Mobile,Facebook
E00005353,C00098,S0001241,2025-09-21 23:01:35,review_view,Reviews,P0057,Mobile,Facebook
E00005354,C00098,S0001241,2025-09-21 23:04:51,add_to_cart,Cart,P0074,Mobile,Facebook
E00005355,C00098,S0001242,2025-10-18 12:43:01,page_view,Home,,Tablet,Facebook
E00005356,C00098,S0001242,2025-10-18 12:44:11,search,Search,,Tablet,Facebook
E00005357,C00098,S0001242,2025-10-18 12:44:39,page_view,Category,,Tablet,Facebook
E00005358,C00098,S0001242,2025-10-18 12:45:41,product_view,Product,P0041,Tablet,Facebook
E00005359,C00098,S0001243,2026-03-09 01:57:17,page_view,Home,,Desktop,Email
E00005360,C00098,S0001243,2026-03-09 01:57:32,search,Search,,Desktop,Email
E00005361,C00098,S0001243,2026-03-09 02:01:28,page_view,Category,,Desktop,Email
E00005362,C00098,S0001243,2026-03-09 02:02:00,product_view,Product,P0014,Desktop,Email
E00005363,C00098,S0001243,2026-03-09 02:05:34,add_to_cart,Cart,P0068,Desktop,Email
E00005364,C00098,S0001243,2026-03-09 02:09:26,checkout_start,Checkout,P0028,Desktop,Email
E00005365,C00098,S0001243,2026-03-09 02:11:58,purchase,Checkout,P0041,Desktop,Email
E00005366,C00098,S0001244,2025-04-10 10:14:22,page_view,Home,,Desktop,Instagram
E00005367,C00098,S0001244,2025-04-10 10:14:52,search,Search,,Desktop,Instagram
E00005368,C00098,S0001244,2025-04-10 10:18:14,page_view,Category,,Desktop,Instagram
E00005369,C00098,S0001244,2025-04-10 10:20:51,product_view,Product,P0062,Desktop,Instagram
E00005370,C00098,S0001245,2025-04-13 07:51:27,page_view,Home,,Mobile,Affiliate
E00005371,C00098,S0001245,2025-04-13 07:52:42,search,Search,,Mobile,Affiliate
E00005372,C00098,S0001245,2025-04-13 07:56:31,page_view,Category,,Mobile,Affiliate
E00005373,C00098,S0001245,2025-04-13 07:58:54,product_view,Product,P0062,Mobile,Affiliate
E00005374,C00098,S0001245,2025-04-13 08:02:28,add_to_cart,Cart,P0071,Mobile,Affiliate
E00005375,C00098,S0001245,2025-04-13 08:04:00,checkout_start,Checkout,P0068,Mobile,Affiliate
E00005376,C00098,S0001245,2025-04-13 08:05:12,purchase,Checkout,P0060,Mobile,Affiliate
E00005377,C00099,S0001246,2025-09-03 11:16:32,page_view,Home,,Mobile,Instagram
E00005378,C00099,S0001247,2026-06-10 01:45:33,page_view,Home,,Mobile,Facebook
E00005379,C00099,S0001247,2026-06-10 01:48:13,search,Search,,Mobile,Facebook
E00005380,C00099,S0001247,2026-06-10 01:49:54,page_view,Category,,Mobile,Facebook
E00005381,C00099,S0001247,2026-06-10 01:53:49,product_view,Product,P0022,Mobile,Facebook
E00005382,C00099,S0001247,2026-06-10 01:57:07,review_view,Reviews,P0052,Mobile,Facebook
E00005383,C00099,S0001247,2026-06-10 01:59:18,add_to_cart,Cart,P0047,Mobile,Facebook
E00005384,C00099,S0001247,2026-06-10 02:02:11,checkout_start,Checkout,P0009,Mobile,Facebook
E00005385,C00099,S0001247,2026-06-10 02:05:50,purchase,Checkout,P0051,Mobile,Facebook
E00005386,C00099,S0001248,2025-06-25 04:36:42,page_view,Home,,Mobile,Facebook
E00005387,C00099,S0001248,2025-06-25 04:40:33,search,Search,,Mobile,Facebook
E00005388,C00099,S0001248,2025-06-25 04:42:53,page_view,Category,,Mobile,Facebook
E00005389,C00099,S0001248,2025-06-25 04:46:17,product_view,Product,P0052,Mobile,Facebook
E00005390,C00099,S0001248,2025-06-25 04:49:55,review_view,Reviews,P0052,Mobile,Facebook
E00005391,C00099,S0001249,2025-10-16 13:53:35,page_view,Home,,Desktop,Bing
E00005392,C00099,S0001249,2025-10-16 13:56:34,search,Search,,Desktop,Bing
E00005393,C00099,S0001249,2025-10-16 13:59:33,page_view,Category,,Desktop,Bing
E00005394,C00099,S0001249,2025-10-16 14:01:59,product_view,Product,P0023,Desktop,Bing
E00005395,C00099,S0001249,2025-10-16 14:05:52,review_view,Reviews,P0023,Desktop,Bing
E00005396,C00099,S0001249,2025-10-16 14:08:16,add_to_cart,Cart,P0023,Desktop,Bing
E00005397,C00099,S0001249,2025-10-16 14:11:29,checkout_start,Checkout,P0009,Desktop,Bing
E00005398,C00099,S0001249,2025-10-16 14:14:53,purchase,Checkout,P0022,Desktop,Bing
E00005399,C00099,S0001250,2026-05-04 07:59:18,page_view,Home,,Mobile,Facebook
E00005400,C00099,S0001250,2026-05-04 08:00:55,search,Search,,Mobile,Facebook
E00005401,C00099,S0001251,2026-01-22 19:31:00,page_view,Home,,Desktop,Instagram
E00005402,C00099,S0001251,2026-01-22 19:33:53,search,Search,,Desktop,Instagram
E00005403,C00099,S0001251,2026-01-22 19:36:09,page_view,Category,,Desktop,Instagram
E00005404,C00099,S0001251,2026-01-22 19:38:27,product_view,Product,P0009,Desktop,Instagram
E00005405,C00099,S0001251,2026-01-22 19:41:13,review_view,Reviews,P0052,Desktop,Instagram
E00005406,C00099,S0001252,2025-08-23 11:49:01,page_view,Home,,Tablet,Affiliate
E00005407,C00099,S0001252,2025-08-23 11:51:38,search,Search,,Tablet,Affiliate
E00005408,C00099,S0001252,2025-08-23 11:53:11,page_view,Category,,Tablet,Affiliate
E00005409,C00099,S0001252,2025-08-23 11:56:53,product_view,Product,P0067,Tablet,Affiliate
E00005410,C00099,S0001252,2025-08-23 11:58:28,review_view,Reviews,P0023,Tablet,Affiliate
E00005411,C00099,S0001252,2025-08-23 11:58:58,add_to_cart,Cart,P0047,Tablet,Affiliate
E00005412,C00099,S0001252,2025-08-23 12:00:39,checkout_start,Checkout,P0047,Tablet,Affiliate
E00005413,C00099,S0001252,2025-08-23 12:01:09,purchase,Checkout,P0067,Tablet,Affiliate
E00005414,C00099,S0001253,2025-10-07 12:35:07,page_view,Home,,Mobile,Google
E00005415,C00099,S0001253,2025-10-07 12:38:16,search,Search,,Mobile,Google
E00005416,C00099,S0001253,2025-10-07 12:41:05,page_view,Category,,Mobile,Google
E00005417,C00099,S0001253,2025-10-07 12:43:20,product_view,Product,P0048,Mobile,Google
E00005418,C00099,S0001253,2025-10-07 12:45:47,review_view,Reviews,P0067,Mobile,Google
E00005419,C00099,S0001254,2025-08-21 03:11:49,page_view,Home,,Desktop,Facebook
E00005420,C00099,S0001254,2025-08-21 03:14:54,search,Search,,Desktop,Facebook
E00005421,C00099,S0001254,2025-08-21 03:18:51,page_view,Category,,Desktop,Facebook
E00005422,C00099,S0001254,2025-08-21 03:19:41,product_view,Product,P0052,Desktop,Facebook
E00005423,C00099,S0001254,2025-08-21 03:21:44,review_view,Reviews,P0051,Desktop,Facebook
E00005424,C00099,S0001254,2025-08-21 03:25:08,add_to_cart,Cart,P0022,Desktop,Facebook
E00005425,C00099,S0001254,2025-08-21 03:28:52,checkout_start,Checkout,P0022,Desktop,Facebook
E00005426,C00099,S0001254,2025-08-21 03:32:24,purchase,Checkout,P0067,Desktop,Facebook
E00005427,C00099,S0001255,2026-01-19 09:23:19,page_view,Home,,Mobile,Email
E00005428,C00099,S0001255,2026-01-19 09:23:47,search,Search,,Mobile,Email
E00005429,C00099,S0001255,2026-01-19 09:27:13,page_view,Category,,Mobile,Email
E00005430,C00099,S0001256,2025-11-12 23:23:24,page_view,Home,,Mobile,Instagram
E00005431,C00099,S0001256,2025-11-12 23:26:07,search,Search,,Mobile,Instagram
E00005432,C00099,S0001256,2025-11-12 23:28:06,page_view,Category,,Mobile,Instagram
E00005433,C00099,S0001256,2025-11-12 23:29:16,product_view,Product,P0009,Mobile,Instagram
E00005434,C00099,S0001257,2025-01-01 20:36:15,page_view,Home,,Mobile,Google
E00005435,C00099,S0001257,2025-01-01 20:39:58,search,Search,,Mobile,Google
E00005436,C00099,S0001257,2025-01-01 20:40:36,page_view,Category,,Mobile,Google
E00005437,C00099,S0001257,2025-01-01 20:42:27,product_view,Product,P0047,Mobile,Google
E00005438,C00099,S0001257,2025-01-01 20:46:11,review_view,Reviews,P0009,Mobile,Google
E00005439,C00099,S0001257,2025-01-01 20:46:42,add_to_cart,Cart,P0051,Mobile,Google
E00005440,C00099,S0001258,2026-06-23 17:19:13,page_view,Home,,Desktop,Google
E00005441,C00099,S0001258,2026-06-23 17:21:37,search,Search,,Desktop,Google
E00005442,C00099,S0001258,2026-06-23 17:22:58,page_view,Category,,Desktop,Google
E00005443,C00099,S0001258,2026-06-23 17:26:22,product_view,Product,P0047,Desktop,Google
E00005444,C00099,S0001258,2026-06-23 17:27:50,review_view,Reviews,P0023,Desktop,Google
E00005445,C00099,S0001258,2026-06-23 17:30:02,add_to_cart,Cart,P0052,Desktop,Google
E00005446,C00099,S0001258,2026-06-23 17:31:57,checkout_start,Checkout,P0009,Desktop,Google
E00005447,C00099,S0001258,2026-06-23 17:34:32,purchase,Checkout,P0048,Desktop,Google
E00005448,C00099,S0001259,2026-01-31 23:52:58,page_view,Home,,Desktop,Email
E00005449,C00099,S0001259,2026-01-31 23:53:16,search,Search,,Desktop,Email
E00005450,C00099,S0001259,2026-01-31 23:54:36,page_view,Category,,Desktop,Email
E00005451,C00099,S0001259,2026-01-31 23:54:48,product_view,Product,P0047,Desktop,Email
E00005452,C00099,S0001259,2026-01-31 23:55:48,review_view,Reviews,P0048,Desktop,Email
E00005453,C00099,S0001260,2026-05-31 00:14:17,page_view,Home,,Desktop,Instagram
E00005454,C00099,S0001261,2025-07-16 13:40:50,page_view,Home,,Mobile,Affiliate
E00005455,C00099,S0001261,2025-07-16 13:41:26,search,Search,,Mobile,Affiliate
E00005456,C00099,S0001261,2025-07-16 13:43:04,page_view,Category,,Mobile,Affiliate
E00005457,C00099,S0001261,2025-07-16 13:44:37,product_view,Product,P0048,Mobile,Affiliate
E00005458,C00099,S0001261,2025-07-16 13:45:56,review_view,Reviews,P0052,Mobile,Affiliate
E00005459,C00099,S0001261,2025-07-16 13:49:51,add_to_cart,Cart,P0009,Mobile,Affiliate
E00005460,C00099,S0001262,2025-10-30 08:57:32,page_view,Home,,Mobile,Instagram
E00005461,C00099,S0001262,2025-10-30 09:01:21,search,Search,,Mobile,Instagram
E00005462,C00099,S0001262,2025-10-30 09:02:39,page_view,Category,,Mobile,Instagram
E00005463,C00099,S0001262,2025-10-30 09:06:00,product_view,Product,P0052,Mobile,Instagram
E00005464,C00099,S0001262,2025-10-30 09:08:52,review_view,Reviews,P0023,Mobile,Instagram
E00005465,C00100,S0001263,2025-08-16 05:00:58,page_view,Home,,Mobile,Affiliate
E00005466,C00100,S0001264,2026-06-17 10:56:10,page_view,Home,,Mobile,Google
E00005467,C00100,S0001264,2026-06-17 10:58:35,search,Search,,Mobile,Google
E00005468,C00100,S0001264,2026-06-17 11:02:15,page_view,Category,,Mobile,Google
E00005469,C00100,S0001264,2026-06-17 11:03:54,product_view,Product,P0033,Mobile,Google
E00005470,C00100,S0001264,2026-06-17 11:05:57,review_view,Reviews,P0065,Mobile,Google
E00005471,C00100,S0001264,2026-06-17 11:08:47,add_to_cart,Cart,P0065,Mobile,Google
E00005472,C00100,S0001264,2026-06-17 11:09:36,checkout_start,Checkout,P0079,Mobile,Google
E00005473,C00100,S0001264,2026-06-17 11:11:54,purchase,Checkout,P0031,Mobile,Google
E00005474,C00100,S0001265,2026-04-21 01:34:32,page_view,Home,,Desktop,Bing
E00005475,C00100,S0001265,2026-04-21 01:37:46,search,Search,,Desktop,Bing
E00005476,C00100,S0001265,2026-04-21 01:41:42,add_to_cart,Cart,P0079,Desktop,Bing
E00005477,C00100,S0001265,2026-04-21 01:45:12,checkout_start,Checkout,P0065,Desktop,Bing
E00005478,C00100,S0001265,2026-04-21 01:48:56,purchase,Checkout,P0065,Desktop,Bing
E00005479,C00100,S0001266,2024-11-04 20:20:50,page_view,Home,,Mobile,Bing
E00005480,C00100,S0001266,2024-11-04 20:22:21,search,Search,,Mobile,Bing
E00005481,C00100,S0001266,2024-11-04 20:24:51,add_to_cart,Cart,P0030,Mobile,Bing
E00005482,C00100,S0001266,2024-11-04 20:25:23,checkout_start,Checkout,P0030,Mobile,Bing
E00005483,C00100,S0001266,2024-11-04 20:27:11,purchase,Checkout,P0030,Mobile,Bing
E00005484,C00100,S0001267,2025-05-27 09:29:56,page_view,Home,,Mobile,Affiliate
E00005485,C00100,S0001267,2025-05-27 09:31:14,search,Search,,Mobile,Affiliate
E00005486,C00100,S0001268,2025-01-16 14:27:31,page_view,Home,,Desktop,Direct
E00005487,C00100,S0001269,2025-08-01 12:30:44,page_view,Home,,Mobile,Facebook
E00005488,C00100,S0001270,2025-12-08 18:25:30,page_view,Home,,Mobile,Google
E00005489,C00100,S0001271,2026-02-18 10:07:27,page_view,Home,,Mobile,Google
E00005490,C00100,S0001271,2026-02-18 10:08:29,search,Search,,Mobile,Google
E00005491,C00100,S0001271,2026-02-18 10:11:31,page_view,Category,,Mobile,Google
E00005492,C00100,S0001272,2024-07-07 15:41:10,page_view,Home,,Mobile,Email
E00005493,C00100,S0001272,2024-07-07 15:44:34,search,Search,,Mobile,Email
E00005494,C00100,S0001272,2024-07-07 15:45:46,page_view,Category,,Mobile,Email
E00005495,C00100,S0001272,2024-07-07 15:48:08,product_view,Product,P0079,Mobile,Email
E00005496,C00100,S0001272,2024-07-07 15:51:02,review_view,Reviews,P0031,Mobile,Email
E00005497,C00100,S0001272,2024-07-07 15:54:01,add_to_cart,Cart,P0045,Mobile,Email
E00005498,C00100,S0001273,2025-07-27 09:57:05,page_view,Home,,Mobile,Bing
E00005499,C00100,S0001273,2025-07-27 10:01:04,search,Search,,Mobile,Bing
E00005500,C00100,S0001273,2025-07-27 10:01:23,page_view,Category,,Mobile,Bing
E00005501,C00100,S0001273,2025-07-27 10:03:36,product_view,Product,P0016,Mobile,Bing
E00005502,C00100,S0001274,2025-04-01 11:53:31,page_view,Home,,Desktop,Affiliate
E00005503,C00100,S0001274,2025-04-01 11:56:24,search,Search,,Desktop,Affiliate
E00005504,C00100,S0001274,2025-04-01 12:00:07,page_view,Category,,Desktop,Affiliate
E00005505,C00100,S0001275,2025-02-03 08:06:59,page_view,Home,,Mobile,Instagram
E00005506,C00100,S0001275,2025-02-03 08:08:35,search,Search,,Mobile,Instagram
E00005507,C00100,S0001275,2025-02-03 08:12:25,page_view,Category,,Mobile,Instagram
E00005508,C00100,S0001275,2025-02-03 08:14:20,product_view,Product,P0079,Mobile,Instagram
E00005509,C00100,S0001275,2025-02-03 08:16:54,review_view,Reviews,P0030,Mobile,Instagram
E00005510,C00100,S0001275,2025-02-03 08:17:40,add_to_cart,Cart,P0065,Mobile,Instagram
E00005511,C00100,S0001276,2024-03-29 21:13:51,page_view,Home,,Desktop,Instagram
E00005512,C00100,S0001276,2024-03-29 21:16:58,search,Search,,Desktop,Instagram
E00005513,C00100,S0001277,2024-11-28 10:54:08,page_view,Home,,Mobile,Instagram
E00005514,C00100,S0001277,2024-11-28 10:54:49,search,Search,,Mobile,Instagram
E00005515,C00100,S0001277,2024-11-28 10:55:12,page_view,Category,,Mobile,Instagram
E00005516,C00100,S0001277,2024-11-28 10:58:11,product_view,Product,P0016,Mobile,Instagram
E00005517,C00100,S0001277,2024-11-28 10:58:49,review_view,Reviews,P0016,Mobile,Instagram
E00005518,C00100,S0001277,2024-11-28 11:00:24,add_to_cart,Cart,P0065,Mobile,Instagram
E00005519,C00100,S0001278,2024-12-10 16:51:11,page_view,Home,,Mobile,Bing
E00005520,C00100,S0001278,2024-12-10 16:54:10,search,Search,,Mobile,Bing
E00005521,C00100,S0001278,2024-12-10 16:54:38,page_view,Category,,Mobile,Bing
E00005522,C00100,S0001278,2024-12-10 16:58:17,product_view,Product,P0065,Mobile,Bing
E00005523,C00100,S0001279,2024-12-20 19:34:25,page_view,Home,,Desktop,Instagram
E00005524,C00100,S0001279,2024-12-20 19:36:01,search,Search,,Desktop,Instagram
E00005525,C00100,S0001279,2024-12-20 19:37:53,page_view,Category,,Desktop,Instagram
E00005526,C00100,S0001279,2024-12-20 19:39:08,product_view,Product,P0016,Desktop,Instagram
E00005527,C00100,S0001279,2024-12-20 19:40:15,add_to_cart,Cart,P0031,Desktop,Instagram
E00005528,C00100,S0001279,2024-12-20 19:41:34,checkout_start,Checkout,P0065,Desktop,Instagram
E00005529,C00100,S0001279,2024-12-20 19:44:51,purchase,Checkout,P0065,Desktop,Instagram
E00005530,C00100,S0001280,2025-08-08 11:17:12,page_view,Home,,Desktop,Bing
E00005531,C00100,S0001281,2024-11-01 22:35:11,page_view,Home,,Desktop,Facebook
E00005532,C00100,S0001281,2024-11-01 22:36:56,search,Search,,Desktop,Facebook
E00005533,C00100,S0001281,2024-11-01 22:38:35,page_view,Category,,Desktop,Facebook
E00005534,C00100,S0001281,2024-11-01 22:41:06,product_view,Product,P0016,Desktop,Facebook
E00005535,C00100,S0001281,2024-11-01 22:44:49,review_view,Reviews,P0079,Desktop,Facebook
E00005536,C00100,S0001281,2024-11-01 22:47:51,add_to_cart,Cart,P0065,Desktop,Facebook
E00005537,C00100,S0001281,2024-11-01 22:50:30,checkout_start,Checkout,P0079,Desktop,Facebook
E00005538,C00100,S0001281,2024-11-01 22:54:14,purchase,Checkout,P0031,Desktop,Facebook
E00005539,C00101,S0001282,2026-05-12 13:11:53,page_view,Home,,Mobile,Direct
E00005540,C00101,S0001282,2026-05-12 13:15:24,search,Search,,Mobile,Direct
E00005541,C00101,S0001282,2026-05-12 13:19:23,page_view,Category,,Mobile,Direct
E00005542,C00101,S0001282,2026-05-12 13:21:48,product_view,Product,P0079,Mobile,Direct
E00005543,C00101,S0001282,2026-05-12 13:23:05,review_view,Reviews,P0065,Mobile,Direct
E00005544,C00101,S0001282,2026-05-12 13:25:58,add_to_cart,Cart,P0016,Mobile,Direct
E00005545,C00101,S0001282,2026-05-12 13:29:26,checkout_start,Checkout,P0030,Mobile,Direct
E00005546,C00101,S0001282,2026-05-12 13:31:21,purchase,Checkout,P0030,Mobile,Direct
E00005547,C00101,S0001283,2026-03-10 07:48:14,page_view,Home,,Tablet,Bing
E00005548,C00101,S0001283,2026-03-10 07:48:24,search,Search,,Tablet,Bing
E00005549,C00101,S0001283,2026-03-10 07:49:50,page_view,Category,,Tablet,Bing
E00005550,C00101,S0001283,2026-03-10 07:50:04,product_view,Product,P0033,Tablet,Bing
E00005551,C00101,S0001283,2026-03-10 07:50:40,review_view,Reviews,P0031,Tablet,Bing
E00005552,C00101,S0001284,2026-04-20 21:38:28,page_view,Home,,Desktop,Bing
E00005553,C00101,S0001284,2026-04-20 21:40:44,search,Search,,Desktop,Bing
E00005554,C00101,S0001284,2026-04-20 21:43:45,page_view,Category,,Desktop,Bing
E00005555,C00101,S0001284,2026-04-20 21:46:26,product_view,Product,P0033,Desktop,Bing
E00005556,C00101,S0001284,2026-04-20 21:49:40,review_view,Reviews,P0079,Desktop,Bing
E00005557,C00101,S0001284,2026-04-20 21:53:16,add_to_cart,Cart,P0079,Desktop,Bing
E00005558,C00101,S0001285,2026-03-11 10:35:41,page_view,Home,,Mobile,Bing
E00005559,C00101,S0001286,2026-05-20 07:53:49,page_view,Home,,Desktop,Instagram
E00005560,C00101,S0001286,2026-05-20 07:54:30,search,Search,,Desktop,Instagram
E00005561,C00101,S0001286,2026-05-20 07:56:38,page_view,Category,,Desktop,Instagram
E00005562,C00101,S0001286,2026-05-20 07:56:54,product_view,Product,P0030,Desktop,Instagram
E00005563,C00101,S0001287,2026-06-12 14:08:32,page_view,Home,,Mobile,Affiliate
E00005564,C00101,S0001287,2026-06-12 14:11:30,add_to_cart,Cart,P0079,Mobile,Affiliate
E00005565,C00101,S0001287,2026-06-12 14:11:50,checkout_start,Checkout,P0079,Mobile,Affiliate
E00005566,C00101,S0001287,2026-06-12 14:12:26,purchase,Checkout,P0033,Mobile,Affiliate
E00005567,C00101,S0001288,2026-01-17 13:59:24,page_view,Home,,Mobile,Direct
E00005568,C00101,S0001288,2026-01-17 14:01:53,search,Search,,Mobile,Direct
E00005569,C00101,S0001288,2026-01-17 14:03:53,page_view,Category,,Mobile,Direct
E00005570,C00101,S0001288,2026-01-17 14:07:02,product_view,Product,P0045,Mobile,Direct
E00005571,C00102,S0001289,2025-05-23 19:16:26,page_view,Home,,Mobile,Affiliate
E00005572,C00102,S0001289,2025-05-23 19:17:04,search,Search,,Mobile,Affiliate
E00005573,C00102,S0001289,2025-05-23 19:20:25,page_view,Category,,Mobile,Affiliate
E00005574,C00102,S0001290,2025-11-30 21:05:58,page_view,Home,,Mobile,Email
E00005575,C00102,S0001290,2025-11-30 21:07:56,search,Search,,Mobile,Email
E00005576,C00102,S0001290,2025-11-30 21:09:59,page_view,Category,,Mobile,Email
E00005577,C00102,S0001290,2025-11-30 21:11:51,product_view,Product,P0034,Mobile,Email
E00005578,C00102,S0001290,2025-11-30 21:13:31,review_view,Reviews,P0034,Mobile,Email
E00005579,C00102,S0001290,2025-11-30 21:17:03,add_to_cart,Cart,P0042,Mobile,Email
E00005580,C00102,S0001291,2026-04-04 08:47:19,page_view,Home,,Mobile,Facebook
E00005581,C00102,S0001291,2026-04-04 08:49:13,search,Search,,Mobile,Facebook
E00005582,C00102,S0001291,2026-04-04 08:49:34,page_view,Category,,Mobile,Facebook
E00005583,C00102,S0001292,2026-04-06 02:09:44,page_view,Home,,Mobile,Bing
E00005584,C00102,S0001292,2026-04-06 02:10:15,search,Search,,Mobile,Bing
E00005585,C00102,S0001292,2026-04-06 02:11:19,page_view,Category,,Mobile,Bing
E00005586,C00102,S0001292,2026-04-06 02:12:28,product_view,Product,P0040,Mobile,Bing
E00005587,C00102,S0001292,2026-04-06 02:16:07,add_to_cart,Cart,P0015,Mobile,Bing
E00005588,C00102,S0001292,2026-04-06 02:19:29,checkout_start,Checkout,P0034,Mobile,Bing
E00005589,C00102,S0001292,2026-04-06 02:22:15,purchase,Checkout,P0004,Mobile,Bing
E00005590,C00102,S0001293,2025-02-06 09:55:17,page_view,Home,,Desktop,Bing
E00005591,C00102,S0001293,2025-02-06 09:57:33,search,Search,,Desktop,Bing
E00005592,C00102,S0001294,2025-10-05 22:23:51,page_view,Home,,Desktop,Google
E00005593,C00102,S0001294,2025-10-05 22:26:03,search,Search,,Desktop,Google
E00005594,C00102,S0001295,2026-06-26 15:05:47,page_view,Home,,Mobile,Affiliate
E00005595,C00102,S0001295,2026-06-26 15:08:10,search,Search,,Mobile,Affiliate
E00005596,C00102,S0001295,2026-06-26 15:08:25,page_view,Category,,Mobile,Affiliate
E00005597,C00102,S0001295,2026-06-26 15:09:25,product_view,Product,P0004,Mobile,Affiliate
E00005598,C00102,S0001296,2025-01-13 16:38:46,page_view,Home,,Mobile,Affiliate
E00005599,C00102,S0001296,2025-01-13 16:42:31,search,Search,,Mobile,Affiliate
E00005600,C00102,S0001296,2025-01-13 16:44:14,page_view,Category,,Mobile,Affiliate
E00005601,C00102,S0001296,2025-01-13 16:46:47,product_view,Product,P0025,Mobile,Affiliate
E00005602,C00102,S0001296,2025-01-13 16:48:36,review_view,Reviews,P0004,Mobile,Affiliate
E00005603,C00102,S0001297,2026-05-01 06:22:16,page_view,Home,,Desktop,Affiliate
E00005604,C00102,S0001297,2026-05-01 06:23:26,search,Search,,Desktop,Affiliate
E00005605,C00102,S0001297,2026-05-01 06:27:25,page_view,Category,,Desktop,Affiliate
E00005606,C00102,S0001297,2026-05-01 06:30:41,product_view,Product,P0064,Desktop,Affiliate
E00005607,C00102,S0001297,2026-05-01 06:34:18,review_view,Reviews,P0037,Desktop,Affiliate
E00005608,C00102,S0001297,2026-05-01 06:37:29,add_to_cart,Cart,P0015,Desktop,Affiliate
E00005609,C00102,S0001298,2025-04-15 18:27:14,page_view,Home,,Mobile,Facebook
E00005610,C00102,S0001298,2025-04-15 18:27:46,search,Search,,Mobile,Facebook
E00005611,C00102,S0001298,2025-04-15 18:31:23,page_view,Category,,Mobile,Facebook
E00005612,C00102,S0001298,2025-04-15 18:32:05,product_view,Product,P0025,Mobile,Facebook
E00005613,C00102,S0001298,2025-04-15 18:33:05,review_view,Reviews,P0025,Mobile,Facebook
E00005614,C00102,S0001298,2025-04-15 18:33:34,add_to_cart,Cart,P0037,Mobile,Facebook
E00005615,C00102,S0001299,2025-05-11 11:46:39,page_view,Home,,Mobile,Direct
E00005616,C00102,S0001299,2025-05-11 11:48:54,search,Search,,Mobile,Direct
E00005617,C00102,S0001299,2025-05-11 11:52:26,page_view,Category,,Mobile,Direct
E00005618,C00102,S0001299,2025-05-11 11:55:20,product_view,Product,P0076,Mobile,Direct
E00005619,C00102,S0001299,2025-05-11 11:57:55,review_view,Reviews,P0025,Mobile,Direct
E00005620,C00102,S0001299,2025-05-11 12:01:40,add_to_cart,Cart,P0040,Mobile,Direct
E00005621,C00102,S0001300,2025-10-01 14:24:14,page_view,Home,,Mobile,Bing
E00005622,C00102,S0001300,2025-10-01 14:27:05,search,Search,,Mobile,Bing
E00005623,C00102,S0001300,2025-10-01 14:28:24,page_view,Category,,Mobile,Bing
E00005624,C00102,S0001300,2025-10-01 14:30:10,product_view,Product,P0040,Mobile,Bing
E00005625,C00102,S0001300,2025-10-01 14:33:19,review_view,Reviews,P0034,Mobile,Bing
E00005626,C00102,S0001300,2025-10-01 14:34:15,add_to_cart,Cart,P0040,Mobile,Bing
E00005627,C00102,S0001301,2025-10-12 10:15:28,page_view,Home,,Mobile,Email
E00005628,C00102,S0001301,2025-10-12 10:18:34,search,Search,,Mobile,Email
E00005629,C00102,S0001301,2025-10-12 10:21:00,page_view,Category,,Mobile,Email
E00005630,C00102,S0001301,2025-10-12 10:24:00,add_to_cart,Cart,P0040,Mobile,Email
E00005631,C00102,S0001301,2025-10-12 10:24:31,checkout_start,Checkout,P0034,Mobile,Email
E00005632,C00102,S0001301,2025-10-12 10:26:18,purchase,Checkout,P0064,Mobile,Email
E00005633,C00102,S0001302,2025-06-02 18:39:16,page_view,Home,,Mobile,Google
E00005634,C00102,S0001302,2025-06-02 18:42:57,search,Search,,Mobile,Google
E00005635,C00102,S0001302,2025-06-02 18:45:52,page_view,Category,,Mobile,Google
E00005636,C00102,S0001302,2025-06-02 18:48:46,product_view,Product,P0076,Mobile,Google
E00005637,C00102,S0001302,2025-06-02 18:49:21,review_view,Reviews,P0034,Mobile,Google
E00005638,C00102,S0001302,2025-06-02 18:51:24,add_to_cart,Cart,P0042,Mobile,Google
E00005639,C00102,S0001303,2026-05-01 10:59:37,page_view,Home,,Desktop,Email
E00005640,C00102,S0001303,2026-05-01 11:00:07,search,Search,,Desktop,Email
E00005641,C00102,S0001303,2026-05-01 11:01:23,page_view,Category,,Desktop,Email
E00005642,C00102,S0001303,2026-05-01 11:03:10,product_view,Product,P0025,Desktop,Email
E00005643,C00102,S0001303,2026-05-01 11:04:02,review_view,Reviews,P0004,Desktop,Email
E00005644,C00102,S0001303,2026-05-01 11:04:31,add_to_cart,Cart,P0037,Desktop,Email
E00005645,C00103,S0001304,2025-05-10 11:49:03,page_view,Home,,Mobile,Google
E00005646,C00103,S0001304,2025-05-10 11:49:56,search,Search,,Mobile,Google
E00005647,C00103,S0001304,2025-05-10 11:52:24,add_to_cart,Cart,P0028,Mobile,Google
E00005648,C00103,S0001304,2025-05-10 11:54:13,checkout_start,Checkout,P0012,Mobile,Google
E00005649,C00103,S0001304,2025-05-10 11:55:13,purchase,Checkout,P0012,Mobile,Google
E00005650,C00103,S0001305,2026-02-06 17:32:36,page_view,Home,,Mobile,Instagram
E00005651,C00103,S0001305,2026-02-06 17:35:53,search,Search,,Mobile,Instagram
E00005652,C00103,S0001305,2026-02-06 17:38:29,page_view,Category,,Mobile,Instagram
E00005653,C00103,S0001305,2026-02-06 17:38:41,product_view,Product,P0041,Mobile,Instagram
E00005654,C00103,S0001305,2026-02-06 17:41:40,review_view,Reviews,P0066,Mobile,Instagram
E00005655,C00103,S0001305,2026-02-06 17:43:53,add_to_cart,Cart,P0041,Mobile,Instagram
E00005656,C00103,S0001306,2024-12-24 19:48:57,page_view,Home,,Mobile,Facebook
E00005657,C00103,S0001306,2024-12-24 19:49:07,search,Search,,Mobile,Facebook
E00005658,C00103,S0001307,2026-01-11 15:20:47,page_view,Home,,Mobile,Instagram
E00005659,C00103,S0001307,2026-01-11 15:21:21,search,Search,,Mobile,Instagram
E00005660,C00103,S0001307,2026-01-11 15:23:38,page_view,Category,,Mobile,Instagram
E00005661,C00103,S0001307,2026-01-11 15:24:25,product_view,Product,P0012,Mobile,Instagram
E00005662,C00103,S0001307,2026-01-11 15:25:47,review_view,Reviews,P0060,Mobile,Instagram
E00005663,C00103,S0001308,2026-02-22 18:49:21,page_view,Home,,Mobile,Facebook
E00005664,C00103,S0001308,2026-02-22 18:52:59,search,Search,,Mobile,Facebook
E00005665,C00103,S0001308,2026-02-22 18:55:36,page_view,Category,,Mobile,Facebook
E00005666,C00103,S0001308,2026-02-22 18:56:42,add_to_cart,Cart,P0012,Mobile,Facebook
E00005667,C00103,S0001308,2026-02-22 18:57:49,checkout_start,Checkout,P0074,Mobile,Facebook
E00005668,C00103,S0001308,2026-02-22 19:01:30,purchase,Checkout,P0066,Mobile,Facebook
E00005669,C00103,S0001309,2025-02-16 14:08:27,page_view,Home,,Desktop,Bing
E00005670,C00103,S0001309,2025-02-16 14:10:26,search,Search,,Desktop,Bing
E00005671,C00103,S0001309,2025-02-16 14:12:35,page_view,Category,,Desktop,Bing
E00005672,C00103,S0001309,2025-02-16 14:14:01,product_view,Product,P0014,Desktop,Bing
E00005673,C00103,S0001309,2025-02-16 14:16:41,review_view,Reviews,P0062,Desktop,Bing
E00005674,C00103,S0001309,2025-02-16 14:17:12,add_to_cart,Cart,P0041,Desktop,Bing
E00005675,C00103,S0001310,2024-10-11 11:45:38,page_view,Home,,Mobile,Affiliate
E00005676,C00103,S0001310,2024-10-11 11:47:27,search,Search,,Mobile,Affiliate
E00005677,C00103,S0001310,2024-10-11 11:50:57,page_view,Category,,Mobile,Affiliate
E00005678,C00103,S0001310,2024-10-11 11:52:11,product_view,Product,P0071,Mobile,Affiliate
E00005679,C00103,S0001310,2024-10-11 11:55:45,review_view,Reviews,P0062,Mobile,Affiliate
E00005680,C00103,S0001311,2024-10-07 20:34:43,page_view,Home,,Desktop,Google
E00005681,C00103,S0001311,2024-10-07 20:35:26,search,Search,,Desktop,Google
E00005682,C00103,S0001311,2024-10-07 20:37:02,page_view,Category,,Desktop,Google
E00005683,C00103,S0001311,2024-10-07 20:40:40,product_view,Product,P0066,Desktop,Google
E00005684,C00103,S0001311,2024-10-07 20:41:19,review_view,Reviews,P0068,Desktop,Google
E00005685,C00103,S0001312,2026-05-07 16:26:09,page_view,Home,,Mobile,Email
E00005686,C00103,S0001312,2026-05-07 16:28:42,search,Search,,Mobile,Email
E00005687,C00103,S0001312,2026-05-07 16:31:18,page_view,Category,,Mobile,Email
E00005688,C00103,S0001312,2026-05-07 16:31:53,product_view,Product,P0028,Mobile,Email
E00005689,C00103,S0001312,2026-05-07 16:33:44,review_view,Reviews,P0060,Mobile,Email
E00005690,C00103,S0001312,2026-05-07 16:34:30,add_to_cart,Cart,P0062,Mobile,Email
E00005691,C00103,S0001312,2026-05-07 16:36:20,checkout_start,Checkout,P0057,Mobile,Email
E00005692,C00103,S0001312,2026-05-07 16:36:32,purchase,Checkout,P0057,Mobile,Email
E00005693,C00103,S0001313,2025-06-14 06:23:50,page_view,Home,,Mobile,Facebook
E00005694,C00104,S0001314,2026-04-10 05:02:49,page_view,Home,,Mobile,Email
E00005695,C00104,S0001314,2026-04-10 05:03:34,search,Search,,Mobile,Email
E00005696,C00104,S0001314,2026-04-10 05:04:28,page_view,Category,,Mobile,Email
E00005697,C00104,S0001314,2026-04-10 05:05:06,product_view,Product,P0041,Mobile,Email
E00005698,C00104,S0001314,2026-04-10 05:07:42,review_view,Reviews,P0068,Mobile,Email
E00005699,C00104,S0001314,2026-04-10 05:11:05,add_to_cart,Cart,P0012,Mobile,Email
E00005700,C00104,S0001315,2026-06-27 18:38:03,page_view,Home,,Mobile,Google
E00005701,C00104,S0001315,2026-06-27 18:41:48,search,Search,,Mobile,Google
E00005702,C00104,S0001315,2026-06-27 18:44:32,page_view,Category,,Mobile,Google
E00005703,C00104,S0001315,2026-06-27 18:45:41,product_view,Product,P0028,Mobile,Google
E00005704,C00104,S0001316,2026-03-26 19:54:49,page_view,Home,,Mobile,Affiliate
E00005705,C00104,S0001316,2026-03-26 19:57:38,search,Search,,Mobile,Affiliate
E00005706,C00104,S0001317,2025-10-31 00:13:05,page_view,Home,,Desktop,Bing
E00005707,C00104,S0001317,2025-10-31 00:13:36,search,Search,,Desktop,Bing
E00005708,C00104,S0001317,2025-10-31 00:15:48,page_view,Category,,Desktop,Bing
E00005709,C00104,S0001317,2025-10-31 00:17:17,product_view,Product,P0035,Desktop,Bing
E00005710,C00104,S0001318,2026-01-26 13:44:40,page_view,Home,,Desktop,Direct
E00005711,C00104,S0001318,2026-01-26 13:48:34,search,Search,,Desktop,Direct
E00005712,C00104,S0001318,2026-01-26 13:49:25,page_view,Category,,Desktop,Direct
E00005713,C00104,S0001318,2026-01-26 13:52:43,product_view,Product,P0014,Desktop,Direct
E00005714,C00104,S0001319,2026-02-21 01:44:03,page_view,Home,,Mobile,Facebook
E00005715,C00104,S0001319,2026-02-21 01:45:01,search,Search,,Mobile,Facebook
E00005716,C00104,S0001319,2026-02-21 01:45:33,page_view,Category,,Mobile,Facebook
E00005717,C00104,S0001319,2026-02-21 01:48:09,product_view,Product,P0035,Mobile,Facebook
E00005718,C00104,S0001319,2026-02-21 01:49:53,review_view,Reviews,P0060,Mobile,Facebook
E00005719,C00104,S0001319,2026-02-21 01:52:45,add_to_cart,Cart,P0062,Mobile,Facebook
E00005720,C00104,S0001320,2026-05-23 20:40:51,page_view,Home,,Mobile,Email
E00005721,C00104,S0001320,2026-05-23 20:43:35,search,Search,,Mobile,Email
E00005722,C00104,S0001320,2026-05-23 20:45:41,page_view,Category,,Mobile,Email
E00005723,C00104,S0001320,2026-05-23 20:46:16,product_view,Product,P0057,Mobile,Email
E00005724,C00104,S0001321,2026-05-29 02:59:50,page_view,Home,,Mobile,Bing
E00005725,C00104,S0001321,2026-05-29 03:02:08,search,Search,,Mobile,Bing
E00005726,C00104,S0001321,2026-05-29 03:04:13,page_view,Category,,Mobile,Bing
E00005727,C00104,S0001321,2026-05-29 03:04:37,product_view,Product,P0074,Mobile,Bing
E00005728,C00104,S0001321,2026-05-29 03:07:13,review_view,Reviews,P0029,Mobile,Bing
E00005729,C00104,S0001321,2026-05-29 03:07:41,add_to_cart,Cart,P0017,Mobile,Bing
E00005730,C00104,S0001322,2026-01-26 13:58:04,page_view,Home,,Mobile,Facebook
E00005731,C00104,S0001322,2026-01-26 13:59:13,add_to_cart,Cart,P0071,Mobile,Facebook
E00005732,C00104,S0001322,2026-01-26 14:02:05,checkout_start,Checkout,P0066,Mobile,Facebook
E00005733,C00104,S0001322,2026-01-26 14:04:37,purchase,Checkout,P0062,Mobile,Facebook
E00005734,C00104,S0001323,2026-03-02 07:38:44,page_view,Home,,Mobile,Email
E00005735,C00104,S0001323,2026-03-02 07:40:50,search,Search,,Mobile,Email
E00005736,C00104,S0001324,2026-04-13 16:41:15,page_view,Home,,Desktop,Direct
E00005737,C00104,S0001324,2026-04-13 16:42:36,search,Search,,Desktop,Direct
E00005738,C00104,S0001324,2026-04-13 16:43:43,page_view,Category,,Desktop,Direct
E00005739,C00104,S0001324,2026-04-13 16:45:12,product_view,Product,P0035,Desktop,Direct
E00005740,C00104,S0001325,2026-05-09 23:09:23,page_view,Home,,Mobile,Email
E00005741,C00104,S0001325,2026-05-09 23:12:47,search,Search,,Mobile,Email
E00005742,C00104,S0001325,2026-05-09 23:13:57,page_view,Category,,Mobile,Email
E00005743,C00104,S0001325,2026-05-09 23:14:18,product_view,Product,P0028,Mobile,Email
E00005744,C00104,S0001325,2026-05-09 23:15:25,review_view,Reviews,P0017,Mobile,Email
E00005745,C00105,S0001326,2026-05-03 16:29:30,page_view,Home,,Mobile,Bing
E00005746,C00105,S0001326,2026-05-03 16:31:07,search,Search,,Mobile,Bing
E00005747,C00105,S0001326,2026-05-03 16:31:46,page_view,Category,,Mobile,Bing
E00005748,C00105,S0001327,2026-06-04 00:03:22,page_view,Home,,Mobile,Direct
E00005749,C00105,S0001327,2026-06-04 00:04:49,search,Search,,Mobile,Direct
E00005750,C00105,S0001327,2026-06-04 00:07:58,page_view,Category,,Mobile,Direct
E00005751,C00105,S0001328,2025-06-20 07:54:46,page_view,Home,,Tablet,Instagram
E00005752,C00105,S0001328,2025-06-20 07:58:35,search,Search,,Tablet,Instagram
E00005753,C00105,S0001328,2025-06-20 08:00:12,page_view,Category,,Tablet,Instagram
E00005754,C00105,S0001328,2025-06-20 08:03:58,product_view,Product,P0044,Tablet,Instagram
E00005755,C00105,S0001328,2025-06-20 08:04:49,review_view,Reviews,P0056,Tablet,Instagram
E00005756,C00105,S0001328,2025-06-20 08:05:12,add_to_cart,Cart,P0056,Tablet,Instagram
E00005757,C00105,S0001329,2025-11-26 21:18:38,page_view,Home,,Mobile,Bing
E00005758,C00105,S0001329,2025-11-26 21:20:50,search,Search,,Mobile,Bing
E00005759,C00105,S0001329,2025-11-26 21:22:45,page_view,Category,,Mobile,Bing
E00005760,C00105,S0001329,2025-11-26 21:26:27,product_view,Product,P0024,Mobile,Bing
E00005761,C00105,S0001329,2025-11-26 21:27:03,review_view,Reviews,P0024,Mobile,Bing
E00005762,C00105,S0001329,2025-11-26 21:27:26,add_to_cart,Cart,P0056,Mobile,Bing
E00005763,C00105,S0001330,2025-11-07 17:15:52,page_view,Home,,Mobile,Affiliate
E00005764,C00105,S0001330,2025-11-07 17:17:31,search,Search,,Mobile,Affiliate
E00005765,C00105,S0001330,2025-11-07 17:19:28,page_view,Category,,Mobile,Affiliate
E00005766,C00105,S0001331,2025-03-12 16:49:37,page_view,Home,,Mobile,Google
E00005767,C00105,S0001332,2026-02-25 20:59:54,page_view,Home,,Mobile,Affiliate
E00005768,C00105,S0001332,2026-02-25 21:03:18,search,Search,,Mobile,Affiliate
E00005769,C00105,S0001333,2024-10-22 21:09:22,page_view,Home,,Tablet,Instagram
E00005770,C00105,S0001334,2025-03-20 15:13:20,page_view,Home,,Desktop,Affiliate
E00005771,C00105,S0001335,2024-09-30 23:41:44,page_view,Home,,Mobile,Google
E00005772,C00105,S0001335,2024-09-30 23:45:14,search,Search,,Mobile,Google
E00005773,C00105,S0001335,2024-09-30 23:47:44,page_view,Category,,Mobile,Google
E00005774,C00105,S0001335,2024-09-30 23:49:55,product_view,Product,P0024,Mobile,Google
E00005775,C00105,S0001335,2024-09-30 23:52:44,review_view,Reviews,P0056,Mobile,Google
E00005776,C00106,S0001336,2026-06-08 16:06:07,page_view,Home,,Mobile,Direct
E00005777,C00106,S0001336,2026-06-08 16:09:04,search,Search,,Mobile,Direct
E00005778,C00106,S0001336,2026-06-08 16:10:06,page_view,Category,,Mobile,Direct
E00005779,C00106,S0001336,2026-06-08 16:12:41,product_view,Product,P0061,Mobile,Direct
E00005780,C00106,S0001336,2026-06-08 16:16:39,review_view,Reviews,P0056,Mobile,Direct
E00005781,C00106,S0001336,2026-06-08 16:17:25,add_to_cart,Cart,P0056,Mobile,Direct
E00005782,C00106,S0001337,2025-12-21 18:07:46,page_view,Home,,Desktop,Email
E00005783,C00106,S0001337,2025-12-21 18:08:13,search,Search,,Desktop,Email
E00005784,C00106,S0001337,2025-12-21 18:11:14,page_view,Category,,Desktop,Email
E00005785,C00106,S0001337,2025-12-21 18:14:45,product_view,Product,P0024,Desktop,Email
E00005786,C00106,S0001338,2025-11-08 15:59:05,page_view,Home,,Mobile,Facebook
E00005787,C00106,S0001338,2025-11-08 16:01:02,search,Search,,Mobile,Facebook
E00005788,C00106,S0001338,2025-11-08 16:01:56,page_view,Category,,Mobile,Facebook
E00005789,C00106,S0001338,2025-11-08 16:02:53,product_view,Product,P0077,Mobile,Facebook
E00005790,C00106,S0001338,2025-11-08 16:06:26,review_view,Reviews,P0024,Mobile,Facebook
E00005791,C00106,S0001339,2026-02-06 19:39:42,page_view,Home,,Mobile,Google
E00005792,C00106,S0001339,2026-02-06 19:40:51,search,Search,,Mobile,Google
E00005793,C00106,S0001339,2026-02-06 19:41:50,page_view,Category,,Mobile,Google
E00005794,C00106,S0001339,2026-02-06 19:44:55,product_view,Product,P0027,Mobile,Google
E00005795,C00106,S0001339,2026-02-06 19:45:18,review_view,Reviews,P0027,Mobile,Google
E00005796,C00106,S0001339,2026-02-06 19:46:23,add_to_cart,Cart,P0061,Mobile,Google
E00005797,C00106,S0001340,2026-03-24 08:25:09,page_view,Home,,Desktop,Email
E00005798,C00106,S0001340,2026-03-24 08:29:06,search,Search,,Desktop,Email
E00005799,C00106,S0001341,2025-11-01 13:45:35,page_view,Home,,Desktop,Affiliate
E00005800,C00106,S0001341,2025-11-01 13:47:27,search,Search,,Desktop,Affiliate
E00005801,C00106,S0001341,2025-11-01 13:50:13,page_view,Category,,Desktop,Affiliate
E00005802,C00106,S0001341,2025-11-01 13:51:51,product_view,Product,P0077,Desktop,Affiliate
E00005803,C00106,S0001342,2025-11-27 06:57:24,page_view,Home,,Mobile,Email
E00005804,C00106,S0001342,2025-11-27 07:00:07,search,Search,,Mobile,Email
E00005805,C00106,S0001342,2025-11-27 07:01:35,page_view,Category,,Mobile,Email
E00005806,C00106,S0001343,2025-11-17 04:58:34,page_view,Home,,Desktop,Direct
E00005807,C00106,S0001343,2025-11-17 05:02:05,search,Search,,Desktop,Direct
E00005808,C00106,S0001343,2025-11-17 05:03:52,page_view,Category,,Desktop,Direct
E00005809,C00106,S0001343,2025-11-17 05:07:42,product_view,Product,P0044,Desktop,Direct
E00005810,C00106,S0001344,2025-12-28 19:23:36,page_view,Home,,Mobile,Instagram
E00005811,C00106,S0001344,2025-12-28 19:25:13,search,Search,,Mobile,Instagram
E00005812,C00106,S0001344,2025-12-28 19:26:25,page_view,Category,,Mobile,Instagram
E00005813,C00106,S0001344,2025-12-28 19:27:02,product_view,Product,P0024,Mobile,Instagram
E00005814,C00106,S0001344,2025-12-28 19:29:40,review_view,Reviews,P0077,Mobile,Instagram
E00005815,C00106,S0001344,2025-12-28 19:33:02,add_to_cart,Cart,P0061,Mobile,Instagram
E00005816,C00106,S0001345,2026-05-13 00:23:50,page_view,Home,,Tablet,Google
E00005817,C00106,S0001345,2026-05-13 00:27:25,search,Search,,Tablet,Google
E00005818,C00106,S0001346,2025-10-26 11:48:28,page_view,Home,,Desktop,Bing
E00005819,C00106,S0001346,2025-10-26 11:50:11,search,Search,,Desktop,Bing
E00005820,C00106,S0001347,2026-01-18 01:07:39,page_view,Home,,Tablet,Facebook
E00005821,C00106,S0001347,2026-01-18 01:10:32,search,Search,,Tablet,Facebook
E00005822,C00106,S0001347,2026-01-18 01:12:36,page_view,Category,,Tablet,Facebook
E00005823,C00106,S0001347,2026-01-18 01:15:05,product_view,Product,P0056,Tablet,Facebook
E00005824,C00106,S0001348,2025-11-01 06:34:49,page_view,Home,,Tablet,Google
E00005825,C00106,S0001349,2025-12-27 02:47:24,page_view,Home,,Desktop,Facebook
E00005826,C00106,S0001349,2025-12-27 02:48:57,search,Search,,Desktop,Facebook
E00005827,C00106,S0001349,2025-12-27 02:51:30,page_view,Category,,Desktop,Facebook
E00005828,C00106,S0001349,2025-12-27 02:53:22,product_view,Product,P0056,Desktop,Facebook
E00005829,C00106,S0001349,2025-12-27 02:54:25,review_view,Reviews,P0061,Desktop,Facebook
E00005830,C00106,S0001349,2025-12-27 02:57:53,add_to_cart,Cart,P0061,Desktop,Facebook
E00005831,C00106,S0001349,2025-12-27 03:00:52,checkout_start,Checkout,P0027,Desktop,Facebook
E00005832,C00106,S0001349,2025-12-27 03:03:20,purchase,Checkout,P0056,Desktop,Facebook
E00005833,C00106,S0001350,2026-03-18 19:06:46,page_view,Home,,Desktop,Instagram
E00005834,C00106,S0001350,2026-03-18 19:10:27,search,Search,,Desktop,Instagram
E00005835,C00106,S0001350,2026-03-18 19:14:01,page_view,Category,,Desktop,Instagram
E00005836,C00106,S0001350,2026-03-18 19:17:10,product_view,Product,P0024,Desktop,Instagram
E00005837,C00106,S0001350,2026-03-18 19:18:24,review_view,Reviews,P0027,Desktop,Instagram
E00005838,C00106,S0001351,2026-05-19 11:17:12,page_view,Home,,Mobile,Email
E00005839,C00106,S0001351,2026-05-19 11:19:23,search,Search,,Mobile,Email
E00005840,C00106,S0001351,2026-05-19 11:22:23,page_view,Category,,Mobile,Email
E00005841,C00106,S0001351,2026-05-19 11:25:00,product_view,Product,P0056,Mobile,Email
E00005842,C00106,S0001352,2026-01-12 10:58:44,page_view,Home,,Mobile,Google
E00005843,C00106,S0001352,2026-01-12 11:01:16,add_to_cart,Cart,P0061,Mobile,Google
E00005844,C00106,S0001352,2026-01-12 11:01:27,checkout_start,Checkout,P0056,Mobile,Google
E00005845,C00106,S0001352,2026-01-12 11:01:38,purchase,Checkout,P0024,Mobile,Google
E00005846,C00107,S0001353,2025-07-05 19:12:11,page_view,Home,,Mobile,Direct
E00005847,C00107,S0001353,2025-07-05 19:15:15,search,Search,,Mobile,Direct
E00005848,C00107,S0001353,2025-07-05 19:16:05,page_view,Category,,Mobile,Direct
E00005849,C00107,S0001353,2025-07-05 19:19:22,product_view,Product,P0075,Mobile,Direct
E00005850,C00107,S0001354,2026-04-25 00:09:14,page_view,Home,,Mobile,Bing
E00005851,C00107,S0001355,2025-05-09 14:33:20,page_view,Home,,Mobile,Email
E00005852,C00107,S0001355,2025-05-09 14:33:47,search,Search,,Mobile,Email
E00005853,C00107,S0001356,2025-05-03 09:51:05,page_view,Home,,Mobile,Affiliate
E00005854,C00107,S0001356,2025-05-03 09:51:19,search,Search,,Mobile,Affiliate
E00005855,C00107,S0001356,2025-05-03 09:54:48,page_view,Category,,Mobile,Affiliate
E00005856,C00107,S0001356,2025-05-03 09:55:23,product_view,Product,P0043,Mobile,Affiliate
E00005857,C00107,S0001357,2025-07-01 14:50:03,page_view,Home,,Mobile,Google
E00005858,C00107,S0001357,2025-07-01 14:50:26,search,Search,,Mobile,Google
E00005859,C00107,S0001357,2025-07-01 14:51:34,page_view,Category,,Mobile,Google
E00005860,C00107,S0001357,2025-07-01 14:55:26,product_view,Product,P0046,Mobile,Google
E00005861,C00107,S0001357,2025-07-01 14:55:50,review_view,Reviews,P0055,Mobile,Google
E00005862,C00107,S0001358,2026-01-03 12:27:22,page_view,Home,,Desktop,Google
E00005863,C00107,S0001358,2026-01-03 12:27:35,search,Search,,Desktop,Google
E00005864,C00107,S0001358,2026-01-03 12:30:11,page_view,Category,,Desktop,Google
E00005865,C00107,S0001359,2025-10-12 18:30:08,page_view,Home,,Mobile,Facebook
E00005866,C00107,S0001359,2025-10-12 18:31:59,search,Search,,Mobile,Facebook
E00005867,C00107,S0001359,2025-10-12 18:34:25,page_view,Category,,Mobile,Facebook
E00005868,C00107,S0001359,2025-10-12 18:37:36,product_view,Product,P0075,Mobile,Facebook
E00005869,C00107,S0001359,2025-10-12 18:37:48,review_view,Reviews,P0046,Mobile,Facebook
E00005870,C00107,S0001359,2025-10-12 18:38:10,add_to_cart,Cart,P0018,Mobile,Facebook
E00005871,C00107,S0001359,2025-10-12 18:42:01,checkout_start,Checkout,P0039,Mobile,Facebook
E00005872,C00107,S0001359,2025-10-12 18:43:36,purchase,Checkout,P0055,Mobile,Facebook
E00005873,C00107,S0001360,2026-02-03 05:38:22,page_view,Home,,Mobile,Affiliate
E00005874,C00107,S0001360,2026-02-03 05:40:48,search,Search,,Mobile,Affiliate
E00005875,C00108,S0001361,2025-04-11 18:14:20,page_view,Home,,Mobile,Direct
E00005876,C00108,S0001361,2025-04-11 18:14:41,search,Search,,Mobile,Direct
E00005877,C00108,S0001361,2025-04-11 18:17:55,page_view,Category,,Mobile,Direct
E00005878,C00108,S0001361,2025-04-11 18:18:32,product_view,Product,P0042,Mobile,Direct
E00005879,C00108,S0001361,2025-04-11 18:20:49,review_view,Reviews,P0064,Mobile,Direct
E00005880,C00108,S0001362,2026-03-12 04:49:13,page_view,Home,,Mobile,Google
E00005881,C00108,S0001362,2026-03-12 04:49:53,add_to_cart,Cart,P0076,Mobile,Google
E00005882,C00108,S0001362,2026-03-12 04:50:42,checkout_start,Checkout,P0076,Mobile,Google
E00005883,C00108,S0001362,2026-03-12 04:53:57,purchase,Checkout,P0040,Mobile,Google
E00005884,C00108,S0001363,2024-09-02 08:40:41,page_view,Home,,Mobile,Email
E00005885,C00108,S0001363,2024-09-02 08:44:23,search,Search,,Mobile,Email
E00005886,C00108,S0001363,2024-09-02 08:45:41,add_to_cart,Cart,P0034,Mobile,Email
E00005887,C00108,S0001363,2024-09-02 08:49:04,checkout_start,Checkout,P0064,Mobile,Email
E00005888,C00108,S0001363,2024-09-02 08:51:43,purchase,Checkout,P0040,Mobile,Email
E00005889,C00108,S0001364,2025-09-25 05:54:36,page_view,Home,,Mobile,Affiliate
E00005890,C00108,S0001364,2025-09-25 05:56:08,search,Search,,Mobile,Affiliate
E00005891,C00108,S0001364,2025-09-25 05:59:45,page_view,Category,,Mobile,Affiliate
E00005892,C00108,S0001364,2025-09-25 06:00:26,product_view,Product,P0015,Mobile,Affiliate
E00005893,C00108,S0001364,2025-09-25 06:02:25,review_view,Reviews,P0034,Mobile,Affiliate
E00005894,C00108,S0001364,2025-09-25 06:06:00,add_to_cart,Cart,P0064,Mobile,Affiliate
E00005895,C00108,S0001364,2025-09-25 06:06:31,checkout_start,Checkout,P0037,Mobile,Affiliate
E00005896,C00108,S0001364,2025-09-25 06:09:14,purchase,Checkout,P0025,Mobile,Affiliate
E00005897,C00108,S0001365,2024-05-15 17:00:02,page_view,Home,,Mobile,Email
E00005898,C00108,S0001365,2024-05-15 17:03:34,search,Search,,Mobile,Email
E00005899,C00108,S0001365,2024-05-15 17:05:03,page_view,Category,,Mobile,Email
E00005900,C00108,S0001366,2024-10-30 10:54:04,page_view,Home,,Mobile,Instagram
E00005901,C00108,S0001366,2024-10-30 10:55:52,search,Search,,Mobile,Instagram
E00005902,C00108,S0001366,2024-10-30 10:56:35,page_view,Category,,Mobile,Instagram
E00005903,C00108,S0001366,2024-10-30 10:58:13,product_view,Product,P0015,Mobile,Instagram
E00005904,C00108,S0001367,2025-10-07 19:55:00,page_view,Home,,Mobile,Facebook
E00005905,C00108,S0001367,2025-10-07 19:57:10,search,Search,,Mobile,Facebook
E00005906,C00108,S0001367,2025-10-07 20:00:26,add_to_cart,Cart,P0064,Mobile,Facebook
E00005907,C00108,S0001367,2025-10-07 20:01:36,checkout_start,Checkout,P0042,Mobile,Facebook
E00005908,C00108,S0001367,2025-10-07 20:04:47,purchase,Checkout,P0064,Mobile,Facebook
E00005909,C00108,S0001368,2025-08-30 06:16:24,page_view,Home,,Mobile,Bing
E00005910,C00108,S0001368,2025-08-30 06:19:15,search,Search,,Mobile,Bing
E00005911,C00108,S0001368,2025-08-30 06:23:11,page_view,Category,,Mobile,Bing
E00005912,C00108,S0001368,2025-08-30 06:24:48,product_view,Product,P0037,Mobile,Bing
E00005913,C00108,S0001368,2025-08-30 06:27:37,review_view,Reviews,P0064,Mobile,Bing
E00005914,C00108,S0001368,2025-08-30 06:29:59,add_to_cart,Cart,P0064,Mobile,Bing
E00005915,C00108,S0001369,2024-10-11 22:00:28,page_view,Home,,Mobile,Bing
E00005916,C00108,S0001369,2024-10-11 22:03:50,search,Search,,Mobile,Bing
E00005917,C00108,S0001369,2024-10-11 22:07:02,page_view,Category,,Mobile,Bing
E00005918,C00108,S0001369,2024-10-11 22:10:49,product_view,Product,P0037,Mobile,Bing
E00005919,C00108,S0001369,2024-10-11 22:11:56,review_view,Reviews,P0076,Mobile,Bing
E00005920,C00108,S0001369,2024-10-11 22:15:47,add_to_cart,Cart,P0004,Mobile,Bing
E00005921,C00108,S0001370,2024-10-03 22:22:23,page_view,Home,,Desktop,Bing
E00005922,C00108,S0001370,2024-10-03 22:25:18,search,Search,,Desktop,Bing
E00005923,C00108,S0001370,2024-10-03 22:25:32,page_view,Category,,Desktop,Bing
E00005924,C00108,S0001370,2024-10-03 22:28:26,product_view,Product,P0037,Desktop,Bing
E00005925,C00108,S0001370,2024-10-03 22:29:08,review_view,Reviews,P0037,Desktop,Bing
E00005926,C00108,S0001370,2024-10-03 22:31:18,add_to_cart,Cart,P0042,Desktop,Bing
E00005927,C00108,S0001370,2024-10-03 22:31:40,checkout_start,Checkout,P0004,Desktop,Bing
E00005928,C00108,S0001370,2024-10-03 22:34:54,purchase,Checkout,P0004,Desktop,Bing
E00005929,C00108,S0001371,2025-11-28 10:28:16,page_view,Home,,Desktop,Instagram
E00005930,C00108,S0001371,2025-11-28 10:30:28,add_to_cart,Cart,P0042,Desktop,Instagram
E00005931,C00108,S0001371,2025-11-28 10:31:10,checkout_start,Checkout,P0037,Desktop,Instagram
E00005932,C00108,S0001371,2025-11-28 10:35:05,purchase,Checkout,P0025,Desktop,Instagram
E00005933,C00108,S0001372,2025-06-15 13:56:05,page_view,Home,,Desktop,Google
E00005934,C00108,S0001372,2025-06-15 13:57:21,search,Search,,Desktop,Google
E00005935,C00108,S0001372,2025-06-15 14:00:03,page_view,Category,,Desktop,Google
E00005936,C00108,S0001372,2025-06-15 14:00:52,product_view,Product,P0004,Desktop,Google
E00005937,C00108,S0001372,2025-06-15 14:01:58,review_view,Reviews,P0042,Desktop,Google
E00005938,C00108,S0001373,2025-12-30 08:28:10,page_view,Home,,Desktop,Bing
E00005939,C00108,S0001374,2026-01-30 02:08:44,page_view,Home,,Mobile,Google
E00005940,C00108,S0001374,2026-01-30 02:11:55,search,Search,,Mobile,Google
E00005941,C00108,S0001374,2026-01-30 02:12:34,page_view,Category,,Mobile,Google
E00005942,C00108,S0001374,2026-01-30 02:15:56,product_view,Product,P0064,Mobile,Google
E00005943,C00108,S0001374,2026-01-30 02:16:53,review_view,Reviews,P0025,Mobile,Google
E00005944,C00108,S0001374,2026-01-30 02:18:44,add_to_cart,Cart,P0037,Mobile,Google
E00005945,C00108,S0001375,2024-07-02 09:25:11,page_view,Home,,Mobile,Email
E00005946,C00108,S0001375,2024-07-02 09:29:05,search,Search,,Mobile,Email
E00005947,C00108,S0001375,2024-07-02 09:29:17,page_view,Category,,Mobile,Email
E00005948,C00108,S0001375,2024-07-02 09:32:09,product_view,Product,P0015,Mobile,Email
E00005949,C00108,S0001376,2025-10-12 09:43:37,page_view,Home,,Mobile,Bing
E00005950,C00108,S0001377,2025-10-18 09:59:02,page_view,Home,,Mobile,Facebook
E00005951,C00108,S0001377,2025-10-18 10:00:14,search,Search,,Mobile,Facebook
E00005952,C00108,S0001377,2025-10-18 10:03:57,page_view,Category,,Mobile,Facebook
E00005953,C00108,S0001377,2025-10-18 10:07:30,product_view,Product,P0040,Mobile,Facebook
E00005954,C00108,S0001378,2026-01-17 15:15:04,page_view,Home,,Mobile,Instagram
E00005955,C00108,S0001378,2026-01-17 15:15:35,search,Search,,Mobile,Instagram
E00005956,C00108,S0001378,2026-01-17 15:17:15,page_view,Category,,Mobile,Instagram
E00005957,C00108,S0001378,2026-01-17 15:18:28,product_view,Product,P0004,Mobile,Instagram
E00005958,C00108,S0001378,2026-01-17 15:22:00,review_view,Reviews,P0025,Mobile,Instagram
E00005959,C00108,S0001379,2024-10-13 15:45:37,page_view,Home,,Mobile,Affiliate
E00005960,C00108,S0001379,2024-10-13 15:46:47,search,Search,,Mobile,Affiliate
E00005961,C00108,S0001379,2024-10-13 15:48:40,page_view,Category,,Mobile,Affiliate
E00005962,C00108,S0001379,2024-10-13 15:50:13,product_view,Product,P0004,Mobile,Affiliate
E00005963,C00108,S0001379,2024-10-13 15:50:33,review_view,Reviews,P0034,Mobile,Affiliate
E00005964,C00108,S0001379,2024-10-13 15:51:19,add_to_cart,Cart,P0004,Mobile,Affiliate
E00005965,C00108,S0001379,2024-10-13 15:53:56,checkout_start,Checkout,P0004,Mobile,Affiliate
E00005966,C00108,S0001379,2024-10-13 15:57:06,purchase,Checkout,P0004,Mobile,Affiliate
E00005967,C00109,S0001380,2025-09-28 02:29:52,page_view,Home,,Mobile,Instagram
E00005968,C00109,S0001380,2025-09-28 02:32:07,search,Search,,Mobile,Instagram
E00005969,C00109,S0001380,2025-09-28 02:33:20,page_view,Category,,Mobile,Instagram
E00005970,C00109,S0001380,2025-09-28 02:37:05,product_view,Product,P0068,Mobile,Instagram
E00005971,C00109,S0001380,2025-09-28 02:40:15,review_view,Reviews,P0035,Mobile,Instagram
E00005972,C00109,S0001380,2025-09-28 02:41:46,add_to_cart,Cart,P0029,Mobile,Instagram
E00005973,C00109,S0001381,2026-02-04 01:56:32,page_view,Home,,Desktop,Direct
E00005974,C00109,S0001381,2026-02-04 01:59:20,search,Search,,Desktop,Direct
E00005975,C00109,S0001381,2026-02-04 02:01:36,page_view,Category,,Desktop,Direct
E00005976,C00109,S0001381,2026-02-04 02:04:19,product_view,Product,P0017,Desktop,Direct
E00005977,C00109,S0001381,2026-02-04 02:07:34,review_view,Reviews,P0068,Desktop,Direct
E00005978,C00109,S0001382,2026-03-22 02:14:55,page_view,Home,,Mobile,Email
E00005979,C00109,S0001382,2026-03-22 02:17:31,search,Search,,Mobile,Email
E00005980,C00109,S0001382,2026-03-22 02:18:38,page_view,Category,,Mobile,Email
E00005981,C00109,S0001382,2026-03-22 02:21:27,product_view,Product,P0028,Mobile,Email
E00005982,C00109,S0001382,2026-03-22 02:22:55,review_view,Reviews,P0028,Mobile,Email
E00005983,C00109,S0001383,2026-02-17 20:58:28,page_view,Home,,Mobile,Google
E00005984,C00109,S0001383,2026-02-17 21:01:57,search,Search,,Mobile,Google
E00005985,C00109,S0001383,2026-02-17 21:04:58,page_view,Category,,Mobile,Google
E00005986,C00109,S0001383,2026-02-17 21:07:39,product_view,Product,P0073,Mobile,Google
E00005987,C00109,S0001383,2026-02-17 21:08:35,add_to_cart,Cart,P0071,Mobile,Google
E00005988,C00109,S0001383,2026-02-17 21:11:41,checkout_start,Checkout,P0035,Mobile,Google
E00005989,C00109,S0001383,2026-02-17 21:12:35,purchase,Checkout,P0060,Mobile,Google
E00005990,C00109,S0001384,2025-10-30 20:22:23,page_view,Home,,Mobile,Email
E00005991,C00109,S0001384,2025-10-30 20:26:04,search,Search,,Mobile,Email
E00005992,C00109,S0001384,2025-10-30 20:28:24,page_view,Category,,Mobile,Email
E00005993,C00109,S0001384,2025-10-30 20:28:59,product_view,Product,P0074,Mobile,Email
E00005994,C00109,S0001384,2025-10-30 20:30:05,review_view,Reviews,P0028,Mobile,Email
E00005995,C00109,S0001385,2025-03-14 17:34:41,page_view,Home,,Desktop,Email
E00005996,C00109,S0001385,2025-03-14 17:35:44,search,Search,,Desktop,Email
E00005997,C00109,S0001386,2025-03-29 06:35:45,page_view,Home,,Mobile,Google
E00005998,C00109,S0001386,2025-03-29 06:37:10,search,Search,,Mobile,Google
E00005999,C00109,S0001386,2025-03-29 06:40:34,page_view,Category,,Mobile,Google
E00006000,C00109,S0001386,2025-03-29 06:42:45,product_view,Product,P0074,Mobile,Google
E00006001,C00109,S0001386,2025-03-29 06:43:59,review_view,Reviews,P0012,Mobile,Google
E00006002,C00109,S0001386,2025-03-29 06:46:51,add_to_cart,Cart,P0062,Mobile,Google
E00006003,C00110,S0001387,2026-02-15 06:58:36,page_view,Home,,Mobile,Google
E00006004,C00110,S0001387,2026-02-15 06:58:57,search,Search,,Mobile,Google
E00006005,C00110,S0001387,2026-02-15 07:00:29,page_view,Category,,Mobile,Google
E00006006,C00110,S0001387,2026-02-15 07:00:57,product_view,Product,P0042,Mobile,Google
E00006007,C00110,S0001387,2026-02-15 07:01:19,review_view,Reviews,P0025,Mobile,Google
E00006008,C00110,S0001388,2025-10-09 04:50:13,page_view,Home,,Mobile,Direct
E00006009,C00110,S0001388,2025-10-09 04:51:54,search,Search,,Mobile,Direct
E00006010,C00110,S0001388,2025-10-09 04:53:27,page_view,Category,,Mobile,Direct
E00006011,C00110,S0001389,2026-06-22 01:58:39,page_view,Home,,Mobile,Affiliate
E00006012,C00110,S0001389,2026-06-22 01:59:58,search,Search,,Mobile,Affiliate
E00006013,C00110,S0001389,2026-06-22 02:00:46,page_view,Category,,Mobile,Affiliate
E00006014,C00110,S0001389,2026-06-22 02:01:34,product_view,Product,P0037,Mobile,Affiliate
E00006015,C00110,S0001389,2026-06-22 02:03:11,review_view,Reviews,P0042,Mobile,Affiliate
E00006016,C00110,S0001389,2026-06-22 02:04:39,add_to_cart,Cart,P0015,Mobile,Affiliate
E00006017,C00110,S0001390,2025-04-18 21:37:44,page_view,Home,,Mobile,Direct
E00006018,C00110,S0001390,2025-04-18 21:39:16,search,Search,,Mobile,Direct
E00006019,C00110,S0001390,2025-04-18 21:40:25,page_view,Category,,Mobile,Direct
E00006020,C00110,S0001390,2025-04-18 21:42:45,product_view,Product,P0004,Mobile,Direct
E00006021,C00110,S0001390,2025-04-18 21:44:59,review_view,Reviews,P0076,Mobile,Direct
E00006022,C00110,S0001391,2025-04-15 21:21:13,page_view,Home,,Tablet,Bing
E00006023,C00110,S0001392,2026-01-20 08:08:04,page_view,Home,,Tablet,Email
E00006024,C00110,S0001392,2026-01-20 08:10:51,search,Search,,Tablet,Email
E00006025,C00110,S0001392,2026-01-20 08:14:03,page_view,Category,,Tablet,Email
E00006026,C00110,S0001392,2026-01-20 08:17:56,product_view,Product,P0064,Tablet,Email
E00006027,C00110,S0001392,2026-01-20 08:18:34,review_view,Reviews,P0040,Tablet,Email
E00006028,C00110,S0001393,2026-06-21 11:28:04,page_view,Home,,Desktop,Instagram
E00006029,C00110,S0001393,2026-06-21 11:31:38,search,Search,,Desktop,Instagram
E00006030,C00110,S0001393,2026-06-21 11:32:47,page_view,Category,,Desktop,Instagram
E00006031,C00110,S0001394,2025-07-24 18:45:07,page_view,Home,,Mobile,Google
E00006032,C00110,S0001394,2025-07-24 18:48:52,search,Search,,Mobile,Google
E00006033,C00110,S0001394,2025-07-24 18:52:22,page_view,Category,,Mobile,Google
E00006034,C00110,S0001394,2025-07-24 18:54:22,product_view,Product,P0015,Mobile,Google
E00006035,C00110,S0001394,2025-07-24 18:57:42,review_view,Reviews,P0042,Mobile,Google
E00006036,C00110,S0001394,2025-07-24 18:58:26,add_to_cart,Cart,P0015,Mobile,Google
E00006037,C00110,S0001394,2025-07-24 19:01:27,checkout_start,Checkout,P0076,Mobile,Google
E00006038,C00110,S0001394,2025-07-24 19:04:25,purchase,Checkout,P0040,Mobile,Google
E00006039,C00110,S0001395,2026-04-15 08:40:43,page_view,Home,,Desktop,Instagram
E00006040,C00110,S0001395,2026-04-15 08:41:11,search,Search,,Desktop,Instagram
E00006041,C00110,S0001395,2026-04-15 08:42:41,page_view,Category,,Desktop,Instagram
E00006042,C00110,S0001395,2026-04-15 08:43:01,add_to_cart,Cart,P0037,Desktop,Instagram
E00006043,C00110,S0001395,2026-04-15 08:43:50,checkout_start,Checkout,P0004,Desktop,Instagram
E00006044,C00110,S0001395,2026-04-15 08:45:20,purchase,Checkout,P0076,Desktop,Instagram
E00006045,C00110,S0001396,2026-02-26 18:16:30,page_view,Home,,Mobile,Instagram
E00006046,C00110,S0001396,2026-02-26 18:20:24,search,Search,,Mobile,Instagram
E00006047,C00110,S0001396,2026-02-26 18:20:53,page_view,Category,,Mobile,Instagram
E00006048,C00110,S0001396,2026-02-26 18:22:21,product_view,Product,P0034,Mobile,Instagram
E00006049,C00110,S0001396,2026-02-26 18:25:26,review_view,Reviews,P0034,Mobile,Instagram
E00006050,C00110,S0001396,2026-02-26 18:28:33,add_to_cart,Cart,P0042,Mobile,Instagram
E00006051,C00110,S0001397,2025-02-21 18:24:05,page_view,Home,,Mobile,Direct
E00006052,C00110,S0001398,2025-11-15 15:13:03,page_view,Home,,Desktop,Facebook
E00006053,C00110,S0001398,2025-11-15 15:15:17,search,Search,,Desktop,Facebook
E00006054,C00110,S0001398,2025-11-15 15:18:59,page_view,Category,,Desktop,Facebook
E00006055,C00110,S0001398,2025-11-15 15:21:20,product_view,Product,P0076,Desktop,Facebook
E00006056,C00110,S0001398,2025-11-15 15:23:38,review_view,Reviews,P0076,Desktop,Facebook
E00006057,C00110,S0001399,2025-05-08 19:38:07,page_view,Home,,Desktop,Instagram
E00006058,C00110,S0001399,2025-05-08 19:38:46,search,Search,,Desktop,Instagram
E00006059,C00110,S0001399,2025-05-08 19:40:34,page_view,Category,,Desktop,Instagram
E00006060,C00110,S0001399,2025-05-08 19:41:46,product_view,Product,P0076,Desktop,Instagram
E00006061,C00110,S0001399,2025-05-08 19:44:09,review_view,Reviews,P0015,Desktop,Instagram
E00006062,C00110,S0001399,2025-05-08 19:46:03,add_to_cart,Cart,P0076,Desktop,Instagram
E00006063,C00110,S0001399,2025-05-08 19:48:14,checkout_start,Checkout,P0076,Desktop,Instagram
E00006064,C00110,S0001399,2025-05-08 19:51:31,purchase,Checkout,P0040,Desktop,Instagram
E00006065,C00110,S0001400,2025-04-28 19:12:33,page_view,Home,,Mobile,Facebook
E00006066,C00110,S0001400,2025-04-28 19:14:12,search,Search,,Mobile,Facebook
E00006067,C00110,S0001400,2025-04-28 19:17:02,page_view,Category,,Mobile,Facebook
E00006068,C00110,S0001400,2025-04-28 19:17:21,product_view,Product,P0042,Mobile,Facebook
E00006069,C00110,S0001400,2025-04-28 19:18:56,review_view,Reviews,P0042,Mobile,Facebook
E00006070,C00110,S0001400,2025-04-28 19:22:20,add_to_cart,Cart,P0076,Mobile,Facebook
E00006071,C00110,S0001401,2025-07-11 13:53:44,page_view,Home,,Mobile,Google
E00006072,C00110,S0001401,2025-07-11 13:55:58,search,Search,,Mobile,Google
E00006073,C00110,S0001401,2025-07-11 13:56:48,page_view,Category,,Mobile,Google
E00006074,C00110,S0001401,2025-07-11 14:00:28,product_view,Product,P0004,Mobile,Google
E00006075,C00110,S0001402,2025-05-22 10:36:18,page_view,Home,,Mobile,Bing
E00006076,C00110,S0001402,2025-05-22 10:37:40,search,Search,,Mobile,Bing
E00006077,C00110,S0001402,2025-05-22 10:37:54,page_view,Category,,Mobile,Bing
E00006078,C00110,S0001402,2025-05-22 10:40:03,product_view,Product,P0076,Mobile,Bing
E00006079,C00110,S0001403,2025-09-13 01:04:55,page_view,Home,,Desktop,Facebook
E00006080,C00110,S0001403,2025-09-13 01:08:51,search,Search,,Desktop,Facebook
E00006081,C00110,S0001403,2025-09-13 01:11:14,page_view,Category,,Desktop,Facebook
E00006082,C00110,S0001403,2025-09-13 01:14:38,product_view,Product,P0040,Desktop,Facebook
E00006083,C00110,S0001403,2025-09-13 01:15:14,review_view,Reviews,P0037,Desktop,Facebook
E00006084,C00110,S0001403,2025-09-13 01:16:52,add_to_cart,Cart,P0037,Desktop,Facebook
E00006085,C00110,S0001403,2025-09-13 01:19:37,checkout_start,Checkout,P0076,Desktop,Facebook
E00006086,C00110,S0001403,2025-09-13 01:20:39,purchase,Checkout,P0042,Desktop,Facebook
E00006087,C00111,S0001404,2026-01-30 17:32:41,page_view,Home,,Mobile,Facebook
E00006088,C00111,S0001404,2026-01-30 17:35:56,search,Search,,Mobile,Facebook
E00006089,C00111,S0001404,2026-01-30 17:37:52,add_to_cart,Cart,P0072,Mobile,Facebook
E00006090,C00111,S0001404,2026-01-30 17:39:37,checkout_start,Checkout,P0006,Mobile,Facebook
E00006091,C00111,S0001404,2026-01-30 17:43:29,purchase,Checkout,P0050,Mobile,Facebook
E00006092,C00111,S0001405,2026-03-24 03:43:36,page_view,Home,,Mobile,Bing
E00006093,C00111,S0001406,2026-05-23 13:18:51,page_view,Home,,Mobile,Email
E00006094,C00111,S0001406,2026-05-23 13:21:09,search,Search,,Mobile,Email
E00006095,C00111,S0001406,2026-05-23 13:21:31,page_view,Category,,Mobile,Email
E00006096,C00111,S0001406,2026-05-23 13:24:21,product_view,Product,P0072,Mobile,Email
E00006097,C00111,S0001406,2026-05-23 13:25:24,review_view,Reviews,P0011,Mobile,Email
E00006098,C00111,S0001406,2026-05-23 13:25:38,add_to_cart,Cart,P0002,Mobile,Email
E00006099,C00111,S0001406,2026-05-23 13:26:22,checkout_start,Checkout,P0053,Mobile,Email
E00006100,C00111,S0001406,2026-05-23 13:28:47,purchase,Checkout,P0053,Mobile,Email
E00006101,C00111,S0001407,2026-02-20 12:05:53,page_view,Home,,Desktop,Affiliate
E00006102,C00111,S0001407,2026-02-20 12:08:06,search,Search,,Desktop,Affiliate
E00006103,C00111,S0001407,2026-02-20 12:11:39,page_view,Category,,Desktop,Affiliate
E00006104,C00111,S0001407,2026-02-20 12:12:50,product_view,Product,P0001,Desktop,Affiliate
E00006105,C00111,S0001407,2026-02-20 12:15:53,review_view,Reviews,P0026,Desktop,Affiliate
E00006106,C00111,S0001407,2026-02-20 12:16:28,add_to_cart,Cart,P0063,Desktop,Affiliate
E00006107,C00111,S0001407,2026-02-20 12:18:44,checkout_start,Checkout,P0078,Desktop,Affiliate
E00006108,C00111,S0001407,2026-02-20 12:19:21,purchase,Checkout,P0019,Desktop,Affiliate
E00006109,C00111,S0001408,2026-02-13 03:59:08,page_view,Home,,Desktop,Direct
E00006110,C00111,S0001408,2026-02-13 03:59:44,search,Search,,Desktop,Direct
E00006111,C00111,S0001408,2026-02-13 04:00:30,page_view,Category,,Desktop,Direct
E00006112,C00111,S0001409,2025-11-27 02:07:18,page_view,Home,,Desktop,Bing
E00006113,C00111,S0001410,2025-07-29 00:00:08,page_view,Home,,Mobile,Direct
E00006114,C00111,S0001411,2025-08-03 20:33:26,page_view,Home,,Mobile,Email
E00006115,C00111,S0001411,2025-08-03 20:35:18,search,Search,,Mobile,Email
E00006116,C00111,S0001411,2025-08-03 20:38:09,page_view,Category,,Mobile,Email
E00006117,C00111,S0001411,2025-08-03 20:40:16,product_view,Product,P0036,Mobile,Email
E00006118,C00111,S0001411,2025-08-03 20:42:39,review_view,Reviews,P0080,Mobile,Email
E00006119,C00111,S0001412,2026-03-17 04:58:42,page_view,Home,,Mobile,Google
E00006120,C00111,S0001412,2026-03-17 05:02:15,search,Search,,Mobile,Google
E00006121,C00111,S0001412,2026-03-17 05:05:42,page_view,Category,,Mobile,Google
E00006122,C00111,S0001412,2026-03-17 05:07:04,add_to_cart,Cart,P0036,Mobile,Google
E00006123,C00111,S0001412,2026-03-17 05:09:28,checkout_start,Checkout,P0036,Mobile,Google
E00006124,C00111,S0001412,2026-03-17 05:12:55,purchase,Checkout,P0002,Mobile,Google
E00006125,C00111,S0001413,2025-07-30 01:06:48,page_view,Home,,Mobile,Facebook
E00006126,C00111,S0001413,2025-07-30 01:09:36,search,Search,,Mobile,Facebook
E00006127,C00111,S0001413,2025-07-30 01:10:43,page_view,Category,,Mobile,Facebook
E00006128,C00111,S0001413,2025-07-30 01:10:57,product_view,Product,P0078,Mobile,Facebook
E00006129,C00111,S0001413,2025-07-30 01:14:04,review_view,Reviews,P0038,Mobile,Facebook
E00006130,C00111,S0001414,2025-09-08 15:57:26,page_view,Home,,Desktop,Bing
E00006131,C00111,S0001414,2025-09-08 15:59:21,search,Search,,Desktop,Bing
E00006132,C00111,S0001414,2025-09-08 16:02:44,page_view,Category,,Desktop,Bing
E00006133,C00111,S0001414,2025-09-08 16:04:33,product_view,Product,P0011,Desktop,Bing
E00006134,C00111,S0001414,2025-09-08 16:06:54,review_view,Reviews,P0078,Desktop,Bing
E00006135,C00111,S0001414,2025-09-08 16:10:01,add_to_cart,Cart,P0026,Desktop,Bing
E00006136,C00112,S0001415,2025-04-01 03:38:46,page_view,Home,,Mobile,Bing
E00006137,C00112,S0001415,2025-04-01 03:40:51,search,Search,,Mobile,Bing
E00006138,C00112,S0001415,2025-04-01 03:44:20,page_view,Category,,Mobile,Bing
E00006139,C00112,S0001415,2025-04-01 03:45:53,product_view,Product,P0063,Mobile,Bing
E00006140,C00112,S0001416,2024-05-26 00:09:26,page_view,Home,,Mobile,Bing
E00006141,C00112,S0001416,2024-05-26 00:11:11,search,Search,,Mobile,Bing
E00006142,C00112,S0001417,2025-04-25 17:04:16,page_view,Home,,Tablet,Google
E00006143,C00112,S0001417,2025-04-25 17:04:46,search,Search,,Tablet,Google
E00006144,C00112,S0001417,2025-04-25 17:07:44,page_view,Category,,Tablet,Google
E00006145,C00112,S0001417,2025-04-25 17:09:28,product_view,Product,P0080,Tablet,Google
E00006146,C00112,S0001418,2025-10-28 01:35:50,page_view,Home,,Mobile,Affiliate
E00006147,C00112,S0001418,2025-10-28 01:39:17,search,Search,,Mobile,Affiliate
E00006148,C00112,S0001418,2025-10-28 01:43:07,page_view,Category,,Mobile,Affiliate
E00006149,C00112,S0001418,2025-10-28 01:45:26,product_view,Product,P0001,Mobile,Affiliate
E00006150,C00112,S0001418,2025-10-28 01:47:02,review_view,Reviews,P0006,Mobile,Affiliate
E00006151,C00112,S0001418,2025-10-28 01:48:57,add_to_cart,Cart,P0063,Mobile,Affiliate
E00006152,C00112,S0001418,2025-10-28 01:50:57,checkout_start,Checkout,P0002,Mobile,Affiliate
E00006153,C00112,S0001418,2025-10-28 01:54:08,purchase,Checkout,P0007,Mobile,Affiliate
E00006154,C00112,S0001419,2024-09-30 07:56:29,page_view,Home,,Mobile,Email
E00006155,C00112,S0001419,2024-09-30 07:58:43,search,Search,,Mobile,Email
E00006156,C00112,S0001419,2024-09-30 08:01:35,page_view,Category,,Mobile,Email
E00006157,C00112,S0001419,2024-09-30 08:04:22,product_view,Product,P0002,Mobile,Email
E00006158,C00112,S0001420,2025-11-17 20:18:41,page_view,Home,,Mobile,Google
E00006159,C00112,S0001420,2025-11-17 20:20:31,search,Search,,Mobile,Google
E00006160,C00112,S0001420,2025-11-17 20:23:17,page_view,Category,,Mobile,Google
E00006161,C00112,S0001421,2025-02-23 20:05:55,page_view,Home,,Mobile,Bing
E00006162,C00112,S0001421,2025-02-23 20:06:08,search,Search,,Mobile,Bing
E00006163,C00112,S0001421,2025-02-23 20:06:55,page_view,Category,,Mobile,Bing
E00006164,C00112,S0001421,2025-02-23 20:07:45,product_view,Product,P0038,Mobile,Bing
E00006165,C00112,S0001421,2025-02-23 20:10:52,review_view,Reviews,P0011,Mobile,Bing
E00006166,C00112,S0001421,2025-02-23 20:12:06,add_to_cart,Cart,P0063,Mobile,Bing
E00006167,C00112,S0001422,2024-10-11 02:35:43,page_view,Home,,Mobile,Bing
E00006168,C00112,S0001422,2024-10-11 02:36:03,search,Search,,Mobile,Bing
E00006169,C00112,S0001423,2024-11-16 02:44:04,page_view,Home,,Desktop,Direct
E00006170,C00112,S0001423,2024-11-16 02:44:53,search,Search,,Desktop,Direct
E00006171,C00112,S0001423,2024-11-16 02:46:40,page_view,Category,,Desktop,Direct
E00006172,C00112,S0001423,2024-11-16 02:49:43,product_view,Product,P0063,Desktop,Direct
E00006173,C00112,S0001423,2024-11-16 02:52:34,review_view,Reviews,P0007,Desktop,Direct
E00006174,C00112,S0001423,2024-11-16 02:53:51,add_to_cart,Cart,P0007,Desktop,Direct
E00006175,C00112,S0001424,2025-12-08 09:04:13,page_view,Home,,Mobile,Direct
E00006176,C00112,S0001424,2025-12-08 09:06:19,search,Search,,Mobile,Direct
E00006177,C00112,S0001424,2025-12-08 09:09:49,page_view,Category,,Mobile,Direct
E00006178,C00112,S0001424,2025-12-08 09:13:20,product_view,Product,P0006,Mobile,Direct
E00006179,C00112,S0001424,2025-12-08 09:17:13,review_view,Reviews,P0080,Mobile,Direct
E00006180,C00112,S0001425,2025-11-01 04:31:53,page_view,Home,,Desktop,Facebook
E00006181,C00112,S0001425,2025-11-01 04:35:10,search,Search,,Desktop,Facebook
E00006182,C00112,S0001425,2025-11-01 04:36:40,page_view,Category,,Desktop,Facebook
E00006183,C00112,S0001425,2025-11-01 04:40:26,product_view,Product,P0063,Desktop,Facebook
E00006184,C00112,S0001425,2025-11-01 04:43:24,review_view,Reviews,P0011,Desktop,Facebook
E00006185,C00112,S0001425,2025-11-01 04:47:21,add_to_cart,Cart,P0049,Desktop,Facebook
E00006186,C00113,S0001426,2026-06-12 07:43:12,page_view,Home,,Mobile,Direct
E00006187,C00113,S0001426,2026-06-12 07:43:45,search,Search,,Mobile,Direct
E00006188,C00113,S0001426,2026-06-12 07:44:45,page_view,Category,,Mobile,Direct
E00006189,C00113,S0001427,2025-10-08 18:49:21,page_view,Home,,Tablet,Facebook
E00006190,C00113,S0001428,2025-10-26 11:24:51,page_view,Home,,Desktop,Affiliate
E00006191,C00113,S0001429,2025-12-30 05:42:12,page_view,Home,,Desktop,Affiliate
E00006192,C00113,S0001429,2025-12-30 05:43:41,search,Search,,Desktop,Affiliate
E00006193,C00113,S0001429,2025-12-30 05:45:10,page_view,Category,,Desktop,Affiliate
E00006194,C00113,S0001429,2025-12-30 05:47:15,add_to_cart,Cart,P0009,Desktop,Affiliate
E00006195,C00113,S0001429,2025-12-30 05:49:33,checkout_start,Checkout,P0051,Desktop,Affiliate
E00006196,C00113,S0001429,2025-12-30 05:51:29,purchase,Checkout,P0009,Desktop,Affiliate
E00006197,C00113,S0001430,2026-06-23 10:01:05,page_view,Home,,Desktop,Instagram
E00006198,C00113,S0001430,2026-06-23 10:02:30,search,Search,,Desktop,Instagram
E00006199,C00113,S0001430,2026-06-23 10:05:29,page_view,Category,,Desktop,Instagram
E00006200,C00113,S0001430,2026-06-23 10:09:08,product_view,Product,P0067,Desktop,Instagram
E00006201,C00113,S0001430,2026-06-23 10:11:32,review_view,Reviews,P0047,Desktop,Instagram
E00006202,C00113,S0001430,2026-06-23 10:11:59,add_to_cart,Cart,P0009,Desktop,Instagram
E00006203,C00113,S0001431,2025-12-13 03:49:44,page_view,Home,,Desktop,Instagram
E00006204,C00113,S0001431,2025-12-13 03:51:14,search,Search,,Desktop,Instagram
E00006205,C00113,S0001432,2026-05-03 04:36:05,page_view,Home,,Mobile,Instagram
E00006206,C00113,S0001432,2026-05-03 04:37:23,search,Search,,Mobile,Instagram
E00006207,C00113,S0001432,2026-05-03 04:40:55,page_view,Category,,Mobile,Instagram
E00006208,C00113,S0001432,2026-05-03 04:41:18,product_view,Product,P0067,Mobile,Instagram
E00006209,C00113,S0001432,2026-05-03 04:44:33,review_view,Reviews,P0048,Mobile,Instagram
E00006210,C00113,S0001432,2026-05-03 04:44:49,add_to_cart,Cart,P0047,Mobile,Instagram
E00006211,C00113,S0001432,2026-05-03 04:45:53,checkout_start,Checkout,P0067,Mobile,Instagram
E00006212,C00113,S0001432,2026-05-03 04:47:10,purchase,Checkout,P0048,Mobile,Instagram
E00006213,C00113,S0001433,2026-06-27 22:21:17,page_view,Home,,Mobile,Google
E00006214,C00113,S0001433,2026-06-27 22:24:02,search,Search,,Mobile,Google
E00006215,C00113,S0001433,2026-06-27 22:24:39,page_view,Category,,Mobile,Google
E00006216,C00113,S0001433,2026-06-27 22:27:50,product_view,Product,P0047,Mobile,Google
E00006217,C00113,S0001433,2026-06-27 22:29:40,review_view,Reviews,P0048,Mobile,Google
E00006218,C00113,S0001433,2026-06-27 22:30:12,add_to_cart,Cart,P0023,Mobile,Google
E00006219,C00113,S0001434,2026-03-29 10:58:20,page_view,Home,,Mobile,Google
E00006220,C00114,S0001435,2025-12-15 12:47:31,page_view,Home,,Desktop,Direct
E00006221,C00114,S0001435,2025-12-15 12:49:46,search,Search,,Desktop,Direct
E00006222,C00114,S0001435,2025-12-15 12:51:37,add_to_cart,Cart,P0047,Desktop,Direct
E00006223,C00114,S0001435,2025-12-15 12:52:09,checkout_start,Checkout,P0009,Desktop,Direct
E00006224,C00114,S0001435,2025-12-15 12:52:39,purchase,Checkout,P0009,Desktop,Direct
E00006225,C00114,S0001436,2026-03-10 21:57:10,page_view,Home,,Mobile,Direct
E00006226,C00114,S0001436,2026-03-10 21:58:42,search,Search,,Mobile,Direct
E00006227,C00114,S0001436,2026-03-10 21:59:49,page_view,Category,,Mobile,Direct
E00006228,C00114,S0001436,2026-03-10 22:01:40,product_view,Product,P0009,Mobile,Direct
E00006229,C00114,S0001437,2025-10-12 10:32:22,page_view,Home,,Mobile,Facebook
E00006230,C00114,S0001438,2025-12-29 21:52:09,page_view,Home,,Desktop,Affiliate
E00006231,C00114,S0001438,2025-12-29 21:55:47,search,Search,,Desktop,Affiliate
E00006232,C00114,S0001438,2025-12-29 21:58:09,page_view,Category,,Desktop,Affiliate
E00006233,C00114,S0001439,2026-05-08 09:54:35,page_view,Home,,Mobile,Affiliate
E00006234,C00114,S0001439,2026-05-08 09:56:28,search,Search,,Mobile,Affiliate
E00006235,C00114,S0001439,2026-05-08 10:00:04,page_view,Category,,Mobile,Affiliate
E00006236,C00114,S0001439,2026-05-08 10:00:41,product_view,Product,P0009,Mobile,Affiliate
E00006237,C00114,S0001440,2024-11-03 16:39:33,page_view,Home,,Mobile,Instagram
E00006238,C00114,S0001440,2024-11-03 16:43:23,search,Search,,Mobile,Instagram
E00006239,C00114,S0001440,2024-11-03 16:44:29,page_view,Category,,Mobile,Instagram
E00006240,C00114,S0001440,2024-11-03 16:47:26,product_view,Product,P0067,Mobile,Instagram
E00006241,C00114,S0001440,2024-11-03 16:48:56,review_view,Reviews,P0048,Mobile,Instagram
E00006242,C00114,S0001440,2024-11-03 16:51:38,add_to_cart,Cart,P0047,Mobile,Instagram
E00006243,C00114,S0001440,2024-11-03 16:55:15,checkout_start,Checkout,P0047,Mobile,Instagram
E00006244,C00114,S0001440,2024-11-03 16:58:53,purchase,Checkout,P0009,Mobile,Instagram
E00006245,C00114,S0001441,2025-12-08 19:15:36,page_view,Home,,Mobile,Direct
E00006246,C00114,S0001442,2025-11-17 01:55:03,page_view,Home,,Mobile,Direct
E00006247,C00114,S0001442,2025-11-17 01:56:26,search,Search,,Mobile,Direct
E00006248,C00114,S0001442,2025-11-17 01:57:51,page_view,Category,,Mobile,Direct
E00006249,C00114,S0001442,2025-11-17 01:58:23,product_view,Product,P0051,Mobile,Direct
E00006250,C00114,S0001442,2025-11-17 01:59:58,review_view,Reviews,P0052,Mobile,Direct
E00006251,C00114,S0001442,2025-11-17 02:02:02,add_to_cart,Cart,P0048,Mobile,Direct
E00006252,C00114,S0001443,2025-04-30 08:30:52,page_view,Home,,Mobile,Facebook
E00006253,C00114,S0001443,2025-04-30 08:32:46,search,Search,,Mobile,Facebook
E00006254,C00115,S0001444,2026-04-25 05:53:38,page_view,Home,,Mobile,Affiliate
E00006255,C00115,S0001444,2026-04-25 05:57:17,search,Search,,Mobile,Affiliate
E00006256,C00115,S0001445,2026-03-15 08:31:52,page_view,Home,,Desktop,Email
E00006257,C00115,S0001445,2026-03-15 08:33:21,search,Search,,Desktop,Email
E00006258,C00115,S0001445,2026-03-15 08:36:09,page_view,Category,,Desktop,Email
E00006259,C00115,S0001446,2026-06-18 21:18:08,page_view,Home,,Tablet,Google
E00006260,C00115,S0001446,2026-06-18 21:19:56,search,Search,,Tablet,Google
E00006261,C00115,S0001447,2026-02-17 22:21:07,page_view,Home,,Mobile,Instagram
E00006262,C00115,S0001447,2026-02-17 22:23:42,search,Search,,Mobile,Instagram
E00006263,C00115,S0001447,2026-02-17 22:27:34,page_view,Category,,Mobile,Instagram
E00006264,C00115,S0001447,2026-02-17 22:29:01,product_view,Product,P0042,Mobile,Instagram
E00006265,C00115,S0001448,2026-02-28 10:00:00,page_view,Home,,Mobile,Google
E00006266,C00115,S0001448,2026-02-28 10:03:21,search,Search,,Mobile,Google
E00006267,C00115,S0001448,2026-02-28 10:06:58,page_view,Category,,Mobile,Google
E00006268,C00115,S0001448,2026-02-28 10:09:31,product_view,Product,P0040,Mobile,Google
E00006269,C00115,S0001449,2026-06-03 13:42:27,page_view,Home,,Mobile,Facebook
E00006270,C00115,S0001449,2026-06-03 13:46:18,search,Search,,Mobile,Facebook
E00006271,C00115,S0001449,2026-06-03 13:48:30,page_view,Category,,Mobile,Facebook
E00006272,C00115,S0001449,2026-06-03 13:51:28,product_view,Product,P0042,Mobile,Facebook
E00006273,C00115,S0001449,2026-06-03 13:53:59,review_view,Reviews,P0064,Mobile,Facebook
E00006274,C00115,S0001449,2026-06-03 13:56:58,add_to_cart,Cart,P0015,Mobile,Facebook
E00006275,C00115,S0001450,2026-03-27 02:54:27,page_view,Home,,Mobile,Google
E00006276,C00115,S0001450,2026-03-27 02:55:08,search,Search,,Mobile,Google
E00006277,C00115,S0001450,2026-03-27 02:59:07,page_view,Category,,Mobile,Google
E00006278,C00115,S0001450,2026-03-27 03:02:32,product_view,Product,P0064,Mobile,Google
E00006279,C00115,S0001450,2026-03-27 03:05:17,review_view,Reviews,P0042,Mobile,Google
E00006280,C00115,S0001450,2026-03-27 03:07:19,add_to_cart,Cart,P0004,Mobile,Google
E00006281,C00115,S0001451,2026-05-10 00:13:56,page_view,Home,,Mobile,Email
E00006282,C00115,S0001451,2026-05-10 00:17:37,search,Search,,Mobile,Email
E00006283,C00115,S0001451,2026-05-10 00:19:08,page_view,Category,,Mobile,Email
E00006284,C00115,S0001452,2026-05-18 22:08:45,page_view,Home,,Mobile,Google
E00006285,C00115,S0001453,2026-01-26 14:22:19,page_view,Home,,Mobile,Bing
E00006286,C00115,S0001453,2026-01-26 14:23:36,search,Search,,Mobile,Bing
E00006287,C00115,S0001453,2026-01-26 14:25:26,page_view,Category,,Mobile,Bing
E00006288,C00115,S0001453,2026-01-26 14:26:53,product_view,Product,P0042,Mobile,Bing
E00006289,C00115,S0001453,2026-01-26 14:27:56,review_view,Reviews,P0076,Mobile,Bing
E00006290,C00115,S0001454,2026-06-21 16:21:16,page_view,Home,,Desktop,Affiliate
E00006291,C00115,S0001455,2026-04-13 13:08:57,page_view,Home,,Mobile,Affiliate
E00006292,C00115,S0001455,2026-04-13 13:10:11,search,Search,,Mobile,Affiliate
E00006293,C00115,S0001455,2026-04-13 13:13:10,page_view,Category,,Mobile,Affiliate
E00006294,C00115,S0001455,2026-04-13 13:13:53,product_view,Product,P0064,Mobile,Affiliate
E00006295,C00115,S0001456,2026-02-14 19:43:32,page_view,Home,,Desktop,Google
E00006296,C00115,S0001456,2026-02-14 19:45:04,search,Search,,Desktop,Google
E00006297,C00115,S0001456,2026-02-14 19:45:46,page_view,Category,,Desktop,Google
E00006298,C00115,S0001456,2026-02-14 19:48:30,product_view,Product,P0004,Desktop,Google
E00006299,C00115,S0001456,2026-02-14 19:50:04,review_view,Reviews,P0004,Desktop,Google
E00006300,C00115,S0001456,2026-02-14 19:52:53,add_to_cart,Cart,P0025,Desktop,Google
E00006301,C00115,S0001457,2026-04-29 02:00:43,page_view,Home,,Desktop,Email
E00006302,C00115,S0001458,2026-02-17 02:04:45,page_view,Home,,Mobile,Direct
E00006303,C00115,S0001459,2026-06-18 16:47:31,page_view,Home,,Mobile,Email
E00006304,C00115,S0001459,2026-06-18 16:50:20,search,Search,,Mobile,Email
E00006305,C00116,S0001460,2026-03-27 18:43:48,page_view,Home,,Desktop,Direct
E00006306,C00116,S0001461,2026-04-20 20:16:08,page_view,Home,,Mobile,Email
E00006307,C00116,S0001461,2026-04-20 20:19:08,search,Search,,Mobile,Email
E00006308,C00116,S0001461,2026-04-20 20:20:54,page_view,Category,,Mobile,Email
E00006309,C00116,S0001461,2026-04-20 20:24:37,product_view,Product,P0070,Mobile,Email
E00006310,C00116,S0001462,2026-03-26 01:55:34,page_view,Home,,Desktop,Affiliate
E00006311,C00116,S0001462,2026-03-26 01:58:07,search,Search,,Desktop,Affiliate
E00006312,C00116,S0001462,2026-03-26 02:01:55,page_view,Category,,Desktop,Affiliate
E00006313,C00116,S0001462,2026-03-26 02:03:48,product_view,Product,P0055,Desktop,Affiliate
E00006314,C00116,S0001462,2026-03-26 02:04:30,review_view,Reviews,P0032,Desktop,Affiliate
E00006315,C00116,S0001463,2026-04-21 07:58:36,page_view,Home,,Mobile,Direct
E00006316,C00116,S0001464,2026-04-22 17:02:26,page_view,Home,,Tablet,Email
E00006317,C00116,S0001464,2026-04-22 17:04:08,search,Search,,Tablet,Email
E00006318,C00116,S0001464,2026-04-22 17:05:39,page_view,Category,,Tablet,Email
E00006319,C00116,S0001464,2026-04-22 17:08:54,product_view,Product,P0046,Tablet,Email
E00006320,C00116,S0001464,2026-04-22 17:09:21,review_view,Reviews,P0070,Tablet,Email
E00006321,C00116,S0001464,2026-04-22 17:10:06,add_to_cart,Cart,P0020,Tablet,Email
E00006322,C00116,S0001465,2025-06-16 19:21:50,page_view,Home,,Mobile,Google
E00006323,C00116,S0001465,2025-06-16 19:22:20,search,Search,,Mobile,Google
E00006324,C00116,S0001465,2025-06-16 19:24:44,page_view,Category,,Mobile,Google
E00006325,C00116,S0001465,2025-06-16 19:28:00,product_view,Product,P0046,Mobile,Google
E00006326,C00116,S0001466,2025-10-05 04:26:40,page_view,Home,,Desktop,Affiliate
E00006327,C00116,S0001466,2025-10-05 04:30:22,search,Search,,Desktop,Affiliate
E00006328,C00116,S0001466,2025-10-05 04:30:39,page_view,Category,,Desktop,Affiliate
E00006329,C00116,S0001466,2025-10-05 04:31:28,product_view,Product,P0032,Desktop,Affiliate
E00006330,C00116,S0001466,2025-10-05 04:33:23,add_to_cart,Cart,P0039,Desktop,Affiliate
E00006331,C00116,S0001466,2025-10-05 04:36:48,checkout_start,Checkout,P0018,Desktop,Affiliate
E00006332,C00116,S0001466,2025-10-05 04:39:54,purchase,Checkout,P0075,Desktop,Affiliate
E00006333,C00116,S0001467,2025-12-20 22:09:58,page_view,Home,,Mobile,Affiliate
E00006334,C00116,S0001467,2025-12-20 22:12:39,search,Search,,Mobile,Affiliate
E00006335,C00117,S0001468,2026-04-04 10:01:22,page_view,Home,,Mobile,Facebook
E00006336,C00117,S0001469,2025-03-25 20:52:07,page_view,Home,,Tablet,Google
E00006337,C00117,S0001469,2025-03-25 20:56:07,search,Search,,Tablet,Google
E00006338,C00117,S0001469,2025-03-25 20:58:33,page_view,Category,,Tablet,Google
E00006339,C00117,S0001469,2025-03-25 20:59:21,product_view,Product,P0052,Tablet,Google
E00006340,C00117,S0001469,2025-03-25 21:02:57,review_view,Reviews,P0067,Tablet,Google
E00006341,C00117,S0001470,2025-04-29 06:24:36,page_view,Home,,Mobile,Bing
E00006342,C00117,S0001470,2025-04-29 06:28:22,search,Search,,Mobile,Bing
E00006343,C00117,S0001470,2025-04-29 06:31:11,page_view,Category,,Mobile,Bing
E00006344,C00117,S0001471,2025-12-09 06:04:45,page_view,Home,,Desktop,Instagram
E00006345,C00117,S0001471,2025-12-09 06:06:00,search,Search,,Desktop,Instagram
E00006346,C00117,S0001471,2025-12-09 06:07:16,page_view,Category,,Desktop,Instagram
E00006347,C00117,S0001471,2025-12-09 06:08:43,product_view,Product,P0048,Desktop,Instagram
E00006348,C00117,S0001471,2025-12-09 06:12:07,review_view,Reviews,P0047,Desktop,Instagram
E00006349,C00117,S0001471,2025-12-09 06:15:42,add_to_cart,Cart,P0052,Desktop,Instagram
E00006350,C00117,S0001472,2026-04-05 18:31:42,page_view,Home,,Mobile,Bing
E00006351,C00117,S0001473,2025-08-30 08:02:34,page_view,Home,,Mobile,Facebook
E00006352,C00117,S0001474,2025-12-09 20:29:12,page_view,Home,,Mobile,Affiliate
E00006353,C00117,S0001474,2025-12-09 20:31:54,search,Search,,Mobile,Affiliate
E00006354,C00117,S0001474,2025-12-09 20:34:56,page_view,Category,,Mobile,Affiliate
E00006355,C00117,S0001474,2025-12-09 20:37:54,product_view,Product,P0009,Mobile,Affiliate
E00006356,C00117,S0001474,2025-12-09 20:41:21,add_to_cart,Cart,P0052,Mobile,Affiliate
E00006357,C00117,S0001474,2025-12-09 20:44:29,checkout_start,Checkout,P0023,Mobile,Affiliate
E00006358,C00117,S0001474,2025-12-09 20:47:58,purchase,Checkout,P0067,Mobile,Affiliate
E00006359,C00117,S0001475,2026-05-20 22:12:49,page_view,Home,,Mobile,Affiliate
E00006360,C00117,S0001476,2025-01-31 09:43:58,page_view,Home,,Mobile,Direct
E00006361,C00117,S0001476,2025-01-31 09:44:53,search,Search,,Mobile,Direct
E00006362,C00117,S0001476,2025-01-31 09:48:49,page_view,Category,,Mobile,Direct
E00006363,C00117,S0001476,2025-01-31 09:52:04,product_view,Product,P0052,Mobile,Direct
E00006364,C00117,S0001476,2025-01-31 09:53:55,review_view,Reviews,P0009,Mobile,Direct
E00006365,C00117,S0001476,2025-01-31 09:55:00,add_to_cart,Cart,P0023,Mobile,Direct
E00006366,C00117,S0001477,2025-07-28 11:50:36,page_view,Home,,Desktop,Google
E00006367,C00117,S0001477,2025-07-28 11:52:07,search,Search,,Desktop,Google
E00006368,C00117,S0001477,2025-07-28 11:53:45,page_view,Category,,Desktop,Google
E00006369,C00117,S0001477,2025-07-28 11:56:43,product_view,Product,P0067,Desktop,Google
E00006370,C00117,S0001477,2025-07-28 11:58:52,add_to_cart,Cart,P0047,Desktop,Google
E00006371,C00117,S0001477,2025-07-28 12:02:06,checkout_start,Checkout,P0067,Desktop,Google
E00006372,C00117,S0001477,2025-07-28 12:05:39,purchase,Checkout,P0047,Desktop,Google
E00006373,C00117,S0001478,2026-01-17 17:50:50,page_view,Home,,Mobile,Facebook
E00006374,C00117,S0001478,2026-01-17 17:54:28,search,Search,,Mobile,Facebook
E00006375,C00117,S0001478,2026-01-17 17:55:15,page_view,Category,,Mobile,Facebook
E00006376,C00117,S0001478,2026-01-17 17:56:30,product_view,Product,P0067,Mobile,Facebook
E00006377,C00117,S0001478,2026-01-17 17:57:48,review_view,Reviews,P0022,Mobile,Facebook
E00006378,C00117,S0001478,2026-01-17 17:58:16,add_to_cart,Cart,P0022,Mobile,Facebook
E00006379,C00117,S0001479,2026-05-20 07:56:17,page_view,Home,,Mobile,Google
E00006380,C00117,S0001479,2026-05-20 07:58:42,search,Search,,Mobile,Google
E00006381,C00117,S0001479,2026-05-20 08:00:40,page_view,Category,,Mobile,Google
E00006382,C00117,S0001479,2026-05-20 08:01:27,product_view,Product,P0051,Mobile,Google
E00006383,C00117,S0001479,2026-05-20 08:03:17,review_view,Reviews,P0067,Mobile,Google
E00006384,C00117,S0001479,2026-05-20 08:07:07,add_to_cart,Cart,P0052,Mobile,Google
E00006385,C00117,S0001480,2025-05-01 03:46:45,page_view,Home,,Mobile,Email
E00006386,C00117,S0001480,2025-05-01 03:47:47,search,Search,,Mobile,Email
E00006387,C00117,S0001481,2025-08-15 01:07:12,page_view,Home,,Mobile,Google
E00006388,C00117,S0001481,2025-08-15 01:10:32,search,Search,,Mobile,Google
E00006389,C00117,S0001481,2025-08-15 01:12:52,page_view,Category,,Mobile,Google
E00006390,C00117,S0001481,2025-08-15 01:16:01,product_view,Product,P0023,Mobile,Google
E00006391,C00117,S0001481,2025-08-15 01:18:38,review_view,Reviews,P0023,Mobile,Google
E00006392,C00117,S0001481,2025-08-15 01:21:28,add_to_cart,Cart,P0048,Mobile,Google
E00006393,C00117,S0001482,2025-06-06 18:40:28,page_view,Home,,Desktop,Google
E00006394,C00117,S0001482,2025-06-06 18:41:06,search,Search,,Desktop,Google
E00006395,C00117,S0001482,2025-06-06 18:41:26,page_view,Category,,Desktop,Google
E00006396,C00117,S0001482,2025-06-06 18:45:23,product_view,Product,P0067,Desktop,Google
E00006397,C00117,S0001483,2025-08-10 03:05:13,page_view,Home,,Desktop,Bing
E00006398,C00117,S0001483,2025-08-10 03:06:37,search,Search,,Desktop,Bing
E00006399,C00117,S0001484,2026-01-07 05:28:19,page_view,Home,,Mobile,Facebook
E00006400,C00117,S0001484,2026-01-07 05:32:05,search,Search,,Mobile,Facebook
E00006401,C00117,S0001485,2025-02-07 20:02:50,page_view,Home,,Mobile,Affiliate
E00006402,C00117,S0001485,2025-02-07 20:04:51,search,Search,,Mobile,Affiliate
E00006403,C00117,S0001485,2025-02-07 20:07:55,page_view,Category,,Mobile,Affiliate
E00006404,C00117,S0001486,2025-06-28 17:52:23,page_view,Home,,Desktop,Affiliate
E00006405,C00117,S0001486,2025-06-28 17:53:56,search,Search,,Desktop,Affiliate
E00006406,C00117,S0001486,2025-06-28 17:54:22,page_view,Category,,Desktop,Affiliate
E00006407,C00117,S0001486,2025-06-28 17:55:12,product_view,Product,P0051,Desktop,Affiliate
E00006408,C00117,S0001486,2025-06-28 17:56:52,review_view,Reviews,P0051,Desktop,Affiliate
E00006409,C00118,S0001487,2025-04-23 00:43:12,page_view,Home,,Mobile,Facebook
E00006410,C00118,S0001488,2026-01-18 11:05:09,page_view,Home,,Desktop,Google
E00006411,C00118,S0001488,2026-01-18 11:09:03,search,Search,,Desktop,Google
E00006412,C00118,S0001488,2026-01-18 11:09:57,page_view,Category,,Desktop,Google
E00006413,C00118,S0001488,2026-01-18 11:11:00,product_view,Product,P0065,Desktop,Google
E00006414,C00118,S0001488,2026-01-18 11:11:22,review_view,Reviews,P0016,Desktop,Google
E00006415,C00118,S0001489,2025-06-23 15:14:11,page_view,Home,,Mobile,Bing
E00006416,C00118,S0001490,2025-05-25 23:50:25,page_view,Home,,Desktop,Affiliate
E00006417,C00118,S0001490,2025-05-25 23:53:29,search,Search,,Desktop,Affiliate
E00006418,C00118,S0001490,2025-05-25 23:54:15,page_view,Category,,Desktop,Affiliate
E00006419,C00118,S0001490,2025-05-25 23:58:09,product_view,Product,P0079,Desktop,Affiliate
E00006420,C00118,S0001490,2025-05-26 00:01:02,add_to_cart,Cart,P0031,Desktop,Affiliate
E00006421,C00118,S0001490,2025-05-26 00:02:02,checkout_start,Checkout,P0033,Desktop,Affiliate
E00006422,C00118,S0001490,2025-05-26 00:03:36,purchase,Checkout,P0079,Desktop,Affiliate
E00006423,C00118,S0001491,2025-06-20 20:57:09,page_view,Home,,Mobile,Email
E00006424,C00118,S0001492,2025-03-23 22:06:06,page_view,Home,,Mobile,Direct
E00006425,C00118,S0001493,2026-05-12 15:32:40,page_view,Home,,Mobile,Affiliate
E00006426,C00118,S0001493,2026-05-12 15:32:52,search,Search,,Mobile,Affiliate
E00006427,C00118,S0001493,2026-05-12 15:34:05,page_view,Category,,Mobile,Affiliate
E00006428,C00118,S0001493,2026-05-12 15:35:07,product_view,Product,P0079,Mobile,Affiliate
E00006429,C00118,S0001493,2026-05-12 15:35:17,review_view,Reviews,P0031,Mobile,Affiliate
E00006430,C00118,S0001494,2025-09-15 10:10:17,page_view,Home,,Mobile,Direct
E00006431,C00118,S0001494,2025-09-15 10:12:07,search,Search,,Mobile,Direct
E00006432,C00118,S0001494,2025-09-15 10:13:24,page_view,Category,,Mobile,Direct
E00006433,C00118,S0001494,2025-09-15 10:16:02,product_view,Product,P0033,Mobile,Direct
E00006434,C00118,S0001494,2025-09-15 10:16:13,review_view,Reviews,P0016,Mobile,Direct
E00006435,C00118,S0001494,2025-09-15 10:19:18,add_to_cart,Cart,P0045,Mobile,Direct
E00006436,C00118,S0001494,2025-09-15 10:20:41,checkout_start,Checkout,P0031,Mobile,Direct
E00006437,C00118,S0001494,2025-09-15 10:24:12,purchase,Checkout,P0065,Mobile,Direct
E00006438,C00118,S0001495,2025-08-24 20:08:27,page_view,Home,,Desktop,Instagram
E00006439,C00118,S0001496,2025-08-08 05:11:54,page_view,Home,,Desktop,Facebook
E00006440,C00118,S0001496,2025-08-08 05:14:34,search,Search,,Desktop,Facebook
E00006441,C00118,S0001496,2025-08-08 05:15:17,page_view,Category,,Desktop,Facebook
E00006442,C00118,S0001496,2025-08-08 05:16:42,product_view,Product,P0016,Desktop,Facebook
E00006443,C00118,S0001496,2025-08-08 05:17:22,review_view,Reviews,P0031,Desktop,Facebook
E00006444,C00118,S0001497,2025-03-11 11:37:08,page_view,Home,,Tablet,Instagram
E00006445,C00118,S0001497,2025-03-11 11:39:44,search,Search,,Tablet,Instagram
E00006446,C00118,S0001497,2025-03-11 11:42:54,page_view,Category,,Tablet,Instagram
E00006447,C00118,S0001497,2025-03-11 11:44:50,product_view,Product,P0016,Tablet,Instagram
E00006448,C00118,S0001497,2025-03-11 11:48:07,review_view,Reviews,P0065,Tablet,Instagram
E00006449,C00118,S0001497,2025-03-11 11:51:34,add_to_cart,Cart,P0030,Tablet,Instagram
E00006450,C00118,S0001498,2025-05-09 12:01:52,page_view,Home,,Mobile,Affiliate
E00006451,C00118,S0001498,2025-05-09 12:05:00,search,Search,,Mobile,Affiliate
E00006452,C00118,S0001498,2025-05-09 12:05:51,page_view,Category,,Mobile,Affiliate
E00006453,C00118,S0001498,2025-05-09 12:06:35,product_view,Product,P0065,Mobile,Affiliate
E00006454,C00118,S0001498,2025-05-09 12:10:08,review_view,Reviews,P0045,Mobile,Affiliate
E00006455,C00118,S0001498,2025-05-09 12:10:30,add_to_cart,Cart,P0031,Mobile,Affiliate
E00006456,C00118,S0001499,2025-11-20 19:58:49,page_view,Home,,Mobile,Bing
E00006457,C00118,S0001499,2025-11-20 20:00:28,search,Search,,Mobile,Bing
E00006458,C00118,S0001500,2026-06-22 09:54:19,page_view,Home,,Desktop,Bing
E00006459,C00118,S0001500,2026-06-22 09:56:12,search,Search,,Desktop,Bing
E00006460,C00118,S0001500,2026-06-22 09:57:06,page_view,Category,,Desktop,Bing
E00006461,C00118,S0001500,2026-06-22 09:58:43,product_view,Product,P0065,Desktop,Bing
E00006462,C00118,S0001500,2026-06-22 10:02:35,review_view,Reviews,P0065,Desktop,Bing
E00006463,C00118,S0001501,2025-06-17 21:45:02,page_view,Home,,Mobile,Bing
E00006464,C00118,S0001501,2025-06-17 21:45:52,search,Search,,Mobile,Bing
E00006465,C00118,S0001501,2025-06-17 21:49:31,page_view,Category,,Mobile,Bing
E00006466,C00118,S0001502,2025-08-21 11:40:46,page_view,Home,,Mobile,Instagram
E00006467,C00118,S0001502,2025-08-21 11:43:15,search,Search,,Mobile,Instagram
E00006468,C00118,S0001502,2025-08-21 11:45:46,page_view,Category,,Mobile,Instagram
E00006469,C00118,S0001502,2025-08-21 11:48:13,product_view,Product,P0030,Mobile,Instagram
E00006470,C00118,S0001503,2025-09-29 01:28:26,page_view,Home,,Mobile,Facebook
E00006471,C00118,S0001503,2025-09-29 01:29:36,search,Search,,Mobile,Facebook
E00006472,C00118,S0001504,2025-03-18 09:18:46,page_view,Home,,Desktop,Email
E00006473,C00118,S0001504,2025-03-18 09:18:57,search,Search,,Desktop,Email
E00006474,C00118,S0001504,2025-03-18 09:22:07,page_view,Category,,Desktop,Email
E00006475,C00118,S0001504,2025-03-18 09:25:31,product_view,Product,P0045,Desktop,Email
E00006476,C00118,S0001504,2025-03-18 09:27:41,review_view,Reviews,P0016,Desktop,Email
E00006477,C00118,S0001504,2025-03-18 09:31:25,add_to_cart,Cart,P0045,Desktop,Email
E00006478,C00119,S0001505,2026-03-29 04:48:16,page_view,Home,,Mobile,Affiliate
E00006479,C00119,S0001505,2026-03-29 04:51:23,search,Search,,Mobile,Affiliate
E00006480,C00119,S0001506,2026-03-25 13:17:51,page_view,Home,,Mobile,Email
E00006481,C00119,S0001506,2026-03-25 13:20:25,search,Search,,Mobile,Email
E00006482,C00119,S0001506,2026-03-25 13:22:19,page_view,Category,,Mobile,Email
E00006483,C00119,S0001506,2026-03-25 13:24:22,product_view,Product,P0044,Mobile,Email
E00006484,C00119,S0001506,2026-03-25 13:26:25,review_view,Reviews,P0056,Mobile,Email
E00006485,C00119,S0001507,2026-06-11 22:08:39,page_view,Home,,Desktop,Email
E00006486,C00119,S0001507,2026-06-11 22:11:20,search,Search,,Desktop,Email
E00006487,C00119,S0001507,2026-06-11 22:14:54,page_view,Category,,Desktop,Email
E00006488,C00119,S0001507,2026-06-11 22:17:24,product_view,Product,P0027,Desktop,Email
E00006489,C00119,S0001507,2026-06-11 22:17:38,review_view,Reviews,P0077,Desktop,Email
E00006490,C00119,S0001507,2026-06-11 22:19:06,add_to_cart,Cart,P0044,Desktop,Email
E00006491,C00119,S0001507,2026-06-11 22:21:15,checkout_start,Checkout,P0056,Desktop,Email
E00006492,C00119,S0001507,2026-06-11 22:22:01,purchase,Checkout,P0056,Desktop,Email
E00006493,C00119,S0001508,2026-03-14 11:50:26,page_view,Home,,Mobile,Instagram
E00006494,C00119,S0001508,2026-03-14 11:52:56,search,Search,,Mobile,Instagram
E00006495,C00119,S0001508,2026-03-14 11:55:31,page_view,Category,,Mobile,Instagram
E00006496,C00119,S0001508,2026-03-14 11:59:29,product_view,Product,P0044,Mobile,Instagram
E00006497,C00119,S0001508,2026-03-14 12:01:54,review_view,Reviews,P0061,Mobile,Instagram
E00006498,C00119,S0001509,2026-05-07 01:26:04,page_view,Home,,Mobile,Google
E00006499,C00119,S0001509,2026-05-07 01:26:43,search,Search,,Mobile,Google
E00006500,C00119,S0001509,2026-05-07 01:30:11,page_view,Category,,Mobile,Google
E00006501,C00119,S0001509,2026-05-07 01:31:13,product_view,Product,P0027,Mobile,Google
E00006502,C00119,S0001509,2026-05-07 01:33:00,review_view,Reviews,P0077,Mobile,Google
E00006503,C00119,S0001509,2026-05-07 01:35:23,add_to_cart,Cart,P0061,Mobile,Google
E00006504,C00119,S0001509,2026-05-07 01:38:51,checkout_start,Checkout,P0056,Mobile,Google
E00006505,C00119,S0001509,2026-05-07 01:39:16,purchase,Checkout,P0024,Mobile,Google
E00006506,C00119,S0001510,2026-05-20 07:10:39,page_view,Home,,Desktop,Google
E00006507,C00119,S0001510,2026-05-20 07:12:58,search,Search,,Desktop,Google
E00006508,C00120,S0001511,2026-06-04 21:23:02,page_view,Home,,Desktop,Instagram
E00006509,C00120,S0001511,2026-06-04 21:24:51,search,Search,,Desktop,Instagram
E00006510,C00120,S0001511,2026-06-04 21:25:28,page_view,Category,,Desktop,Instagram
E00006511,C00120,S0001511,2026-06-04 21:28:47,product_view,Product,P0014,Desktop,Instagram
E00006512,C00120,S0001511,2026-06-04 21:32:08,review_view,Reviews,P0028,Desktop,Instagram
E00006513,C00120,S0001512,2026-05-16 21:04:01,page_view,Home,,Mobile,Direct
E00006514,C00120,S0001512,2026-05-16 21:05:35,search,Search,,Mobile,Direct
E00006515,C00120,S0001512,2026-05-16 21:08:43,page_view,Category,,Mobile,Direct
E00006516,C00120,S0001512,2026-05-16 21:10:33,product_view,Product,P0074,Mobile,Direct
E00006517,C00120,S0001512,2026-05-16 21:10:55,review_view,Reviews,P0074,Mobile,Direct
E00006518,C00120,S0001512,2026-05-16 21:14:25,add_to_cart,Cart,P0073,Mobile,Direct
E00006519,C00120,S0001513,2026-01-03 07:44:31,page_view,Home,,Mobile,Facebook
E00006520,C00120,S0001513,2026-01-03 07:46:11,search,Search,,Mobile,Facebook
E00006521,C00120,S0001513,2026-01-03 07:50:06,page_view,Category,,Mobile,Facebook
E00006522,C00120,S0001513,2026-01-03 07:53:48,product_view,Product,P0017,Mobile,Facebook
E00006523,C00120,S0001514,2026-06-02 13:20:47,page_view,Home,,Mobile,Facebook
E00006524,C00120,S0001514,2026-06-02 13:22:38,search,Search,,Mobile,Facebook
E00006525,C00120,S0001514,2026-06-02 13:24:59,page_view,Category,,Mobile,Facebook
E00006526,C00120,S0001514,2026-06-02 13:27:55,product_view,Product,P0014,Mobile,Facebook
E00006527,C00120,S0001514,2026-06-02 13:30:24,review_view,Reviews,P0071,Mobile,Facebook
E00006528,C00120,S0001515,2026-01-23 08:36:14,page_view,Home,,Desktop,Direct
E00006529,C00120,S0001515,2026-01-23 08:40:13,search,Search,,Desktop,Direct
E00006530,C00120,S0001515,2026-01-23 08:42:48,page_view,Category,,Desktop,Direct
E00006531,C00120,S0001515,2026-01-23 08:43:00,product_view,Product,P0066,Desktop,Direct
E00006532,C00120,S0001515,2026-01-23 08:43:11,review_view,Reviews,P0057,Desktop,Direct
E00006533,C00120,S0001515,2026-01-23 08:44:21,add_to_cart,Cart,P0057,Desktop,Direct
E00006534,C00120,S0001516,2026-02-05 22:27:28,page_view,Home,,Desktop,Affiliate
E00006535,C00120,S0001516,2026-02-05 22:31:08,search,Search,,Desktop,Affiliate
E00006536,C00120,S0001516,2026-02-05 22:32:34,page_view,Category,,Desktop,Affiliate
E00006537,C00120,S0001516,2026-02-05 22:36:04,product_view,Product,P0029,Desktop,Affiliate
E00006538,C00120,S0001516,2026-02-05 22:37:34,review_view,Reviews,P0057,Desktop,Affiliate
E00006539,C00120,S0001517,2026-01-20 11:19:11,page_view,Home,,Mobile,Instagram
E00006540,C00120,S0001517,2026-01-20 11:22:53,search,Search,,Mobile,Instagram
E00006541,C00120,S0001518,2025-12-09 15:33:39,page_view,Home,,Desktop,Bing
E00006542,C00120,S0001519,2026-01-09 10:53:28,page_view,Home,,Tablet,Direct
E00006543,C00120,S0001519,2026-01-09 10:55:18,search,Search,,Tablet,Direct
E00006544,C00120,S0001519,2026-01-09 10:55:35,page_view,Category,,Tablet,Direct
E00006545,C00120,S0001519,2026-01-09 10:59:09,product_view,Product,P0068,Tablet,Direct
E00006546,C00120,S0001519,2026-01-09 11:00:25,review_view,Reviews,P0028,Tablet,Direct
E00006547,C00120,S0001520,2026-03-06 21:08:01,page_view,Home,,Desktop,Facebook
E00006548,C00120,S0001520,2026-03-06 21:10:51,search,Search,,Desktop,Facebook
E00006549,C00120,S0001520,2026-03-06 21:13:44,page_view,Category,,Desktop,Facebook
E00006550,C00120,S0001520,2026-03-06 21:16:55,product_view,Product,P0073,Desktop,Facebook
E00006551,C00120,S0001520,2026-03-06 21:19:30,review_view,Reviews,P0068,Desktop,Facebook
E00006552,C00120,S0001521,2025-10-10 16:51:06,page_view,Home,,Mobile,Instagram
E00006553,C00120,S0001521,2025-10-10 16:53:25,search,Search,,Mobile,Instagram
E00006554,C00120,S0001521,2025-10-10 16:57:13,page_view,Category,,Mobile,Instagram
E00006555,C00120,S0001521,2025-10-10 16:58:43,product_view,Product,P0057,Mobile,Instagram
E00006556,C00120,S0001521,2025-10-10 17:01:02,review_view,Reviews,P0071,Mobile,Instagram
E00006557,C00120,S0001521,2025-10-10 17:02:09,add_to_cart,Cart,P0074,Mobile,Instagram
E00006558,C00120,S0001522,2026-05-25 12:02:48,page_view,Home,,Mobile,Instagram
E00006559,C00120,S0001522,2026-05-25 12:05:12,search,Search,,Mobile,Instagram
E00006560,C00120,S0001522,2026-05-25 12:06:41,page_view,Category,,Mobile,Instagram
E00006561,C00120,S0001522,2026-05-25 12:10:21,product_view,Product,P0028,Mobile,Instagram
E00006562,C00120,S0001523,2026-02-16 01:28:00,page_view,Home,,Mobile,Instagram
E00006563,C00120,S0001523,2026-02-16 01:31:01,search,Search,,Mobile,Instagram
E00006564,C00120,S0001523,2026-02-16 01:31:36,page_view,Category,,Mobile,Instagram
E00006565,C00120,S0001523,2026-02-16 01:35:12,product_view,Product,P0066,Mobile,Instagram
E00006566,C00120,S0001524,2026-05-09 17:01:09,page_view,Home,,Desktop,Affiliate
E00006567,C00120,S0001524,2026-05-09 17:02:08,search,Search,,Desktop,Affiliate
E00006568,C00120,S0001524,2026-05-09 17:03:38,page_view,Category,,Desktop,Affiliate
E00006569,C00120,S0001524,2026-05-09 17:06:36,product_view,Product,P0012,Desktop,Affiliate
E00006570,C00120,S0001524,2026-05-09 17:09:30,review_view,Reviews,P0066,Desktop,Affiliate
E00006571,C00120,S0001524,2026-05-09 17:09:40,add_to_cart,Cart,P0057,Desktop,Affiliate
E00006572,C00120,S0001524,2026-05-09 17:12:00,checkout_start,Checkout,P0060,Desktop,Affiliate
E00006573,C00120,S0001524,2026-05-09 17:13:05,purchase,Checkout,P0041,Desktop,Affiliate
E00006574,C00120,S0001525,2025-12-02 05:24:51,page_view,Home,,Mobile,Bing
E00006575,C00120,S0001525,2025-12-02 05:26:01,search,Search,,Mobile,Bing
E00006576,C00121,S0001526,2026-06-01 21:59:50,page_view,Home,,Mobile,Email
E00006577,C00121,S0001526,2026-06-01 22:03:06,search,Search,,Mobile,Email
E00006578,C00121,S0001526,2026-06-01 22:04:03,page_view,Category,,Mobile,Email
E00006579,C00121,S0001527,2025-11-27 03:13:38,page_view,Home,,Desktop,Affiliate
E00006580,C00121,S0001527,2025-11-27 03:15:28,search,Search,,Desktop,Affiliate
E00006581,C00121,S0001527,2025-11-27 03:16:58,page_view,Category,,Desktop,Affiliate
E00006582,C00121,S0001527,2025-11-27 03:17:58,product_view,Product,P0027,Desktop,Affiliate
E00006583,C00121,S0001527,2025-11-27 03:20:05,review_view,Reviews,P0027,Desktop,Affiliate
E00006584,C00121,S0001528,2026-01-12 12:05:48,page_view,Home,,Mobile,Bing
E00006585,C00121,S0001528,2026-01-12 12:08:54,search,Search,,Mobile,Bing
E00006586,C00121,S0001528,2026-01-12 12:09:17,page_view,Category,,Mobile,Bing
E00006587,C00121,S0001528,2026-01-12 12:10:15,product_view,Product,P0027,Mobile,Bing
E00006588,C00121,S0001528,2026-01-12 12:10:57,review_view,Reviews,P0027,Mobile,Bing
E00006589,C00121,S0001528,2026-01-12 12:12:15,add_to_cart,Cart,P0056,Mobile,Bing
E00006590,C00121,S0001529,2026-04-11 02:46:07,page_view,Home,,Mobile,Direct
E00006591,C00121,S0001529,2026-04-11 02:47:19,search,Search,,Mobile,Direct
E00006592,C00121,S0001529,2026-04-11 02:50:30,page_view,Category,,Mobile,Direct
E00006593,C00121,S0001530,2026-02-03 11:26:39,page_view,Home,,Tablet,Direct
E00006594,C00121,S0001530,2026-02-03 11:26:58,search,Search,,Tablet,Direct
E00006595,C00121,S0001530,2026-02-03 11:27:18,page_view,Category,,Tablet,Direct
E00006596,C00121,S0001531,2026-03-03 04:09:19,page_view,Home,,Mobile,Bing
E00006597,C00121,S0001531,2026-03-03 04:12:51,search,Search,,Mobile,Bing
E00006598,C00121,S0001531,2026-03-03 04:14:33,page_view,Category,,Mobile,Bing
E00006599,C00121,S0001531,2026-03-03 04:17:07,product_view,Product,P0044,Mobile,Bing
E00006600,C00121,S0001531,2026-03-03 04:20:41,add_to_cart,Cart,P0056,Mobile,Bing
E00006601,C00121,S0001531,2026-03-03 04:24:15,checkout_start,Checkout,P0056,Mobile,Bing
E00006602,C00121,S0001531,2026-03-03 04:24:53,purchase,Checkout,P0027,Mobile,Bing
E00006603,C00121,S0001532,2025-09-29 20:04:29,page_view,Home,,Mobile,Affiliate
E00006604,C00121,S0001532,2025-09-29 20:06:41,search,Search,,Mobile,Affiliate
E00006605,C00121,S0001532,2025-09-29 20:09:44,page_view,Category,,Mobile,Affiliate
E00006606,C00121,S0001532,2025-09-29 20:13:01,product_view,Product,P0024,Mobile,Affiliate
E00006607,C00121,S0001533,2026-03-07 11:50:41,page_view,Home,,Mobile,Google
E00006608,C00121,S0001534,2025-10-20 19:43:40,page_view,Home,,Desktop,Bing
E00006609,C00121,S0001534,2025-10-20 19:45:05,search,Search,,Desktop,Bing
E00006610,C00121,S0001534,2025-10-20 19:46:27,page_view,Category,,Desktop,Bing
E00006611,C00121,S0001534,2025-10-20 19:48:24,product_view,Product,P0061,Desktop,Bing
E00006612,C00121,S0001534,2025-10-20 19:51:31,review_view,Reviews,P0044,Desktop,Bing
E00006613,C00121,S0001535,2025-12-10 00:12:10,page_view,Home,,Mobile,Bing
E00006614,C00121,S0001535,2025-12-10 00:13:45,search,Search,,Mobile,Bing
E00006615,C00121,S0001535,2025-12-10 00:14:08,page_view,Category,,Mobile,Bing
E00006616,C00121,S0001535,2025-12-10 00:14:50,product_view,Product,P0056,Mobile,Bing
E00006617,C00121,S0001535,2025-12-10 00:15:54,review_view,Reviews,P0077,Mobile,Bing
E00006618,C00121,S0001535,2025-12-10 00:17:29,add_to_cart,Cart,P0056,Mobile,Bing
E00006619,C00121,S0001536,2025-08-08 18:13:08,page_view,Home,,Mobile,Affiliate
E00006620,C00121,S0001536,2025-08-08 18:16:41,search,Search,,Mobile,Affiliate
E00006621,C00121,S0001536,2025-08-08 18:17:46,page_view,Category,,Mobile,Affiliate
E00006622,C00121,S0001536,2025-08-08 18:18:55,product_view,Product,P0077,Mobile,Affiliate
E00006623,C00121,S0001537,2025-10-14 17:46:48,page_view,Home,,Mobile,Facebook
E00006624,C00121,S0001537,2025-10-14 17:48:05,search,Search,,Mobile,Facebook
E00006625,C00121,S0001537,2025-10-14 17:51:08,page_view,Category,,Mobile,Facebook
E00006626,C00121,S0001537,2025-10-14 17:54:48,product_view,Product,P0056,Mobile,Facebook
E00006627,C00121,S0001538,2025-08-23 01:06:25,page_view,Home,,Desktop,Instagram
E00006628,C00121,S0001538,2025-08-23 01:08:11,search,Search,,Desktop,Instagram
E00006629,C00121,S0001538,2025-08-23 01:11:25,page_view,Category,,Desktop,Instagram
E00006630,C00121,S0001538,2025-08-23 01:14:24,product_view,Product,P0027,Desktop,Instagram
E00006631,C00121,S0001539,2026-03-10 20:32:02,page_view,Home,,Mobile,Direct
E00006632,C00121,S0001540,2026-03-20 13:41:36,page_view,Home,,Mobile,Instagram
E00006633,C00121,S0001540,2026-03-20 13:44:21,search,Search,,Mobile,Instagram
E00006634,C00121,S0001540,2026-03-20 13:44:40,page_view,Category,,Mobile,Instagram
E00006635,C00121,S0001540,2026-03-20 13:46:40,product_view,Product,P0077,Mobile,Instagram
E00006636,C00121,S0001540,2026-03-20 13:48:48,review_view,Reviews,P0024,Mobile,Instagram
E00006637,C00121,S0001540,2026-03-20 13:52:02,add_to_cart,Cart,P0024,Mobile,Instagram
E00006638,C00121,S0001541,2026-01-26 03:56:45,page_view,Home,,Mobile,Google
E00006639,C00121,S0001541,2026-01-26 03:58:14,search,Search,,Mobile,Google
E00006640,C00121,S0001541,2026-01-26 04:01:00,add_to_cart,Cart,P0024,Mobile,Google
E00006641,C00121,S0001541,2026-01-26 04:03:07,checkout_start,Checkout,P0056,Mobile,Google
E00006642,C00121,S0001541,2026-01-26 04:05:50,purchase,Checkout,P0056,Mobile,Google
E00006643,C00122,S0001542,2024-11-19 04:13:13,page_view,Home,,Mobile,Google
E00006644,C00122,S0001542,2024-11-19 04:14:23,search,Search,,Mobile,Google
E00006645,C00122,S0001542,2024-11-19 04:17:46,page_view,Category,,Mobile,Google
E00006646,C00122,S0001543,2026-05-08 08:27:47,page_view,Home,,Desktop,Affiliate
E00006647,C00122,S0001543,2026-05-08 08:28:37,search,Search,,Desktop,Affiliate
E00006648,C00122,S0001543,2026-05-08 08:31:14,page_view,Category,,Desktop,Affiliate
E00006649,C00122,S0001543,2026-05-08 08:33:00,product_view,Product,P0011,Desktop,Affiliate
E00006650,C00122,S0001543,2026-05-08 08:33:38,review_view,Reviews,P0001,Desktop,Affiliate
E00006651,C00122,S0001544,2025-05-16 08:10:23,page_view,Home,,Mobile,Instagram
E00006652,C00122,S0001544,2025-05-16 08:14:14,add_to_cart,Cart,P0002,Mobile,Instagram
E00006653,C00122,S0001544,2025-05-16 08:18:13,checkout_start,Checkout,P0011,Mobile,Instagram
E00006654,C00122,S0001544,2025-05-16 08:22:09,purchase,Checkout,P0011,Mobile,Instagram
E00006655,C00122,S0001545,2025-11-10 08:32:51,page_view,Home,,Mobile,Instagram
E00006656,C00122,S0001545,2025-11-10 08:33:14,search,Search,,Mobile,Instagram
E00006657,C00122,S0001545,2025-11-10 08:34:44,page_view,Category,,Mobile,Instagram
E00006658,C00122,S0001545,2025-11-10 08:36:07,product_view,Product,P0050,Mobile,Instagram
E00006659,C00122,S0001545,2025-11-10 08:38:22,review_view,Reviews,P0072,Mobile,Instagram
E00006660,C00122,S0001546,2024-11-22 19:59:09,page_view,Home,,Mobile,Google
E00006661,C00122,S0001546,2024-11-22 20:02:08,search,Search,,Mobile,Google
E00006662,C00122,S0001546,2024-11-22 20:04:30,page_view,Category,,Mobile,Google
E00006663,C00122,S0001546,2024-11-22 20:08:12,product_view,Product,P0001,Mobile,Google
E00006664,C00122,S0001546,2024-11-22 20:08:42,review_view,Reviews,P0019,Mobile,Google
E00006665,C00122,S0001546,2024-11-22 20:10:39,add_to_cart,Cart,P0002,Mobile,Google
E00006666,C00122,S0001546,2024-11-22 20:14:39,checkout_start,Checkout,P0049,Mobile,Google
E00006667,C00122,S0001546,2024-11-22 20:15:55,purchase,Checkout,P0069,Mobile,Google
E00006668,C00122,S0001547,2026-05-26 15:17:45,page_view,Home,,Mobile,Bing
E00006669,C00122,S0001547,2026-05-26 15:19:39,search,Search,,Mobile,Bing
E00006670,C00122,S0001547,2026-05-26 15:19:52,page_view,Category,,Mobile,Bing
E00006671,C00122,S0001548,2026-01-07 15:12:08,page_view,Home,,Desktop,Email
E00006672,C00122,S0001548,2026-01-07 15:14:10,search,Search,,Desktop,Email
E00006673,C00122,S0001548,2026-01-07 15:14:59,page_view,Category,,Desktop,Email
E00006674,C00122,S0001548,2026-01-07 15:18:06,product_view,Product,P0038,Desktop,Email
E00006675,C00122,S0001548,2026-01-07 15:21:45,review_view,Reviews,P0050,Desktop,Email
E00006676,C00122,S0001548,2026-01-07 15:22:40,add_to_cart,Cart,P0053,Desktop,Email
E00006677,C00122,S0001549,2025-09-20 07:57:40,page_view,Home,,Mobile,Instagram
E00006678,C00122,S0001549,2025-09-20 08:00:07,search,Search,,Mobile,Instagram
E00006679,C00122,S0001549,2025-09-20 08:01:23,page_view,Category,,Mobile,Instagram
E00006680,C00122,S0001549,2025-09-20 08:01:36,product_view,Product,P0072,Mobile,Instagram
E00006681,C00123,S0001550,2026-05-20 09:55:51,page_view,Home,,Mobile,Email
E00006682,C00123,S0001550,2026-05-20 09:57:52,search,Search,,Mobile,Email
E00006683,C00123,S0001550,2026-05-20 09:58:24,page_view,Category,,Mobile,Email
E00006684,C00123,S0001550,2026-05-20 09:59:10,product_view,Product,P0080,Mobile,Email
E00006685,C00123,S0001551,2026-02-01 22:07:08,page_view,Home,,Mobile,Google
E00006686,C00123,S0001551,2026-02-01 22:09:31,search,Search,,Mobile,Google
E00006687,C00123,S0001551,2026-02-01 22:09:56,page_view,Category,,Mobile,Google
E00006688,C00123,S0001551,2026-02-01 22:13:29,product_view,Product,P0011,Mobile,Google
E00006689,C00123,S0001552,2026-02-13 05:23:41,page_view,Home,,Mobile,Affiliate
E00006690,C00123,S0001552,2026-02-13 05:25:27,search,Search,,Mobile,Affiliate
E00006691,C00123,S0001552,2026-02-13 05:26:42,page_view,Category,,Mobile,Affiliate
E00006692,C00123,S0001552,2026-02-13 05:27:22,product_view,Product,P0072,Mobile,Affiliate
E00006693,C00123,S0001552,2026-02-13 05:27:38,review_view,Reviews,P0001,Mobile,Affiliate
E00006694,C00123,S0001552,2026-02-13 05:29:15,add_to_cart,Cart,P0026,Mobile,Affiliate
E00006695,C00123,S0001553,2026-01-24 02:46:05,page_view,Home,,Mobile,Instagram
E00006696,C00123,S0001553,2026-01-24 02:49:18,search,Search,,Mobile,Instagram
E00006697,C00123,S0001553,2026-01-24 02:51:09,page_view,Category,,Mobile,Instagram
E00006698,C00123,S0001553,2026-01-24 02:53:37,product_view,Product,P0080,Mobile,Instagram
E00006699,C00123,S0001553,2026-01-24 02:53:49,review_view,Reviews,P0026,Mobile,Instagram
E00006700,C00123,S0001554,2024-11-22 23:23:28,page_view,Home,,Mobile,Email
E00006701,C00123,S0001554,2024-11-22 23:27:12,search,Search,,Mobile,Email
E00006702,C00123,S0001554,2024-11-22 23:28:56,page_view,Category,,Mobile,Email
E00006703,C00123,S0001554,2024-11-22 23:31:48,product_view,Product,P0006,Mobile,Email
E00006704,C00123,S0001555,2025-02-01 17:01:51,page_view,Home,,Mobile,Google
E00006705,C00123,S0001555,2025-02-01 17:05:16,search,Search,,Mobile,Google
E00006706,C00123,S0001555,2025-02-01 17:06:33,page_view,Category,,Mobile,Google
E00006707,C00123,S0001555,2025-02-01 17:07:17,product_view,Product,P0053,Mobile,Google
E00006708,C00123,S0001555,2025-02-01 17:08:27,review_view,Reviews,P0053,Mobile,Google
E00006709,C00123,S0001556,2025-06-10 03:02:16,page_view,Home,,Mobile,Facebook
E00006710,C00123,S0001556,2025-06-10 03:05:03,search,Search,,Mobile,Facebook
E00006711,C00123,S0001556,2025-06-10 03:07:35,page_view,Category,,Mobile,Facebook
E00006712,C00123,S0001556,2025-06-10 03:10:39,product_view,Product,P0038,Mobile,Facebook
E00006713,C00123,S0001556,2025-06-10 03:13:11,review_view,Reviews,P0001,Mobile,Facebook
E00006714,C00123,S0001556,2025-06-10 03:15:34,add_to_cart,Cart,P0072,Mobile,Facebook
E00006715,C00123,S0001557,2024-09-09 04:20:44,page_view,Home,,Desktop,Affiliate
E00006716,C00123,S0001557,2024-09-09 04:22:58,search,Search,,Desktop,Affiliate
E00006717,C00123,S0001557,2024-09-09 04:26:51,page_view,Category,,Desktop,Affiliate
E00006718,C00123,S0001557,2024-09-09 04:30:50,product_view,Product,P0007,Desktop,Affiliate
E00006719,C00123,S0001558,2025-09-17 06:14:44,page_view,Home,,Mobile,Direct
E00006720,C00123,S0001559,2025-06-26 02:08:55,page_view,Home,,Tablet,Facebook
E00006721,C00123,S0001559,2025-06-26 02:12:12,search,Search,,Tablet,Facebook
E00006722,C00123,S0001559,2025-06-26 02:14:15,page_view,Category,,Tablet,Facebook
E00006723,C00123,S0001560,2026-05-11 13:49:07,page_view,Home,,Desktop,Instagram
E00006724,C00123,S0001560,2026-05-11 13:52:08,search,Search,,Desktop,Instagram
E00006725,C00123,S0001560,2026-05-11 13:52:31,page_view,Category,,Desktop,Instagram
E00006726,C00123,S0001560,2026-05-11 13:54:04,product_view,Product,P0006,Desktop,Instagram
E00006727,C00123,S0001560,2026-05-11 13:54:37,add_to_cart,Cart,P0002,Desktop,Instagram
E00006728,C00123,S0001560,2026-05-11 13:58:19,checkout_start,Checkout,P0001,Desktop,Instagram
E00006729,C00123,S0001560,2026-05-11 13:58:42,purchase,Checkout,P0078,Desktop,Instagram
E00006730,C00123,S0001561,2024-10-29 03:52:04,page_view,Home,,Mobile,Google
E00006731,C00123,S0001561,2024-10-29 03:53:49,search,Search,,Mobile,Google
E00006732,C00123,S0001561,2024-10-29 03:54:11,page_view,Category,,Mobile,Google
E00006733,C00123,S0001561,2024-10-29 03:54:59,product_view,Product,P0053,Mobile,Google
E00006734,C00123,S0001562,2025-06-29 20:38:11,page_view,Home,,Desktop,Google
E00006735,C00123,S0001562,2025-06-29 20:41:15,search,Search,,Desktop,Google
E00006736,C00123,S0001562,2025-06-29 20:44:03,page_view,Category,,Desktop,Google
E00006737,C00123,S0001562,2025-06-29 20:44:57,product_view,Product,P0002,Desktop,Google
E00006738,C00123,S0001563,2024-11-29 00:27:49,page_view,Home,,Desktop,Instagram
E00006739,C00123,S0001563,2024-11-29 00:30:38,search,Search,,Desktop,Instagram
E00006740,C00123,S0001563,2024-11-29 00:34:10,page_view,Category,,Desktop,Instagram
E00006741,C00123,S0001563,2024-11-29 00:36:54,product_view,Product,P0078,Desktop,Instagram
E00006742,C00123,S0001563,2024-11-29 00:38:12,review_view,Reviews,P0072,Desktop,Instagram
E00006743,C00123,S0001563,2024-11-29 00:41:14,add_to_cart,Cart,P0050,Desktop,Instagram
E00006744,C00123,S0001563,2024-11-29 00:44:07,checkout_start,Checkout,P0036,Desktop,Instagram
E00006745,C00123,S0001563,2024-11-29 00:47:59,purchase,Checkout,P0069,Desktop,Instagram
E00006746,C00123,S0001564,2025-08-02 21:43:30,page_view,Home,,Desktop,Bing
E00006747,C00123,S0001564,2025-08-02 21:46:54,search,Search,,Desktop,Bing
E00006748,C00123,S0001564,2025-08-02 21:47:46,page_view,Category,,Desktop,Bing
E00006749,C00123,S0001564,2025-08-02 21:49:24,product_view,Product,P0011,Desktop,Bing
E00006750,C00123,S0001564,2025-08-02 21:51:12,review_view,Reviews,P0038,Desktop,Bing
E00006751,C00123,S0001564,2025-08-02 21:54:13,add_to_cart,Cart,P0019,Desktop,Bing
E00006752,C00123,S0001565,2024-11-03 10:15:32,page_view,Home,,Mobile,Affiliate
E00006753,C00123,S0001566,2025-12-02 10:37:49,page_view,Home,,Desktop,Bing
E00006754,C00123,S0001567,2025-03-18 08:44:33,page_view,Home,,Mobile,Google
E00006755,C00123,S0001567,2025-03-18 08:46:36,search,Search,,Mobile,Google
E00006756,C00123,S0001567,2025-03-18 08:50:08,page_view,Category,,Mobile,Google
E00006757,C00123,S0001567,2025-03-18 08:52:06,product_view,Product,P0063,Mobile,Google
E00006758,C00123,S0001568,2026-04-17 22:11:27,page_view,Home,,Desktop,Instagram
E00006759,C00123,S0001568,2026-04-17 22:11:38,search,Search,,Desktop,Instagram
E00006760,C00123,S0001568,2026-04-17 22:15:22,page_view,Category,,Desktop,Instagram
E00006761,C00123,S0001568,2026-04-17 22:17:47,product_view,Product,P0050,Desktop,Instagram
E00006762,C00123,S0001569,2025-08-24 18:07:22,page_view,Home,,Mobile,Facebook
E00006763,C00123,S0001569,2025-08-24 18:07:43,search,Search,,Mobile,Facebook
E00006764,C00123,S0001569,2025-08-24 18:11:17,page_view,Category,,Mobile,Facebook
E00006765,C00123,S0001569,2025-08-24 18:12:59,product_view,Product,P0080,Mobile,Facebook
E00006766,C00123,S0001569,2025-08-24 18:14:25,review_view,Reviews,P0063,Mobile,Facebook
E00006767,C00124,S0001570,2026-03-14 18:32:37,page_view,Home,,Mobile,Facebook
E00006768,C00124,S0001571,2025-05-06 12:18:45,page_view,Home,,Desktop,Affiliate
E00006769,C00124,S0001571,2025-05-06 12:20:48,search,Search,,Desktop,Affiliate
E00006770,C00124,S0001571,2025-05-06 12:22:03,page_view,Category,,Desktop,Affiliate
E00006771,C00124,S0001571,2025-05-06 12:23:20,product_view,Product,P0043,Desktop,Affiliate
E00006772,C00124,S0001571,2025-05-06 12:23:36,add_to_cart,Cart,P0070,Desktop,Affiliate
E00006773,C00124,S0001571,2025-05-06 12:26:24,checkout_start,Checkout,P0070,Desktop,Affiliate
E00006774,C00124,S0001571,2025-05-06 12:28:56,purchase,Checkout,P0046,Desktop,Affiliate
E00006775,C00124,S0001572,2025-05-04 06:42:19,page_view,Home,,Mobile,Instagram
E00006776,C00124,S0001572,2025-05-04 06:45:00,search,Search,,Mobile,Instagram
E00006777,C00124,S0001573,2025-01-21 03:34:38,page_view,Home,,Tablet,Affiliate
E00006778,C00124,S0001573,2025-01-21 03:36:23,search,Search,,Tablet,Affiliate
E00006779,C00124,S0001573,2025-01-21 03:39:57,page_view,Category,,Tablet,Affiliate
E00006780,C00124,S0001573,2025-01-21 03:43:04,product_view,Product,P0018,Tablet,Affiliate
E00006781,C00124,S0001573,2025-01-21 03:45:30,review_view,Reviews,P0039,Tablet,Affiliate
E00006782,C00124,S0001573,2025-01-21 03:47:25,add_to_cart,Cart,P0075,Tablet,Affiliate
E00006783,C00124,S0001573,2025-01-21 03:49:23,checkout_start,Checkout,P0059,Tablet,Affiliate
E00006784,C00124,S0001573,2025-01-21 03:52:09,purchase,Checkout,P0059,Tablet,Affiliate
E00006785,C00124,S0001574,2025-08-27 21:45:35,page_view,Home,,Mobile,Email
E00006786,C00124,S0001574,2025-08-27 21:47:30,search,Search,,Mobile,Email
E00006787,C00124,S0001574,2025-08-27 21:48:10,add_to_cart,Cart,P0059,Mobile,Email
E00006788,C00124,S0001574,2025-08-27 21:51:10,checkout_start,Checkout,P0032,Mobile,Email
E00006789,C00124,S0001574,2025-08-27 21:51:33,purchase,Checkout,P0075,Mobile,Email
E00006790,C00124,S0001575,2026-01-09 07:17:39,page_view,Home,,Desktop,Direct
E00006791,C00124,S0001575,2026-01-09 07:21:03,search,Search,,Desktop,Direct
E00006792,C00124,S0001575,2026-01-09 07:21:23,page_view,Category,,Desktop,Direct
E00006793,C00124,S0001575,2026-01-09 07:25:19,product_view,Product,P0020,Desktop,Direct
E00006794,C00124,S0001575,2026-01-09 07:26:06,review_view,Reviews,P0075,Desktop,Direct
E00006795,C00124,S0001576,2025-12-04 09:38:58,page_view,Home,,Desktop,Affiliate
E00006796,C00124,S0001576,2025-12-04 09:39:10,search,Search,,Desktop,Affiliate
E00006797,C00124,S0001577,2025-09-09 12:08:52,page_view,Home,,Desktop,Facebook
E00006798,C00124,S0001577,2025-09-09 12:12:48,search,Search,,Desktop,Facebook
E00006799,C00124,S0001577,2025-09-09 12:15:01,page_view,Category,,Desktop,Facebook
E00006800,C00124,S0001578,2026-04-16 03:46:21,page_view,Home,,Mobile,Email
E00006801,C00124,S0001578,2026-04-16 03:47:43,search,Search,,Mobile,Email
E00006802,C00124,S0001578,2026-04-16 03:49:53,page_view,Category,,Mobile,Email
E00006803,C00124,S0001578,2026-04-16 03:52:57,product_view,Product,P0039,Mobile,Email
E00006804,C00124,S0001578,2026-04-16 03:55:42,review_view,Reviews,P0059,Mobile,Email
E00006805,C00124,S0001578,2026-04-16 03:57:03,add_to_cart,Cart,P0055,Mobile,Email
E00006806,C00124,S0001578,2026-04-16 03:58:31,checkout_start,Checkout,P0046,Mobile,Email
E00006807,C00124,S0001578,2026-04-16 03:58:42,purchase,Checkout,P0039,Mobile,Email
E00006808,C00124,S0001579,2025-03-29 21:17:59,page_view,Home,,Mobile,Affiliate
E00006809,C00124,S0001579,2025-03-29 21:19:13,search,Search,,Mobile,Affiliate
E00006810,C00124,S0001580,2026-01-30 06:35:20,page_view,Home,,Mobile,Instagram
E00006811,C00124,S0001581,2026-04-03 01:47:34,page_view,Home,,Mobile,Email
E00006812,C00124,S0001581,2026-04-03 01:48:30,search,Search,,Mobile,Email
E00006813,C00124,S0001581,2026-04-03 01:50:28,page_view,Category,,Mobile,Email
E00006814,C00124,S0001581,2026-04-03 01:52:32,product_view,Product,P0046,Mobile,Email
E00006815,C00124,S0001581,2026-04-03 01:55:20,review_view,Reviews,P0059,Mobile,Email
E00006816,C00124,S0001581,2026-04-03 01:57:42,add_to_cart,Cart,P0075,Mobile,Email
E00006817,C00124,S0001582,2026-06-27 16:35:31,page_view,Home,,Mobile,Instagram
E00006818,C00124,S0001582,2026-06-27 16:36:56,search,Search,,Mobile,Instagram
E00006819,C00124,S0001582,2026-06-27 16:38:17,page_view,Category,,Mobile,Instagram
E00006820,C00124,S0001582,2026-06-27 16:39:51,product_view,Product,P0059,Mobile,Instagram
E00006821,C00124,S0001582,2026-06-27 16:41:07,review_view,Reviews,P0055,Mobile,Instagram
E00006822,C00124,S0001583,2025-07-30 02:34:33,page_view,Home,,Desktop,Google
E00006823,C00124,S0001583,2025-07-30 02:37:11,search,Search,,Desktop,Google
E00006824,C00124,S0001583,2025-07-30 02:40:18,add_to_cart,Cart,P0032,Desktop,Google
E00006825,C00124,S0001583,2025-07-30 02:42:14,checkout_start,Checkout,P0003,Desktop,Google
E00006826,C00124,S0001583,2025-07-30 02:45:20,purchase,Checkout,P0043,Desktop,Google
E00006827,C00124,S0001584,2026-06-10 15:53:19,page_view,Home,,Desktop,Direct
E00006828,C00124,S0001584,2026-06-10 15:55:57,search,Search,,Desktop,Direct
E00006829,C00125,S0001585,2026-01-23 18:49:29,page_view,Home,,Desktop,Email
E00006830,C00125,S0001585,2026-01-23 18:50:52,search,Search,,Desktop,Email
E00006831,C00125,S0001585,2026-01-23 18:54:23,page_view,Category,,Desktop,Email
E00006832,C00125,S0001585,2026-01-23 18:55:48,product_view,Product,P0055,Desktop,Email
E00006833,C00125,S0001585,2026-01-23 18:58:32,review_view,Reviews,P0032,Desktop,Email
E00006834,C00125,S0001585,2026-01-23 19:00:30,add_to_cart,Cart,P0075,Desktop,Email
E00006835,C00125,S0001585,2026-01-23 19:02:09,checkout_start,Checkout,P0046,Desktop,Email
E00006836,C00125,S0001585,2026-01-23 19:02:49,purchase,Checkout,P0018,Desktop,Email
E00006837,C00125,S0001586,2026-02-21 14:55:56,page_view,Home,,Desktop,Affiliate
E00006838,C00125,S0001586,2026-02-21 14:59:48,search,Search,,Desktop,Affiliate
E00006839,C00125,S0001586,2026-02-21 15:03:47,page_view,Category,,Desktop,Affiliate
E00006840,C00125,S0001586,2026-02-21 15:04:12,product_view,Product,P0055,Desktop,Affiliate
E00006841,C00125,S0001587,2025-11-28 23:57:14,page_view,Home,,Mobile,Email
E00006842,C00125,S0001587,2025-11-28 23:58:23,search,Search,,Mobile,Email
E00006843,C00125,S0001587,2025-11-28 23:58:59,page_view,Category,,Mobile,Email
E00006844,C00125,S0001587,2025-11-29 00:00:45,product_view,Product,P0003,Mobile,Email
E00006845,C00125,S0001588,2025-12-24 04:46:13,page_view,Home,,Mobile,Direct
E00006846,C00125,S0001588,2025-12-24 04:49:57,search,Search,,Mobile,Direct
E00006847,C00125,S0001588,2025-12-24 04:51:59,page_view,Category,,Mobile,Direct
E00006848,C00125,S0001588,2025-12-24 04:55:01,product_view,Product,P0020,Mobile,Direct
E00006849,C00125,S0001589,2026-06-15 23:44:03,page_view,Home,,Mobile,Instagram
E00006850,C00125,S0001589,2026-06-15 23:46:59,search,Search,,Mobile,Instagram
E00006851,C00125,S0001589,2026-06-15 23:47:50,page_view,Category,,Mobile,Instagram
E00006852,C00125,S0001589,2026-06-15 23:49:12,product_view,Product,P0039,Mobile,Instagram
E00006853,C00125,S0001589,2026-06-15 23:51:18,review_view,Reviews,P0043,Mobile,Instagram
E00006854,C00125,S0001590,2026-03-08 06:51:17,page_view,Home,,Mobile,Affiliate
E00006855,C00125,S0001590,2026-03-08 06:52:20,search,Search,,Mobile,Affiliate
E00006856,C00125,S0001590,2026-03-08 06:54:49,page_view,Category,,Mobile,Affiliate
E00006857,C00125,S0001590,2026-03-08 06:57:57,product_view,Product,P0003,Mobile,Affiliate
E00006858,C00125,S0001590,2026-03-08 07:00:12,review_view,Reviews,P0059,Mobile,Affiliate
E00006859,C00125,S0001590,2026-03-08 07:03:58,add_to_cart,Cart,P0020,Mobile,Affiliate
E00006860,C00125,S0001591,2026-04-12 17:47:07,page_view,Home,,Desktop,Instagram
E00006861,C00125,S0001591,2026-04-12 17:48:38,search,Search,,Desktop,Instagram
E00006862,C00125,S0001591,2026-04-12 17:51:46,page_view,Category,,Desktop,Instagram
E00006863,C00125,S0001591,2026-04-12 17:55:41,product_view,Product,P0039,Desktop,Instagram
E00006864,C00125,S0001592,2026-02-17 22:41:43,page_view,Home,,Mobile,Google
E00006865,C00125,S0001592,2026-02-17 22:43:43,search,Search,,Mobile,Google
E00006866,C00125,S0001592,2026-02-17 22:45:16,page_view,Category,,Mobile,Google
E00006867,C00125,S0001592,2026-02-17 22:48:27,product_view,Product,P0039,Mobile,Google
E00006868,C00125,S0001592,2026-02-17 22:48:57,review_view,Reviews,P0059,Mobile,Google
E00006869,C00125,S0001592,2026-02-17 22:49:14,add_to_cart,Cart,P0020,Mobile,Google
E00006870,C00125,S0001593,2026-04-30 20:06:36,page_view,Home,,Mobile,Google
E00006871,C00125,S0001593,2026-04-30 20:08:59,search,Search,,Mobile,Google
E00006872,C00125,S0001593,2026-04-30 20:12:09,page_view,Category,,Mobile,Google
E00006873,C00125,S0001593,2026-04-30 20:14:37,product_view,Product,P0046,Mobile,Google
E00006874,C00125,S0001593,2026-04-30 20:16:37,review_view,Reviews,P0070,Mobile,Google
E00006875,C00125,S0001593,2026-04-30 20:16:57,add_to_cart,Cart,P0043,Mobile,Google
E00006876,C00125,S0001593,2026-04-30 20:20:40,checkout_start,Checkout,P0070,Mobile,Google
E00006877,C00125,S0001593,2026-04-30 20:21:59,purchase,Checkout,P0046,Mobile,Google
E00006878,C00125,S0001594,2026-04-20 22:06:20,page_view,Home,,Mobile,Google
E00006879,C00125,S0001594,2026-04-20 22:10:05,search,Search,,Mobile,Google
E00006880,C00125,S0001594,2026-04-20 22:12:31,page_view,Category,,Mobile,Google
E00006881,C00125,S0001594,2026-04-20 22:13:54,product_view,Product,P0055,Mobile,Google
E00006882,C00125,S0001595,2025-11-30 12:00:17,page_view,Home,,Desktop,Email
E00006883,C00125,S0001595,2025-11-30 12:01:09,search,Search,,Desktop,Email
E00006884,C00125,S0001596,2026-06-17 22:30:54,page_view,Home,,Mobile,Email
E00006885,C00125,S0001596,2026-06-17 22:34:17,search,Search,,Mobile,Email
E00006886,C00125,S0001596,2026-06-17 22:38:08,page_view,Category,,Mobile,Email
E00006887,C00125,S0001596,2026-06-17 22:39:00,product_view,Product,P0032,Mobile,Email
E00006888,C00126,S0001597,2025-05-05 00:38:03,page_view,Home,,Mobile,Instagram
E00006889,C00126,S0001597,2025-05-05 00:38:45,search,Search,,Mobile,Instagram
E00006890,C00126,S0001598,2026-02-19 17:32:43,page_view,Home,,Desktop,Affiliate
E00006891,C00126,S0001598,2026-02-19 17:36:12,search,Search,,Desktop,Affiliate
E00006892,C00126,S0001598,2026-02-19 17:37:48,page_view,Category,,Desktop,Affiliate
E00006893,C00126,S0001598,2026-02-19 17:38:45,product_view,Product,P0013,Desktop,Affiliate
E00006894,C00126,S0001598,2026-02-19 17:39:31,add_to_cart,Cart,P0021,Desktop,Affiliate
E00006895,C00126,S0001598,2026-02-19 17:41:39,checkout_start,Checkout,P0054,Desktop,Affiliate
E00006896,C00126,S0001598,2026-02-19 17:43:25,purchase,Checkout,P0005,Desktop,Affiliate
E00006897,C00126,S0001599,2025-07-30 05:27:47,page_view,Home,,Mobile,Facebook
E00006898,C00126,S0001600,2025-08-25 15:59:01,page_view,Home,,Mobile,Google
E00006899,C00126,S0001600,2025-08-25 16:01:28,search,Search,,Mobile,Google
E00006900,C00126,S0001600,2025-08-25 16:02:36,page_view,Category,,Mobile,Google
E00006901,C00126,S0001600,2025-08-25 16:06:16,product_view,Product,P0008,Mobile,Google
E00006902,C00126,S0001600,2025-08-25 16:07:34,review_view,Reviews,P0054,Mobile,Google
E00006903,C00126,S0001600,2025-08-25 16:10:26,add_to_cart,Cart,P0010,Mobile,Google
E00006904,C00126,S0001601,2025-12-05 17:30:01,page_view,Home,,Mobile,Affiliate
E00006905,C00126,S0001601,2025-12-05 17:33:50,search,Search,,Mobile,Affiliate
E00006906,C00126,S0001602,2026-03-01 18:12:41,page_view,Home,,Mobile,Bing
E00006907,C00126,S0001602,2026-03-01 18:14:17,search,Search,,Mobile,Bing
E00006908,C00126,S0001602,2026-03-01 18:16:42,page_view,Category,,Mobile,Bing
E00006909,C00126,S0001602,2026-03-01 18:18:23,product_view,Product,P0054,Mobile,Bing
E00006910,C00126,S0001602,2026-03-01 18:21:02,review_view,Reviews,P0013,Mobile,Bing
E00006911,C00126,S0001603,2025-07-04 02:16:02,page_view,Home,,Mobile,Affiliate
E00006912,C00126,S0001603,2025-07-04 02:19:43,search,Search,,Mobile,Affiliate
E00006913,C00126,S0001603,2025-07-04 02:20:25,page_view,Category,,Mobile,Affiliate
E00006914,C00126,S0001603,2025-07-04 02:21:18,product_view,Product,P0021,Mobile,Affiliate
E00006915,C00126,S0001603,2025-07-04 02:22:56,review_view,Reviews,P0058,Mobile,Affiliate
E00006916,C00126,S0001603,2025-07-04 02:26:33,add_to_cart,Cart,P0013,Mobile,Affiliate
E00006917,C00126,S0001604,2024-12-16 11:22:46,page_view,Home,,Mobile,Affiliate
E00006918,C00126,S0001604,2024-12-16 11:24:20,search,Search,,Mobile,Affiliate
E00006919,C00126,S0001604,2024-12-16 11:25:57,page_view,Category,,Mobile,Affiliate
E00006920,C00126,S0001604,2024-12-16 11:27:33,product_view,Product,P0010,Mobile,Affiliate
E00006921,C00126,S0001604,2024-12-16 11:29:28,review_view,Reviews,P0021,Mobile,Affiliate
E00006922,C00126,S0001605,2025-07-09 21:04:49,page_view,Home,,Tablet,Affiliate
E00006923,C00126,S0001605,2025-07-09 21:06:14,search,Search,,Tablet,Affiliate
E00006924,C00126,S0001605,2025-07-09 21:06:50,page_view,Category,,Tablet,Affiliate
E00006925,C00126,S0001605,2025-07-09 21:07:26,product_view,Product,P0013,Tablet,Affiliate
E00006926,C00126,S0001605,2025-07-09 21:09:38,review_view,Reviews,P0021,Tablet,Affiliate
E00006927,C00126,S0001605,2025-07-09 21:12:05,add_to_cart,Cart,P0058,Tablet,Affiliate
E00006928,C00126,S0001606,2025-02-01 13:07:36,page_view,Home,,Desktop,Bing
E00006929,C00126,S0001606,2025-02-01 13:11:28,search,Search,,Desktop,Bing
E00006930,C00126,S0001606,2025-02-01 13:14:23,page_view,Category,,Desktop,Bing
E00006931,C00126,S0001606,2025-02-01 13:16:30,product_view,Product,P0008,Desktop,Bing
E00006932,C00126,S0001606,2025-02-01 13:18:55,review_view,Reviews,P0013,Desktop,Bing
E00006933,C00126,S0001606,2025-02-01 13:22:40,add_to_cart,Cart,P0058,Desktop,Bing
E00006934,C00126,S0001607,2025-11-09 13:53:23,page_view,Home,,Tablet,Facebook
E00006935,C00126,S0001607,2025-11-09 13:57:22,search,Search,,Tablet,Facebook
E00006936,C00126,S0001607,2025-11-09 13:58:39,page_view,Category,,Tablet,Facebook
E00006937,C00126,S0001607,2025-11-09 14:02:00,product_view,Product,P0054,Tablet,Facebook
E00006938,C00126,S0001607,2025-11-09 14:04:00,review_view,Reviews,P0013,Tablet,Facebook
E00006939,C00126,S0001608,2025-07-14 07:33:32,page_view,Home,,Desktop,Affiliate
E00006940,C00126,S0001608,2025-07-14 07:34:54,search,Search,,Desktop,Affiliate
E00006941,C00126,S0001609,2026-06-03 21:56:00,page_view,Home,,Desktop,Instagram
E00006942,C00126,S0001609,2026-06-03 21:56:12,search,Search,,Desktop,Instagram
E00006943,C00126,S0001609,2026-06-03 21:59:10,page_view,Category,,Desktop,Instagram
E00006944,C00126,S0001610,2026-01-30 05:56:56,page_view,Home,,Desktop,Facebook
E00006945,C00126,S0001610,2026-01-30 05:59:37,search,Search,,Desktop,Facebook
E00006946,C00126,S0001611,2025-09-04 05:51:18,page_view,Home,,Mobile,Affiliate
E00006947,C00126,S0001611,2025-09-04 05:54:00,search,Search,,Mobile,Affiliate
E00006948,C00126,S0001611,2025-09-04 05:55:32,page_view,Category,,Mobile,Affiliate
E00006949,C00126,S0001611,2025-09-04 05:56:34,product_view,Product,P0005,Mobile,Affiliate
E00006950,C00126,S0001611,2025-09-04 05:57:05,add_to_cart,Cart,P0008,Mobile,Affiliate
E00006951,C00126,S0001611,2025-09-04 06:00:18,checkout_start,Checkout,P0005,Mobile,Affiliate
E00006952,C00126,S0001611,2025-09-04 06:01:25,purchase,Checkout,P0058,Mobile,Affiliate
E00006953,C00126,S0001612,2025-07-31 21:00:24,page_view,Home,,Mobile,Facebook
E00006954,C00126,S0001612,2025-07-31 21:00:57,search,Search,,Mobile,Facebook
E00006955,C00126,S0001612,2025-07-31 21:04:48,page_view,Category,,Mobile,Facebook
E00006956,C00126,S0001612,2025-07-31 21:08:12,product_view,Product,P0013,Mobile,Facebook
E00006957,C00127,S0001613,2026-01-11 15:30:21,page_view,Home,,Desktop,Facebook
E00006958,C00127,S0001613,2026-01-11 15:30:50,search,Search,,Desktop,Facebook
E00006959,C00127,S0001613,2026-01-11 15:31:09,page_view,Category,,Desktop,Facebook
E00006960,C00127,S0001613,2026-01-11 15:33:37,product_view,Product,P0009,Desktop,Facebook
E00006961,C00127,S0001613,2026-01-11 15:34:16,add_to_cart,Cart,P0051,Desktop,Facebook
E00006962,C00127,S0001613,2026-01-11 15:37:55,checkout_start,Checkout,P0047,Desktop,Facebook
E00006963,C00127,S0001613,2026-01-11 15:38:57,purchase,Checkout,P0067,Desktop,Facebook
E00006964,C00127,S0001614,2025-10-25 07:14:01,page_view,Home,,Mobile,Affiliate
E00006965,C00127,S0001614,2025-10-25 07:16:16,search,Search,,Mobile,Affiliate
E00006966,C00127,S0001614,2025-10-25 07:17:08,page_view,Category,,Mobile,Affiliate
E00006967,C00127,S0001615,2026-06-19 16:48:38,page_view,Home,,Mobile,Facebook
E00006968,C00127,S0001616,2026-01-23 16:53:00,page_view,Home,,Desktop,Bing
E00006969,C00127,S0001616,2026-01-23 16:54:37,search,Search,,Desktop,Bing
E00006970,C00127,S0001616,2026-01-23 16:57:12,page_view,Category,,Desktop,Bing
E00006971,C00127,S0001616,2026-01-23 16:58:49,product_view,Product,P0051,Desktop,Bing
E00006972,C00127,S0001616,2026-01-23 17:00:33,review_view,Reviews,P0009,Desktop,Bing
E00006973,C00127,S0001617,2025-12-28 11:50:48,page_view,Home,,Desktop,Google
E00006974,C00127,S0001617,2025-12-28 11:53:59,search,Search,,Desktop,Google
E00006975,C00127,S0001617,2025-12-28 11:56:50,page_view,Category,,Desktop,Google
E00006976,C00127,S0001617,2025-12-28 11:57:21,product_view,Product,P0067,Desktop,Google
E00006977,C00127,S0001617,2025-12-28 11:58:00,review_view,Reviews,P0048,Desktop,Google
E00006978,C00127,S0001617,2025-12-28 12:00:21,add_to_cart,Cart,P0051,Desktop,Google
E00006979,C00127,S0001618,2025-11-01 02:43:49,page_view,Home,,Desktop,Affiliate
E00006980,C00127,S0001618,2025-11-01 02:44:32,search,Search,,Desktop,Affiliate
E00006981,C00127,S0001618,2025-11-01 02:47:51,page_view,Category,,Desktop,Affiliate
E00006982,C00127,S0001618,2025-11-01 02:51:39,product_view,Product,P0051,Desktop,Affiliate
E00006983,C00127,S0001619,2025-06-07 02:17:05,page_view,Home,,Desktop,Affiliate
E00006984,C00127,S0001619,2025-06-07 02:17:56,search,Search,,Desktop,Affiliate
E00006985,C00127,S0001619,2025-06-07 02:21:24,page_view,Category,,Desktop,Affiliate
E00006986,C00127,S0001619,2025-06-07 02:24:48,product_view,Product,P0022,Desktop,Affiliate
E00006987,C00127,S0001619,2025-06-07 02:26:38,review_view,Reviews,P0051,Desktop,Affiliate
E00006988,C00127,S0001619,2025-06-07 02:27:12,add_to_cart,Cart,P0022,Desktop,Affiliate
E00006989,C00127,S0001620,2025-07-20 03:23:33,page_view,Home,,Mobile,Affiliate
E00006990,C00127,S0001620,2025-07-20 03:25:04,search,Search,,Mobile,Affiliate
E00006991,C00127,S0001620,2025-07-20 03:25:52,page_view,Category,,Mobile,Affiliate
E00006992,C00127,S0001621,2025-03-14 07:28:33,page_view,Home,,Mobile,Affiliate
E00006993,C00127,S0001622,2025-10-07 16:53:22,page_view,Home,,Desktop,Google
E00006994,C00127,S0001622,2025-10-07 16:53:46,search,Search,,Desktop,Google
E00006995,C00127,S0001623,2025-07-24 13:15:08,page_view,Home,,Desktop,Direct
E00006996,C00127,S0001623,2025-07-24 13:16:01,search,Search,,Desktop,Direct
E00006997,C00127,S0001623,2025-07-24 13:19:19,page_view,Category,,Desktop,Direct
E00006998,C00127,S0001623,2025-07-24 13:20:41,product_view,Product,P0048,Desktop,Direct
E00006999,C00127,S0001623,2025-07-24 13:20:53,review_view,Reviews,P0023,Desktop,Direct
E00007000,C00127,S0001624,2025-08-05 15:56:10,page_view,Home,,Desktop,Direct
E00007001,C00127,S0001624,2025-08-05 15:57:24,search,Search,,Desktop,Direct
E00007002,C00127,S0001625,2025-04-14 06:26:14,page_view,Home,,Mobile,Direct
E00007003,C00127,S0001625,2025-04-14 06:29:27,search,Search,,Mobile,Direct
E00007004,C00127,S0001625,2025-04-14 06:33:09,page_view,Category,,Mobile,Direct
E00007005,C00127,S0001625,2025-04-14 06:36:07,product_view,Product,P0023,Mobile,Direct
E00007006,C00127,S0001625,2025-04-14 06:37:47,review_view,Reviews,P0067,Mobile,Direct
E00007007,C00127,S0001625,2025-04-14 06:40:23,add_to_cart,Cart,P0051,Mobile,Direct
E00007008,C00127,S0001625,2025-04-14 06:43:02,checkout_start,Checkout,P0009,Mobile,Direct
E00007009,C00127,S0001625,2025-04-14 06:46:13,purchase,Checkout,P0009,Mobile,Direct
E00007010,C00127,S0001626,2025-10-28 17:26:21,page_view,Home,,Mobile,Affiliate
E00007011,C00127,S0001626,2025-10-28 17:27:10,search,Search,,Mobile,Affiliate
E00007012,C00127,S0001626,2025-10-28 17:28:43,page_view,Category,,Mobile,Affiliate
E00007013,C00127,S0001626,2025-10-28 17:30:10,product_view,Product,P0052,Mobile,Affiliate
E00007014,C00127,S0001626,2025-10-28 17:30:22,review_view,Reviews,P0022,Mobile,Affiliate
E00007015,C00127,S0001627,2025-04-11 04:09:59,page_view,Home,,Tablet,Google
E00007016,C00127,S0001627,2025-04-11 04:13:34,search,Search,,Tablet,Google
E00007017,C00128,S0001628,2026-06-02 13:24:17,page_view,Home,,Mobile,Affiliate
E00007018,C00128,S0001628,2026-06-02 13:26:17,search,Search,,Mobile,Affiliate
E00007019,C00128,S0001628,2026-06-02 13:29:24,page_view,Category,,Mobile,Affiliate
E00007020,C00128,S0001628,2026-06-02 13:30:19,product_view,Product,P0033,Mobile,Affiliate
E00007021,C00128,S0001629,2026-05-14 19:55:20,page_view,Home,,Mobile,Email
E00007022,C00128,S0001629,2026-05-14 19:55:59,search,Search,,Mobile,Email
E00007023,C00128,S0001629,2026-05-14 19:59:25,page_view,Category,,Mobile,Email
E00007024,C00128,S0001629,2026-05-14 20:00:04,product_view,Product,P0030,Mobile,Email
E00007025,C00128,S0001629,2026-05-14 20:00:20,add_to_cart,Cart,P0079,Mobile,Email
E00007026,C00128,S0001629,2026-05-14 20:01:12,checkout_start,Checkout,P0045,Mobile,Email
E00007027,C00128,S0001629,2026-05-14 20:01:44,purchase,Checkout,P0065,Mobile,Email
E00007028,C00128,S0001630,2026-03-18 18:21:32,page_view,Home,,Mobile,Facebook
E00007029,C00128,S0001631,2026-04-13 20:26:55,page_view,Home,,Tablet,Direct
E00007030,C00128,S0001632,2026-06-13 23:29:52,page_view,Home,,Mobile,Instagram
E00007031,C00128,S0001632,2026-06-13 23:33:29,search,Search,,Mobile,Instagram
E00007032,C00128,S0001632,2026-06-13 23:35:11,page_view,Category,,Mobile,Instagram
E00007033,C00128,S0001632,2026-06-13 23:36:01,product_view,Product,P0030,Mobile,Instagram
E00007034,C00128,S0001632,2026-06-13 23:36:40,add_to_cart,Cart,P0079,Mobile,Instagram
E00007035,C00128,S0001632,2026-06-13 23:39:16,checkout_start,Checkout,P0016,Mobile,Instagram
E00007036,C00128,S0001632,2026-06-13 23:42:19,purchase,Checkout,P0045,Mobile,Instagram
E00007037,C00128,S0001633,2026-06-25 01:20:41,page_view,Home,,Mobile,Bing
E00007038,C00128,S0001633,2026-06-25 01:23:14,search,Search,,Mobile,Bing
E00007039,C00128,S0001633,2026-06-25 01:26:30,page_view,Category,,Mobile,Bing
E00007040,C00128,S0001633,2026-06-25 01:30:09,product_view,Product,P0065,Mobile,Bing
E00007041,C00128,S0001633,2026-06-25 01:31:11,add_to_cart,Cart,P0016,Mobile,Bing
E00007042,C00128,S0001633,2026-06-25 01:33:14,checkout_start,Checkout,P0030,Mobile,Bing
E00007043,C00128,S0001633,2026-06-25 01:34:23,purchase,Checkout,P0079,Mobile,Bing
E00007044,C00128,S0001634,2026-05-15 22:51:30,page_view,Home,,Mobile,Affiliate
E00007045,C00128,S0001634,2026-05-15 22:54:38,search,Search,,Mobile,Affiliate
E00007046,C00128,S0001634,2026-05-15 22:55:05,page_view,Category,,Mobile,Affiliate
E00007047,C00128,S0001634,2026-05-15 22:57:18,add_to_cart,Cart,P0016,Mobile,Affiliate
E00007048,C00128,S0001634,2026-05-15 22:57:30,checkout_start,Checkout,P0079,Mobile,Affiliate
E00007049,C00128,S0001634,2026-05-15 23:00:27,purchase,Checkout,P0030,Mobile,Affiliate
E00007050,C00128,S0001635,2026-06-14 20:32:29,page_view,Home,,Mobile,Email
E00007051,C00128,S0001635,2026-06-14 20:33:53,add_to_cart,Cart,P0016,Mobile,Email
E00007052,C00128,S0001635,2026-06-14 20:35:25,checkout_start,Checkout,P0079,Mobile,Email
E00007053,C00128,S0001635,2026-06-14 20:39:16,purchase,Checkout,P0016,Mobile,Email
E00007054,C00128,S0001636,2026-02-22 08:43:48,page_view,Home,,Mobile,Google
E00007055,C00128,S0001636,2026-02-22 08:47:22,search,Search,,Mobile,Google
E00007056,C00128,S0001636,2026-02-22 08:48:39,page_view,Category,,Mobile,Google
E00007057,C00128,S0001636,2026-02-22 08:51:20,product_view,Product,P0031,Mobile,Google
E00007058,C00128,S0001636,2026-02-22 08:53:20,review_view,Reviews,P0016,Mobile,Google
E00007059,C00128,S0001637,2026-05-31 02:47:45,page_view,Home,,Desktop,Bing
E00007060,C00128,S0001637,2026-05-31 02:51:26,search,Search,,Desktop,Bing
E00007061,C00128,S0001638,2026-05-31 16:34:15,page_view,Home,,Mobile,Email
E00007062,C00128,S0001638,2026-05-31 16:36:22,search,Search,,Mobile,Email
E00007063,C00128,S0001638,2026-05-31 16:37:10,page_view,Category,,Mobile,Email
E00007064,C00128,S0001639,2026-03-23 02:44:38,page_view,Home,,Mobile,Instagram
E00007065,C00128,S0001639,2026-03-23 02:48:21,search,Search,,Mobile,Instagram
E00007066,C00128,S0001639,2026-03-23 02:49:21,page_view,Category,,Mobile,Instagram
E00007067,C00128,S0001639,2026-03-23 02:52:20,product_view,Product,P0033,Mobile,Instagram
E00007068,C00128,S0001639,2026-03-23 02:55:14,review_view,Reviews,P0045,Mobile,Instagram
E00007069,C00128,S0001639,2026-03-23 02:58:30,add_to_cart,Cart,P0016,Mobile,Instagram
E00007070,C00128,S0001640,2026-02-17 23:46:31,page_view,Home,,Tablet,Direct
E00007071,C00128,S0001640,2026-02-17 23:49:58,search,Search,,Tablet,Direct
E00007072,C00128,S0001640,2026-02-17 23:53:55,page_view,Category,,Tablet,Direct
E00007073,C00128,S0001640,2026-02-17 23:57:01,product_view,Product,P0079,Tablet,Direct
E00007074,C00128,S0001640,2026-02-17 23:59:03,review_view,Reviews,P0079,Tablet,Direct
E00007075,C00128,S0001640,2026-02-17 23:59:20,add_to_cart,Cart,P0030,Tablet,Direct
E00007076,C00129,S0001641,2025-04-09 07:31:09,page_view,Home,,Mobile,Direct
E00007077,C00129,S0001642,2025-11-15 22:09:01,page_view,Home,,Desktop,Instagram
E00007078,C00129,S0001642,2025-11-15 22:12:06,search,Search,,Desktop,Instagram
E00007079,C00129,S0001642,2025-11-15 22:14:50,page_view,Category,,Desktop,Instagram
E00007080,C00129,S0001643,2024-11-23 04:59:24,page_view,Home,,Desktop,Direct
E00007081,C00129,S0001643,2024-11-23 05:01:40,search,Search,,Desktop,Direct
E00007082,C00129,S0001643,2024-11-23 05:02:17,page_view,Category,,Desktop,Direct
E00007083,C00129,S0001643,2024-11-23 05:05:37,product_view,Product,P0066,Desktop,Direct
E00007084,C00129,S0001643,2024-11-23 05:07:08,review_view,Reviews,P0060,Desktop,Direct
E00007085,C00129,S0001643,2024-11-23 05:10:47,add_to_cart,Cart,P0012,Desktop,Direct
E00007086,C00129,S0001643,2024-11-23 05:14:17,checkout_start,Checkout,P0012,Desktop,Direct
E00007087,C00129,S0001643,2024-11-23 05:16:55,purchase,Checkout,P0057,Desktop,Direct
E00007088,C00129,S0001644,2024-05-23 10:00:24,page_view,Home,,Mobile,Google
E00007089,C00129,S0001644,2024-05-23 10:01:50,search,Search,,Mobile,Google
E00007090,C00129,S0001644,2024-05-23 10:02:55,page_view,Category,,Mobile,Google
E00007091,C00129,S0001644,2024-05-23 10:06:41,product_view,Product,P0012,Mobile,Google
E00007092,C00129,S0001644,2024-05-23 10:10:15,review_view,Reviews,P0071,Mobile,Google
E00007093,C00129,S0001645,2025-05-06 12:20:03,page_view,Home,,Mobile,Affiliate
E00007094,C00129,S0001645,2025-05-06 12:23:10,search,Search,,Mobile,Affiliate
E00007095,C00129,S0001645,2025-05-06 12:25:34,page_view,Category,,Mobile,Affiliate
E00007096,C00129,S0001645,2025-05-06 12:28:05,product_view,Product,P0028,Mobile,Affiliate
E00007097,C00129,S0001645,2025-05-06 12:30:54,review_view,Reviews,P0074,Mobile,Affiliate
E00007098,C00129,S0001645,2025-05-06 12:33:50,add_to_cart,Cart,P0017,Mobile,Affiliate
E00007099,C00129,S0001646,2024-11-21 17:03:34,page_view,Home,,Desktop,Instagram
E00007100,C00129,S0001646,2024-11-21 17:04:20,search,Search,,Desktop,Instagram
E00007101,C00129,S0001646,2024-11-21 17:06:44,page_view,Category,,Desktop,Instagram
E00007102,C00129,S0001647,2025-02-12 19:46:46,page_view,Home,,Mobile,Bing
E00007103,C00129,S0001647,2025-02-12 19:48:06,search,Search,,Mobile,Bing
E00007104,C00129,S0001647,2025-02-12 19:49:47,page_view,Category,,Mobile,Bing
E00007105,C00129,S0001647,2025-02-12 19:51:17,product_view,Product,P0073,Mobile,Bing
E00007106,C00129,S0001647,2025-02-12 19:51:55,review_view,Reviews,P0028,Mobile,Bing
E00007107,C00129,S0001647,2025-02-12 19:54:43,add_to_cart,Cart,P0071,Mobile,Bing
E00007108,C00129,S0001647,2025-02-12 19:55:22,checkout_start,Checkout,P0074,Mobile,Bing
E00007109,C00129,S0001647,2025-02-12 19:57:59,purchase,Checkout,P0041,Mobile,Bing
E00007110,C00129,S0001648,2026-05-26 00:55:45,page_view,Home,,Mobile,Google
E00007111,C00129,S0001648,2026-05-26 00:59:07,search,Search,,Mobile,Google
E00007112,C00129,S0001648,2026-05-26 01:00:17,page_view,Category,,Mobile,Google
E00007113,C00129,S0001648,2026-05-26 01:02:16,product_view,Product,P0057,Mobile,Google
E00007114,C00129,S0001648,2026-05-26 01:04:44,review_view,Reviews,P0060,Mobile,Google
E00007115,C00129,S0001648,2026-05-26 01:05:46,add_to_cart,Cart,P0060,Mobile,Google
E00007116,C00129,S0001649,2026-03-14 17:49:06,page_view,Home,,Desktop,Google
E00007117,C00129,S0001649,2026-03-14 17:50:17,search,Search,,Desktop,Google
E00007118,C00129,S0001650,2025-09-12 00:38:50,page_view,Home,,Mobile,Instagram
E00007119,C00129,S0001651,2025-08-30 11:23:07,page_view,Home,,Mobile,Instagram
E00007120,C00129,S0001651,2025-08-30 11:25:19,search,Search,,Mobile,Instagram
E00007121,C00129,S0001651,2025-08-30 11:28:31,page_view,Category,,Mobile,Instagram
E00007122,C00129,S0001651,2025-08-30 11:29:49,product_view,Product,P0014,Mobile,Instagram
E00007123,C00129,S0001652,2025-04-23 08:24:59,page_view,Home,,Mobile,Google
E00007124,C00129,S0001652,2025-04-23 08:27:06,search,Search,,Mobile,Google
E00007125,C00129,S0001652,2025-04-23 08:28:41,page_view,Category,,Mobile,Google
E00007126,C00129,S0001652,2025-04-23 08:30:19,product_view,Product,P0074,Mobile,Google
E00007127,C00129,S0001652,2025-04-23 08:31:12,add_to_cart,Cart,P0062,Mobile,Google
E00007128,C00129,S0001652,2025-04-23 08:33:15,checkout_start,Checkout,P0057,Mobile,Google
E00007129,C00129,S0001652,2025-04-23 08:35:07,purchase,Checkout,P0012,Mobile,Google
E00007130,C00129,S0001653,2024-07-19 09:31:39,page_view,Home,,Mobile,Direct
E00007131,C00129,S0001653,2024-07-19 09:35:07,search,Search,,Mobile,Direct
E00007132,C00129,S0001653,2024-07-19 09:36:25,page_view,Category,,Mobile,Direct
E00007133,C00129,S0001654,2024-12-01 02:56:48,page_view,Home,,Mobile,Bing
E00007134,C00129,S0001654,2024-12-01 02:57:52,search,Search,,Mobile,Bing
E00007135,C00129,S0001654,2024-12-01 03:01:01,page_view,Category,,Mobile,Bing
E00007136,C00129,S0001654,2024-12-01 03:02:48,add_to_cart,Cart,P0074,Mobile,Bing
E00007137,C00129,S0001654,2024-12-01 03:03:15,checkout_start,Checkout,P0014,Mobile,Bing
E00007138,C00129,S0001654,2024-12-01 03:05:11,purchase,Checkout,P0060,Mobile,Bing
E00007139,C00129,S0001655,2025-04-11 04:22:14,page_view,Home,,Mobile,Google
E00007140,C00130,S0001656,2025-10-16 02:46:33,page_view,Home,,Mobile,Affiliate
E00007141,C00130,S0001657,2026-05-12 12:08:22,page_view,Home,,Mobile,Bing
E00007142,C00130,S0001657,2026-05-12 12:09:16,search,Search,,Mobile,Bing
E00007143,C00130,S0001657,2026-05-12 12:12:35,page_view,Category,,Mobile,Bing
E00007144,C00130,S0001658,2025-10-27 18:17:26,page_view,Home,,Desktop,Email
E00007145,C00130,S0001658,2025-10-27 18:21:12,search,Search,,Desktop,Email
E00007146,C00130,S0001658,2025-10-27 18:22:21,page_view,Category,,Desktop,Email
E00007147,C00130,S0001658,2025-10-27 18:24:38,product_view,Product,P0072,Desktop,Email
E00007148,C00130,S0001658,2025-10-27 18:25:10,review_view,Reviews,P0038,Desktop,Email
E00007149,C00130,S0001658,2025-10-27 18:28:46,add_to_cart,Cart,P0001,Desktop,Email
E00007150,C00130,S0001659,2025-07-17 10:35:00,page_view,Home,,Desktop,Bing
E00007151,C00130,S0001659,2025-07-17 10:36:36,search,Search,,Desktop,Bing
E00007152,C00130,S0001659,2025-07-17 10:40:22,page_view,Category,,Desktop,Bing
E00007153,C00130,S0001659,2025-07-17 10:42:57,product_view,Product,P0053,Desktop,Bing
E00007154,C00130,S0001659,2025-07-17 10:45:59,review_view,Reviews,P0069,Desktop,Bing
E00007155,C00130,S0001659,2025-07-17 10:49:30,add_to_cart,Cart,P0069,Desktop,Bing
E00007156,C00130,S0001660,2025-04-21 00:21:17,page_view,Home,,Mobile,Facebook
E00007157,C00130,S0001660,2025-04-21 00:24:11,search,Search,,Mobile,Facebook
E00007158,C00130,S0001660,2025-04-21 00:24:56,add_to_cart,Cart,P0011,Mobile,Facebook
E00007159,C00130,S0001660,2025-04-21 00:27:13,checkout_start,Checkout,P0011,Mobile,Facebook
E00007160,C00130,S0001660,2025-04-21 00:28:19,purchase,Checkout,P0080,Mobile,Facebook
E00007161,C00130,S0001661,2025-10-16 21:25:21,page_view,Home,,Mobile,Direct
E00007162,C00130,S0001661,2025-10-16 21:29:10,search,Search,,Mobile,Direct
E00007163,C00130,S0001661,2025-10-16 21:32:26,page_view,Category,,Mobile,Direct
E00007164,C00130,S0001661,2025-10-16 21:35:52,product_view,Product,P0072,Mobile,Direct
E00007165,C00130,S0001662,2026-04-22 07:37:09,page_view,Home,,Mobile,Affiliate
E00007166,C00130,S0001662,2026-04-22 07:41:02,search,Search,,Mobile,Affiliate
E00007167,C00130,S0001662,2026-04-22 07:41:26,page_view,Category,,Mobile,Affiliate
E00007168,C00130,S0001663,2026-01-29 11:52:16,page_view,Home,,Mobile,Email
E00007169,C00130,S0001663,2026-01-29 11:53:15,search,Search,,Mobile,Email
E00007170,C00130,S0001663,2026-01-29 11:54:31,page_view,Category,,Mobile,Email
E00007171,C00130,S0001663,2026-01-29 11:54:48,product_view,Product,P0006,Mobile,Email
E00007172,C00130,S0001663,2026-01-29 11:56:42,review_view,Reviews,P0053,Mobile,Email
E00007173,C00130,S0001663,2026-01-29 11:57:00,add_to_cart,Cart,P0007,Mobile,Email
E00007174,C00131,S0001664,2026-02-07 09:28:29,page_view,Home,,Desktop,Google
E00007175,C00131,S0001664,2026-02-07 09:32:07,search,Search,,Desktop,Google
E00007176,C00131,S0001664,2026-02-07 09:34:32,page_view,Category,,Desktop,Google
E00007177,C00131,S0001664,2026-02-07 09:37:22,product_view,Product,P0031,Desktop,Google
E00007178,C00131,S0001664,2026-02-07 09:39:55,review_view,Reviews,P0031,Desktop,Google
E00007179,C00131,S0001664,2026-02-07 09:40:53,add_to_cart,Cart,P0079,Desktop,Google
E00007180,C00131,S0001665,2026-03-06 17:18:46,page_view,Home,,Desktop,Google
E00007181,C00131,S0001665,2026-03-06 17:21:00,search,Search,,Desktop,Google
E00007182,C00131,S0001665,2026-03-06 17:23:36,page_view,Category,,Desktop,Google
E00007183,C00131,S0001665,2026-03-06 17:25:10,product_view,Product,P0065,Desktop,Google
E00007184,C00131,S0001665,2026-03-06 17:28:09,review_view,Reviews,P0045,Desktop,Google
E00007185,C00131,S0001665,2026-03-06 17:29:44,add_to_cart,Cart,P0065,Desktop,Google
E00007186,C00131,S0001665,2026-03-06 17:30:25,checkout_start,Checkout,P0031,Desktop,Google
E00007187,C00131,S0001665,2026-03-06 17:34:02,purchase,Checkout,P0030,Desktop,Google
E00007188,C00131,S0001666,2025-12-19 12:57:56,page_view,Home,,Mobile,Facebook
E00007189,C00131,S0001666,2025-12-19 12:59:21,search,Search,,Mobile,Facebook
E00007190,C00131,S0001667,2025-04-29 03:07:49,page_view,Home,,Mobile,Affiliate
E00007191,C00131,S0001667,2025-04-29 03:09:29,search,Search,,Mobile,Affiliate
E00007192,C00131,S0001667,2025-04-29 03:13:15,page_view,Category,,Mobile,Affiliate
E00007193,C00131,S0001667,2025-04-29 03:15:16,product_view,Product,P0030,Mobile,Affiliate
E00007194,C00131,S0001667,2025-04-29 03:17:27,review_view,Reviews,P0031,Mobile,Affiliate
E00007195,C00131,S0001667,2025-04-29 03:18:20,add_to_cart,Cart,P0045,Mobile,Affiliate
E00007196,C00131,S0001668,2025-02-21 00:30:01,page_view,Home,,Desktop,Affiliate
E00007197,C00131,S0001669,2025-03-24 23:39:20,page_view,Home,,Mobile,Facebook
E00007198,C00131,S0001669,2025-03-24 23:42:50,search,Search,,Mobile,Facebook
E00007199,C00131,S0001669,2025-03-24 23:44:12,page_view,Category,,Mobile,Facebook
E00007200,C00131,S0001669,2025-03-24 23:47:20,product_view,Product,P0079,Mobile,Facebook
E00007201,C00131,S0001669,2025-03-24 23:48:51,review_view,Reviews,P0045,Mobile,Facebook
E00007202,C00131,S0001669,2025-03-24 23:49:48,add_to_cart,Cart,P0030,Mobile,Facebook
E00007203,C00131,S0001670,2025-07-28 04:17:37,page_view,Home,,Mobile,Email
E00007204,C00131,S0001670,2025-07-28 04:19:35,search,Search,,Mobile,Email
E00007205,C00131,S0001670,2025-07-28 04:20:56,page_view,Category,,Mobile,Email
E00007206,C00131,S0001670,2025-07-28 04:24:13,product_view,Product,P0045,Mobile,Email
E00007207,C00131,S0001670,2025-07-28 04:26:58,review_view,Reviews,P0033,Mobile,Email
E00007208,C00131,S0001670,2025-07-28 04:30:11,add_to_cart,Cart,P0016,Mobile,Email
E00007209,C00131,S0001671,2026-02-04 01:41:35,page_view,Home,,Mobile,Direct
E00007210,C00131,S0001672,2026-02-02 22:44:10,page_view,Home,,Mobile,Direct
E00007211,C00131,S0001672,2026-02-02 22:47:29,search,Search,,Mobile,Direct
E00007212,C00131,S0001672,2026-02-02 22:48:40,page_view,Category,,Mobile,Direct
E00007213,C00131,S0001673,2025-03-10 09:53:38,page_view,Home,,Desktop,Bing
E00007214,C00131,S0001673,2025-03-10 09:55:00,search,Search,,Desktop,Bing
E00007215,C00131,S0001673,2025-03-10 09:55:33,page_view,Category,,Desktop,Bing
E00007216,C00131,S0001673,2025-03-10 09:58:41,product_view,Product,P0079,Desktop,Bing
E00007217,C00131,S0001673,2025-03-10 10:00:04,review_view,Reviews,P0030,Desktop,Bing
E00007218,C00131,S0001673,2025-03-10 10:02:54,add_to_cart,Cart,P0065,Desktop,Bing
E00007219,C00131,S0001674,2026-05-20 23:15:13,page_view,Home,,Mobile,Bing
E00007220,C00131,S0001674,2026-05-20 23:16:01,search,Search,,Mobile,Bing
E00007221,C00131,S0001674,2026-05-20 23:19:32,page_view,Category,,Mobile,Bing
E00007222,C00131,S0001674,2026-05-20 23:23:29,product_view,Product,P0079,Mobile,Bing
E00007223,C00131,S0001674,2026-05-20 23:27:27,review_view,Reviews,P0045,Mobile,Bing
E00007224,C00131,S0001674,2026-05-20 23:28:28,add_to_cart,Cart,P0065,Mobile,Bing
E00007225,C00131,S0001675,2025-06-07 17:39:49,page_view,Home,,Mobile,Bing
E00007226,C00131,S0001675,2025-06-07 17:41:42,search,Search,,Mobile,Bing
E00007227,C00131,S0001676,2026-01-21 17:55:24,page_view,Home,,Desktop,Direct
E00007228,C00131,S0001676,2026-01-21 17:57:20,search,Search,,Desktop,Direct
E00007229,C00131,S0001676,2026-01-21 18:01:16,page_view,Category,,Desktop,Direct
E00007230,C00131,S0001676,2026-01-21 18:02:49,product_view,Product,P0033,Desktop,Direct
E00007231,C00131,S0001677,2025-07-08 23:13:37,page_view,Home,,Mobile,Direct
E00007232,C00131,S0001677,2025-07-08 23:15:59,search,Search,,Mobile,Direct
E00007233,C00131,S0001677,2025-07-08 23:18:32,page_view,Category,,Mobile,Direct
E00007234,C00131,S0001677,2025-07-08 23:19:15,product_view,Product,P0065,Mobile,Direct
E00007235,C00132,S0001678,2026-04-27 02:24:28,page_view,Home,,Tablet,Direct
E00007236,C00132,S0001678,2026-04-27 02:28:25,search,Search,,Tablet,Direct
E00007237,C00132,S0001678,2026-04-27 02:30:48,page_view,Category,,Tablet,Direct
E00007238,C00132,S0001678,2026-04-27 02:34:20,product_view,Product,P0038,Tablet,Direct
E00007239,C00132,S0001678,2026-04-27 02:34:48,review_view,Reviews,P0001,Tablet,Direct
E00007240,C00132,S0001678,2026-04-27 02:37:02,add_to_cart,Cart,P0007,Tablet,Direct
E00007241,C00132,S0001679,2025-11-21 15:11:41,page_view,Home,,Mobile,Bing
E00007242,C00132,S0001680,2026-04-23 23:40:20,page_view,Home,,Mobile,Facebook
E00007243,C00132,S0001680,2026-04-23 23:40:45,add_to_cart,Cart,P0072,Mobile,Facebook
E00007244,C00132,S0001680,2026-04-23 23:42:27,checkout_start,Checkout,P0049,Mobile,Facebook
E00007245,C00132,S0001680,2026-04-23 23:43:21,purchase,Checkout,P0049,Mobile,Facebook
E00007246,C00132,S0001681,2026-06-03 17:51:45,page_view,Home,,Desktop,Facebook
E00007247,C00132,S0001681,2026-06-03 17:55:34,search,Search,,Desktop,Facebook
E00007248,C00132,S0001682,2026-04-07 12:18:04,page_view,Home,,Mobile,Affiliate
E00007249,C00132,S0001682,2026-04-07 12:20:17,search,Search,,Mobile,Affiliate
E00007250,C00132,S0001682,2026-04-07 12:21:41,page_view,Category,,Mobile,Affiliate
E00007251,C00132,S0001682,2026-04-07 12:24:14,product_view,Product,P0078,Mobile,Affiliate
E00007252,C00132,S0001682,2026-04-07 12:26:21,review_view,Reviews,P0001,Mobile,Affiliate
E00007253,C00132,S0001682,2026-04-07 12:26:45,add_to_cart,Cart,P0078,Mobile,Affiliate
E00007254,C00132,S0001682,2026-04-07 12:29:18,checkout_start,Checkout,P0007,Mobile,Affiliate
E00007255,C00132,S0001682,2026-04-07 12:32:09,purchase,Checkout,P0011,Mobile,Affiliate
E00007256,C00132,S0001683,2026-01-18 08:52:08,page_view,Home,,Mobile,Email
E00007257,C00132,S0001683,2026-01-18 08:55:24,search,Search,,Mobile,Email
E00007258,C00132,S0001684,2026-05-08 20:14:08,page_view,Home,,Mobile,Google
E00007259,C00132,S0001684,2026-05-08 20:16:21,search,Search,,Mobile,Google
E00007260,C00132,S0001684,2026-05-08 20:18:57,page_view,Category,,Mobile,Google
E00007261,C00132,S0001684,2026-05-08 20:21:36,product_view,Product,P0002,Mobile,Google
E00007262,C00132,S0001684,2026-05-08 20:24:23,review_view,Reviews,P0069,Mobile,Google
E00007263,C00132,S0001684,2026-05-08 20:27:23,add_to_cart,Cart,P0063,Mobile,Google
E00007264,C00132,S0001685,2026-02-05 00:43:41,page_view,Home,,Desktop,Email
E00007265,C00132,S0001686,2026-03-12 07:51:35,page_view,Home,,Mobile,Direct
E00007266,C00132,S0001686,2026-03-12 07:53:03,search,Search,,Mobile,Direct
E00007267,C00132,S0001686,2026-03-12 07:54:56,page_view,Category,,Mobile,Direct
E00007268,C00132,S0001686,2026-03-12 07:58:20,product_view,Product,P0080,Mobile,Direct
E00007269,C00132,S0001686,2026-03-12 07:59:04,review_view,Reviews,P0007,Mobile,Direct
E00007270,C00132,S0001686,2026-03-12 08:02:30,add_to_cart,Cart,P0001,Mobile,Direct
E00007271,C00132,S0001687,2026-05-23 00:33:41,page_view,Home,,Mobile,Email
E00007272,C00132,S0001687,2026-05-23 00:37:02,search,Search,,Mobile,Email
E00007273,C00132,S0001688,2026-03-23 00:46:40,page_view,Home,,Mobile,Email
E00007274,C00132,S0001688,2026-03-23 00:49:05,search,Search,,Mobile,Email
E00007275,C00132,S0001688,2026-03-23 00:51:56,page_view,Category,,Mobile,Email
E00007276,C00132,S0001688,2026-03-23 00:54:17,product_view,Product,P0069,Mobile,Email
E00007277,C00132,S0001689,2026-06-15 15:51:46,page_view,Home,,Mobile,Direct
E00007278,C00132,S0001689,2026-06-15 15:55:20,search,Search,,Mobile,Direct
E00007279,C00132,S0001689,2026-06-15 15:59:05,page_view,Category,,Mobile,Direct
E00007280,C00132,S0001689,2026-06-15 16:02:38,product_view,Product,P0002,Mobile,Direct
E00007281,C00132,S0001689,2026-06-15 16:05:14,review_view,Reviews,P0080,Mobile,Direct
E00007282,C00132,S0001690,2025-12-22 09:58:18,page_view,Home,,Desktop,Affiliate
E00007283,C00132,S0001690,2025-12-22 10:00:33,search,Search,,Desktop,Affiliate
E00007284,C00132,S0001690,2025-12-22 10:03:47,page_view,Category,,Desktop,Affiliate
E00007285,C00132,S0001690,2025-12-22 10:05:14,product_view,Product,P0072,Desktop,Affiliate
E00007286,C00133,S0001691,2025-02-03 22:28:01,page_view,Home,,Mobile,Bing
E00007287,C00133,S0001691,2025-02-03 22:31:52,search,Search,,Mobile,Bing
E00007288,C00133,S0001691,2025-02-03 22:33:10,page_view,Category,,Mobile,Bing
E00007289,C00133,S0001691,2025-02-03 22:36:47,product_view,Product,P0040,Mobile,Bing
E00007290,C00133,S0001691,2025-02-03 22:38:38,add_to_cart,Cart,P0040,Mobile,Bing
E00007291,C00133,S0001691,2025-02-03 22:40:41,checkout_start,Checkout,P0025,Mobile,Bing
E00007292,C00133,S0001691,2025-02-03 22:42:40,purchase,Checkout,P0064,Mobile,Bing
E00007293,C00133,S0001692,2025-09-15 13:09:42,page_view,Home,,Mobile,Google
E00007294,C00133,S0001692,2025-09-15 13:10:18,search,Search,,Mobile,Google
E00007295,C00133,S0001692,2025-09-15 13:12:22,page_view,Category,,Mobile,Google
E00007296,C00133,S0001692,2025-09-15 13:15:02,product_view,Product,P0037,Mobile,Google
E00007297,C00133,S0001692,2025-09-15 13:17:19,review_view,Reviews,P0064,Mobile,Google
E00007298,C00133,S0001692,2025-09-15 13:19:56,add_to_cart,Cart,P0040,Mobile,Google
E00007299,C00133,S0001692,2025-09-15 13:20:06,checkout_start,Checkout,P0004,Mobile,Google
E00007300,C00133,S0001692,2025-09-15 13:21:05,purchase,Checkout,P0037,Mobile,Google
E00007301,C00133,S0001693,2025-07-14 04:51:01,page_view,Home,,Mobile,Google
E00007302,C00133,S0001693,2025-07-14 04:53:47,search,Search,,Mobile,Google
E00007303,C00133,S0001693,2025-07-14 04:54:54,page_view,Category,,Mobile,Google
E00007304,C00133,S0001693,2025-07-14 04:55:18,product_view,Product,P0034,Mobile,Google
E00007305,C00133,S0001693,2025-07-14 04:56:00,review_view,Reviews,P0042,Mobile,Google
E00007306,C00133,S0001693,2025-07-14 04:58:59,add_to_cart,Cart,P0037,Mobile,Google
E00007307,C00133,S0001693,2025-07-14 05:00:37,checkout_start,Checkout,P0025,Mobile,Google
E00007308,C00133,S0001693,2025-07-14 05:02:22,purchase,Checkout,P0064,Mobile,Google
E00007309,C00133,S0001694,2025-03-23 08:50:58,page_view,Home,,Desktop,Instagram
E00007310,C00133,S0001695,2025-04-28 01:27:17,page_view,Home,,Mobile,Facebook
E00007311,C00133,S0001695,2025-04-28 01:28:04,search,Search,,Mobile,Facebook
E00007312,C00133,S0001695,2025-04-28 01:30:59,page_view,Category,,Mobile,Facebook
E00007313,C00133,S0001695,2025-04-28 01:31:47,product_view,Product,P0037,Mobile,Facebook
E00007314,C00133,S0001695,2025-04-28 01:33:56,review_view,Reviews,P0042,Mobile,Facebook
E00007315,C00133,S0001696,2025-12-10 13:27:31,page_view,Home,,Mobile,Instagram
E00007316,C00133,S0001697,2026-05-17 20:59:19,page_view,Home,,Desktop,Bing
E00007317,C00133,S0001697,2026-05-17 21:03:03,search,Search,,Desktop,Bing
E00007318,C00133,S0001697,2026-05-17 21:06:58,page_view,Category,,Desktop,Bing
E00007319,C00133,S0001697,2026-05-17 21:08:01,product_view,Product,P0042,Desktop,Bing
E00007320,C00133,S0001697,2026-05-17 21:11:16,review_view,Reviews,P0042,Desktop,Bing
E00007321,C00133,S0001697,2026-05-17 21:13:59,add_to_cart,Cart,P0034,Desktop,Bing
E00007322,C00133,S0001697,2026-05-17 21:14:58,checkout_start,Checkout,P0025,Desktop,Bing
E00007323,C00133,S0001697,2026-05-17 21:17:14,purchase,Checkout,P0042,Desktop,Bing
E00007324,C00133,S0001698,2025-03-31 07:57:23,page_view,Home,,Mobile,Bing
E00007325,C00133,S0001698,2025-03-31 07:59:15,search,Search,,Mobile,Bing
E00007326,C00133,S0001698,2025-03-31 08:00:05,page_view,Category,,Mobile,Bing
E00007327,C00133,S0001698,2025-03-31 08:03:32,product_view,Product,P0076,Mobile,Bing
E00007328,C00133,S0001698,2025-03-31 08:04:41,review_view,Reviews,P0064,Mobile,Bing
E00007329,C00133,S0001698,2025-03-31 08:05:26,add_to_cart,Cart,P0034,Mobile,Bing
E00007330,C00133,S0001698,2025-03-31 08:07:43,checkout_start,Checkout,P0025,Mobile,Bing
E00007331,C00133,S0001698,2025-03-31 08:08:40,purchase,Checkout,P0040,Mobile,Bing
E00007332,C00133,S0001699,2026-03-23 07:37:50,page_view,Home,,Mobile,Instagram
E00007333,C00133,S0001700,2024-09-30 00:16:19,page_view,Home,,Mobile,Google
E00007334,C00133,S0001700,2024-09-30 00:20:18,search,Search,,Mobile,Google
E00007335,C00133,S0001700,2024-09-30 00:20:36,page_view,Category,,Mobile,Google
E00007336,C00133,S0001700,2024-09-30 00:21:38,product_view,Product,P0064,Mobile,Google
E00007337,C00133,S0001701,2024-08-18 09:44:10,page_view,Home,,Desktop,Affiliate
E00007338,C00133,S0001701,2024-08-18 09:47:01,search,Search,,Desktop,Affiliate
E00007339,C00133,S0001702,2026-05-10 19:35:50,page_view,Home,,Mobile,Bing
E00007340,C00133,S0001702,2026-05-10 19:38:42,search,Search,,Mobile,Bing
E00007341,C00133,S0001702,2026-05-10 19:42:08,page_view,Category,,Mobile,Bing
E00007342,C00133,S0001702,2026-05-10 19:42:39,product_view,Product,P0025,Mobile,Bing
E00007343,C00133,S0001702,2026-05-10 19:44:21,review_view,Reviews,P0064,Mobile,Bing
E00007344,C00133,S0001702,2026-05-10 19:48:19,add_to_cart,Cart,P0076,Mobile,Bing
E00007345,C00133,S0001703,2026-05-09 00:31:11,page_view,Home,,Mobile,Facebook
E00007346,C00133,S0001703,2026-05-09 00:34:22,search,Search,,Mobile,Facebook
E00007347,C00133,S0001704,2026-05-26 22:50:07,page_view,Home,,Desktop,Instagram
E00007348,C00133,S0001704,2026-05-26 22:52:43,search,Search,,Desktop,Instagram
E00007349,C00133,S0001704,2026-05-26 22:55:41,page_view,Category,,Desktop,Instagram
E00007350,C00133,S0001705,2025-09-05 19:42:09,page_view,Home,,Desktop,Bing
E00007351,C00133,S0001706,2025-08-07 11:13:15,page_view,Home,,Mobile,Bing
E00007352,C00133,S0001706,2025-08-07 11:16:15,search,Search,,Mobile,Bing
E00007353,C00133,S0001706,2025-08-07 11:19:23,page_view,Category,,Mobile,Bing
E00007354,C00133,S0001707,2026-02-10 08:07:29,page_view,Home,,Mobile,Direct
E00007355,C00133,S0001707,2026-02-10 08:08:31,search,Search,,Mobile,Direct
E00007356,C00133,S0001707,2026-02-10 08:11:43,page_view,Category,,Mobile,Direct
E00007357,C00133,S0001707,2026-02-10 08:12:30,product_view,Product,P0064,Mobile,Direct
E00007358,C00133,S0001708,2025-02-25 23:36:36,page_view,Home,,Mobile,Facebook
E00007359,C00133,S0001708,2025-02-25 23:39:23,search,Search,,Mobile,Facebook
E00007360,C00133,S0001708,2025-02-25 23:40:25,page_view,Category,,Mobile,Facebook
E00007361,C00133,S0001708,2025-02-25 23:41:42,product_view,Product,P0025,Mobile,Facebook
E00007362,C00133,S0001708,2025-02-25 23:44:06,review_view,Reviews,P0076,Mobile,Facebook
E00007363,C00133,S0001708,2025-02-25 23:45:10,add_to_cart,Cart,P0004,Mobile,Facebook
E00007364,C00134,S0001709,2025-11-01 22:00:48,page_view,Home,,Mobile,Affiliate
E00007365,C00134,S0001709,2025-11-01 22:03:10,search,Search,,Mobile,Affiliate
E00007366,C00134,S0001709,2025-11-01 22:07:00,page_view,Category,,Mobile,Affiliate
E00007367,C00134,S0001709,2025-11-01 22:08:05,product_view,Product,P0054,Mobile,Affiliate
E00007368,C00134,S0001710,2025-10-27 02:57:45,page_view,Home,,Mobile,Facebook
E00007369,C00134,S0001710,2025-10-27 02:59:30,search,Search,,Mobile,Facebook
E00007370,C00134,S0001710,2025-10-27 03:02:53,page_view,Category,,Mobile,Facebook
E00007371,C00134,S0001710,2025-10-27 03:05:31,product_view,Product,P0058,Mobile,Facebook
E00007372,C00134,S0001710,2025-10-27 03:08:33,review_view,Reviews,P0013,Mobile,Facebook
E00007373,C00134,S0001710,2025-10-27 03:10:11,add_to_cart,Cart,P0058,Mobile,Facebook
E00007374,C00134,S0001710,2025-10-27 03:11:53,checkout_start,Checkout,P0058,Mobile,Facebook
E00007375,C00134,S0001710,2025-10-27 03:12:23,purchase,Checkout,P0054,Mobile,Facebook
E00007376,C00134,S0001711,2026-06-26 01:08:08,page_view,Home,,Mobile,Affiliate
E00007377,C00134,S0001711,2026-06-26 01:10:32,add_to_cart,Cart,P0013,Mobile,Affiliate
E00007378,C00134,S0001711,2026-06-26 01:13:25,checkout_start,Checkout,P0054,Mobile,Affiliate
E00007379,C00134,S0001711,2026-06-26 01:16:51,purchase,Checkout,P0005,Mobile,Affiliate
E00007380,C00134,S0001712,2026-02-02 23:32:15,page_view,Home,,Mobile,Instagram
E00007381,C00134,S0001712,2026-02-02 23:36:07,search,Search,,Mobile,Instagram
E00007382,C00134,S0001712,2026-02-02 23:37:33,page_view,Category,,Mobile,Instagram
E00007383,C00134,S0001712,2026-02-02 23:41:15,product_view,Product,P0021,Mobile,Instagram
E00007384,C00134,S0001713,2026-05-02 19:24:43,page_view,Home,,Mobile,Affiliate
E00007385,C00134,S0001713,2026-05-02 19:25:15,search,Search,,Mobile,Affiliate
E00007386,C00134,S0001713,2026-05-02 19:29:12,page_view,Category,,Mobile,Affiliate
E00007387,C00134,S0001713,2026-05-02 19:32:29,product_view,Product,P0005,Mobile,Affiliate
E00007388,C00134,S0001713,2026-05-02 19:33:38,add_to_cart,Cart,P0021,Mobile,Affiliate
E00007389,C00134,S0001713,2026-05-02 19:35:13,checkout_start,Checkout,P0008,Mobile,Affiliate
E00007390,C00134,S0001713,2026-05-02 19:36:42,purchase,Checkout,P0008,Mobile,Affiliate
E00007391,C00134,S0001714,2026-03-08 13:54:27,page_view,Home,,Mobile,Email
E00007392,C00134,S0001714,2026-03-08 13:55:38,search,Search,,Mobile,Email
E00007393,C00134,S0001714,2026-03-08 13:58:41,add_to_cart,Cart,P0013,Mobile,Email
E00007394,C00134,S0001714,2026-03-08 14:00:06,checkout_start,Checkout,P0008,Mobile,Email
E00007395,C00134,S0001714,2026-03-08 14:02:42,purchase,Checkout,P0054,Mobile,Email
E00007396,C00134,S0001715,2026-02-08 08:19:08,page_view,Home,,Mobile,Facebook
E00007397,C00134,S0001715,2026-02-08 08:19:19,search,Search,,Mobile,Facebook
E00007398,C00134,S0001715,2026-02-08 08:20:20,page_view,Category,,Mobile,Facebook
E00007399,C00134,S0001715,2026-02-08 08:22:52,product_view,Product,P0021,Mobile,Facebook
E00007400,C00134,S0001715,2026-02-08 08:24:31,review_view,Reviews,P0010,Mobile,Facebook
E00007401,C00134,S0001716,2025-12-04 15:06:32,page_view,Home,,Desktop,Google
E00007402,C00134,S0001716,2025-12-04 15:08:42,search,Search,,Desktop,Google
E00007403,C00134,S0001716,2025-12-04 15:09:06,page_view,Category,,Desktop,Google
E00007404,C00134,S0001717,2026-03-30 17:51:57,page_view,Home,,Desktop,Direct
E00007405,C00134,S0001717,2026-03-30 17:54:56,search,Search,,Desktop,Direct
E00007406,C00134,S0001717,2026-03-30 17:55:43,add_to_cart,Cart,P0054,Desktop,Direct
E00007407,C00134,S0001717,2026-03-30 17:59:19,checkout_start,Checkout,P0013,Desktop,Direct
E00007408,C00134,S0001717,2026-03-30 18:00:21,purchase,Checkout,P0013,Desktop,Direct
E00007409,C00134,S0001718,2026-06-19 13:43:17,page_view,Home,,Mobile,Affiliate
E00007410,C00134,S0001718,2026-06-19 13:46:15,search,Search,,Mobile,Affiliate
E00007411,C00134,S0001719,2026-03-04 07:28:37,page_view,Home,,Mobile,Affiliate
E00007412,C00134,S0001719,2026-03-04 07:29:59,search,Search,,Mobile,Affiliate
E00007413,C00134,S0001719,2026-03-04 07:32:18,page_view,Category,,Mobile,Affiliate
E00007414,C00134,S0001719,2026-03-04 07:34:23,product_view,Product,P0010,Mobile,Affiliate
E00007415,C00134,S0001719,2026-03-04 07:36:57,review_view,Reviews,P0008,Mobile,Affiliate
E00007416,C00135,S0001720,2025-11-03 00:12:33,page_view,Home,,Mobile,Direct
E00007417,C00135,S0001720,2025-11-03 00:15:03,search,Search,,Mobile,Direct
E00007418,C00135,S0001720,2025-11-03 00:17:25,page_view,Category,,Mobile,Direct
E00007419,C00135,S0001720,2025-11-03 00:19:25,product_view,Product,P0046,Mobile,Direct
E00007420,C00135,S0001720,2025-11-03 00:22:39,review_view,Reviews,P0003,Mobile,Direct
E00007421,C00135,S0001720,2025-11-03 00:26:00,add_to_cart,Cart,P0055,Mobile,Direct
E00007422,C00135,S0001721,2025-04-29 05:40:24,page_view,Home,,Desktop,Email
E00007423,C00135,S0001721,2025-04-29 05:42:56,search,Search,,Desktop,Email
E00007424,C00135,S0001721,2025-04-29 05:46:52,page_view,Category,,Desktop,Email
E00007425,C00135,S0001721,2025-04-29 05:49:28,product_view,Product,P0075,Desktop,Email
E00007426,C00135,S0001722,2025-04-19 17:05:09,page_view,Home,,Desktop,Bing
E00007427,C00135,S0001722,2025-04-19 17:07:22,search,Search,,Desktop,Bing
E00007428,C00135,S0001722,2025-04-19 17:09:22,page_view,Category,,Desktop,Bing
E00007429,C00135,S0001722,2025-04-19 17:12:55,product_view,Product,P0003,Desktop,Bing
E00007430,C00135,S0001723,2026-06-22 00:54:09,page_view,Home,,Desktop,Bing
E00007431,C00135,S0001723,2026-06-22 00:57:20,search,Search,,Desktop,Bing
E00007432,C00135,S0001723,2026-06-22 01:00:18,page_view,Category,,Desktop,Bing
E00007433,C00135,S0001723,2026-06-22 01:03:17,product_view,Product,P0043,Desktop,Bing
E00007434,C00135,S0001723,2026-06-22 01:06:10,review_view,Reviews,P0059,Desktop,Bing
E00007435,C00135,S0001724,2025-01-17 00:32:56,page_view,Home,,Desktop,Affiliate
E00007436,C00135,S0001724,2025-01-17 00:34:53,search,Search,,Desktop,Affiliate
E00007437,C00135,S0001724,2025-01-17 00:36:54,page_view,Category,,Desktop,Affiliate
E00007438,C00135,S0001725,2026-05-10 10:58:08,page_view,Home,,Mobile,Google
E00007439,C00135,S0001725,2026-05-10 11:00:10,search,Search,,Mobile,Google
E00007440,C00135,S0001726,2026-04-14 02:05:08,page_view,Home,,Desktop,Bing
E00007441,C00135,S0001726,2026-04-14 02:07:26,search,Search,,Desktop,Bing
E00007442,C00135,S0001726,2026-04-14 02:10:02,page_view,Category,,Desktop,Bing
E00007443,C00135,S0001726,2026-04-14 02:10:19,product_view,Product,P0075,Desktop,Bing
E00007444,C00135,S0001726,2026-04-14 02:11:53,review_view,Reviews,P0046,Desktop,Bing
E00007445,C00135,S0001727,2025-12-20 12:36:43,page_view,Home,,Mobile,Facebook
E00007446,C00135,S0001727,2025-12-20 12:40:41,search,Search,,Mobile,Facebook
E00007447,C00135,S0001727,2025-12-20 12:42:08,page_view,Category,,Mobile,Facebook
E00007448,C00135,S0001727,2025-12-20 12:45:27,product_view,Product,P0055,Mobile,Facebook
E00007449,C00135,S0001727,2025-12-20 12:47:30,review_view,Reviews,P0018,Mobile,Facebook
E00007450,C00135,S0001727,2025-12-20 12:50:11,add_to_cart,Cart,P0059,Mobile,Facebook
E00007451,C00135,S0001727,2025-12-20 12:53:33,checkout_start,Checkout,P0059,Mobile,Facebook
E00007452,C00135,S0001727,2025-12-20 12:55:51,purchase,Checkout,P0032,Mobile,Facebook
E00007453,C00135,S0001728,2025-12-28 09:59:13,page_view,Home,,Mobile,Email
E00007454,C00135,S0001728,2025-12-28 10:01:33,search,Search,,Mobile,Email
E00007455,C00135,S0001729,2025-08-21 22:32:33,page_view,Home,,Mobile,Bing
E00007456,C00135,S0001729,2025-08-21 22:33:21,search,Search,,Mobile,Bing
E00007457,C00135,S0001729,2025-08-21 22:34:32,add_to_cart,Cart,P0003,Mobile,Bing
E00007458,C00135,S0001729,2025-08-21 22:36:52,checkout_start,Checkout,P0070,Mobile,Bing
E00007459,C00135,S0001729,2025-08-21 22:39:47,purchase,Checkout,P0070,Mobile,Bing
E00007460,C00135,S0001730,2025-11-02 10:13:41,page_view,Home,,Desktop,Bing
E00007461,C00135,S0001730,2025-11-02 10:15:07,search,Search,,Desktop,Bing
E00007462,C00135,S0001730,2025-11-02 10:18:35,page_view,Category,,Desktop,Bing
E00007463,C00135,S0001731,2025-05-24 13:03:43,page_view,Home,,Mobile,Direct
E00007464,C00135,S0001731,2025-05-24 13:07:22,search,Search,,Mobile,Direct
E00007465,C00135,S0001732,2025-01-11 12:57:09,page_view,Home,,Mobile,Direct
E00007466,C00135,S0001732,2025-01-11 12:59:32,search,Search,,Mobile,Direct
E00007467,C00135,S0001732,2025-01-11 13:02:01,page_view,Category,,Mobile,Direct
E00007468,C00136,S0001733,2025-08-23 07:39:48,page_view,Home,,Desktop,Instagram
E00007469,C00136,S0001733,2025-08-23 07:39:58,search,Search,,Desktop,Instagram
E00007470,C00136,S0001733,2025-08-23 07:41:24,page_view,Category,,Desktop,Instagram
E00007471,C00136,S0001734,2026-05-27 02:10:00,page_view,Home,,Mobile,Instagram
E00007472,C00136,S0001734,2026-05-27 02:13:18,search,Search,,Mobile,Instagram
E00007473,C00136,S0001735,2026-05-25 04:28:34,page_view,Home,,Mobile,Google
E00007474,C00136,S0001735,2026-05-25 04:29:13,search,Search,,Mobile,Google
E00007475,C00136,S0001735,2026-05-25 04:32:50,page_view,Category,,Mobile,Google
E00007476,C00136,S0001735,2026-05-25 04:34:26,product_view,Product,P0016,Mobile,Google
E00007477,C00136,S0001735,2026-05-25 04:37:49,review_view,Reviews,P0030,Mobile,Google
E00007478,C00136,S0001736,2026-05-21 14:48:03,page_view,Home,,Mobile,Instagram
E00007479,C00136,S0001736,2026-05-21 14:50:21,search,Search,,Mobile,Instagram
E00007480,C00136,S0001736,2026-05-21 14:53:33,page_view,Category,,Mobile,Instagram
E00007481,C00136,S0001736,2026-05-21 14:56:42,product_view,Product,P0016,Mobile,Instagram
E00007482,C00136,S0001736,2026-05-21 14:59:35,review_view,Reviews,P0045,Mobile,Instagram
E00007483,C00136,S0001737,2026-06-23 01:39:45,page_view,Home,,Mobile,Facebook
E00007484,C00136,S0001738,2025-11-21 07:52:34,page_view,Home,,Mobile,Affiliate
E00007485,C00136,S0001738,2025-11-21 07:55:33,search,Search,,Mobile,Affiliate
E00007486,C00136,S0001739,2026-02-21 00:02:56,page_view,Home,,Mobile,Affiliate
E00007487,C00136,S0001740,2025-08-13 06:07:56,page_view,Home,,Mobile,Email
E00007488,C00136,S0001740,2025-08-13 06:08:08,search,Search,,Mobile,Email
E00007489,C00136,S0001740,2025-08-13 06:08:45,page_view,Category,,Mobile,Email
E00007490,C00136,S0001740,2025-08-13 06:12:39,product_view,Product,P0016,Mobile,Email
E00007491,C00136,S0001740,2025-08-13 06:13:06,review_view,Reviews,P0030,Mobile,Email
E00007492,C00137,S0001741,2026-03-18 03:28:37,page_view,Home,,Mobile,Direct
E00007493,C00137,S0001741,2026-03-18 03:31:58,search,Search,,Mobile,Direct
E00007494,C00137,S0001741,2026-03-18 03:34:55,page_view,Category,,Mobile,Direct
E00007495,C00137,S0001741,2026-03-18 03:38:31,product_view,Product,P0024,Mobile,Direct
E00007496,C00137,S0001741,2026-03-18 03:41:14,review_view,Reviews,P0044,Mobile,Direct
E00007497,C00137,S0001741,2026-03-18 03:43:59,add_to_cart,Cart,P0061,Mobile,Direct
E00007498,C00137,S0001741,2026-03-18 03:47:26,checkout_start,Checkout,P0061,Mobile,Direct
E00007499,C00137,S0001741,2026-03-18 03:48:05,purchase,Checkout,P0027,Mobile,Direct
E00007500,C00137,S0001742,2026-01-11 22:47:01,page_view,Home,,Desktop,Bing
E00007501,C00137,S0001742,2026-01-11 22:49:38,search,Search,,Desktop,Bing
E00007502,C00137,S0001742,2026-01-11 22:50:12,page_view,Category,,Desktop,Bing
E00007503,C00137,S0001742,2026-01-11 22:53:13,product_view,Product,P0077,Desktop,Bing
E00007504,C00137,S0001742,2026-01-11 22:56:50,review_view,Reviews,P0061,Desktop,Bing
E00007505,C00137,S0001742,2026-01-11 22:57:56,add_to_cart,Cart,P0061,Desktop,Bing
E00007506,C00137,S0001743,2026-01-22 19:23:12,page_view,Home,,Desktop,Instagram
E00007507,C00137,S0001743,2026-01-22 19:25:25,search,Search,,Desktop,Instagram
E00007508,C00137,S0001743,2026-01-22 19:25:36,page_view,Category,,Desktop,Instagram
E00007509,C00137,S0001743,2026-01-22 19:28:03,product_view,Product,P0024,Desktop,Instagram
E00007510,C00137,S0001744,2025-10-11 22:16:37,page_view,Home,,Mobile,Google
E00007511,C00137,S0001744,2025-10-11 22:20:20,search,Search,,Mobile,Google
E00007512,C00137,S0001744,2025-10-11 22:24:07,page_view,Category,,Mobile,Google
E00007513,C00137,S0001744,2025-10-11 22:26:39,product_view,Product,P0077,Mobile,Google
E00007514,C00137,S0001744,2025-10-11 22:30:09,review_view,Reviews,P0044,Mobile,Google
E00007515,C00137,S0001744,2025-10-11 22:30:23,add_to_cart,Cart,P0056,Mobile,Google
E00007516,C00137,S0001745,2025-03-10 21:54:42,page_view,Home,,Mobile,Google
E00007517,C00137,S0001745,2025-03-10 21:55:27,search,Search,,Mobile,Google
E00007518,C00137,S0001745,2025-03-10 21:55:56,page_view,Category,,Mobile,Google
E00007519,C00137,S0001745,2025-03-10 21:59:21,product_view,Product,P0027,Mobile,Google
E00007520,C00137,S0001745,2025-03-10 22:00:42,add_to_cart,Cart,P0061,Mobile,Google
E00007521,C00137,S0001745,2025-03-10 22:02:22,checkout_start,Checkout,P0027,Mobile,Google
E00007522,C00137,S0001745,2025-03-10 22:03:06,purchase,Checkout,P0024,Mobile,Google
E00007523,C00137,S0001746,2026-06-26 09:41:30,page_view,Home,,Tablet,Google
E00007524,C00137,S0001746,2026-06-26 09:45:23,add_to_cart,Cart,P0077,Tablet,Google
E00007525,C00137,S0001746,2026-06-26 09:45:51,checkout_start,Checkout,P0056,Tablet,Google
E00007526,C00137,S0001746,2026-06-26 09:48:07,purchase,Checkout,P0044,Tablet,Google
E00007527,C00137,S0001747,2026-05-15 20:14:03,page_view,Home,,Mobile,Facebook
E00007528,C00137,S0001747,2026-05-15 20:15:52,search,Search,,Mobile,Facebook
E00007529,C00137,S0001747,2026-05-15 20:17:44,page_view,Category,,Mobile,Facebook
E00007530,C00137,S0001747,2026-05-15 20:18:21,add_to_cart,Cart,P0024,Mobile,Facebook
E00007531,C00137,S0001747,2026-05-15 20:21:27,checkout_start,Checkout,P0027,Mobile,Facebook
E00007532,C00137,S0001747,2026-05-15 20:23:23,purchase,Checkout,P0077,Mobile,Facebook
E00007533,C00137,S0001748,2025-04-10 01:15:24,page_view,Home,,Tablet,Facebook
E00007534,C00137,S0001748,2025-04-10 01:17:08,search,Search,,Tablet,Facebook
E00007535,C00137,S0001748,2025-04-10 01:17:36,page_view,Category,,Tablet,Facebook
E00007536,C00137,S0001748,2025-04-10 01:19:35,product_view,Product,P0044,Tablet,Facebook
E00007537,C00137,S0001748,2025-04-10 01:21:50,review_view,Reviews,P0077,Tablet,Facebook
E00007538,C00137,S0001749,2025-03-02 06:07:28,page_view,Home,,Mobile,Affiliate
E00007539,C00137,S0001750,2026-06-05 03:02:01,page_view,Home,,Mobile,Affiliate
E00007540,C00137,S0001750,2026-06-05 03:04:56,search,Search,,Mobile,Affiliate
E00007541,C00137,S0001750,2026-06-05 03:08:25,page_view,Category,,Mobile,Affiliate
E00007542,C00137,S0001750,2026-06-05 03:09:33,product_view,Product,P0077,Mobile,Affiliate
E00007543,C00137,S0001750,2026-06-05 03:12:20,review_view,Reviews,P0061,Mobile,Affiliate
E00007544,C00137,S0001750,2026-06-05 03:13:26,add_to_cart,Cart,P0027,Mobile,Affiliate
E00007545,C00137,S0001751,2025-01-26 06:40:05,page_view,Home,,Desktop,Email
E00007546,C00137,S0001751,2025-01-26 06:42:43,search,Search,,Desktop,Email
E00007547,C00137,S0001751,2025-01-26 06:45:57,page_view,Category,,Desktop,Email
E00007548,C00137,S0001752,2025-04-14 02:13:45,page_view,Home,,Mobile,Bing
E00007549,C00137,S0001752,2025-04-14 02:16:44,search,Search,,Mobile,Bing
E00007550,C00137,S0001752,2025-04-14 02:18:21,page_view,Category,,Mobile,Bing
E00007551,C00137,S0001752,2025-04-14 02:21:04,product_view,Product,P0056,Mobile,Bing
E00007552,C00137,S0001752,2025-04-14 02:23:36,add_to_cart,Cart,P0077,Mobile,Bing
E00007553,C00137,S0001752,2025-04-14 02:26:42,checkout_start,Checkout,P0061,Mobile,Bing
E00007554,C00137,S0001752,2025-04-14 02:29:51,purchase,Checkout,P0061,Mobile,Bing
E00007555,C00137,S0001753,2025-03-14 00:47:27,page_view,Home,,Desktop,Facebook
E00007556,C00137,S0001753,2025-03-14 00:49:20,search,Search,,Desktop,Facebook
E00007557,C00137,S0001753,2025-03-14 00:53:10,page_view,Category,,Desktop,Facebook
E00007558,C00137,S0001753,2025-03-14 00:55:40,product_view,Product,P0024,Desktop,Facebook
E00007559,C00137,S0001753,2025-03-14 00:57:03,review_view,Reviews,P0044,Desktop,Facebook
E00007560,C00137,S0001753,2025-03-14 00:57:20,add_to_cart,Cart,P0044,Desktop,Facebook
E00007561,C00137,S0001754,2025-05-13 03:16:30,page_view,Home,,Desktop,Email
E00007562,C00137,S0001755,2024-12-03 18:57:25,page_view,Home,,Desktop,Affiliate
E00007563,C00137,S0001756,2026-06-20 00:29:27,page_view,Home,,Desktop,Email
E00007564,C00137,S0001756,2026-06-20 00:33:21,search,Search,,Desktop,Email
E00007565,C00138,S0001757,2025-11-23 22:17:40,page_view,Home,,Mobile,Email
E00007566,C00138,S0001757,2025-11-23 22:21:25,search,Search,,Mobile,Email
E00007567,C00138,S0001757,2025-11-23 22:22:35,page_view,Category,,Mobile,Email
E00007568,C00138,S0001757,2025-11-23 22:23:54,product_view,Product,P0056,Mobile,Email
E00007569,C00138,S0001757,2025-11-23 22:26:28,add_to_cart,Cart,P0044,Mobile,Email
E00007570,C00138,S0001757,2025-11-23 22:27:45,checkout_start,Checkout,P0044,Mobile,Email
E00007571,C00138,S0001757,2025-11-23 22:30:19,purchase,Checkout,P0044,Mobile,Email
E00007572,C00138,S0001758,2025-10-31 14:46:07,page_view,Home,,Desktop,Bing
E00007573,C00138,S0001759,2026-06-29 01:17:29,page_view,Home,,Desktop,Bing
E00007574,C00138,S0001759,2026-06-29 01:19:20,search,Search,,Desktop,Bing
E00007575,C00138,S0001759,2026-06-29 01:21:20,page_view,Category,,Desktop,Bing
E00007576,C00138,S0001759,2026-06-29 01:24:02,product_view,Product,P0061,Desktop,Bing
E00007577,C00138,S0001759,2026-06-29 01:25:08,add_to_cart,Cart,P0077,Desktop,Bing
E00007578,C00138,S0001759,2026-06-29 01:27:56,checkout_start,Checkout,P0077,Desktop,Bing
E00007579,C00138,S0001759,2026-06-29 01:30:25,purchase,Checkout,P0044,Desktop,Bing
E00007580,C00138,S0001760,2025-11-05 17:44:52,page_view,Home,,Mobile,Bing
E00007581,C00138,S0001760,2025-11-05 17:47:52,search,Search,,Mobile,Bing
E00007582,C00138,S0001761,2025-10-24 10:36:20,page_view,Home,,Desktop,Affiliate
E00007583,C00138,S0001761,2025-10-24 10:38:20,search,Search,,Desktop,Affiliate
E00007584,C00138,S0001761,2025-10-24 10:39:15,page_view,Category,,Desktop,Affiliate
E00007585,C00138,S0001761,2025-10-24 10:40:45,product_view,Product,P0027,Desktop,Affiliate
E00007586,C00138,S0001761,2025-10-24 10:43:47,review_view,Reviews,P0077,Desktop,Affiliate
E00007587,C00138,S0001762,2026-03-12 16:35:40,page_view,Home,,Mobile,Facebook
E00007588,C00138,S0001762,2026-03-12 16:37:18,search,Search,,Mobile,Facebook
E00007589,C00138,S0001762,2026-03-12 16:38:17,page_view,Category,,Mobile,Facebook
E00007590,C00138,S0001762,2026-03-12 16:38:38,product_view,Product,P0024,Mobile,Facebook
E00007591,C00138,S0001763,2026-05-04 10:26:16,page_view,Home,,Desktop,Direct
E00007592,C00138,S0001763,2026-05-04 10:27:41,search,Search,,Desktop,Direct
E00007593,C00138,S0001763,2026-05-04 10:30:43,page_view,Category,,Desktop,Direct
E00007594,C00138,S0001763,2026-05-04 10:33:55,product_view,Product,P0056,Desktop,Direct
E00007595,C00138,S0001764,2026-03-28 21:14:11,page_view,Home,,Desktop,Affiliate
E00007596,C00138,S0001764,2026-03-28 21:14:54,search,Search,,Desktop,Affiliate
E00007597,C00138,S0001764,2026-03-28 21:17:39,page_view,Category,,Desktop,Affiliate
E00007598,C00138,S0001764,2026-03-28 21:21:15,product_view,Product,P0056,Desktop,Affiliate
E00007599,C00138,S0001764,2026-03-28 21:23:04,review_view,Reviews,P0024,Desktop,Affiliate
E00007600,C00138,S0001764,2026-03-28 21:23:44,add_to_cart,Cart,P0056,Desktop,Affiliate
E00007601,C00138,S0001764,2026-03-28 21:25:33,checkout_start,Checkout,P0027,Desktop,Affiliate
E00007602,C00138,S0001764,2026-03-28 21:28:59,purchase,Checkout,P0077,Desktop,Affiliate
E00007603,C00139,S0001765,2025-12-24 11:17:42,page_view,Home,,Desktop,Instagram
E00007604,C00139,S0001765,2025-12-24 11:20:12,search,Search,,Desktop,Instagram
E00007605,C00139,S0001765,2025-12-24 11:22:54,page_view,Category,,Desktop,Instagram
E00007606,C00139,S0001765,2025-12-24 11:25:45,product_view,Product,P0069,Desktop,Instagram
E00007607,C00139,S0001765,2025-12-24 11:27:58,review_view,Reviews,P0002,Desktop,Instagram
E00007608,C00139,S0001765,2025-12-24 11:28:39,add_to_cart,Cart,P0063,Desktop,Instagram
E00007609,C00139,S0001765,2025-12-24 11:30:23,checkout_start,Checkout,P0063,Desktop,Instagram
E00007610,C00139,S0001765,2025-12-24 11:31:13,purchase,Checkout,P0078,Desktop,Instagram
E00007611,C00139,S0001766,2026-05-27 10:45:55,page_view,Home,,Mobile,Instagram
E00007612,C00139,S0001766,2026-05-27 10:46:57,add_to_cart,Cart,P0006,Mobile,Instagram
E00007613,C00139,S0001766,2026-05-27 10:50:10,checkout_start,Checkout,P0011,Mobile,Instagram
E00007614,C00139,S0001766,2026-05-27 10:51:42,purchase,Checkout,P0011,Mobile,Instagram
E00007615,C00139,S0001767,2026-02-05 06:33:31,page_view,Home,,Mobile,Affiliate
E00007616,C00139,S0001767,2026-02-05 06:37:13,search,Search,,Mobile,Affiliate
E00007617,C00139,S0001767,2026-02-05 06:37:31,page_view,Category,,Mobile,Affiliate
E00007618,C00139,S0001767,2026-02-05 06:37:41,product_view,Product,P0080,Mobile,Affiliate
E00007619,C00139,S0001767,2026-02-05 06:39:13,review_view,Reviews,P0080,Mobile,Affiliate
E00007620,C00139,S0001767,2026-02-05 06:42:57,add_to_cart,Cart,P0049,Mobile,Affiliate
E00007621,C00139,S0001768,2026-04-05 02:18:10,page_view,Home,,Tablet,Direct
E00007622,C00139,S0001768,2026-04-05 02:21:37,search,Search,,Tablet,Direct
E00007623,C00139,S0001768,2026-04-05 02:22:25,page_view,Category,,Tablet,Direct
E00007624,C00139,S0001768,2026-04-05 02:22:37,product_view,Product,P0053,Tablet,Direct
E00007625,C00139,S0001768,2026-04-05 02:25:54,add_to_cart,Cart,P0036,Tablet,Direct
E00007626,C00139,S0001768,2026-04-05 02:27:28,checkout_start,Checkout,P0026,Tablet,Direct
E00007627,C00139,S0001768,2026-04-05 02:30:54,purchase,Checkout,P0006,Tablet,Direct
E00007628,C00139,S0001769,2025-12-23 04:22:47,page_view,Home,,Mobile,Bing
E00007629,C00139,S0001769,2025-12-23 04:26:29,search,Search,,Mobile,Bing
E00007630,C00139,S0001769,2025-12-23 04:29:18,page_view,Category,,Mobile,Bing
E00007631,C00139,S0001769,2025-12-23 04:30:26,product_view,Product,P0049,Mobile,Bing
E00007632,C00139,S0001770,2025-12-03 08:51:49,page_view,Home,,Desktop,Direct
E00007633,C00139,S0001771,2025-10-31 05:21:59,page_view,Home,,Desktop,Affiliate
E00007634,C00139,S0001771,2025-10-31 05:25:14,search,Search,,Desktop,Affiliate
E00007635,C00139,S0001771,2025-10-31 05:25:51,page_view,Category,,Desktop,Affiliate
E00007636,C00139,S0001771,2025-10-31 05:29:23,product_view,Product,P0038,Desktop,Affiliate
E00007637,C00139,S0001771,2025-10-31 05:32:31,review_view,Reviews,P0006,Desktop,Affiliate
E00007638,C00139,S0001771,2025-10-31 05:33:52,add_to_cart,Cart,P0001,Desktop,Affiliate
E00007639,C00139,S0001772,2026-06-20 17:41:32,page_view,Home,,Desktop,Email
E00007640,C00139,S0001772,2026-06-20 17:44:36,search,Search,,Desktop,Email
E00007641,C00139,S0001772,2026-06-20 17:48:21,page_view,Category,,Desktop,Email
E00007642,C00139,S0001772,2026-06-20 17:51:13,product_view,Product,P0072,Desktop,Email
E00007643,C00139,S0001773,2026-05-22 21:36:03,page_view,Home,,Desktop,Direct
E00007644,C00139,S0001773,2026-05-22 21:36:51,search,Search,,Desktop,Direct
E00007645,C00139,S0001773,2026-05-22 21:37:25,page_view,Category,,Desktop,Direct
E00007646,C00139,S0001773,2026-05-22 21:38:04,product_view,Product,P0069,Desktop,Direct
E00007647,C00139,S0001773,2026-05-22 21:40:29,review_view,Reviews,P0011,Desktop,Direct
E00007648,C00139,S0001773,2026-05-22 21:41:37,add_to_cart,Cart,P0006,Desktop,Direct
E00007649,C00139,S0001773,2026-05-22 21:42:42,checkout_start,Checkout,P0078,Desktop,Direct
E00007650,C00139,S0001773,2026-05-22 21:45:31,purchase,Checkout,P0080,Desktop,Direct
E00007651,C00139,S0001774,2025-10-29 18:19:45,page_view,Home,,Mobile,Affiliate
E00007652,C00139,S0001774,2025-10-29 18:21:33,add_to_cart,Cart,P0011,Mobile,Affiliate
E00007653,C00139,S0001774,2025-10-29 18:25:23,checkout_start,Checkout,P0049,Mobile,Affiliate
E00007654,C00139,S0001774,2025-10-29 18:26:14,purchase,Checkout,P0069,Mobile,Affiliate
E00007655,C00139,S0001775,2026-03-13 16:52:52,page_view,Home,,Desktop,Email
E00007656,C00139,S0001775,2026-03-13 16:55:55,search,Search,,Desktop,Email
E00007657,C00139,S0001775,2026-03-13 16:57:30,page_view,Category,,Desktop,Email
E00007658,C00139,S0001775,2026-03-13 16:59:12,product_view,Product,P0080,Desktop,Email
E00007659,C00140,S0001776,2025-10-16 16:27:21,page_view,Home,,Desktop,Email
E00007660,C00140,S0001776,2025-10-16 16:29:17,search,Search,,Desktop,Email
E00007661,C00140,S0001776,2025-10-16 16:30:21,page_view,Category,,Desktop,Email
E00007662,C00140,S0001776,2025-10-16 16:33:47,product_view,Product,P0068,Desktop,Email
E00007663,C00140,S0001776,2025-10-16 16:35:13,review_view,Reviews,P0060,Desktop,Email
E00007664,C00140,S0001776,2025-10-16 16:37:36,add_to_cart,Cart,P0060,Desktop,Email
E00007665,C00140,S0001777,2024-11-13 07:08:24,page_view,Home,,Desktop,Google
E00007666,C00140,S0001777,2024-11-13 07:09:53,search,Search,,Desktop,Google
E00007667,C00140,S0001777,2024-11-13 07:11:18,page_view,Category,,Desktop,Google
E00007668,C00140,S0001777,2024-11-13 07:14:39,product_view,Product,P0017,Desktop,Google
E00007669,C00140,S0001777,2024-11-13 07:15:21,review_view,Reviews,P0066,Desktop,Google
E00007670,C00140,S0001778,2025-05-14 07:25:38,page_view,Home,,Mobile,Facebook
E00007671,C00140,S0001778,2025-05-14 07:28:10,search,Search,,Mobile,Facebook
E00007672,C00140,S0001778,2025-05-14 07:31:33,page_view,Category,,Mobile,Facebook
E00007673,C00140,S0001778,2025-05-14 07:32:30,add_to_cart,Cart,P0060,Mobile,Facebook
E00007674,C00140,S0001778,2025-05-14 07:32:46,checkout_start,Checkout,P0035,Mobile,Facebook
E00007675,C00140,S0001778,2025-05-14 07:33:07,purchase,Checkout,P0028,Mobile,Facebook
E00007676,C00140,S0001779,2025-03-03 12:17:03,page_view,Home,,Mobile,Facebook
E00007677,C00140,S0001779,2025-03-03 12:17:53,search,Search,,Mobile,Facebook
E00007678,C00140,S0001779,2025-03-03 12:18:04,page_view,Category,,Mobile,Facebook
E00007679,C00140,S0001780,2025-03-14 16:04:33,page_view,Home,,Desktop,Affiliate
E00007680,C00140,S0001780,2025-03-14 16:06:59,search,Search,,Desktop,Affiliate
E00007681,C00140,S0001780,2025-03-14 16:07:41,page_view,Category,,Desktop,Affiliate
E00007682,C00140,S0001781,2025-12-24 19:55:00,page_view,Home,,Desktop,Email
E00007683,C00140,S0001781,2025-12-24 19:57:04,search,Search,,Desktop,Email
E00007684,C00140,S0001781,2025-12-24 19:57:34,page_view,Category,,Desktop,Email
E00007685,C00140,S0001781,2025-12-24 20:00:49,product_view,Product,P0066,Desktop,Email
E00007686,C00140,S0001781,2025-12-24 20:01:32,review_view,Reviews,P0012,Desktop,Email
E00007687,C00140,S0001781,2025-12-24 20:04:22,add_to_cart,Cart,P0057,Desktop,Email
E00007688,C00140,S0001782,2025-05-05 07:36:03,page_view,Home,,Mobile,Instagram
E00007689,C00140,S0001783,2025-06-22 22:01:41,page_view,Home,,Desktop,Google
E00007690,C00140,S0001783,2025-06-22 22:02:23,search,Search,,Desktop,Google
E00007691,C00140,S0001784,2024-09-24 23:55:45,page_view,Home,,Mobile,Direct
E00007692,C00140,S0001784,2024-09-24 23:59:17,search,Search,,Mobile,Direct
E00007693,C00140,S0001784,2024-09-25 00:00:34,page_view,Category,,Mobile,Direct
E00007694,C00140,S0001784,2024-09-25 00:01:40,product_view,Product,P0012,Mobile,Direct
E00007695,C00140,S0001784,2024-09-25 00:04:32,review_view,Reviews,P0073,Mobile,Direct
E00007696,C00140,S0001785,2024-10-21 00:34:01,page_view,Home,,Desktop,Bing
E00007697,C00140,S0001785,2024-10-21 00:36:42,search,Search,,Desktop,Bing
E00007698,C00140,S0001785,2024-10-21 00:40:13,page_view,Category,,Desktop,Bing
E00007699,C00140,S0001785,2024-10-21 00:44:05,product_view,Product,P0062,Desktop,Bing
E00007700,C00140,S0001785,2024-10-21 00:45:52,review_view,Reviews,P0074,Desktop,Bing
E00007701,C00140,S0001785,2024-10-21 00:47:20,add_to_cart,Cart,P0035,Desktop,Bing
E00007702,C00140,S0001785,2024-10-21 00:50:31,checkout_start,Checkout,P0057,Desktop,Bing
E00007703,C00140,S0001785,2024-10-21 00:52:00,purchase,Checkout,P0029,Desktop,Bing
E00007704,C00140,S0001786,2025-01-14 07:50:05,page_view,Home,,Desktop,Direct
E00007705,C00140,S0001787,2024-10-22 13:14:21,page_view,Home,,Desktop,Email
E00007706,C00140,S0001787,2024-10-22 13:16:26,search,Search,,Desktop,Email
E00007707,C00140,S0001788,2024-12-04 22:42:37,page_view,Home,,Mobile,Direct
E00007708,C00140,S0001788,2024-12-04 22:42:58,search,Search,,Mobile,Direct
E00007709,C00140,S0001788,2024-12-04 22:46:19,page_view,Category,,Mobile,Direct
E00007710,C00140,S0001788,2024-12-04 22:47:21,product_view,Product,P0071,Mobile,Direct
E00007711,C00141,S0001789,2025-01-18 21:51:52,page_view,Home,,Desktop,Affiliate
E00007712,C00141,S0001789,2025-01-18 21:55:30,search,Search,,Desktop,Affiliate
E00007713,C00141,S0001789,2025-01-18 21:58:01,page_view,Category,,Desktop,Affiliate
E00007714,C00141,S0001789,2025-01-18 22:01:14,product_view,Product,P0041,Desktop,Affiliate
E00007715,C00141,S0001789,2025-01-18 22:04:04,review_view,Reviews,P0014,Desktop,Affiliate
E00007716,C00141,S0001790,2026-04-06 19:21:10,page_view,Home,,Desktop,Facebook
E00007717,C00141,S0001790,2026-04-06 19:21:33,search,Search,,Desktop,Facebook
E00007718,C00141,S0001790,2026-04-06 19:24:44,page_view,Category,,Desktop,Facebook
E00007719,C00141,S0001790,2026-04-06 19:28:21,product_view,Product,P0074,Desktop,Facebook
E00007720,C00141,S0001790,2026-04-06 19:29:04,add_to_cart,Cart,P0014,Desktop,Facebook
E00007721,C00141,S0001790,2026-04-06 19:30:47,checkout_start,Checkout,P0062,Desktop,Facebook
E00007722,C00141,S0001790,2026-04-06 19:33:28,purchase,Checkout,P0017,Desktop,Facebook
E00007723,C00141,S0001791,2025-08-09 22:08:22,page_view,Home,,Tablet,Google
E00007724,C00141,S0001791,2025-08-09 22:09:04,search,Search,,Tablet,Google
E00007725,C00141,S0001792,2025-07-31 10:30:49,page_view,Home,,Desktop,Google
E00007726,C00141,S0001792,2025-07-31 10:31:40,search,Search,,Desktop,Google
E00007727,C00141,S0001792,2025-07-31 10:32:32,page_view,Category,,Desktop,Google
E00007728,C00141,S0001792,2025-07-31 10:33:29,product_view,Product,P0028,Desktop,Google
E00007729,C00141,S0001792,2025-07-31 10:37:21,review_view,Reviews,P0062,Desktop,Google
E00007730,C00141,S0001792,2025-07-31 10:38:53,add_to_cart,Cart,P0029,Desktop,Google
E00007731,C00141,S0001792,2025-07-31 10:41:25,checkout_start,Checkout,P0012,Desktop,Google
E00007732,C00141,S0001792,2025-07-31 10:45:20,purchase,Checkout,P0057,Desktop,Google
E00007733,C00141,S0001793,2024-03-30 10:37:03,page_view,Home,,Tablet,Affiliate
E00007734,C00141,S0001793,2024-03-30 10:40:21,search,Search,,Tablet,Affiliate
E00007735,C00141,S0001793,2024-03-30 10:44:15,page_view,Category,,Tablet,Affiliate
E00007736,C00141,S0001793,2024-03-30 10:46:39,product_view,Product,P0028,Tablet,Affiliate
E00007737,C00141,S0001794,2026-06-10 14:28:06,page_view,Home,,Mobile,Email
E00007738,C00141,S0001794,2026-06-10 14:29:21,search,Search,,Mobile,Email
E00007739,C00141,S0001794,2026-06-10 14:29:32,page_view,Category,,Mobile,Email
E00007740,C00141,S0001794,2026-06-10 14:31:39,product_view,Product,P0012,Mobile,Email
E00007741,C00141,S0001795,2024-10-28 14:41:33,page_view,Home,,Tablet,Bing
E00007742,C00141,S0001795,2024-10-28 14:41:46,search,Search,,Tablet,Bing
E00007743,C00141,S0001795,2024-10-28 14:41:56,page_view,Category,,Tablet,Bing
E00007744,C00141,S0001796,2026-02-02 16:25:16,page_view,Home,,Mobile,Facebook
E00007745,C00141,S0001796,2026-02-02 16:26:05,search,Search,,Mobile,Facebook
E00007746,C00141,S0001796,2026-02-02 16:26:45,page_view,Category,,Mobile,Facebook
E00007747,C00141,S0001797,2024-09-17 23:32:52,page_view,Home,,Desktop,Google
E00007748,C00141,S0001797,2024-09-17 23:36:41,search,Search,,Desktop,Google
E00007749,C00141,S0001797,2024-09-17 23:38:59,page_view,Category,,Desktop,Google
E00007750,C00141,S0001797,2024-09-17 23:40:55,product_view,Product,P0073,Desktop,Google
E00007751,C00141,S0001797,2024-09-17 23:43:22,add_to_cart,Cart,P0017,Desktop,Google
E00007752,C00141,S0001797,2024-09-17 23:45:35,checkout_start,Checkout,P0060,Desktop,Google
E00007753,C00141,S0001797,2024-09-17 23:49:07,purchase,Checkout,P0029,Desktop,Google
E00007754,C00141,S0001798,2026-05-05 16:03:01,page_view,Home,,Desktop,Facebook
E00007755,C00142,S0001799,2025-01-31 00:27:58,page_view,Home,,Mobile,Facebook
E00007756,C00142,S0001799,2025-01-31 00:29:58,search,Search,,Mobile,Facebook
E00007757,C00142,S0001799,2025-01-31 00:32:33,page_view,Category,,Mobile,Facebook
E00007758,C00142,S0001799,2025-01-31 00:33:25,product_view,Product,P0009,Mobile,Facebook
E00007759,C00142,S0001799,2025-01-31 00:37:25,review_view,Reviews,P0052,Mobile,Facebook
E00007760,C00142,S0001799,2025-01-31 00:39:17,add_to_cart,Cart,P0052,Mobile,Facebook
E00007761,C00142,S0001800,2024-08-15 09:57:58,page_view,Home,,Mobile,Google
E00007762,C00142,S0001800,2024-08-15 10:00:55,search,Search,,Mobile,Google
E00007763,C00142,S0001800,2024-08-15 10:02:12,page_view,Category,,Mobile,Google
E00007764,C00142,S0001800,2024-08-15 10:03:14,product_view,Product,P0051,Mobile,Google
E00007765,C00142,S0001801,2025-12-28 10:08:20,page_view,Home,,Mobile,Facebook
E00007766,C00142,S0001801,2025-12-28 10:09:49,search,Search,,Mobile,Facebook
E00007767,C00142,S0001801,2025-12-28 10:13:39,page_view,Category,,Mobile,Facebook
E00007768,C00142,S0001801,2025-12-28 10:17:13,product_view,Product,P0052,Mobile,Facebook
E00007769,C00142,S0001802,2025-07-07 03:36:04,page_view,Home,,Mobile,Email
E00007770,C00142,S0001802,2025-07-07 03:39:25,search,Search,,Mobile,Email
E00007771,C00142,S0001803,2025-03-10 17:03:08,page_view,Home,,Desktop,Direct
E00007772,C00142,S0001803,2025-03-10 17:05:41,search,Search,,Desktop,Direct
E00007773,C00142,S0001803,2025-03-10 17:08:52,page_view,Category,,Desktop,Direct
E00007774,C00142,S0001803,2025-03-10 17:12:07,product_view,Product,P0047,Desktop,Direct
E00007775,C00142,S0001803,2025-03-10 17:15:39,add_to_cart,Cart,P0052,Desktop,Direct
E00007776,C00142,S0001803,2025-03-10 17:16:53,checkout_start,Checkout,P0022,Desktop,Direct
E00007777,C00142,S0001803,2025-03-10 17:17:24,purchase,Checkout,P0052,Desktop,Direct
E00007778,C00142,S0001804,2025-06-24 21:09:17,page_view,Home,,Tablet,Facebook
E00007779,C00142,S0001804,2025-06-24 21:12:07,search,Search,,Tablet,Facebook
E00007780,C00142,S0001804,2025-06-24 21:15:18,page_view,Category,,Tablet,Facebook
E00007781,C00142,S0001805,2025-07-29 20:53:43,page_view,Home,,Desktop,Instagram
E00007782,C00142,S0001805,2025-07-29 20:57:06,search,Search,,Desktop,Instagram
E00007783,C00142,S0001805,2025-07-29 20:58:06,page_view,Category,,Desktop,Instagram
E00007784,C00142,S0001805,2025-07-29 20:58:42,product_view,Product,P0047,Desktop,Instagram
E00007785,C00142,S0001805,2025-07-29 21:02:07,review_view,Reviews,P0052,Desktop,Instagram
E00007786,C00142,S0001805,2025-07-29 21:03:06,add_to_cart,Cart,P0052,Desktop,Instagram
E00007787,C00142,S0001805,2025-07-29 21:04:42,checkout_start,Checkout,P0067,Desktop,Instagram
E00007788,C00142,S0001805,2025-07-29 21:05:37,purchase,Checkout,P0067,Desktop,Instagram
E00007789,C00142,S0001806,2025-08-26 16:48:35,page_view,Home,,Mobile,Facebook
E00007790,C00142,S0001806,2025-08-26 16:50:17,search,Search,,Mobile,Facebook
E00007791,C00142,S0001806,2025-08-26 16:53:48,page_view,Category,,Mobile,Facebook
E00007792,C00142,S0001806,2025-08-26 16:56:21,product_view,Product,P0052,Mobile,Facebook
E00007793,C00142,S0001807,2024-09-24 07:36:12,page_view,Home,,Mobile,Facebook
E00007794,C00142,S0001807,2024-09-24 07:38:51,search,Search,,Mobile,Facebook
E00007795,C00142,S0001807,2024-09-24 07:40:29,page_view,Category,,Mobile,Facebook
E00007796,C00142,S0001807,2024-09-24 07:41:35,product_view,Product,P0009,Mobile,Facebook
E00007797,C00142,S0001807,2024-09-24 07:44:05,review_view,Reviews,P0048,Mobile,Facebook
E00007798,C00142,S0001807,2024-09-24 07:45:00,add_to_cart,Cart,P0052,Mobile,Facebook
E00007799,C00142,S0001808,2025-11-28 04:46:50,page_view,Home,,Mobile,Email
E00007800,C00142,S0001808,2025-11-28 04:50:37,search,Search,,Mobile,Email
E00007801,C00142,S0001809,2025-09-01 04:12:17,page_view,Home,,Mobile,Direct
E00007802,C00142,S0001809,2025-09-01 04:15:03,search,Search,,Mobile,Direct
E00007803,C00142,S0001809,2025-09-01 04:15:40,page_view,Category,,Mobile,Direct
E00007804,C00142,S0001809,2025-09-01 04:17:15,add_to_cart,Cart,P0048,Mobile,Direct
E00007805,C00142,S0001809,2025-09-01 04:19:39,checkout_start,Checkout,P0009,Mobile,Direct
E00007806,C00142,S0001809,2025-09-01 04:21:07,purchase,Checkout,P0048,Mobile,Direct
E00007807,C00142,S0001810,2025-01-16 07:14:47,page_view,Home,,Mobile,Email
E00007808,C00142,S0001810,2025-01-16 07:16:03,search,Search,,Mobile,Email
E00007809,C00142,S0001810,2025-01-16 07:18:42,page_view,Category,,Mobile,Email
E00007810,C00142,S0001810,2025-01-16 07:21:26,product_view,Product,P0009,Mobile,Email
E00007811,C00142,S0001811,2024-10-10 00:07:20,page_view,Home,,Mobile,Email
E00007812,C00142,S0001811,2024-10-10 00:10:48,search,Search,,Mobile,Email
E00007813,C00142,S0001811,2024-10-10 00:14:27,page_view,Category,,Mobile,Email
E00007814,C00142,S0001811,2024-10-10 00:18:07,product_view,Product,P0048,Mobile,Email
E00007815,C00142,S0001811,2024-10-10 00:21:48,review_view,Reviews,P0067,Mobile,Email
E00007816,C00142,S0001811,2024-10-10 00:24:58,add_to_cart,Cart,P0009,Mobile,Email
E00007817,C00142,S0001812,2025-05-28 22:55:20,page_view,Home,,Mobile,Direct
E00007818,C00142,S0001812,2025-05-28 22:57:33,search,Search,,Mobile,Direct
E00007819,C00142,S0001812,2025-05-28 22:58:40,page_view,Category,,Mobile,Direct
E00007820,C00142,S0001812,2025-05-28 23:01:05,product_view,Product,P0009,Mobile,Direct
E00007821,C00142,S0001812,2025-05-28 23:02:52,review_view,Reviews,P0067,Mobile,Direct
E00007822,C00142,S0001812,2025-05-28 23:05:38,add_to_cart,Cart,P0052,Mobile,Direct
E00007823,C00143,S0001813,2026-01-30 06:40:05,page_view,Home,,Mobile,Direct
E00007824,C00143,S0001813,2026-01-30 06:41:01,search,Search,,Mobile,Direct
E00007825,C00143,S0001813,2026-01-30 06:44:25,page_view,Category,,Mobile,Direct
E00007826,C00143,S0001813,2026-01-30 06:45:24,product_view,Product,P0072,Mobile,Direct
E00007827,C00143,S0001813,2026-01-30 06:46:20,review_view,Reviews,P0069,Mobile,Direct
E00007828,C00143,S0001813,2026-01-30 06:47:48,add_to_cart,Cart,P0036,Mobile,Direct
E00007829,C00143,S0001814,2025-04-20 02:05:38,page_view,Home,,Mobile,Instagram
E00007830,C00143,S0001814,2025-04-20 02:09:37,search,Search,,Mobile,Instagram
E00007831,C00143,S0001814,2025-04-20 02:10:55,page_view,Category,,Mobile,Instagram
E00007832,C00143,S0001815,2025-10-31 22:37:06,page_view,Home,,Desktop,Affiliate
E00007833,C00143,S0001815,2025-10-31 22:38:48,search,Search,,Desktop,Affiliate
E00007834,C00143,S0001815,2025-10-31 22:41:52,page_view,Category,,Desktop,Affiliate
E00007835,C00143,S0001815,2025-10-31 22:43:55,product_view,Product,P0026,Desktop,Affiliate
E00007836,C00143,S0001815,2025-10-31 22:44:45,review_view,Reviews,P0078,Desktop,Affiliate
E00007837,C00143,S0001815,2025-10-31 22:46:54,add_to_cart,Cart,P0001,Desktop,Affiliate
E00007838,C00143,S0001815,2025-10-31 22:47:34,checkout_start,Checkout,P0007,Desktop,Affiliate
E00007839,C00143,S0001815,2025-10-31 22:50:38,purchase,Checkout,P0050,Desktop,Affiliate
E00007840,C00143,S0001816,2025-09-05 22:34:08,page_view,Home,,Desktop,Google
E00007841,C00143,S0001817,2025-04-30 15:05:39,page_view,Home,,Mobile,Bing
E00007842,C00143,S0001818,2026-03-29 20:08:51,page_view,Home,,Desktop,Instagram
E00007843,C00143,S0001818,2026-03-29 20:09:17,search,Search,,Desktop,Instagram
E00007844,C00143,S0001818,2026-03-29 20:09:35,page_view,Category,,Desktop,Instagram
E00007845,C00143,S0001818,2026-03-29 20:12:58,product_view,Product,P0080,Desktop,Instagram
E00007846,C00143,S0001818,2026-03-29 20:14:35,review_view,Reviews,P0078,Desktop,Instagram
E00007847,C00143,S0001819,2025-05-18 12:41:10,page_view,Home,,Mobile,Email
E00007848,C00143,S0001819,2025-05-18 12:44:52,search,Search,,Mobile,Email
E00007849,C00143,S0001819,2025-05-18 12:47:33,page_view,Category,,Mobile,Email
E00007850,C00143,S0001819,2025-05-18 12:48:58,product_view,Product,P0026,Mobile,Email
E00007851,C00143,S0001820,2025-05-12 14:58:15,page_view,Home,,Mobile,Instagram
E00007852,C00143,S0001820,2025-05-12 14:59:03,search,Search,,Mobile,Instagram
E00007853,C00143,S0001821,2026-03-10 14:28:06,page_view,Home,,Desktop,Email
E00007854,C00143,S0001821,2026-03-10 14:29:45,search,Search,,Desktop,Email
E00007855,C00143,S0001821,2026-03-10 14:32:27,page_view,Category,,Desktop,Email
E00007856,C00143,S0001821,2026-03-10 14:34:17,product_view,Product,P0038,Desktop,Email
E00007857,C00143,S0001821,2026-03-10 14:37:35,review_view,Reviews,P0050,Desktop,Email
E00007858,C00143,S0001821,2026-03-10 14:39:57,add_to_cart,Cart,P0072,Desktop,Email
E00007859,C00143,S0001822,2025-11-25 14:04:24,page_view,Home,,Desktop,Instagram
E00007860,C00143,S0001822,2025-11-25 14:04:54,search,Search,,Desktop,Instagram
E00007861,C00143,S0001822,2025-11-25 14:06:33,page_view,Category,,Desktop,Instagram
E00007862,C00143,S0001822,2025-11-25 14:08:13,product_view,Product,P0036,Desktop,Instagram
E00007863,C00143,S0001822,2025-11-25 14:09:33,review_view,Reviews,P0072,Desktop,Instagram
E00007864,C00144,S0001823,2025-05-04 11:41:53,page_view,Home,,Mobile,Direct
E00007865,C00144,S0001823,2025-05-04 11:43:36,search,Search,,Mobile,Direct
E00007866,C00144,S0001823,2025-05-04 11:44:47,page_view,Category,,Mobile,Direct
E00007867,C00144,S0001823,2025-05-04 11:46:50,product_view,Product,P0056,Mobile,Direct
E00007868,C00144,S0001823,2025-05-04 11:47:43,review_view,Reviews,P0061,Mobile,Direct
E00007869,C00144,S0001824,2026-06-12 00:14:54,page_view,Home,,Desktop,Facebook
E00007870,C00144,S0001824,2026-06-12 00:16:45,search,Search,,Desktop,Facebook
E00007871,C00144,S0001824,2026-06-12 00:18:15,page_view,Category,,Desktop,Facebook
E00007872,C00144,S0001824,2026-06-12 00:22:09,product_view,Product,P0027,Desktop,Facebook
E00007873,C00144,S0001825,2026-06-07 22:46:13,page_view,Home,,Mobile,Email
E00007874,C00144,S0001825,2026-06-07 22:47:52,search,Search,,Mobile,Email
E00007875,C00144,S0001826,2025-06-01 20:10:20,page_view,Home,,Tablet,Facebook
E00007876,C00144,S0001826,2025-06-01 20:12:05,search,Search,,Tablet,Facebook
E00007877,C00144,S0001826,2025-06-01 20:13:13,page_view,Category,,Tablet,Facebook
E00007878,C00144,S0001826,2025-06-01 20:15:39,product_view,Product,P0027,Tablet,Facebook
E00007879,C00144,S0001826,2025-06-01 20:16:39,review_view,Reviews,P0077,Tablet,Facebook
E00007880,C00144,S0001826,2025-06-01 20:19:05,add_to_cart,Cart,P0044,Tablet,Facebook
E00007881,C00144,S0001826,2025-06-01 20:20:58,checkout_start,Checkout,P0061,Tablet,Facebook
E00007882,C00144,S0001826,2025-06-01 20:21:56,purchase,Checkout,P0027,Tablet,Facebook
E00007883,C00144,S0001827,2026-05-02 04:26:26,page_view,Home,,Mobile,Affiliate
E00007884,C00144,S0001827,2026-05-02 04:26:46,search,Search,,Mobile,Affiliate
E00007885,C00144,S0001828,2025-05-29 01:07:38,page_view,Home,,Mobile,Email
E00007886,C00144,S0001828,2025-05-29 01:08:58,search,Search,,Mobile,Email
E00007887,C00144,S0001828,2025-05-29 01:09:30,page_view,Category,,Mobile,Email
E00007888,C00144,S0001828,2025-05-29 01:11:10,product_view,Product,P0024,Mobile,Email
E00007889,C00144,S0001829,2025-09-18 07:58:39,page_view,Home,,Mobile,Direct
E00007890,C00144,S0001829,2025-09-18 07:59:15,search,Search,,Mobile,Direct
E00007891,C00144,S0001830,2024-10-04 05:11:12,page_view,Home,,Desktop,Instagram
E00007892,C00144,S0001830,2024-10-04 05:13:50,search,Search,,Desktop,Instagram
E00007893,C00144,S0001830,2024-10-04 05:15:50,page_view,Category,,Desktop,Instagram
E00007894,C00144,S0001830,2024-10-04 05:16:52,product_view,Product,P0027,Desktop,Instagram
E00007895,C00144,S0001831,2025-06-13 14:25:56,page_view,Home,,Mobile,Email
E00007896,C00144,S0001831,2025-06-13 14:27:46,search,Search,,Mobile,Email
E00007897,C00144,S0001831,2025-06-13 14:31:37,page_view,Category,,Mobile,Email
E00007898,C00144,S0001831,2025-06-13 14:33:37,product_view,Product,P0077,Mobile,Email
E00007899,C00144,S0001832,2024-09-26 09:01:58,page_view,Home,,Mobile,Instagram
E00007900,C00144,S0001832,2024-09-26 09:05:38,search,Search,,Mobile,Instagram
E00007901,C00144,S0001833,2026-03-26 22:33:19,page_view,Home,,Mobile,Email
E00007902,C00144,S0001833,2026-03-26 22:36:30,search,Search,,Mobile,Email
E00007903,C00144,S0001833,2026-03-26 22:39:54,page_view,Category,,Mobile,Email
E00007904,C00144,S0001833,2026-03-26 22:42:31,product_view,Product,P0044,Mobile,Email
E00007905,C00144,S0001833,2026-03-26 22:46:10,add_to_cart,Cart,P0024,Mobile,Email
E00007906,C00144,S0001833,2026-03-26 22:46:33,checkout_start,Checkout,P0024,Mobile,Email
E00007907,C00144,S0001833,2026-03-26 22:46:48,purchase,Checkout,P0027,Mobile,Email
E00007908,C00144,S0001834,2026-05-24 17:52:37,page_view,Home,,Mobile,Affiliate
E00007909,C00144,S0001834,2026-05-24 17:55:19,search,Search,,Mobile,Affiliate
E00007910,C00144,S0001834,2026-05-24 17:56:52,page_view,Category,,Mobile,Affiliate
E00007911,C00144,S0001834,2026-05-24 17:57:31,product_view,Product,P0056,Mobile,Affiliate
E00007912,C00145,S0001835,2026-06-08 16:49:17,page_view,Home,,Mobile,Google
E00007913,C00145,S0001835,2026-06-08 16:53:07,search,Search,,Mobile,Google
E00007914,C00145,S0001835,2026-06-08 16:56:50,page_view,Category,,Mobile,Google
E00007915,C00145,S0001835,2026-06-08 16:57:05,product_view,Product,P0069,Mobile,Google
E00007916,C00145,S0001836,2025-09-22 09:37:33,page_view,Home,,Mobile,Affiliate
E00007917,C00145,S0001836,2025-09-22 09:38:52,search,Search,,Mobile,Affiliate
E00007918,C00145,S0001837,2026-04-08 19:15:17,page_view,Home,,Mobile,Email
E00007919,C00145,S0001837,2026-04-08 19:18:18,search,Search,,Mobile,Email
E00007920,C00145,S0001837,2026-04-08 19:21:41,page_view,Category,,Mobile,Email
E00007921,C00145,S0001837,2026-04-08 19:25:07,product_view,Product,P0019,Mobile,Email
E00007922,C00145,S0001837,2026-04-08 19:27:01,review_view,Reviews,P0002,Mobile,Email
E00007923,C00145,S0001838,2025-11-12 17:02:55,page_view,Home,,Mobile,Bing
E00007924,C00145,S0001839,2026-04-06 02:15:08,page_view,Home,,Desktop,Facebook
E00007925,C00145,S0001839,2026-04-06 02:15:48,search,Search,,Desktop,Facebook
E00007926,C00145,S0001839,2026-04-06 02:16:38,page_view,Category,,Desktop,Facebook
E00007927,C00145,S0001839,2026-04-06 02:19:21,product_view,Product,P0019,Desktop,Facebook
E00007928,C00145,S0001840,2025-12-09 14:32:52,page_view,Home,,Mobile,Google
E00007929,C00145,S0001840,2025-12-09 14:35:07,search,Search,,Mobile,Google
E00007930,C00145,S0001840,2025-12-09 14:37:15,page_view,Category,,Mobile,Google
E00007931,C00145,S0001840,2025-12-09 14:38:29,product_view,Product,P0053,Mobile,Google
E00007932,C00145,S0001840,2025-12-09 14:41:12,review_view,Reviews,P0080,Mobile,Google
E00007933,C00145,S0001840,2025-12-09 14:42:38,add_to_cart,Cart,P0007,Mobile,Google
E00007934,C00145,S0001841,2025-11-23 09:05:53,page_view,Home,,Mobile,Bing
E00007935,C00145,S0001841,2025-11-23 09:08:12,search,Search,,Mobile,Bing
E00007936,C00145,S0001841,2025-11-23 09:11:41,page_view,Category,,Mobile,Bing
E00007937,C00145,S0001841,2025-11-23 09:11:53,product_view,Product,P0078,Mobile,Bing
E00007938,C00145,S0001842,2026-06-01 02:27:22,page_view,Home,,Desktop,Email
E00007939,C00145,S0001842,2026-06-01 02:29:05,search,Search,,Desktop,Email
E00007940,C00145,S0001842,2026-06-01 02:29:45,page_view,Category,,Desktop,Email
E00007941,C00145,S0001842,2026-06-01 02:33:41,product_view,Product,P0001,Desktop,Email
E00007942,C00145,S0001842,2026-06-01 02:37:20,review_view,Reviews,P0069,Desktop,Email
E00007943,C00145,S0001843,2025-12-23 01:31:38,page_view,Home,,Mobile,Email
E00007944,C00145,S0001843,2025-12-23 01:34:42,search,Search,,Mobile,Email
E00007945,C00145,S0001843,2025-12-23 01:37:37,page_view,Category,,Mobile,Email
E00007946,C00145,S0001843,2025-12-23 01:39:04,product_view,Product,P0072,Mobile,Email
E00007947,C00145,S0001844,2026-05-07 09:49:47,page_view,Home,,Mobile,Bing
E00007948,C00145,S0001844,2026-05-07 09:53:32,search,Search,,Mobile,Bing
E00007949,C00145,S0001844,2026-05-07 09:56:58,page_view,Category,,Mobile,Bing
E00007950,C00145,S0001844,2026-05-07 09:58:37,product_view,Product,P0072,Mobile,Bing
E00007951,C00145,S0001845,2025-11-26 15:45:46,page_view,Home,,Mobile,Affiliate
E00007952,C00145,S0001845,2025-11-26 15:49:38,search,Search,,Mobile,Affiliate
E00007953,C00145,S0001845,2025-11-26 15:51:02,page_view,Category,,Mobile,Affiliate
E00007954,C00145,S0001845,2025-11-26 15:54:56,product_view,Product,P0038,Mobile,Affiliate
E00007955,C00145,S0001845,2025-11-26 15:57:44,review_view,Reviews,P0011,Mobile,Affiliate
E00007956,C00145,S0001845,2025-11-26 15:59:56,add_to_cart,Cart,P0019,Mobile,Affiliate
E00007957,C00145,S0001846,2026-04-29 02:10:02,page_view,Home,,Desktop,Facebook
E00007958,C00145,S0001846,2026-04-29 02:13:41,search,Search,,Desktop,Facebook
E00007959,C00145,S0001846,2026-04-29 02:16:00,page_view,Category,,Desktop,Facebook
E00007960,C00145,S0001846,2026-04-29 02:17:12,product_view,Product,P0063,Desktop,Facebook
E00007961,C00145,S0001846,2026-04-29 02:20:47,review_view,Reviews,P0038,Desktop,Facebook
E00007962,C00145,S0001847,2025-12-12 03:02:58,page_view,Home,,Mobile,Facebook
E00007963,C00145,S0001847,2025-12-12 03:06:40,search,Search,,Mobile,Facebook
E00007964,C00145,S0001847,2025-12-12 03:07:58,page_view,Category,,Mobile,Facebook
E00007965,C00145,S0001847,2025-12-12 03:09:14,product_view,Product,P0038,Mobile,Facebook
E00007966,C00146,S0001848,2025-10-25 20:05:57,page_view,Home,,Mobile,Affiliate
E00007967,C00146,S0001848,2025-10-25 20:07:02,search,Search,,Mobile,Affiliate
E00007968,C00146,S0001848,2025-10-25 20:07:18,page_view,Category,,Mobile,Affiliate
E00007969,C00146,S0001848,2025-10-25 20:08:19,product_view,Product,P0023,Mobile,Affiliate
E00007970,C00146,S0001849,2025-10-21 16:51:07,page_view,Home,,Mobile,Affiliate
E00007971,C00146,S0001849,2025-10-21 16:52:44,search,Search,,Mobile,Affiliate
E00007972,C00146,S0001849,2025-10-21 16:53:33,page_view,Category,,Mobile,Affiliate
E00007973,C00146,S0001849,2025-10-21 16:55:31,product_view,Product,P0009,Mobile,Affiliate
E00007974,C00146,S0001849,2025-10-21 16:56:12,review_view,Reviews,P0051,Mobile,Affiliate
E00007975,C00146,S0001850,2025-12-24 07:34:18,page_view,Home,,Desktop,Facebook
E00007976,C00146,S0001850,2025-12-24 07:37:16,search,Search,,Desktop,Facebook
E00007977,C00146,S0001850,2025-12-24 07:40:05,page_view,Category,,Desktop,Facebook
E00007978,C00146,S0001850,2025-12-24 07:41:57,product_view,Product,P0052,Desktop,Facebook
E00007979,C00146,S0001850,2025-12-24 07:42:57,review_view,Reviews,P0047,Desktop,Facebook
E00007980,C00146,S0001850,2025-12-24 07:43:12,add_to_cart,Cart,P0023,Desktop,Facebook
E00007981,C00146,S0001851,2026-02-06 13:03:44,page_view,Home,,Mobile,Direct
E00007982,C00146,S0001851,2026-02-06 13:04:01,search,Search,,Mobile,Direct
E00007983,C00146,S0001851,2026-02-06 13:06:03,page_view,Category,,Mobile,Direct
E00007984,C00146,S0001851,2026-02-06 13:08:45,product_view,Product,P0022,Mobile,Direct
E00007985,C00146,S0001851,2026-02-06 13:12:20,review_view,Reviews,P0051,Mobile,Direct
E00007986,C00146,S0001851,2026-02-06 13:13:40,add_to_cart,Cart,P0009,Mobile,Direct
E00007987,C00146,S0001852,2026-01-04 16:54:04,page_view,Home,,Mobile,Email
E00007988,C00146,S0001852,2026-01-04 16:56:49,search,Search,,Mobile,Email
E00007989,C00146,S0001853,2026-04-04 07:51:04,page_view,Home,,Mobile,Direct
E00007990,C00146,S0001854,2025-12-08 07:21:21,page_view,Home,,Mobile,Direct
E00007991,C00146,S0001855,2026-04-18 18:50:28,page_view,Home,,Mobile,Email
E00007992,C00146,S0001856,2025-10-20 20:39:13,page_view,Home,,Desktop,Bing
E00007993,C00146,S0001856,2025-10-20 20:41:38,search,Search,,Desktop,Bing
E00007994,C00146,S0001857,2026-02-28 16:21:31,page_view,Home,,Mobile,Email
E00007995,C00146,S0001857,2026-02-28 16:24:14,search,Search,,Mobile,Email
E00007996,C00146,S0001858,2026-05-20 07:30:35,page_view,Home,,Desktop,Bing
E00007997,C00146,S0001858,2026-05-20 07:33:48,search,Search,,Desktop,Bing
E00007998,C00146,S0001858,2026-05-20 07:35:22,page_view,Category,,Desktop,Bing
E00007999,C00146,S0001858,2026-05-20 07:38:15,product_view,Product,P0051,Desktop,Bing
E00008000,C00146,S0001858,2026-05-20 07:39:25,review_view,Reviews,P0022,Desktop,Bing
E00008001,C00146,S0001859,2026-04-13 03:08:19,page_view,Home,,Desktop,Google
E00008002,C00146,S0001859,2026-04-13 03:10:40,search,Search,,Desktop,Google
E00008003,C00146,S0001859,2026-04-13 03:14:32,page_view,Category,,Desktop,Google
E00008004,C00146,S0001859,2026-04-13 03:15:17,product_view,Product,P0052,Desktop,Google
E00008005,C00146,S0001860,2026-02-21 04:48:13,page_view,Home,,Mobile,Bing
E00008006,C00146,S0001860,2026-02-21 04:52:05,search,Search,,Mobile,Bing
E00008007,C00146,S0001860,2026-02-21 04:53:47,page_view,Category,,Mobile,Bing
E00008008,C00146,S0001860,2026-02-21 04:55:30,product_view,Product,P0067,Mobile,Bing
E00008009,C00146,S0001860,2026-02-21 04:58:35,review_view,Reviews,P0052,Mobile,Bing
E00008010,C00146,S0001861,2026-06-30 02:55:30,page_view,Home,,Mobile,Direct
E00008011,C00146,S0001861,2026-06-30 02:56:11,search,Search,,Mobile,Direct
E00008012,C00146,S0001861,2026-06-30 02:58:48,page_view,Category,,Mobile,Direct
E00008013,C00146,S0001862,2026-05-08 22:37:29,page_view,Home,,Desktop,Instagram
E00008014,C00146,S0001862,2026-05-08 22:38:05,search,Search,,Desktop,Instagram
E00008015,C00146,S0001862,2026-05-08 22:41:07,page_view,Category,,Desktop,Instagram
E00008016,C00146,S0001863,2026-03-26 00:35:11,page_view,Home,,Mobile,Bing
E00008017,C00146,S0001863,2026-03-26 00:38:30,search,Search,,Mobile,Bing
E00008018,C00146,S0001863,2026-03-26 00:39:09,page_view,Category,,Mobile,Bing
E00008019,C00146,S0001863,2026-03-26 00:43:05,product_view,Product,P0051,Mobile,Bing
E00008020,C00146,S0001863,2026-03-26 00:46:23,review_view,Reviews,P0009,Mobile,Bing
E00008021,C00146,S0001863,2026-03-26 00:48:43,add_to_cart,Cart,P0023,Mobile,Bing
E00008022,C00146,S0001864,2026-02-11 10:29:38,page_view,Home,,Mobile,Bing
E00008023,C00146,S0001864,2026-02-11 10:31:41,search,Search,,Mobile,Bing
E00008024,C00146,S0001864,2026-02-11 10:35:28,page_view,Category,,Mobile,Bing
E00008025,C00146,S0001864,2026-02-11 10:37:23,product_view,Product,P0051,Mobile,Bing
E00008026,C00147,S0001865,2025-12-04 13:26:48,page_view,Home,,Mobile,Direct
E00008027,C00147,S0001865,2025-12-04 13:30:11,search,Search,,Mobile,Direct
E00008028,C00147,S0001865,2025-12-04 13:33:23,page_view,Category,,Mobile,Direct
E00008029,C00147,S0001865,2025-12-04 13:34:07,product_view,Product,P0011,Mobile,Direct
E00008030,C00147,S0001865,2025-12-04 13:36:11,review_view,Reviews,P0072,Mobile,Direct
E00008031,C00147,S0001865,2025-12-04 13:39:39,add_to_cart,Cart,P0050,Mobile,Direct
E00008032,C00147,S0001866,2026-01-19 16:17:51,page_view,Home,,Mobile,Instagram
E00008033,C00147,S0001866,2026-01-19 16:19:36,search,Search,,Mobile,Instagram
E00008034,C00147,S0001866,2026-01-19 16:22:13,page_view,Category,,Mobile,Instagram
E00008035,C00147,S0001866,2026-01-19 16:26:06,product_view,Product,P0019,Mobile,Instagram
E00008036,C00147,S0001866,2026-01-19 16:27:50,review_view,Reviews,P0049,Mobile,Instagram
E00008037,C00147,S0001867,2025-10-18 04:38:20,page_view,Home,,Desktop,Affiliate
E00008038,C00147,S0001867,2025-10-18 04:41:57,search,Search,,Desktop,Affiliate
E00008039,C00147,S0001868,2025-12-24 17:37:16,page_view,Home,,Mobile,Direct
E00008040,C00147,S0001868,2025-12-24 17:38:38,search,Search,,Mobile,Direct
E00008041,C00147,S0001868,2025-12-24 17:42:31,page_view,Category,,Mobile,Direct
E00008042,C00147,S0001868,2025-12-24 17:44:05,product_view,Product,P0053,Mobile,Direct
E00008043,C00147,S0001868,2025-12-24 17:46:48,review_view,Reviews,P0049,Mobile,Direct
E00008044,C00147,S0001869,2026-05-26 11:21:37,page_view,Home,,Mobile,Bing
E00008045,C00147,S0001869,2026-05-26 11:25:23,search,Search,,Mobile,Bing
E00008046,C00147,S0001869,2026-05-26 11:29:21,page_view,Category,,Mobile,Bing
E00008047,C00147,S0001869,2026-05-26 11:29:58,product_view,Product,P0069,Mobile,Bing
E00008048,C00147,S0001870,2026-03-25 04:53:22,page_view,Home,,Desktop,Affiliate
E00008049,C00147,S0001870,2026-03-25 04:55:37,search,Search,,Desktop,Affiliate
E00008050,C00147,S0001871,2025-10-18 05:37:23,page_view,Home,,Mobile,Direct
E00008051,C00147,S0001871,2025-10-18 05:40:51,search,Search,,Mobile,Direct
E00008052,C00147,S0001871,2025-10-18 05:42:56,page_view,Category,,Mobile,Direct
E00008053,C00147,S0001872,2026-03-27 16:16:37,page_view,Home,,Mobile,Bing
E00008054,C00147,S0001872,2026-03-27 16:20:07,search,Search,,Mobile,Bing
E00008055,C00147,S0001873,2025-11-06 05:37:55,page_view,Home,,Mobile,Google
E00008056,C00147,S0001873,2025-11-06 05:38:21,search,Search,,Mobile,Google
E00008057,C00147,S0001873,2025-11-06 05:39:43,page_view,Category,,Mobile,Google
E00008058,C00147,S0001873,2025-11-06 05:43:22,product_view,Product,P0053,Mobile,Google
E00008059,C00148,S0001874,2026-06-15 04:10:53,page_view,Home,,Mobile,Affiliate
E00008060,C00148,S0001874,2026-06-15 04:11:15,search,Search,,Mobile,Affiliate
E00008061,C00148,S0001874,2026-06-15 04:11:39,page_view,Category,,Mobile,Affiliate
E00008062,C00148,S0001874,2026-06-15 04:13:15,product_view,Product,P0010,Mobile,Affiliate
E00008063,C00148,S0001874,2026-06-15 04:14:58,review_view,Reviews,P0010,Mobile,Affiliate
E00008064,C00148,S0001875,2025-11-26 08:49:40,page_view,Home,,Desktop,Bing
E00008065,C00148,S0001875,2025-11-26 08:53:22,search,Search,,Desktop,Bing
E00008066,C00148,S0001875,2025-11-26 08:55:05,page_view,Category,,Desktop,Bing
E00008067,C00148,S0001875,2025-11-26 08:57:06,product_view,Product,P0058,Desktop,Bing
E00008068,C00148,S0001875,2025-11-26 08:58:03,review_view,Reviews,P0005,Desktop,Bing
E00008069,C00148,S0001875,2025-11-26 09:00:01,add_to_cart,Cart,P0021,Desktop,Bing
E00008070,C00148,S0001876,2026-06-19 07:52:08,page_view,Home,,Desktop,Instagram
E00008071,C00148,S0001876,2026-06-19 07:55:58,search,Search,,Desktop,Instagram
E00008072,C00148,S0001877,2026-03-13 15:07:25,page_view,Home,,Desktop,Facebook
E00008073,C00148,S0001877,2026-03-13 15:10:49,search,Search,,Desktop,Facebook
E00008074,C00148,S0001877,2026-03-13 15:11:00,page_view,Category,,Desktop,Facebook
E00008075,C00148,S0001877,2026-03-13 15:12:27,product_view,Product,P0058,Desktop,Facebook
E00008076,C00148,S0001877,2026-03-13 15:15:47,add_to_cart,Cart,P0021,Desktop,Facebook
E00008077,C00148,S0001877,2026-03-13 15:16:20,checkout_start,Checkout,P0005,Desktop,Facebook
E00008078,C00148,S0001877,2026-03-13 15:18:38,purchase,Checkout,P0013,Desktop,Facebook
E00008079,C00148,S0001878,2026-03-10 01:54:04,page_view,Home,,Mobile,Bing
E00008080,C00148,S0001878,2026-03-10 01:56:14,search,Search,,Mobile,Bing
E00008081,C00148,S0001878,2026-03-10 01:58:47,page_view,Category,,Mobile,Bing
E00008082,C00148,S0001878,2026-03-10 02:00:19,add_to_cart,Cart,P0058,Mobile,Bing
E00008083,C00148,S0001878,2026-03-10 02:01:09,checkout_start,Checkout,P0005,Mobile,Bing
E00008084,C00148,S0001878,2026-03-10 02:03:59,purchase,Checkout,P0054,Mobile,Bing
E00008085,C00148,S0001879,2025-12-08 16:41:21,page_view,Home,,Mobile,Direct
E00008086,C00148,S0001879,2025-12-08 16:44:08,search,Search,,Mobile,Direct
E00008087,C00148,S0001879,2025-12-08 16:47:12,page_view,Category,,Mobile,Direct
E00008088,C00148,S0001879,2025-12-08 16:48:24,product_view,Product,P0058,Mobile,Direct
E00008089,C00148,S0001879,2025-12-08 16:48:51,review_view,Reviews,P0054,Mobile,Direct
E00008090,C00148,S0001880,2026-01-29 15:20:19,page_view,Home,,Tablet,Facebook
E00008091,C00148,S0001881,2025-11-21 12:46:54,page_view,Home,,Mobile,Bing
E00008092,C00148,S0001881,2025-11-21 12:50:26,search,Search,,Mobile,Bing
E00008093,C00148,S0001881,2025-11-21 12:53:51,page_view,Category,,Mobile,Bing
E00008094,C00148,S0001881,2025-11-21 12:56:22,product_view,Product,P0008,Mobile,Bing
E00008095,C00148,S0001881,2025-11-21 12:59:04,review_view,Reviews,P0005,Mobile,Bing
E00008096,C00148,S0001881,2025-11-21 12:59:37,add_to_cart,Cart,P0005,Mobile,Bing
E00008097,C00148,S0001881,2025-11-21 13:01:21,checkout_start,Checkout,P0058,Mobile,Bing
E00008098,C00148,S0001881,2025-11-21 13:02:23,purchase,Checkout,P0008,Mobile,Bing
E00008099,C00148,S0001882,2025-03-09 05:56:27,page_view,Home,,Mobile,Google
E00008100,C00148,S0001882,2025-03-09 05:59:30,search,Search,,Mobile,Google
E00008101,C00148,S0001882,2025-03-09 06:02:47,page_view,Category,,Mobile,Google
E00008102,C00148,S0001882,2025-03-09 06:03:57,product_view,Product,P0054,Mobile,Google
E00008103,C00148,S0001882,2025-03-09 06:05:02,add_to_cart,Cart,P0021,Mobile,Google
E00008104,C00148,S0001882,2025-03-09 06:07:02,checkout_start,Checkout,P0008,Mobile,Google
E00008105,C00148,S0001882,2025-03-09 06:09:19,purchase,Checkout,P0021,Mobile,Google
E00008106,C00148,S0001883,2025-03-08 06:46:33,page_view,Home,,Desktop,Facebook
E00008107,C00148,S0001883,2025-03-08 06:49:25,search,Search,,Desktop,Facebook
E00008108,C00148,S0001883,2025-03-08 06:51:29,page_view,Category,,Desktop,Facebook
E00008109,C00148,S0001883,2025-03-08 06:53:51,product_view,Product,P0008,Desktop,Facebook
E00008110,C00148,S0001883,2025-03-08 06:56:48,review_view,Reviews,P0005,Desktop,Facebook
E00008111,C00148,S0001883,2025-03-08 06:59:21,add_to_cart,Cart,P0021,Desktop,Facebook
E00008112,C00148,S0001884,2025-12-26 07:42:04,page_view,Home,,Desktop,Facebook
E00008113,C00148,S0001884,2025-12-26 07:45:26,search,Search,,Desktop,Facebook
E00008114,C00148,S0001884,2025-12-26 07:48:49,page_view,Category,,Desktop,Facebook
E00008115,C00148,S0001884,2025-12-26 07:50:44,product_view,Product,P0058,Desktop,Facebook
E00008116,C00148,S0001885,2025-10-04 15:47:54,page_view,Home,,Mobile,Email
E00008117,C00148,S0001885,2025-10-04 15:48:38,search,Search,,Mobile,Email
E00008118,C00148,S0001885,2025-10-04 15:51:57,page_view,Category,,Mobile,Email
E00008119,C00148,S0001885,2025-10-04 15:52:09,product_view,Product,P0021,Mobile,Email
E00008120,C00148,S0001886,2025-06-14 10:56:33,page_view,Home,,Mobile,Affiliate
E00008121,C00148,S0001886,2025-06-14 10:58:26,search,Search,,Mobile,Affiliate
E00008122,C00148,S0001886,2025-06-14 11:00:27,page_view,Category,,Mobile,Affiliate
E00008123,C00148,S0001886,2025-06-14 11:01:51,product_view,Product,P0013,Mobile,Affiliate
E00008124,C00148,S0001886,2025-06-14 11:03:12,add_to_cart,Cart,P0008,Mobile,Affiliate
E00008125,C00148,S0001886,2025-06-14 11:06:28,checkout_start,Checkout,P0058,Mobile,Affiliate
E00008126,C00148,S0001886,2025-06-14 11:08:23,purchase,Checkout,P0010,Mobile,Affiliate
E00008127,C00148,S0001887,2025-07-05 01:08:55,page_view,Home,,Mobile,Affiliate
E00008128,C00148,S0001887,2025-07-05 01:09:47,search,Search,,Mobile,Affiliate
E00008129,C00149,S0001888,2026-02-11 14:48:29,page_view,Home,,Desktop,Facebook
E00008130,C00149,S0001888,2026-02-11 14:51:33,search,Search,,Desktop,Facebook
E00008131,C00149,S0001889,2026-06-09 17:17:09,page_view,Home,,Mobile,Facebook
E00008132,C00149,S0001889,2026-06-09 17:18:38,search,Search,,Mobile,Facebook
E00008133,C00149,S0001889,2026-06-09 17:20:27,page_view,Category,,Mobile,Facebook
E00008134,C00149,S0001889,2026-06-09 17:22:51,product_view,Product,P0072,Mobile,Facebook
E00008135,C00149,S0001890,2025-02-22 11:11:55,page_view,Home,,Desktop,Google
E00008136,C00149,S0001890,2025-02-22 11:14:30,search,Search,,Desktop,Google
E00008137,C00149,S0001890,2025-02-22 11:17:17,page_view,Category,,Desktop,Google
E00008138,C00149,S0001890,2025-02-22 11:20:27,product_view,Product,P0050,Desktop,Google
E00008139,C00149,S0001890,2025-02-22 11:21:40,review_view,Reviews,P0006,Desktop,Google
E00008140,C00149,S0001890,2025-02-22 11:25:17,add_to_cart,Cart,P0050,Desktop,Google
E00008141,C00149,S0001891,2025-10-28 15:55:11,page_view,Home,,Mobile,Bing
E00008142,C00149,S0001891,2025-10-28 15:56:00,search,Search,,Mobile,Bing
E00008143,C00149,S0001891,2025-10-28 15:58:50,page_view,Category,,Mobile,Bing
E00008144,C00149,S0001891,2025-10-28 16:00:36,product_view,Product,P0001,Mobile,Bing
E00008145,C00149,S0001892,2026-06-15 20:36:50,page_view,Home,,Tablet,Instagram
E00008146,C00149,S0001892,2026-06-15 20:38:47,search,Search,,Tablet,Instagram
E00008147,C00149,S0001892,2026-06-15 20:41:47,page_view,Category,,Tablet,Instagram
E00008148,C00149,S0001892,2026-06-15 20:45:23,product_view,Product,P0080,Tablet,Instagram
E00008149,C00149,S0001892,2026-06-15 20:45:49,review_view,Reviews,P0007,Tablet,Instagram
E00008150,C00149,S0001892,2026-06-15 20:48:48,add_to_cart,Cart,P0019,Tablet,Instagram
E00008151,C00149,S0001893,2025-04-15 21:02:19,page_view,Home,,Desktop,Affiliate
E00008152,C00149,S0001893,2025-04-15 21:06:14,search,Search,,Desktop,Affiliate
E00008153,C00149,S0001893,2025-04-15 21:09:09,page_view,Category,,Desktop,Affiliate
E00008154,C00149,S0001893,2025-04-15 21:09:53,product_view,Product,P0038,Desktop,Affiliate
E00008155,C00149,S0001893,2025-04-15 21:11:41,review_view,Reviews,P0078,Desktop,Affiliate
E00008156,C00149,S0001893,2025-04-15 21:12:26,add_to_cart,Cart,P0019,Desktop,Affiliate
E00008157,C00149,S0001893,2025-04-15 21:12:49,checkout_start,Checkout,P0036,Desktop,Affiliate
E00008158,C00149,S0001893,2025-04-15 21:14:58,purchase,Checkout,P0026,Desktop,Affiliate
E00008159,C00149,S0001894,2025-07-17 17:44:39,page_view,Home,,Mobile,Instagram
E00008160,C00149,S0001894,2025-07-17 17:47:51,search,Search,,Mobile,Instagram
E00008161,C00149,S0001894,2025-07-17 17:48:17,page_view,Category,,Mobile,Instagram
E00008162,C00149,S0001894,2025-07-17 17:49:19,product_view,Product,P0080,Mobile,Instagram
E00008163,C00149,S0001894,2025-07-17 17:51:14,review_view,Reviews,P0078,Mobile,Instagram
E00008164,C00149,S0001895,2025-09-28 19:01:16,page_view,Home,,Mobile,Bing
E00008165,C00149,S0001895,2025-09-28 19:02:50,search,Search,,Mobile,Bing
E00008166,C00149,S0001895,2025-09-28 19:04:23,page_view,Category,,Mobile,Bing
E00008167,C00149,S0001895,2025-09-28 19:07:02,product_view,Product,P0063,Mobile,Bing
E00008168,C00149,S0001895,2025-09-28 19:10:07,review_view,Reviews,P0050,Mobile,Bing
E00008169,C00149,S0001895,2025-09-28 19:13:09,add_to_cart,Cart,P0072,Mobile,Bing
E00008170,C00149,S0001896,2026-01-06 23:47:18,page_view,Home,,Tablet,Email
E00008171,C00149,S0001896,2026-01-06 23:49:25,search,Search,,Tablet,Email
E00008172,C00149,S0001896,2026-01-06 23:51:43,page_view,Category,,Tablet,Email
E00008173,C00149,S0001896,2026-01-06 23:53:31,product_view,Product,P0001,Tablet,Email
E00008174,C00149,S0001896,2026-01-06 23:53:54,review_view,Reviews,P0053,Tablet,Email
E00008175,C00149,S0001896,2026-01-06 23:55:30,add_to_cart,Cart,P0006,Tablet,Email
E00008176,C00149,S0001897,2025-04-07 14:25:26,page_view,Home,,Mobile,Affiliate
E00008177,C00149,S0001897,2025-04-07 14:28:10,search,Search,,Mobile,Affiliate
E00008178,C00149,S0001897,2025-04-07 14:29:27,page_view,Category,,Mobile,Affiliate
E00008179,C00149,S0001897,2025-04-07 14:30:31,product_view,Product,P0069,Mobile,Affiliate
E00008180,C00149,S0001897,2025-04-07 14:31:38,review_view,Reviews,P0019,Mobile,Affiliate
E00008181,C00149,S0001898,2026-03-17 01:20:32,page_view,Home,,Tablet,Bing
E00008182,C00149,S0001898,2026-03-17 01:24:27,search,Search,,Tablet,Bing
E00008183,C00149,S0001898,2026-03-17 01:25:41,page_view,Category,,Tablet,Bing
E00008184,C00149,S0001898,2026-03-17 01:29:15,add_to_cart,Cart,P0038,Tablet,Bing
E00008185,C00149,S0001898,2026-03-17 01:30:10,checkout_start,Checkout,P0002,Tablet,Bing
E00008186,C00149,S0001898,2026-03-17 01:30:35,purchase,Checkout,P0049,Tablet,Bing
E00008187,C00149,S0001899,2025-04-27 03:14:58,page_view,Home,,Mobile,Instagram
E00008188,C00149,S0001899,2025-04-27 03:15:33,search,Search,,Mobile,Instagram
E00008189,C00149,S0001899,2025-04-27 03:19:24,page_view,Category,,Mobile,Instagram
E00008190,C00149,S0001899,2025-04-27 03:21:08,product_view,Product,P0011,Mobile,Instagram
E00008191,C00149,S0001899,2025-04-27 03:21:30,review_view,Reviews,P0036,Mobile,Instagram
E00008192,C00149,S0001899,2025-04-27 03:23:03,add_to_cart,Cart,P0006,Mobile,Instagram
E00008193,C00150,S0001900,2026-05-09 20:55:07,page_view,Home,,Mobile,Affiliate
E00008194,C00150,S0001901,2025-12-11 14:55:38,page_view,Home,,Mobile,Email
E00008195,C00150,S0001901,2025-12-11 14:57:09,search,Search,,Mobile,Email
E00008196,C00150,S0001901,2025-12-11 14:57:31,page_view,Category,,Mobile,Email
E00008197,C00150,S0001901,2025-12-11 15:00:00,add_to_cart,Cart,P0016,Mobile,Email
E00008198,C00150,S0001901,2025-12-11 15:02:50,checkout_start,Checkout,P0031,Mobile,Email
E00008199,C00150,S0001901,2025-12-11 15:03:48,purchase,Checkout,P0030,Mobile,Email
E00008200,C00150,S0001902,2025-09-23 20:32:19,page_view,Home,,Desktop,Instagram
E00008201,C00150,S0001902,2025-09-23 20:33:21,search,Search,,Desktop,Instagram
E00008202,C00150,S0001902,2025-09-23 20:34:18,page_view,Category,,Desktop,Instagram
E00008203,C00150,S0001902,2025-09-23 20:38:06,product_view,Product,P0033,Desktop,Instagram
E00008204,C00150,S0001903,2026-05-29 21:32:11,page_view,Home,,Mobile,Google
E00008205,C00150,S0001903,2026-05-29 21:34:41,search,Search,,Mobile,Google
E00008206,C00150,S0001903,2026-05-29 21:35:15,page_view,Category,,Mobile,Google
E00008207,C00150,S0001903,2026-05-29 21:35:25,product_view,Product,P0033,Mobile,Google
E00008208,C00150,S0001903,2026-05-29 21:35:45,review_view,Reviews,P0065,Mobile,Google
E00008209,C00150,S0001903,2026-05-29 21:39:19,add_to_cart,Cart,P0045,Mobile,Google
E00008210,C00150,S0001903,2026-05-29 21:42:06,checkout_start,Checkout,P0016,Mobile,Google
E00008211,C00150,S0001903,2026-05-29 21:45:24,purchase,Checkout,P0079,Mobile,Google
E00008212,C00150,S0001904,2026-02-26 01:35:42,page_view,Home,,Mobile,Facebook
E00008213,C00150,S0001904,2026-02-26 01:37:21,add_to_cart,Cart,P0033,Mobile,Facebook
E00008214,C00150,S0001904,2026-02-26 01:41:21,checkout_start,Checkout,P0079,Mobile,Facebook
E00008215,C00150,S0001904,2026-02-26 01:44:18,purchase,Checkout,P0079,Mobile,Facebook
E00008216,C00150,S0001905,2025-11-18 21:09:26,page_view,Home,,Mobile,Direct
E00008217,C00150,S0001905,2025-11-18 21:13:12,search,Search,,Mobile,Direct
E00008218,C00150,S0001905,2025-11-18 21:13:55,page_view,Category,,Mobile,Direct
E00008219,C00150,S0001905,2025-11-18 21:16:06,product_view,Product,P0016,Mobile,Direct
E00008220,C00150,S0001905,2025-11-18 21:19:16,review_view,Reviews,P0030,Mobile,Direct
E00008221,C00150,S0001905,2025-11-18 21:20:55,add_to_cart,Cart,P0045,Mobile,Direct
E00008222,C00150,S0001906,2026-05-03 15:39:56,page_view,Home,,Mobile,Bing
E00008223,C00150,S0001906,2026-05-03 15:43:36,add_to_cart,Cart,P0030,Mobile,Bing
E00008224,C00150,S0001906,2026-05-03 15:43:57,checkout_start,Checkout,P0031,Mobile,Bing
E00008225,C00150,S0001906,2026-05-03 15:47:49,purchase,Checkout,P0016,Mobile,Bing
E00008226,C00150,S0001907,2026-05-07 17:38:22,page_view,Home,,Desktop,Direct
E00008227,C00150,S0001907,2026-05-07 17:38:42,search,Search,,Desktop,Direct
E00008228,C00150,S0001907,2026-05-07 17:40:41,page_view,Category,,Desktop,Direct
E00008229,C00150,S0001907,2026-05-07 17:41:10,product_view,Product,P0016,Desktop,Direct
E00008230,C00150,S0001908,2026-04-20 05:37:12,page_view,Home,,Mobile,Facebook
E00008231,C00150,S0001908,2026-04-20 05:39:18,search,Search,,Mobile,Facebook
E00008232,C00150,S0001908,2026-04-20 05:40:41,page_view,Category,,Mobile,Facebook
E00008233,C00150,S0001908,2026-04-20 05:42:17,product_view,Product,P0079,Mobile,Facebook
E00008234,C00150,S0001908,2026-04-20 05:43:18,review_view,Reviews,P0079,Mobile,Facebook
E00008235,C00150,S0001908,2026-04-20 05:45:25,add_to_cart,Cart,P0016,Mobile,Facebook
E00008236,C00150,S0001909,2025-11-11 16:17:01,page_view,Home,,Mobile,Google
E00008237,C00150,S0001909,2025-11-11 16:19:47,search,Search,,Mobile,Google
E00008238,C00151,S0001910,2024-12-19 06:33:16,page_view,Home,,Mobile,Direct
E00008239,C00151,S0001910,2024-12-19 06:34:22,search,Search,,Mobile,Direct
E00008240,C00151,S0001910,2024-12-19 06:35:23,page_view,Category,,Mobile,Direct
E00008241,C00151,S0001910,2024-12-19 06:37:15,product_view,Product,P0014,Mobile,Direct
E00008242,C00151,S0001911,2025-11-18 12:59:21,page_view,Home,,Desktop,Bing
E00008243,C00151,S0001911,2025-11-18 13:00:54,search,Search,,Desktop,Bing
E00008244,C00151,S0001911,2025-11-18 13:02:28,page_view,Category,,Desktop,Bing
E00008245,C00151,S0001911,2025-11-18 13:04:04,add_to_cart,Cart,P0017,Desktop,Bing
E00008246,C00151,S0001911,2025-11-18 13:06:01,checkout_start,Checkout,P0057,Desktop,Bing
E00008247,C00151,S0001911,2025-11-18 13:06:46,purchase,Checkout,P0074,Desktop,Bing
E00008248,C00151,S0001912,2024-11-15 08:50:39,page_view,Home,,Desktop,Google
E00008249,C00151,S0001912,2024-11-15 08:53:54,search,Search,,Desktop,Google
E00008250,C00151,S0001912,2024-11-15 08:55:24,page_view,Category,,Desktop,Google
E00008251,C00151,S0001912,2024-11-15 08:56:02,product_view,Product,P0012,Desktop,Google
E00008252,C00151,S0001913,2024-09-28 13:00:43,page_view,Home,,Desktop,Instagram
E00008253,C00151,S0001913,2024-09-28 13:02:57,search,Search,,Desktop,Instagram
E00008254,C00151,S0001913,2024-09-28 13:03:17,page_view,Category,,Desktop,Instagram
E00008255,C00151,S0001913,2024-09-28 13:05:16,product_view,Product,P0062,Desktop,Instagram
E00008256,C00151,S0001913,2024-09-28 13:05:26,review_view,Reviews,P0035,Desktop,Instagram
E00008257,C00151,S0001913,2024-09-28 13:07:34,add_to_cart,Cart,P0014,Desktop,Instagram
E00008258,C00151,S0001914,2024-12-02 06:32:20,page_view,Home,,Desktop,Instagram
E00008259,C00151,S0001915,2026-05-27 07:23:34,page_view,Home,,Mobile,Email
E00008260,C00151,S0001915,2026-05-27 07:26:11,search,Search,,Mobile,Email
E00008261,C00151,S0001915,2026-05-27 07:29:46,page_view,Category,,Mobile,Email
E00008262,C00151,S0001915,2026-05-27 07:30:54,product_view,Product,P0071,Mobile,Email
E00008263,C00151,S0001915,2026-05-27 07:34:02,review_view,Reviews,P0074,Mobile,Email
E00008264,C00151,S0001915,2026-05-27 07:35:11,add_to_cart,Cart,P0012,Mobile,Email
E00008265,C00151,S0001916,2026-06-27 13:30:02,page_view,Home,,Mobile,Bing
E00008266,C00151,S0001916,2026-06-27 13:33:54,search,Search,,Mobile,Bing
E00008267,C00151,S0001917,2025-11-23 12:03:42,page_view,Home,,Mobile,Bing
E00008268,C00151,S0001917,2025-11-23 12:04:29,search,Search,,Mobile,Bing
E00008269,C00151,S0001917,2025-11-23 12:08:19,page_view,Category,,Mobile,Bing
E00008270,C00151,S0001917,2025-11-23 12:08:56,product_view,Product,P0068,Mobile,Bing
E00008271,C00151,S0001917,2025-11-23 12:11:21,add_to_cart,Cart,P0028,Mobile,Bing
E00008272,C00151,S0001917,2025-11-23 12:11:39,checkout_start,Checkout,P0017,Mobile,Bing
E00008273,C00151,S0001917,2025-11-23 12:12:58,purchase,Checkout,P0017,Mobile,Bing
E00008274,C00151,S0001918,2025-10-31 09:40:36,page_view,Home,,Mobile,Affiliate
E00008275,C00151,S0001918,2025-10-31 09:43:55,search,Search,,Mobile,Affiliate
E00008276,C00151,S0001918,2025-10-31 09:44:33,page_view,Category,,Mobile,Affiliate
E00008277,C00151,S0001918,2025-10-31 09:47:09,product_view,Product,P0012,Mobile,Affiliate
E00008278,C00151,S0001919,2025-02-14 01:16:56,page_view,Home,,Desktop,Direct
E00008279,C00151,S0001919,2025-02-14 01:20:07,search,Search,,Desktop,Direct
E00008280,C00151,S0001919,2025-02-14 01:21:35,page_view,Category,,Desktop,Direct
E00008281,C00151,S0001920,2026-04-01 18:22:53,page_view,Home,,Mobile,Google
E00008282,C00151,S0001921,2025-07-09 14:15:56,page_view,Home,,Mobile,Instagram
E00008283,C00151,S0001921,2025-07-09 14:19:21,search,Search,,Mobile,Instagram
E00008284,C00151,S0001921,2025-07-09 14:20:31,page_view,Category,,Mobile,Instagram
E00008285,C00151,S0001921,2025-07-09 14:20:42,product_view,Product,P0035,Mobile,Instagram
E00008286,C00151,S0001921,2025-07-09 14:22:55,review_view,Reviews,P0068,Mobile,Instagram
E00008287,C00152,S0001922,2026-03-09 13:24:44,page_view,Home,,Desktop,Direct
E00008288,C00152,S0001922,2026-03-09 13:27:21,search,Search,,Desktop,Direct
E00008289,C00152,S0001922,2026-03-09 13:31:00,page_view,Category,,Desktop,Direct
E00008290,C00152,S0001922,2026-03-09 13:33:28,product_view,Product,P0048,Desktop,Direct
E00008291,C00152,S0001922,2026-03-09 13:34:08,review_view,Reviews,P0052,Desktop,Direct
E00008292,C00152,S0001923,2026-03-08 09:36:30,page_view,Home,,Mobile,Affiliate
E00008293,C00152,S0001923,2026-03-08 09:37:04,search,Search,,Mobile,Affiliate
E00008294,C00152,S0001924,2026-03-24 16:50:48,page_view,Home,,Mobile,Direct
E00008295,C00152,S0001925,2026-04-26 06:45:48,page_view,Home,,Desktop,Facebook
E00008296,C00152,S0001925,2026-04-26 06:48:52,search,Search,,Desktop,Facebook
E00008297,C00152,S0001925,2026-04-26 06:52:35,page_view,Category,,Desktop,Facebook
E00008298,C00152,S0001926,2026-04-12 08:12:36,page_view,Home,,Desktop,Facebook
E00008299,C00152,S0001926,2026-04-12 08:14:46,search,Search,,Desktop,Facebook
E00008300,C00152,S0001926,2026-04-12 08:15:19,page_view,Category,,Desktop,Facebook
E00008301,C00152,S0001926,2026-04-12 08:17:23,product_view,Product,P0051,Desktop,Facebook
E00008302,C00152,S0001926,2026-04-12 08:19:10,review_view,Reviews,P0022,Desktop,Facebook
E00008303,C00152,S0001926,2026-04-12 08:21:16,add_to_cart,Cart,P0052,Desktop,Facebook
E00008304,C00152,S0001927,2025-09-19 16:12:04,page_view,Home,,Mobile,Affiliate
E00008305,C00152,S0001927,2025-09-19 16:15:10,search,Search,,Mobile,Affiliate
E00008306,C00152,S0001927,2025-09-19 16:18:38,page_view,Category,,Mobile,Affiliate
E00008307,C00152,S0001928,2025-08-07 08:43:41,page_view,Home,,Tablet,Affiliate
E00008308,C00152,S0001929,2026-01-16 13:16:36,page_view,Home,,Desktop,Facebook
E00008309,C00152,S0001929,2026-01-16 13:19:06,search,Search,,Desktop,Facebook
E00008310,C00152,S0001929,2026-01-16 13:20:04,page_view,Category,,Desktop,Facebook
E00008311,C00152,S0001929,2026-01-16 13:21:17,product_view,Product,P0022,Desktop,Facebook
E00008312,C00152,S0001929,2026-01-16 13:23:31,review_view,Reviews,P0047,Desktop,Facebook
E00008313,C00152,S0001929,2026-01-16 13:27:28,add_to_cart,Cart,P0052,Desktop,Facebook
E00008314,C00152,S0001930,2024-10-29 23:29:10,page_view,Home,,Desktop,Bing
E00008315,C00152,S0001930,2024-10-29 23:30:36,search,Search,,Desktop,Bing
E00008316,C00152,S0001930,2024-10-29 23:30:57,page_view,Category,,Desktop,Bing
E00008317,C00152,S0001930,2024-10-29 23:32:45,product_view,Product,P0051,Desktop,Bing
E00008318,C00152,S0001931,2025-12-30 22:58:26,page_view,Home,,Mobile,Google
E00008319,C00152,S0001931,2025-12-30 23:00:01,search,Search,,Mobile,Google
E00008320,C00152,S0001931,2025-12-30 23:02:37,page_view,Category,,Mobile,Google
E00008321,C00152,S0001932,2024-08-03 13:29:05,page_view,Home,,Desktop,Instagram
E00008322,C00152,S0001932,2024-08-03 13:30:49,search,Search,,Desktop,Instagram
E00008323,C00152,S0001932,2024-08-03 13:31:00,page_view,Category,,Desktop,Instagram
E00008324,C00152,S0001932,2024-08-03 13:33:37,product_view,Product,P0048,Desktop,Instagram
E00008325,C00152,S0001933,2025-02-13 06:35:01,page_view,Home,,Desktop,Bing
E00008326,C00152,S0001933,2025-02-13 06:35:48,search,Search,,Desktop,Bing
E00008327,C00152,S0001933,2025-02-13 06:38:45,page_view,Category,,Desktop,Bing
E00008328,C00152,S0001933,2025-02-13 06:41:59,product_view,Product,P0023,Desktop,Bing
E00008329,C00152,S0001933,2025-02-13 06:44:04,review_view,Reviews,P0022,Desktop,Bing
E00008330,C00152,S0001933,2025-02-13 06:46:42,add_to_cart,Cart,P0023,Desktop,Bing
E00008331,C00153,S0001934,2026-02-14 02:24:59,page_view,Home,,Desktop,Direct
E00008332,C00153,S0001935,2025-05-18 01:01:22,page_view,Home,,Desktop,Instagram
E00008333,C00153,S0001935,2025-05-18 01:01:32,search,Search,,Desktop,Instagram
E00008334,C00153,S0001935,2025-05-18 01:04:12,page_view,Category,,Desktop,Instagram
E00008335,C00153,S0001935,2025-05-18 01:07:08,product_view,Product,P0022,Desktop,Instagram
E00008336,C00153,S0001935,2025-05-18 01:09:48,review_view,Reviews,P0048,Desktop,Instagram
E00008337,C00153,S0001935,2025-05-18 01:13:34,add_to_cart,Cart,P0009,Desktop,Instagram
E00008338,C00153,S0001936,2025-03-27 23:50:16,page_view,Home,,Mobile,Google
E00008339,C00153,S0001936,2025-03-27 23:53:22,search,Search,,Mobile,Google
E00008340,C00153,S0001936,2025-03-27 23:55:15,page_view,Category,,Mobile,Google
E00008341,C00153,S0001936,2025-03-27 23:58:15,product_view,Product,P0023,Mobile,Google
E00008342,C00153,S0001936,2025-03-28 00:00:40,add_to_cart,Cart,P0009,Mobile,Google
E00008343,C00153,S0001936,2025-03-28 00:02:18,checkout_start,Checkout,P0067,Mobile,Google
E00008344,C00153,S0001936,2025-03-28 00:04:27,purchase,Checkout,P0067,Mobile,Google
E00008345,C00153,S0001937,2026-06-09 01:50:29,page_view,Home,,Mobile,Affiliate
E00008346,C00153,S0001938,2026-06-20 04:45:41,page_view,Home,,Mobile,Instagram
E00008347,C00153,S0001938,2026-06-20 04:48:38,search,Search,,Mobile,Instagram
E00008348,C00153,S0001938,2026-06-20 04:52:05,page_view,Category,,Mobile,Instagram
E00008349,C00153,S0001938,2026-06-20 04:55:23,product_view,Product,P0052,Mobile,Instagram
E00008350,C00153,S0001938,2026-06-20 04:56:51,review_view,Reviews,P0052,Mobile,Instagram
E00008351,C00153,S0001938,2026-06-20 04:57:08,add_to_cart,Cart,P0067,Mobile,Instagram
E00008352,C00153,S0001938,2026-06-20 04:59:13,checkout_start,Checkout,P0047,Mobile,Instagram
E00008353,C00153,S0001938,2026-06-20 05:02:05,purchase,Checkout,P0051,Mobile,Instagram
E00008354,C00153,S0001939,2026-01-23 14:16:22,page_view,Home,,Mobile,Facebook
E00008355,C00153,S0001939,2026-01-23 14:17:14,search,Search,,Mobile,Facebook
E00008356,C00153,S0001939,2026-01-23 14:18:02,page_view,Category,,Mobile,Facebook
E00008357,C00153,S0001939,2026-01-23 14:18:21,product_view,Product,P0051,Mobile,Facebook
E00008358,C00153,S0001939,2026-01-23 14:22:12,review_view,Reviews,P0022,Mobile,Facebook
E00008359,C00153,S0001940,2025-08-15 13:28:05,page_view,Home,,Desktop,Facebook
E00008360,C00153,S0001940,2025-08-15 13:31:04,search,Search,,Desktop,Facebook
E00008361,C00153,S0001940,2025-08-15 13:33:11,page_view,Category,,Desktop,Facebook
E00008362,C00153,S0001940,2025-08-15 13:36:45,product_view,Product,P0048,Desktop,Facebook
E00008363,C00153,S0001941,2025-07-15 12:51:39,page_view,Home,,Mobile,Instagram
E00008364,C00153,S0001942,2025-10-17 19:09:16,page_view,Home,,Mobile,Direct
E00008365,C00153,S0001942,2025-10-17 19:09:59,search,Search,,Mobile,Direct
E00008366,C00153,S0001942,2025-10-17 19:13:16,page_view,Category,,Mobile,Direct
E00008367,C00153,S0001942,2025-10-17 19:13:54,product_view,Product,P0067,Mobile,Direct
E00008368,C00153,S0001943,2026-06-10 09:35:24,page_view,Home,,Mobile,Instagram
E00008369,C00153,S0001943,2026-06-10 09:36:35,search,Search,,Mobile,Instagram
E00008370,C00153,S0001943,2026-06-10 09:38:20,page_view,Category,,Mobile,Instagram
E00008371,C00153,S0001943,2026-06-10 09:42:11,product_view,Product,P0051,Mobile,Instagram
E00008372,C00154,S0001944,2025-12-29 20:04:16,page_view,Home,,Mobile,Facebook
E00008373,C00154,S0001944,2025-12-29 20:06:57,search,Search,,Mobile,Facebook
E00008374,C00154,S0001944,2025-12-29 20:09:07,page_view,Category,,Mobile,Facebook
E00008375,C00154,S0001945,2026-04-07 04:34:04,page_view,Home,,Mobile,Direct
E00008376,C00154,S0001945,2026-04-07 04:35:05,search,Search,,Mobile,Direct
E00008377,C00154,S0001946,2024-05-01 13:51:49,page_view,Home,,Mobile,Google
E00008378,C00154,S0001946,2024-05-01 13:55:26,search,Search,,Mobile,Google
E00008379,C00154,S0001946,2024-05-01 13:57:41,page_view,Category,,Mobile,Google
E00008380,C00154,S0001946,2024-05-01 13:58:19,product_view,Product,P0021,Mobile,Google
E00008381,C00154,S0001946,2024-05-01 13:58:51,review_view,Reviews,P0021,Mobile,Google
E00008382,C00154,S0001946,2024-05-01 14:00:48,add_to_cart,Cart,P0021,Mobile,Google
E00008383,C00154,S0001947,2025-10-09 06:53:41,page_view,Home,,Mobile,Affiliate
E00008384,C00154,S0001947,2025-10-09 06:54:53,search,Search,,Mobile,Affiliate
E00008385,C00154,S0001948,2026-04-21 20:15:04,page_view,Home,,Mobile,Instagram
E00008386,C00154,S0001948,2026-04-21 20:15:47,search,Search,,Mobile,Instagram
E00008387,C00154,S0001948,2026-04-21 20:18:08,page_view,Category,,Mobile,Instagram
E00008388,C00154,S0001948,2026-04-21 20:21:42,product_view,Product,P0054,Mobile,Instagram
E00008389,C00154,S0001949,2026-03-10 17:24:57,page_view,Home,,Desktop,Google
E00008390,C00154,S0001949,2026-03-10 17:28:03,search,Search,,Desktop,Google
E00008391,C00154,S0001949,2026-03-10 17:28:56,page_view,Category,,Desktop,Google
E00008392,C00154,S0001950,2024-04-22 04:57:47,page_view,Home,,Mobile,Instagram
E00008393,C00154,S0001950,2024-04-22 04:59:59,search,Search,,Mobile,Instagram
E00008394,C00154,S0001950,2024-04-22 05:02:18,page_view,Category,,Mobile,Instagram
E00008395,C00154,S0001950,2024-04-22 05:02:59,product_view,Product,P0005,Mobile,Instagram
E00008396,C00154,S0001950,2024-04-22 05:03:56,review_view,Reviews,P0021,Mobile,Instagram
E00008397,C00154,S0001951,2024-08-07 14:42:36,page_view,Home,,Mobile,Affiliate
E00008398,C00154,S0001951,2024-08-07 14:43:17,search,Search,,Mobile,Affiliate
E00008399,C00154,S0001951,2024-08-07 14:45:22,page_view,Category,,Mobile,Affiliate
E00008400,C00154,S0001951,2024-08-07 14:46:31,product_view,Product,P0021,Mobile,Affiliate
E00008401,C00154,S0001951,2024-08-07 14:47:23,review_view,Reviews,P0058,Mobile,Affiliate
E00008402,C00154,S0001952,2024-07-07 05:02:15,page_view,Home,,Desktop,Facebook
E00008403,C00154,S0001952,2024-07-07 05:03:50,search,Search,,Desktop,Facebook
E00008404,C00154,S0001952,2024-07-07 05:04:02,page_view,Category,,Desktop,Facebook
E00008405,C00154,S0001952,2024-07-07 05:07:35,product_view,Product,P0008,Desktop,Facebook
E00008406,C00154,S0001952,2024-07-07 05:10:10,add_to_cart,Cart,P0054,Desktop,Facebook
E00008407,C00154,S0001952,2024-07-07 05:11:30,checkout_start,Checkout,P0054,Desktop,Facebook
E00008408,C00154,S0001952,2024-07-07 05:14:44,purchase,Checkout,P0058,Desktop,Facebook
E00008409,C00154,S0001953,2025-05-22 13:38:11,page_view,Home,,Mobile,Bing
E00008410,C00154,S0001953,2025-05-22 13:41:18,search,Search,,Mobile,Bing
E00008411,C00154,S0001953,2025-05-22 13:44:17,page_view,Category,,Mobile,Bing
E00008412,C00154,S0001953,2025-05-22 13:46:33,product_view,Product,P0054,Mobile,Bing
E00008413,C00154,S0001953,2025-05-22 13:48:46,review_view,Reviews,P0058,Mobile,Bing
E00008414,C00154,S0001953,2025-05-22 13:52:32,add_to_cart,Cart,P0021,Mobile,Bing
E00008415,C00154,S0001954,2024-05-18 16:43:04,page_view,Home,,Mobile,Bing
E00008416,C00154,S0001954,2024-05-18 16:44:31,search,Search,,Mobile,Bing
E00008417,C00154,S0001954,2024-05-18 16:47:25,page_view,Category,,Mobile,Bing
E00008418,C00154,S0001954,2024-05-18 16:48:56,add_to_cart,Cart,P0008,Mobile,Bing
E00008419,C00154,S0001954,2024-05-18 16:50:35,checkout_start,Checkout,P0008,Mobile,Bing
E00008420,C00154,S0001954,2024-05-18 16:52:53,purchase,Checkout,P0054,Mobile,Bing
E00008421,C00154,S0001955,2024-05-16 02:30:51,page_view,Home,,Mobile,Facebook
E00008422,C00154,S0001955,2024-05-16 02:34:51,search,Search,,Mobile,Facebook
E00008423,C00154,S0001955,2024-05-16 02:36:58,page_view,Category,,Mobile,Facebook
E00008424,C00154,S0001955,2024-05-16 02:37:48,product_view,Product,P0005,Mobile,Facebook
E00008425,C00154,S0001955,2024-05-16 02:40:36,review_view,Reviews,P0010,Mobile,Facebook
E00008426,C00154,S0001956,2025-08-08 01:17:25,page_view,Home,,Mobile,Email
E00008427,C00154,S0001956,2025-08-08 01:19:30,search,Search,,Mobile,Email
E00008428,C00154,S0001956,2025-08-08 01:22:24,page_view,Category,,Mobile,Email
E00008429,C00154,S0001956,2025-08-08 01:24:04,product_view,Product,P0013,Mobile,Email
E00008430,C00154,S0001956,2025-08-08 01:25:01,review_view,Reviews,P0021,Mobile,Email
E00008431,C00154,S0001957,2024-11-16 07:14:03,page_view,Home,,Mobile,Email
E00008432,C00154,S0001957,2024-11-16 07:16:10,search,Search,,Mobile,Email
E00008433,C00154,S0001957,2024-11-16 07:16:21,add_to_cart,Cart,P0058,Mobile,Email
E00008434,C00154,S0001957,2024-11-16 07:18:44,checkout_start,Checkout,P0021,Mobile,Email
E00008435,C00154,S0001957,2024-11-16 07:20:14,purchase,Checkout,P0010,Mobile,Email
E00008436,C00155,S0001958,2026-03-03 08:21:17,page_view,Home,,Desktop,Bing
E00008437,C00155,S0001958,2026-03-03 08:21:54,search,Search,,Desktop,Bing
E00008438,C00155,S0001958,2026-03-03 08:22:19,page_view,Category,,Desktop,Bing
E00008439,C00155,S0001958,2026-03-03 08:25:50,product_view,Product,P0054,Desktop,Bing
E00008440,C00155,S0001958,2026-03-03 08:26:17,review_view,Reviews,P0005,Desktop,Bing
E00008441,C00155,S0001959,2026-03-17 05:21:33,page_view,Home,,Mobile,Bing
E00008442,C00155,S0001959,2026-03-17 05:22:32,search,Search,,Mobile,Bing
E00008443,C00155,S0001959,2026-03-17 05:24:11,page_view,Category,,Mobile,Bing
E00008444,C00155,S0001959,2026-03-17 05:25:32,product_view,Product,P0058,Mobile,Bing
E00008445,C00155,S0001959,2026-03-17 05:28:11,review_view,Reviews,P0008,Mobile,Bing
E00008446,C00155,S0001959,2026-03-17 05:28:50,add_to_cart,Cart,P0005,Mobile,Bing
E00008447,C00155,S0001960,2025-12-08 19:07:52,page_view,Home,,Desktop,Facebook
E00008448,C00155,S0001960,2025-12-08 19:10:38,search,Search,,Desktop,Facebook
E00008449,C00155,S0001960,2025-12-08 19:14:36,page_view,Category,,Desktop,Facebook
E00008450,C00155,S0001960,2025-12-08 19:17:25,product_view,Product,P0054,Desktop,Facebook
E00008451,C00155,S0001960,2025-12-08 19:18:04,review_view,Reviews,P0008,Desktop,Facebook
E00008452,C00155,S0001960,2025-12-08 19:18:53,add_to_cart,Cart,P0058,Desktop,Facebook
E00008453,C00155,S0001961,2026-02-17 13:31:11,page_view,Home,,Mobile,Bing
E00008454,C00155,S0001961,2026-02-17 13:33:29,search,Search,,Mobile,Bing
E00008455,C00155,S0001961,2026-02-17 13:37:26,page_view,Category,,Mobile,Bing
E00008456,C00155,S0001961,2026-02-17 13:40:18,product_view,Product,P0005,Mobile,Bing
E00008457,C00155,S0001962,2025-12-05 03:16:52,page_view,Home,,Desktop,Bing
E00008458,C00155,S0001962,2025-12-05 03:18:36,search,Search,,Desktop,Bing
E00008459,C00155,S0001962,2025-12-05 03:20:27,page_view,Category,,Desktop,Bing
E00008460,C00155,S0001963,2025-11-11 23:28:36,page_view,Home,,Mobile,Email
E00008461,C00155,S0001964,2026-01-05 14:00:59,page_view,Home,,Mobile,Bing
E00008462,C00155,S0001964,2026-01-05 14:02:55,search,Search,,Mobile,Bing
E00008463,C00155,S0001965,2026-01-06 00:10:16,page_view,Home,,Desktop,Bing
E00008464,C00155,S0001965,2026-01-06 00:11:30,search,Search,,Desktop,Bing
E00008465,C00155,S0001965,2026-01-06 00:15:03,page_view,Category,,Desktop,Bing
E00008466,C00155,S0001965,2026-01-06 00:16:52,product_view,Product,P0021,Desktop,Bing
E00008467,C00155,S0001965,2026-01-06 00:20:03,review_view,Reviews,P0054,Desktop,Bing
E00008468,C00155,S0001965,2026-01-06 00:20:56,add_to_cart,Cart,P0008,Desktop,Bing
E00008469,C00155,S0001966,2026-02-19 20:46:23,page_view,Home,,Desktop,Email
E00008470,C00155,S0001966,2026-02-19 20:47:36,search,Search,,Desktop,Email
E00008471,C00155,S0001966,2026-02-19 20:50:36,page_view,Category,,Desktop,Email
E00008472,C00155,S0001967,2026-03-15 08:23:14,page_view,Home,,Mobile,Email
E00008473,C00155,S0001967,2026-03-15 08:24:51,search,Search,,Mobile,Email
E00008474,C00155,S0001968,2026-02-24 17:15:16,page_view,Home,,Mobile,Direct
E00008475,C00155,S0001968,2026-02-24 17:18:48,search,Search,,Mobile,Direct
E00008476,C00155,S0001968,2026-02-24 17:20:01,page_view,Category,,Mobile,Direct
E00008477,C00155,S0001968,2026-02-24 17:22:37,product_view,Product,P0021,Mobile,Direct
E00008478,C00155,S0001968,2026-02-24 17:26:25,review_view,Reviews,P0005,Mobile,Direct
E00008479,C00155,S0001969,2025-11-10 16:06:03,page_view,Home,,Mobile,Google
E00008480,C00155,S0001969,2025-11-10 16:06:47,search,Search,,Mobile,Google
E00008481,C00155,S0001969,2025-11-10 16:07:16,page_view,Category,,Mobile,Google
E00008482,C00155,S0001969,2025-11-10 16:08:32,product_view,Product,P0054,Mobile,Google
E00008483,C00155,S0001970,2025-11-27 06:29:35,page_view,Home,,Mobile,Direct
E00008484,C00155,S0001971,2026-04-06 14:34:25,page_view,Home,,Desktop,Bing
E00008485,C00155,S0001972,2026-02-21 03:08:37,page_view,Home,,Mobile,Direct
E00008486,C00155,S0001972,2026-02-21 03:09:42,search,Search,,Mobile,Direct
E00008487,C00155,S0001972,2026-02-21 03:12:44,page_view,Category,,Mobile,Direct
E00008488,C00155,S0001972,2026-02-21 03:13:44,product_view,Product,P0013,Mobile,Direct
E00008489,C00155,S0001973,2026-05-03 13:09:14,page_view,Home,,Mobile,Facebook
E00008490,C00155,S0001973,2026-05-03 13:09:41,search,Search,,Mobile,Facebook
E00008491,C00155,S0001973,2026-05-03 13:11:15,page_view,Category,,Mobile,Facebook
E00008492,C00155,S0001973,2026-05-03 13:13:15,product_view,Product,P0054,Mobile,Facebook
E00008493,C00155,S0001973,2026-05-03 13:16:39,review_view,Reviews,P0010,Mobile,Facebook
E00008494,C00155,S0001973,2026-05-03 13:19:10,add_to_cart,Cart,P0005,Mobile,Facebook
E00008495,C00155,S0001973,2026-05-03 13:21:12,checkout_start,Checkout,P0054,Mobile,Facebook
E00008496,C00155,S0001973,2026-05-03 13:23:58,purchase,Checkout,P0005,Mobile,Facebook
E00008497,C00155,S0001974,2026-04-24 17:17:33,page_view,Home,,Desktop,Google
E00008498,C00155,S0001974,2026-04-24 17:21:08,search,Search,,Desktop,Google
E00008499,C00155,S0001974,2026-04-24 17:22:35,page_view,Category,,Desktop,Google
E00008500,C00155,S0001974,2026-04-24 17:25:16,product_view,Product,P0008,Desktop,Google
E00008501,C00156,S0001975,2026-03-16 03:10:01,page_view,Home,,Desktop,Direct
E00008502,C00156,S0001975,2026-03-16 03:11:23,search,Search,,Desktop,Direct
E00008503,C00156,S0001975,2026-03-16 03:12:13,page_view,Category,,Desktop,Direct
E00008504,C00156,S0001975,2026-03-16 03:14:49,product_view,Product,P0021,Desktop,Direct
E00008505,C00156,S0001975,2026-03-16 03:17:34,review_view,Reviews,P0010,Desktop,Direct
E00008506,C00156,S0001975,2026-03-16 03:19:52,add_to_cart,Cart,P0005,Desktop,Direct
E00008507,C00156,S0001976,2026-04-16 04:02:20,page_view,Home,,Mobile,Facebook
E00008508,C00156,S0001976,2026-04-16 04:05:27,search,Search,,Mobile,Facebook
E00008509,C00156,S0001976,2026-04-16 04:08:37,page_view,Category,,Mobile,Facebook
E00008510,C00156,S0001977,2026-05-13 21:02:55,page_view,Home,,Mobile,Google
E00008511,C00156,S0001977,2026-05-13 21:04:27,search,Search,,Mobile,Google
E00008512,C00156,S0001977,2026-05-13 21:05:16,page_view,Category,,Mobile,Google
E00008513,C00156,S0001977,2026-05-13 21:05:27,product_view,Product,P0005,Mobile,Google
E00008514,C00156,S0001977,2026-05-13 21:09:09,review_view,Reviews,P0008,Mobile,Google
E00008515,C00156,S0001978,2026-02-08 04:00:05,page_view,Home,,Mobile,Facebook
E00008516,C00156,S0001978,2026-02-08 04:02:24,search,Search,,Mobile,Facebook
E00008517,C00156,S0001978,2026-02-08 04:05:19,page_view,Category,,Mobile,Facebook
E00008518,C00156,S0001978,2026-02-08 04:06:46,product_view,Product,P0054,Mobile,Facebook
E00008519,C00156,S0001979,2026-04-20 15:53:59,page_view,Home,,Tablet,Instagram
E00008520,C00156,S0001979,2026-04-20 15:55:42,search,Search,,Tablet,Instagram
E00008521,C00156,S0001979,2026-04-20 15:58:31,page_view,Category,,Tablet,Instagram
E00008522,C00156,S0001979,2026-04-20 15:59:57,product_view,Product,P0021,Tablet,Instagram
E00008523,C00156,S0001979,2026-04-20 16:00:25,review_view,Reviews,P0054,Tablet,Instagram
E00008524,C00156,S0001980,2026-06-19 05:23:50,page_view,Home,,Mobile,Google
E00008525,C00156,S0001980,2026-06-19 05:25:38,search,Search,,Mobile,Google
E00008526,C00156,S0001980,2026-06-19 05:27:45,page_view,Category,,Mobile,Google
E00008527,C00156,S0001980,2026-06-19 05:31:42,product_view,Product,P0054,Mobile,Google
E00008528,C00156,S0001981,2026-04-25 22:08:24,page_view,Home,,Mobile,Bing
E00008529,C00156,S0001981,2026-04-25 22:11:17,search,Search,,Mobile,Bing
E00008530,C00156,S0001981,2026-04-25 22:13:54,page_view,Category,,Mobile,Bing
E00008531,C00156,S0001981,2026-04-25 22:14:35,product_view,Product,P0010,Mobile,Bing
E00008532,C00156,S0001981,2026-04-25 22:15:33,review_view,Reviews,P0058,Mobile,Bing
E00008533,C00156,S0001981,2026-04-25 22:16:21,add_to_cart,Cart,P0054,Mobile,Bing
E00008534,C00156,S0001982,2026-03-02 20:25:09,page_view,Home,,Mobile,Direct
E00008535,C00156,S0001982,2026-03-02 20:26:39,search,Search,,Mobile,Direct
E00008536,C00156,S0001982,2026-03-02 20:30:34,page_view,Category,,Mobile,Direct
E00008537,C00156,S0001982,2026-03-02 20:31:19,product_view,Product,P0008,Mobile,Direct
E00008538,C00156,S0001982,2026-03-02 20:31:55,review_view,Reviews,P0010,Mobile,Direct
E00008539,C00156,S0001983,2026-05-15 19:28:11,page_view,Home,,Mobile,Google
E00008540,C00156,S0001983,2026-05-15 19:29:25,search,Search,,Mobile,Google
E00008541,C00156,S0001983,2026-05-15 19:32:38,page_view,Category,,Mobile,Google
E00008542,C00156,S0001983,2026-05-15 19:32:51,product_view,Product,P0054,Mobile,Google
E00008543,C00156,S0001983,2026-05-15 19:33:33,review_view,Reviews,P0008,Mobile,Google
E00008544,C00157,S0001984,2024-11-08 14:23:04,page_view,Home,,Desktop,Affiliate
E00008545,C00157,S0001984,2024-11-08 14:26:33,search,Search,,Desktop,Affiliate
E00008546,C00157,S0001985,2024-08-04 00:25:49,page_view,Home,,Desktop,Email
E00008547,C00157,S0001985,2024-08-04 00:27:03,search,Search,,Desktop,Email
E00008548,C00157,S0001985,2024-08-04 00:27:53,page_view,Category,,Desktop,Email
E00008549,C00157,S0001985,2024-08-04 00:29:04,product_view,Product,P0045,Desktop,Email
E00008550,C00157,S0001985,2024-08-04 00:31:02,review_view,Reviews,P0033,Desktop,Email
E00008551,C00157,S0001985,2024-08-04 00:34:36,add_to_cart,Cart,P0016,Desktop,Email
E00008552,C00157,S0001986,2026-06-07 16:22:21,page_view,Home,,Desktop,Facebook
E00008553,C00157,S0001986,2026-06-07 16:23:21,search,Search,,Desktop,Facebook
E00008554,C00157,S0001986,2026-06-07 16:26:17,page_view,Category,,Desktop,Facebook
E00008555,C00157,S0001986,2026-06-07 16:29:09,product_view,Product,P0065,Desktop,Facebook
E00008556,C00157,S0001986,2026-06-07 16:32:08,add_to_cart,Cart,P0045,Desktop,Facebook
E00008557,C00157,S0001986,2026-06-07 16:35:30,checkout_start,Checkout,P0045,Desktop,Facebook
E00008558,C00157,S0001986,2026-06-07 16:37:46,purchase,Checkout,P0065,Desktop,Facebook
E00008559,C00157,S0001987,2026-02-17 15:35:05,page_view,Home,,Mobile,Facebook
E00008560,C00157,S0001987,2026-02-17 15:38:59,search,Search,,Mobile,Facebook
E00008561,C00157,S0001987,2026-02-17 15:42:58,page_view,Category,,Mobile,Facebook
E00008562,C00157,S0001987,2026-02-17 15:46:49,product_view,Product,P0033,Mobile,Facebook
E00008563,C00157,S0001987,2026-02-17 15:49:03,review_view,Reviews,P0079,Mobile,Facebook
E00008564,C00157,S0001988,2024-07-11 02:47:40,page_view,Home,,Mobile,Bing
E00008565,C00157,S0001989,2026-01-29 01:54:48,page_view,Home,,Desktop,Email
E00008566,C00157,S0001990,2024-05-09 00:44:37,page_view,Home,,Desktop,Affiliate
E00008567,C00157,S0001990,2024-05-09 00:46:53,search,Search,,Desktop,Affiliate
E00008568,C00157,S0001990,2024-05-09 00:47:40,page_view,Category,,Desktop,Affiliate
E00008569,C00157,S0001990,2024-05-09 00:49:02,product_view,Product,P0079,Desktop,Affiliate
E00008570,C00157,S0001990,2024-05-09 00:51:10,review_view,Reviews,P0079,Desktop,Affiliate
E00008571,C00157,S0001991,2024-07-14 12:34:56,page_view,Home,,Mobile,Direct
E00008572,C00157,S0001991,2024-07-14 12:38:16,search,Search,,Mobile,Direct
E00008573,C00157,S0001992,2026-06-04 19:23:51,page_view,Home,,Mobile,Email
E00008574,C00157,S0001992,2026-06-04 19:27:13,search,Search,,Mobile,Email
E00008575,C00157,S0001992,2026-06-04 19:30:28,page_view,Category,,Mobile,Email
E00008576,C00157,S0001992,2026-06-04 19:33:50,product_view,Product,P0065,Mobile,Email
E00008577,C00157,S0001992,2026-06-04 19:37:02,review_view,Reviews,P0030,Mobile,Email
E00008578,C00157,S0001992,2026-06-04 19:39:40,add_to_cart,Cart,P0045,Mobile,Email
E00008579,C00157,S0001992,2026-06-04 19:41:11,checkout_start,Checkout,P0065,Mobile,Email
E00008580,C00157,S0001992,2026-06-04 19:42:08,purchase,Checkout,P0030,Mobile,Email
E00008581,C00157,S0001993,2025-09-15 23:59:05,page_view,Home,,Desktop,Facebook
E00008582,C00157,S0001994,2024-09-07 13:56:44,page_view,Home,,Desktop,Email
E00008583,C00157,S0001994,2024-09-07 13:58:51,search,Search,,Desktop,Email
E00008584,C00157,S0001994,2024-09-07 14:01:21,page_view,Category,,Desktop,Email
E00008585,C00157,S0001994,2024-09-07 14:04:17,product_view,Product,P0033,Desktop,Email
E00008586,C00157,S0001994,2024-09-07 14:06:39,review_view,Reviews,P0016,Desktop,Email
E00008587,C00157,S0001995,2025-06-28 01:30:14,page_view,Home,,Mobile,Instagram
E00008588,C00157,S0001995,2025-06-28 01:33:10,search,Search,,Mobile,Instagram
E00008589,C00157,S0001996,2024-10-18 02:56:24,page_view,Home,,Mobile,Direct
E00008590,C00157,S0001996,2024-10-18 02:56:54,search,Search,,Mobile,Direct
E00008591,C00157,S0001996,2024-10-18 03:00:09,page_view,Category,,Mobile,Direct
E00008592,C00157,S0001996,2024-10-18 03:02:08,product_view,Product,P0065,Mobile,Direct
E00008593,C00157,S0001997,2025-10-09 21:37:17,page_view,Home,,Mobile,Google
E00008594,C00157,S0001997,2025-10-09 21:40:28,search,Search,,Mobile,Google
E00008595,C00157,S0001997,2025-10-09 21:42:37,add_to_cart,Cart,P0065,Mobile,Google
E00008596,C00157,S0001997,2025-10-09 21:43:01,checkout_start,Checkout,P0031,Mobile,Google
E00008597,C00157,S0001997,2025-10-09 21:43:12,purchase,Checkout,P0079,Mobile,Google
E00008598,C00157,S0001998,2025-06-19 23:54:21,page_view,Home,,Mobile,Facebook
E00008599,C00157,S0001999,2026-04-27 10:51:50,page_view,Home,,Mobile,Email
E00008600,C00157,S0001999,2026-04-27 10:52:50,search,Search,,Mobile,Email
E00008601,C00157,S0001999,2026-04-27 10:56:20,page_view,Category,,Mobile,Email
E00008602,C00157,S0001999,2026-04-27 10:57:58,product_view,Product,P0033,Mobile,Email
E00008603,C00157,S0002000,2025-03-17 18:23:24,page_view,Home,,Mobile,Direct
E00008604,C00157,S0002000,2025-03-17 18:25:53,search,Search,,Mobile,Direct
E00008605,C00157,S0002000,2025-03-17 18:26:05,page_view,Category,,Mobile,Direct
E00008606,C00157,S0002000,2025-03-17 18:29:42,product_view,Product,P0031,Mobile,Direct
E00008607,C00158,S0002001,2026-03-17 13:06:15,page_view,Home,,Mobile,Bing
E00008608,C00158,S0002002,2025-08-04 10:08:41,page_view,Home,,Mobile,Bing
E00008609,C00158,S0002002,2025-08-04 10:09:16,search,Search,,Mobile,Bing
E00008610,C00158,S0002002,2025-08-04 10:10:16,page_view,Category,,Mobile,Bing
E00008611,C00158,S0002002,2025-08-04 10:13:55,product_view,Product,P0027,Mobile,Bing
E00008612,C00158,S0002002,2025-08-04 10:17:06,review_view,Reviews,P0024,Mobile,Bing
E00008613,C00158,S0002002,2025-08-04 10:20:26,add_to_cart,Cart,P0044,Mobile,Bing
E00008614,C00158,S0002002,2025-08-04 10:23:12,checkout_start,Checkout,P0024,Mobile,Bing
E00008615,C00158,S0002002,2025-08-04 10:24:51,purchase,Checkout,P0044,Mobile,Bing
E00008616,C00158,S0002003,2024-11-08 21:14:12,page_view,Home,,Mobile,Affiliate
E00008617,C00158,S0002003,2024-11-08 21:14:47,search,Search,,Mobile,Affiliate
E00008618,C00158,S0002003,2024-11-08 21:15:03,page_view,Category,,Mobile,Affiliate
E00008619,C00158,S0002003,2024-11-08 21:17:45,product_view,Product,P0056,Mobile,Affiliate
E00008620,C00158,S0002004,2025-12-24 11:16:10,page_view,Home,,Tablet,Email
E00008621,C00158,S0002004,2025-12-24 11:17:18,search,Search,,Tablet,Email
E00008622,C00158,S0002004,2025-12-24 11:19:10,page_view,Category,,Tablet,Email
E00008623,C00158,S0002005,2025-08-01 22:02:57,page_view,Home,,Desktop,Bing
E00008624,C00158,S0002006,2025-12-18 08:39:46,page_view,Home,,Mobile,Google
E00008625,C00158,S0002006,2025-12-18 08:40:30,search,Search,,Mobile,Google
E00008626,C00158,S0002006,2025-12-18 08:42:27,page_view,Category,,Mobile,Google
E00008627,C00158,S0002006,2025-12-18 08:46:18,product_view,Product,P0077,Mobile,Google
E00008628,C00158,S0002007,2025-12-13 18:20:32,page_view,Home,,Tablet,Direct
E00008629,C00158,S0002007,2025-12-13 18:21:32,search,Search,,Tablet,Direct
E00008630,C00158,S0002007,2025-12-13 18:25:28,page_view,Category,,Tablet,Direct
E00008631,C00158,S0002007,2025-12-13 18:29:09,product_view,Product,P0077,Tablet,Direct
E00008632,C00158,S0002007,2025-12-13 18:30:03,review_view,Reviews,P0027,Tablet,Direct
E00008633,C00158,S0002007,2025-12-13 18:32:55,add_to_cart,Cart,P0061,Tablet,Direct
E00008634,C00158,S0002008,2024-11-24 05:08:04,page_view,Home,,Desktop,Email
E00008635,C00158,S0002008,2024-11-24 05:11:42,search,Search,,Desktop,Email
E00008636,C00158,S0002008,2024-11-24 05:14:31,page_view,Category,,Desktop,Email
E00008637,C00158,S0002008,2024-11-24 05:17:28,product_view,Product,P0077,Desktop,Email
E00008638,C00158,S0002009,2026-03-08 08:25:38,page_view,Home,,Desktop,Affiliate
E00008639,C00158,S0002009,2026-03-08 08:29:26,search,Search,,Desktop,Affiliate
E00008640,C00158,S0002009,2026-03-08 08:32:47,page_view,Category,,Desktop,Affiliate
E00008641,C00158,S0002010,2025-06-25 05:07:03,page_view,Home,,Desktop,Instagram
E00008642,C00158,S0002010,2025-06-25 05:08:34,search,Search,,Desktop,Instagram
E00008643,C00158,S0002010,2025-06-25 05:11:12,page_view,Category,,Desktop,Instagram
E00008644,C00158,S0002010,2025-06-25 05:13:10,product_view,Product,P0027,Desktop,Instagram
E00008645,C00158,S0002010,2025-06-25 05:16:33,review_view,Reviews,P0056,Desktop,Instagram
E00008646,C00158,S0002010,2025-06-25 05:20:31,add_to_cart,Cart,P0027,Desktop,Instagram
E00008647,C00158,S0002010,2025-06-25 05:20:59,checkout_start,Checkout,P0024,Desktop,Instagram
E00008648,C00158,S0002010,2025-06-25 05:22:27,purchase,Checkout,P0061,Desktop,Instagram
E00008649,C00158,S0002011,2025-02-28 08:43:32,page_view,Home,,Mobile,Facebook
E00008650,C00158,S0002011,2025-02-28 08:45:25,search,Search,,Mobile,Facebook
E00008651,C00158,S0002011,2025-02-28 08:46:16,page_view,Category,,Mobile,Facebook
E00008652,C00158,S0002011,2025-02-28 08:47:27,product_view,Product,P0024,Mobile,Facebook
E00008653,C00158,S0002011,2025-02-28 08:51:06,review_view,Reviews,P0056,Mobile,Facebook
E00008654,C00158,S0002011,2025-02-28 08:54:23,add_to_cart,Cart,P0044,Mobile,Facebook
E00008655,C00158,S0002011,2025-02-28 08:57:53,checkout_start,Checkout,P0061,Mobile,Facebook
E00008656,C00158,S0002011,2025-02-28 09:01:50,purchase,Checkout,P0044,Mobile,Facebook
E00008657,C00158,S0002012,2026-06-22 01:01:08,page_view,Home,,Mobile,Facebook
E00008658,C00159,S0002013,2026-03-04 19:55:57,page_view,Home,,Desktop,Direct
E00008659,C00159,S0002013,2026-03-04 19:56:24,search,Search,,Desktop,Direct
E00008660,C00159,S0002013,2026-03-04 19:58:42,page_view,Category,,Desktop,Direct
E00008661,C00159,S0002013,2026-03-04 19:59:31,product_view,Product,P0010,Desktop,Direct
E00008662,C00159,S0002013,2026-03-04 20:00:00,review_view,Reviews,P0054,Desktop,Direct
E00008663,C00159,S0002013,2026-03-04 20:01:14,add_to_cart,Cart,P0005,Desktop,Direct
E00008664,C00159,S0002014,2025-11-16 16:20:04,page_view,Home,,Tablet,Direct
E00008665,C00159,S0002015,2026-05-31 19:24:41,page_view,Home,,Mobile,Email
E00008666,C00159,S0002015,2026-05-31 19:26:03,search,Search,,Mobile,Email
E00008667,C00159,S0002015,2026-05-31 19:28:38,page_view,Category,,Mobile,Email
E00008668,C00159,S0002015,2026-05-31 19:31:23,product_view,Product,P0021,Mobile,Email
E00008669,C00159,S0002016,2026-06-04 00:26:22,page_view,Home,,Mobile,Google
E00008670,C00159,S0002016,2026-06-04 00:27:51,search,Search,,Mobile,Google
E00008671,C00159,S0002016,2026-06-04 00:30:51,add_to_cart,Cart,P0013,Mobile,Google
E00008672,C00159,S0002016,2026-06-04 00:32:06,checkout_start,Checkout,P0008,Mobile,Google
E00008673,C00159,S0002016,2026-06-04 00:35:21,purchase,Checkout,P0008,Mobile,Google
E00008674,C00159,S0002017,2026-03-09 11:07:35,page_view,Home,,Mobile,Email
E00008675,C00159,S0002017,2026-03-09 11:11:11,add_to_cart,Cart,P0005,Mobile,Email
E00008676,C00159,S0002017,2026-03-09 11:12:36,checkout_start,Checkout,P0058,Mobile,Email
E00008677,C00159,S0002017,2026-03-09 11:14:27,purchase,Checkout,P0005,Mobile,Email
E00008678,C00159,S0002018,2025-11-05 00:27:54,page_view,Home,,Mobile,Bing
E00008679,C00159,S0002018,2025-11-05 00:29:29,search,Search,,Mobile,Bing
E00008680,C00159,S0002018,2025-11-05 00:32:49,page_view,Category,,Mobile,Bing
E00008681,C00159,S0002018,2025-11-05 00:34:55,product_view,Product,P0021,Mobile,Bing
E00008682,C00159,S0002018,2025-11-05 00:36:22,review_view,Reviews,P0008,Mobile,Bing
E00008683,C00159,S0002018,2025-11-05 00:36:44,add_to_cart,Cart,P0054,Mobile,Bing
E00008684,C00159,S0002018,2025-11-05 00:38:54,checkout_start,Checkout,P0058,Mobile,Bing
E00008685,C00159,S0002018,2025-11-05 00:39:41,purchase,Checkout,P0054,Mobile,Bing
E00008686,C00159,S0002019,2025-12-07 08:28:59,page_view,Home,,Desktop,Affiliate
E00008687,C00159,S0002019,2025-12-07 08:29:42,search,Search,,Desktop,Affiliate
E00008688,C00159,S0002019,2025-12-07 08:32:40,page_view,Category,,Desktop,Affiliate
E00008689,C00159,S0002019,2025-12-07 08:33:11,product_view,Product,P0013,Desktop,Affiliate
E00008690,C00159,S0002019,2025-12-07 08:34:57,review_view,Reviews,P0058,Desktop,Affiliate
E00008691,C00159,S0002020,2025-11-11 19:04:26,page_view,Home,,Desktop,Facebook
E00008692,C00159,S0002020,2025-11-11 19:06:43,search,Search,,Desktop,Facebook
E00008693,C00159,S0002020,2025-11-11 19:09:56,page_view,Category,,Desktop,Facebook
E00008694,C00159,S0002020,2025-11-11 19:12:27,product_view,Product,P0058,Desktop,Facebook
E00008695,C00159,S0002020,2025-11-11 19:16:07,review_view,Reviews,P0013,Desktop,Facebook
E00008696,C00159,S0002020,2025-11-11 19:18:22,add_to_cart,Cart,P0013,Desktop,Facebook
E00008697,C00159,S0002021,2026-06-03 15:58:51,page_view,Home,,Mobile,Instagram
E00008698,C00159,S0002021,2026-06-03 16:01:49,search,Search,,Mobile,Instagram
E00008699,C00159,S0002021,2026-06-03 16:02:18,page_view,Category,,Mobile,Instagram
E00008700,C00159,S0002021,2026-06-03 16:03:00,product_view,Product,P0058,Mobile,Instagram
E00008701,C00159,S0002021,2026-06-03 16:04:04,review_view,Reviews,P0021,Mobile,Instagram
E00008702,C00159,S0002021,2026-06-03 16:06:31,add_to_cart,Cart,P0005,Mobile,Instagram
E00008703,C00159,S0002022,2026-01-25 22:25:12,page_view,Home,,Mobile,Bing
E00008704,C00159,S0002022,2026-01-25 22:27:23,search,Search,,Mobile,Bing
E00008705,C00159,S0002022,2026-01-25 22:28:30,page_view,Category,,Mobile,Bing
E00008706,C00159,S0002022,2026-01-25 22:28:49,product_view,Product,P0010,Mobile,Bing
E00008707,C00159,S0002023,2026-04-05 04:17:43,page_view,Home,,Desktop,Instagram
E00008708,C00159,S0002023,2026-04-05 04:21:19,search,Search,,Desktop,Instagram
E00008709,C00159,S0002023,2026-04-05 04:25:01,page_view,Category,,Desktop,Instagram
E00008710,C00159,S0002023,2026-04-05 04:25:32,product_view,Product,P0054,Desktop,Instagram
E00008711,C00159,S0002023,2026-04-05 04:28:50,review_view,Reviews,P0058,Desktop,Instagram
E00008712,C00159,S0002024,2026-05-24 08:10:11,page_view,Home,,Desktop,Direct
E00008713,C00159,S0002024,2026-05-24 08:12:49,search,Search,,Desktop,Direct
E00008714,C00159,S0002024,2026-05-24 08:15:47,page_view,Category,,Desktop,Direct
E00008715,C00159,S0002025,2026-04-27 11:21:31,page_view,Home,,Desktop,Email
E00008716,C00159,S0002025,2026-04-27 11:23:10,search,Search,,Desktop,Email
E00008717,C00159,S0002025,2026-04-27 11:27:04,page_view,Category,,Desktop,Email
E00008718,C00159,S0002025,2026-04-27 11:29:18,product_view,Product,P0058,Desktop,Email
E00008719,C00159,S0002025,2026-04-27 11:30:49,review_view,Reviews,P0021,Desktop,Email
E00008720,C00159,S0002025,2026-04-27 11:32:23,add_to_cart,Cart,P0021,Desktop,Email
E00008721,C00159,S0002025,2026-04-27 11:33:22,checkout_start,Checkout,P0021,Desktop,Email
E00008722,C00159,S0002025,2026-04-27 11:33:59,purchase,Checkout,P0058,Desktop,Email
E00008723,C00159,S0002026,2026-03-18 08:44:31,page_view,Home,,Mobile,Bing
E00008724,C00159,S0002026,2026-03-18 08:45:59,search,Search,,Mobile,Bing
E00008725,C00159,S0002026,2026-03-18 08:48:42,page_view,Category,,Mobile,Bing
E00008726,C00159,S0002026,2026-03-18 08:49:40,product_view,Product,P0058,Mobile,Bing
E00008727,C00159,S0002026,2026-03-18 08:50:50,review_view,Reviews,P0021,Mobile,Bing
E00008728,C00159,S0002027,2026-01-04 16:19:55,page_view,Home,,Mobile,Instagram
E00008729,C00159,S0002028,2026-06-24 11:29:17,page_view,Home,,Mobile,Direct
E00008730,C00159,S0002028,2026-06-24 11:31:26,search,Search,,Mobile,Direct
E00008731,C00159,S0002028,2026-06-24 11:34:18,page_view,Category,,Mobile,Direct
E00008732,C00159,S0002028,2026-06-24 11:34:47,product_view,Product,P0058,Mobile,Direct
E00008733,C00159,S0002028,2026-06-24 11:36:27,review_view,Reviews,P0008,Mobile,Direct
E00008734,C00159,S0002028,2026-06-24 11:38:34,add_to_cart,Cart,P0021,Mobile,Direct
E00008735,C00159,S0002029,2026-02-22 06:47:46,page_view,Home,,Mobile,Affiliate
E00008736,C00160,S0002030,2026-02-20 12:19:02,page_view,Home,,Mobile,Email
E00008737,C00160,S0002030,2026-02-20 12:19:21,search,Search,,Mobile,Email
E00008738,C00160,S0002030,2026-02-20 12:21:26,page_view,Category,,Mobile,Email
E00008739,C00160,S0002030,2026-02-20 12:24:50,product_view,Product,P0061,Mobile,Email
E00008740,C00160,S0002030,2026-02-20 12:28:01,review_view,Reviews,P0061,Mobile,Email
E00008741,C00160,S0002031,2026-01-29 15:05:03,page_view,Home,,Mobile,Facebook
E00008742,C00160,S0002031,2026-01-29 15:08:38,search,Search,,Mobile,Facebook
E00008743,C00160,S0002031,2026-01-29 15:11:18,page_view,Category,,Mobile,Facebook
E00008744,C00160,S0002031,2026-01-29 15:15:12,product_view,Product,P0027,Mobile,Facebook
E00008745,C00160,S0002032,2026-01-12 04:59:09,page_view,Home,,Desktop,Direct
E00008746,C00160,S0002032,2026-01-12 04:59:28,search,Search,,Desktop,Direct
E00008747,C00160,S0002032,2026-01-12 05:01:34,page_view,Category,,Desktop,Direct
E00008748,C00160,S0002032,2026-01-12 05:05:03,product_view,Product,P0027,Desktop,Direct
E00008749,C00160,S0002032,2026-01-12 05:08:06,review_view,Reviews,P0077,Desktop,Direct
E00008750,C00160,S0002032,2026-01-12 05:08:18,add_to_cart,Cart,P0044,Desktop,Direct
E00008751,C00160,S0002033,2025-02-28 22:34:44,page_view,Home,,Mobile,Direct
E00008752,C00160,S0002033,2025-02-28 22:35:38,search,Search,,Mobile,Direct
E00008753,C00160,S0002033,2025-02-28 22:37:03,page_view,Category,,Mobile,Direct
E00008754,C00160,S0002034,2025-09-11 03:51:00,page_view,Home,,Mobile,Affiliate
E00008755,C00160,S0002034,2025-09-11 03:54:58,search,Search,,Mobile,Affiliate
E00008756,C00160,S0002034,2025-09-11 03:56:19,page_view,Category,,Mobile,Affiliate
E00008757,C00160,S0002034,2025-09-11 03:56:53,product_view,Product,P0024,Mobile,Affiliate
E00008758,C00160,S0002034,2025-09-11 04:00:00,review_view,Reviews,P0044,Mobile,Affiliate
E00008759,C00160,S0002035,2025-11-26 15:34:44,page_view,Home,,Mobile,Bing
E00008760,C00160,S0002035,2025-11-26 15:36:44,search,Search,,Mobile,Bing
E00008761,C00160,S0002035,2025-11-26 15:37:26,page_view,Category,,Mobile,Bing
E00008762,C00160,S0002035,2025-11-26 15:40:53,product_view,Product,P0044,Mobile,Bing
E00008763,C00160,S0002035,2025-11-26 15:42:19,add_to_cart,Cart,P0056,Mobile,Bing
E00008764,C00160,S0002035,2025-11-26 15:42:44,checkout_start,Checkout,P0077,Mobile,Bing
E00008765,C00160,S0002035,2025-11-26 15:44:00,purchase,Checkout,P0061,Mobile,Bing
E00008766,C00160,S0002036,2025-11-24 15:07:37,page_view,Home,,Mobile,Direct
E00008767,C00160,S0002036,2025-11-24 15:09:45,search,Search,,Mobile,Direct
E00008768,C00160,S0002036,2025-11-24 15:11:54,page_view,Category,,Mobile,Direct
E00008769,C00160,S0002036,2025-11-24 15:15:23,product_view,Product,P0024,Mobile,Direct
E00008770,C00160,S0002036,2025-11-24 15:16:32,add_to_cart,Cart,P0027,Mobile,Direct
E00008771,C00160,S0002036,2025-11-24 15:17:22,checkout_start,Checkout,P0044,Mobile,Direct
E00008772,C00160,S0002036,2025-11-24 15:19:30,purchase,Checkout,P0024,Mobile,Direct
E00008773,C00160,S0002037,2026-02-06 10:24:22,page_view,Home,,Desktop,Instagram
E00008774,C00160,S0002037,2026-02-06 10:25:06,search,Search,,Desktop,Instagram
E00008775,C00160,S0002037,2026-02-06 10:26:34,page_view,Category,,Desktop,Instagram
E00008776,C00160,S0002037,2026-02-06 10:30:19,product_view,Product,P0056,Desktop,Instagram
E00008777,C00160,S0002037,2026-02-06 10:33:17,review_view,Reviews,P0056,Desktop,Instagram
E00008778,C00160,S0002038,2026-03-19 19:20:45,page_view,Home,,Mobile,Bing
E00008779,C00160,S0002038,2026-03-19 19:24:22,search,Search,,Mobile,Bing
E00008780,C00160,S0002038,2026-03-19 19:27:59,page_view,Category,,Mobile,Bing
E00008781,C00160,S0002038,2026-03-19 19:31:02,product_view,Product,P0024,Mobile,Bing
E00008782,C00160,S0002039,2026-03-10 07:49:22,page_view,Home,,Desktop,Google
E00008783,C00160,S0002039,2026-03-10 07:49:57,search,Search,,Desktop,Google
E00008784,C00160,S0002039,2026-03-10 07:53:32,page_view,Category,,Desktop,Google
E00008785,C00160,S0002039,2026-03-10 07:55:40,product_view,Product,P0056,Desktop,Google
E00008786,C00160,S0002039,2026-03-10 07:58:29,review_view,Reviews,P0061,Desktop,Google
E00008787,C00160,S0002039,2026-03-10 08:02:23,add_to_cart,Cart,P0077,Desktop,Google
E00008788,C00160,S0002039,2026-03-10 08:04:41,checkout_start,Checkout,P0061,Desktop,Google
E00008789,C00160,S0002039,2026-03-10 08:07:17,purchase,Checkout,P0027,Desktop,Google
E00008790,C00161,S0002040,2026-01-17 10:22:39,page_view,Home,,Mobile,Direct
E00008791,C00161,S0002040,2026-01-17 10:23:38,search,Search,,Mobile,Direct
E00008792,C00161,S0002040,2026-01-17 10:24:03,page_view,Category,,Mobile,Direct
E00008793,C00161,S0002040,2026-01-17 10:24:36,product_view,Product,P0060,Mobile,Direct
E00008794,C00161,S0002041,2026-03-26 10:33:08,page_view,Home,,Desktop,Bing
E00008795,C00161,S0002041,2026-03-26 10:34:55,search,Search,,Desktop,Bing
E00008796,C00161,S0002042,2026-03-12 03:32:10,page_view,Home,,Mobile,Facebook
E00008797,C00161,S0002042,2026-03-12 03:36:09,search,Search,,Mobile,Facebook
E00008798,C00161,S0002042,2026-03-12 03:39:48,page_view,Category,,Mobile,Facebook
E00008799,C00161,S0002042,2026-03-12 03:41:59,product_view,Product,P0012,Mobile,Facebook
E00008800,C00161,S0002042,2026-03-12 03:42:14,add_to_cart,Cart,P0028,Mobile,Facebook
E00008801,C00161,S0002042,2026-03-12 03:43:33,checkout_start,Checkout,P0028,Mobile,Facebook
E00008802,C00161,S0002042,2026-03-12 03:46:57,purchase,Checkout,P0057,Mobile,Facebook
E00008803,C00161,S0002043,2026-02-14 07:15:11,page_view,Home,,Desktop,Email
E00008804,C00161,S0002043,2026-02-14 07:17:21,search,Search,,Desktop,Email
E00008805,C00161,S0002043,2026-02-14 07:18:46,page_view,Category,,Desktop,Email
E00008806,C00161,S0002043,2026-02-14 07:19:03,product_view,Product,P0073,Desktop,Email
E00008807,C00161,S0002043,2026-02-14 07:22:36,review_view,Reviews,P0071,Desktop,Email
E00008808,C00161,S0002043,2026-02-14 07:25:42,add_to_cart,Cart,P0035,Desktop,Email
E00008809,C00161,S0002043,2026-02-14 07:26:45,checkout_start,Checkout,P0041,Desktop,Email
E00008810,C00161,S0002043,2026-02-14 07:27:30,purchase,Checkout,P0035,Desktop,Email
E00008811,C00161,S0002044,2025-12-30 23:39:54,page_view,Home,,Mobile,Bing
E00008812,C00161,S0002044,2025-12-30 23:40:31,search,Search,,Mobile,Bing
E00008813,C00161,S0002044,2025-12-30 23:43:24,page_view,Category,,Mobile,Bing
E00008814,C00161,S0002044,2025-12-30 23:43:51,product_view,Product,P0014,Mobile,Bing
E00008815,C00161,S0002044,2025-12-30 23:46:32,review_view,Reviews,P0073,Mobile,Bing
E00008816,C00161,S0002045,2025-12-13 23:21:34,page_view,Home,,Mobile,Google
E00008817,C00161,S0002046,2026-03-19 23:39:48,page_view,Home,,Mobile,Email
E00008818,C00161,S0002046,2026-03-19 23:40:43,search,Search,,Mobile,Email
E00008819,C00161,S0002046,2026-03-19 23:41:12,page_view,Category,,Mobile,Email
E00008820,C00161,S0002046,2026-03-19 23:44:14,product_view,Product,P0029,Mobile,Email
E00008821,C00161,S0002046,2026-03-19 23:45:31,review_view,Reviews,P0017,Mobile,Email
E00008822,C00161,S0002046,2026-03-19 23:48:26,add_to_cart,Cart,P0073,Mobile,Email
E00008823,C00161,S0002046,2026-03-19 23:50:24,checkout_start,Checkout,P0071,Mobile,Email
E00008824,C00161,S0002046,2026-03-19 23:52:26,purchase,Checkout,P0066,Mobile,Email
E00008825,C00161,S0002047,2026-02-07 13:21:59,page_view,Home,,Desktop,Bing
E00008826,C00161,S0002047,2026-02-07 13:23:57,search,Search,,Desktop,Bing
E00008827,C00161,S0002047,2026-02-07 13:24:37,page_view,Category,,Desktop,Bing
E00008828,C00161,S0002047,2026-02-07 13:25:18,product_view,Product,P0073,Desktop,Bing
E00008829,C00161,S0002047,2026-02-07 13:27:12,review_view,Reviews,P0014,Desktop,Bing
E00008830,C00161,S0002047,2026-02-07 13:30:17,add_to_cart,Cart,P0035,Desktop,Bing
E00008831,C00161,S0002048,2026-05-27 22:38:53,page_view,Home,,Mobile,Google
E00008832,C00161,S0002048,2026-05-27 22:42:25,search,Search,,Mobile,Google
E00008833,C00161,S0002048,2026-05-27 22:45:34,page_view,Category,,Mobile,Google
E00008834,C00161,S0002048,2026-05-27 22:46:05,product_view,Product,P0060,Mobile,Google
E00008835,C00161,S0002049,2026-02-15 12:02:08,page_view,Home,,Desktop,Bing
E00008836,C00161,S0002049,2026-02-15 12:02:57,search,Search,,Desktop,Bing
E00008837,C00161,S0002049,2026-02-15 12:04:49,page_view,Category,,Desktop,Bing
E00008838,C00161,S0002050,2026-04-21 04:39:18,page_view,Home,,Mobile,Direct
E00008839,C00161,S0002050,2026-04-21 04:43:05,search,Search,,Mobile,Direct
E00008840,C00161,S0002050,2026-04-21 04:45:51,page_view,Category,,Mobile,Direct
E00008841,C00161,S0002050,2026-04-21 04:48:29,product_view,Product,P0073,Mobile,Direct
E00008842,C00161,S0002050,2026-04-21 04:52:17,review_view,Reviews,P0066,Mobile,Direct
E00008843,C00162,S0002051,2025-08-30 01:10:19,page_view,Home,,Mobile,Facebook
E00008844,C00162,S0002051,2025-08-30 01:13:00,search,Search,,Mobile,Facebook
E00008845,C00162,S0002052,2025-06-08 12:42:38,page_view,Home,,Desktop,Affiliate
E00008846,C00162,S0002052,2025-06-08 12:44:13,search,Search,,Desktop,Affiliate
E00008847,C00162,S0002052,2025-06-08 12:48:07,page_view,Category,,Desktop,Affiliate
E00008848,C00162,S0002052,2025-06-08 12:51:02,product_view,Product,P0025,Desktop,Affiliate
E00008849,C00162,S0002053,2026-03-20 18:51:39,page_view,Home,,Desktop,Bing
E00008850,C00162,S0002053,2026-03-20 18:55:32,add_to_cart,Cart,P0064,Desktop,Bing
E00008851,C00162,S0002053,2026-03-20 18:58:45,checkout_start,Checkout,P0076,Desktop,Bing
E00008852,C00162,S0002053,2026-03-20 18:59:17,purchase,Checkout,P0064,Desktop,Bing
E00008853,C00162,S0002054,2025-05-20 13:09:40,page_view,Home,,Mobile,Google
E00008854,C00162,S0002054,2025-05-20 13:10:36,search,Search,,Mobile,Google
E00008855,C00162,S0002055,2025-07-30 17:16:38,page_view,Home,,Mobile,Bing
E00008856,C00162,S0002055,2025-07-30 17:18:27,search,Search,,Mobile,Bing
E00008857,C00162,S0002055,2025-07-30 17:19:44,page_view,Category,,Mobile,Bing
E00008858,C00162,S0002055,2025-07-30 17:23:17,product_view,Product,P0034,Mobile,Bing
E00008859,C00162,S0002056,2024-11-19 11:10:31,page_view,Home,,Mobile,Direct
E00008860,C00162,S0002056,2024-11-19 11:13:06,search,Search,,Mobile,Direct
E00008861,C00162,S0002056,2024-11-19 11:15:32,page_view,Category,,Mobile,Direct
E00008862,C00162,S0002056,2024-11-19 11:19:25,product_view,Product,P0076,Mobile,Direct
E00008863,C00162,S0002057,2025-03-03 14:14:27,page_view,Home,,Tablet,Affiliate
E00008864,C00162,S0002057,2025-03-03 14:16:10,search,Search,,Tablet,Affiliate
E00008865,C00162,S0002057,2025-03-03 14:19:46,page_view,Category,,Tablet,Affiliate
E00008866,C00162,S0002058,2025-10-24 07:36:41,page_view,Home,,Desktop,Email
E00008867,C00162,S0002058,2025-10-24 07:38:21,search,Search,,Desktop,Email
E00008868,C00162,S0002058,2025-10-24 07:41:17,page_view,Category,,Desktop,Email
E00008869,C00162,S0002058,2025-10-24 07:45:08,product_view,Product,P0037,Desktop,Email
E00008870,C00162,S0002059,2025-11-08 00:46:27,page_view,Home,,Mobile,Email
E00008871,C00162,S0002059,2025-11-08 00:46:43,search,Search,,Mobile,Email
E00008872,C00162,S0002059,2025-11-08 00:48:52,page_view,Category,,Mobile,Email
E00008873,C00162,S0002059,2025-11-08 00:49:42,product_view,Product,P0040,Mobile,Email
E00008874,C00162,S0002059,2025-11-08 00:50:56,review_view,Reviews,P0040,Mobile,Email
E00008875,C00162,S0002060,2025-05-06 22:01:06,page_view,Home,,Mobile,Facebook
E00008876,C00162,S0002060,2025-05-06 22:03:53,search,Search,,Mobile,Facebook
E00008877,C00162,S0002060,2025-05-06 22:07:41,page_view,Category,,Mobile,Facebook
E00008878,C00162,S0002060,2025-05-06 22:11:19,product_view,Product,P0034,Mobile,Facebook
E00008879,C00162,S0002060,2025-05-06 22:12:05,add_to_cart,Cart,P0037,Mobile,Facebook
E00008880,C00162,S0002060,2025-05-06 22:14:14,checkout_start,Checkout,P0004,Mobile,Facebook
E00008881,C00162,S0002060,2025-05-06 22:16:16,purchase,Checkout,P0025,Mobile,Facebook
E00008882,C00162,S0002061,2025-11-26 04:59:27,page_view,Home,,Desktop,Affiliate
E00008883,C00162,S0002061,2025-11-26 05:00:52,search,Search,,Desktop,Affiliate
E00008884,C00162,S0002061,2025-11-26 05:01:53,page_view,Category,,Desktop,Affiliate
E00008885,C00162,S0002062,2025-02-20 14:24:55,page_view,Home,,Mobile,Affiliate
E00008886,C00162,S0002062,2025-02-20 14:26:04,search,Search,,Mobile,Affiliate
E00008887,C00162,S0002062,2025-02-20 14:29:25,page_view,Category,,Mobile,Affiliate
E00008888,C00162,S0002062,2025-02-20 14:32:29,product_view,Product,P0037,Mobile,Affiliate
E00008889,C00162,S0002062,2025-02-20 14:33:42,review_view,Reviews,P0076,Mobile,Affiliate
E00008890,C00162,S0002063,2026-04-12 09:26:43,page_view,Home,,Mobile,Facebook
E00008891,C00162,S0002063,2026-04-12 09:27:32,search,Search,,Mobile,Facebook
E00008892,C00162,S0002063,2026-04-12 09:30:37,page_view,Category,,Mobile,Facebook
E00008893,C00162,S0002063,2026-04-12 09:31:49,product_view,Product,P0042,Mobile,Facebook
E00008894,C00162,S0002063,2026-04-12 09:32:22,review_view,Reviews,P0064,Mobile,Facebook
E00008895,C00162,S0002063,2026-04-12 09:35:03,add_to_cart,Cart,P0037,Mobile,Facebook
E00008896,C00162,S0002064,2026-05-22 15:07:50,page_view,Home,,Desktop,Facebook
E00008897,C00162,S0002064,2026-05-22 15:11:11,search,Search,,Desktop,Facebook
E00008898,C00162,S0002064,2026-05-22 15:15:10,page_view,Category,,Desktop,Facebook
E00008899,C00162,S0002064,2026-05-22 15:16:50,product_view,Product,P0040,Desktop,Facebook
E00008900,C00162,S0002064,2026-05-22 15:20:35,review_view,Reviews,P0064,Desktop,Facebook
E00008901,C00162,S0002065,2026-03-19 04:16:32,page_view,Home,,Desktop,Instagram
E00008902,C00162,S0002065,2026-03-19 04:20:25,search,Search,,Desktop,Instagram
E00008903,C00162,S0002066,2025-08-06 23:59:46,page_view,Home,,Mobile,Google
E00008904,C00162,S0002066,2025-08-07 00:03:33,search,Search,,Mobile,Google
E00008905,C00162,S0002066,2025-08-07 00:04:20,page_view,Category,,Mobile,Google
E00008906,C00162,S0002066,2025-08-07 00:07:24,product_view,Product,P0037,Mobile,Google
E00008907,C00162,S0002066,2025-08-07 00:11:24,review_view,Reviews,P0004,Mobile,Google
E00008908,C00162,S0002066,2025-08-07 00:12:15,add_to_cart,Cart,P0034,Mobile,Google
E00008909,C00162,S0002067,2026-06-22 07:36:26,page_view,Home,,Mobile,Instagram
E00008910,C00162,S0002067,2026-06-22 07:38:34,search,Search,,Mobile,Instagram
E00008911,C00162,S0002067,2026-06-22 07:40:28,page_view,Category,,Mobile,Instagram
E00008912,C00162,S0002068,2025-07-20 01:08:13,page_view,Home,,Mobile,Affiliate
E00008913,C00162,S0002068,2025-07-20 01:09:49,search,Search,,Mobile,Affiliate
E00008914,C00162,S0002068,2025-07-20 01:12:48,page_view,Category,,Mobile,Affiliate
E00008915,C00162,S0002068,2025-07-20 01:14:31,product_view,Product,P0015,Mobile,Affiliate
E00008916,C00162,S0002068,2025-07-20 01:15:01,review_view,Reviews,P0025,Mobile,Affiliate
E00008917,C00163,S0002069,2025-12-08 04:32:03,page_view,Home,,Desktop,Affiliate
E00008918,C00163,S0002069,2025-12-08 04:35:38,search,Search,,Desktop,Affiliate
E00008919,C00163,S0002069,2025-12-08 04:36:21,page_view,Category,,Desktop,Affiliate
E00008920,C00163,S0002069,2025-12-08 04:38:47,product_view,Product,P0025,Desktop,Affiliate
E00008921,C00163,S0002069,2025-12-08 04:39:06,review_view,Reviews,P0064,Desktop,Affiliate
E00008922,C00163,S0002069,2025-12-08 04:42:34,add_to_cart,Cart,P0037,Desktop,Affiliate
E00008923,C00163,S0002070,2026-05-10 23:13:31,page_view,Home,,Desktop,Facebook
E00008924,C00163,S0002070,2026-05-10 23:14:15,search,Search,,Desktop,Facebook
E00008925,C00163,S0002070,2026-05-10 23:16:18,page_view,Category,,Desktop,Facebook
E00008926,C00163,S0002071,2026-06-05 15:18:33,page_view,Home,,Mobile,Facebook
E00008927,C00163,S0002071,2026-06-05 15:20:04,search,Search,,Mobile,Facebook
E00008928,C00163,S0002071,2026-06-05 15:23:12,page_view,Category,,Mobile,Facebook
E00008929,C00163,S0002071,2026-06-05 15:24:29,product_view,Product,P0034,Mobile,Facebook
E00008930,C00163,S0002072,2026-05-29 08:24:17,page_view,Home,,Mobile,Affiliate
E00008931,C00163,S0002072,2026-05-29 08:25:01,search,Search,,Mobile,Affiliate
E00008932,C00163,S0002072,2026-05-29 08:28:14,page_view,Category,,Mobile,Affiliate
E00008933,C00163,S0002072,2026-05-29 08:30:16,product_view,Product,P0076,Mobile,Affiliate
E00008934,C00163,S0002072,2026-05-29 08:31:21,review_view,Reviews,P0042,Mobile,Affiliate
E00008935,C00163,S0002072,2026-05-29 08:34:48,add_to_cart,Cart,P0025,Mobile,Affiliate
E00008936,C00163,S0002073,2025-12-08 12:35:04,page_view,Home,,Mobile,Instagram
E00008937,C00163,S0002073,2025-12-08 12:38:27,add_to_cart,Cart,P0025,Mobile,Instagram
E00008938,C00163,S0002073,2025-12-08 12:38:54,checkout_start,Checkout,P0037,Mobile,Instagram
E00008939,C00163,S0002073,2025-12-08 12:39:53,purchase,Checkout,P0037,Mobile,Instagram
E00008940,C00163,S0002074,2026-05-15 19:03:41,page_view,Home,,Desktop,Instagram
E00008941,C00163,S0002074,2026-05-15 19:07:23,search,Search,,Desktop,Instagram
E00008942,C00163,S0002074,2026-05-15 19:09:00,page_view,Category,,Desktop,Instagram
E00008943,C00163,S0002075,2026-01-12 18:05:21,page_view,Home,,Mobile,Direct
E00008944,C00163,S0002076,2026-02-17 06:38:37,page_view,Home,,Mobile,Facebook
E00008945,C00163,S0002077,2026-01-13 01:09:03,page_view,Home,,Mobile,Instagram
E00008946,C00163,S0002077,2026-01-13 01:10:06,search,Search,,Mobile,Instagram
E00008947,C00163,S0002077,2026-01-13 01:13:51,page_view,Category,,Mobile,Instagram
E00008948,C00163,S0002077,2026-01-13 01:15:00,product_view,Product,P0064,Mobile,Instagram
E00008949,C00163,S0002077,2026-01-13 01:17:05,review_view,Reviews,P0034,Mobile,Instagram
E00008950,C00164,S0002078,2024-05-27 04:44:53,page_view,Home,,Desktop,Bing
E00008951,C00164,S0002078,2024-05-27 04:48:12,search,Search,,Desktop,Bing
E00008952,C00164,S0002078,2024-05-27 04:49:41,page_view,Category,,Desktop,Bing
E00008953,C00164,S0002078,2024-05-27 04:52:03,product_view,Product,P0010,Desktop,Bing
E00008954,C00164,S0002078,2024-05-27 04:52:26,review_view,Reviews,P0058,Desktop,Bing
E00008955,C00164,S0002079,2024-07-22 16:35:28,page_view,Home,,Mobile,Email
E00008956,C00164,S0002079,2024-07-22 16:38:36,search,Search,,Mobile,Email
E00008957,C00164,S0002079,2024-07-22 16:38:52,page_view,Category,,Mobile,Email
E00008958,C00164,S0002079,2024-07-22 16:41:16,product_view,Product,P0008,Mobile,Email
E00008959,C00164,S0002079,2024-07-22 16:43:11,review_view,Reviews,P0021,Mobile,Email
E00008960,C00164,S0002080,2026-02-12 00:43:02,page_view,Home,,Mobile,Direct
E00008961,C00164,S0002080,2026-02-12 00:45:59,add_to_cart,Cart,P0054,Mobile,Direct
E00008962,C00164,S0002080,2026-02-12 00:48:11,checkout_start,Checkout,P0005,Mobile,Direct
E00008963,C00164,S0002080,2026-02-12 00:52:04,purchase,Checkout,P0008,Mobile,Direct
E00008964,C00164,S0002081,2026-03-22 04:25:46,page_view,Home,,Tablet,Bing
E00008965,C00164,S0002081,2026-03-22 04:26:58,search,Search,,Tablet,Bing
E00008966,C00164,S0002081,2026-03-22 04:29:40,page_view,Category,,Tablet,Bing
E00008967,C00164,S0002081,2026-03-22 04:32:34,product_view,Product,P0054,Tablet,Bing
E00008968,C00164,S0002082,2025-01-06 20:49:19,page_view,Home,,Mobile,Direct
E00008969,C00164,S0002082,2025-01-06 20:50:52,search,Search,,Mobile,Direct
E00008970,C00164,S0002082,2025-01-06 20:54:29,page_view,Category,,Mobile,Direct
E00008971,C00164,S0002082,2025-01-06 20:57:17,product_view,Product,P0058,Mobile,Direct
E00008972,C00164,S0002082,2025-01-06 21:01:15,add_to_cart,Cart,P0021,Mobile,Direct
E00008973,C00164,S0002082,2025-01-06 21:03:37,checkout_start,Checkout,P0054,Mobile,Direct
E00008974,C00164,S0002082,2025-01-06 21:05:45,purchase,Checkout,P0010,Mobile,Direct
E00008975,C00164,S0002083,2024-06-06 16:46:25,page_view,Home,,Mobile,Google
E00008976,C00164,S0002083,2024-06-06 16:46:38,search,Search,,Mobile,Google
E00008977,C00164,S0002083,2024-06-06 16:50:17,page_view,Category,,Mobile,Google
E00008978,C00164,S0002084,2025-08-27 19:09:56,page_view,Home,,Desktop,Facebook
E00008979,C00164,S0002084,2025-08-27 19:10:23,search,Search,,Desktop,Facebook
E00008980,C00164,S0002084,2025-08-27 19:12:32,page_view,Category,,Desktop,Facebook
E00008981,C00164,S0002084,2025-08-27 19:14:08,product_view,Product,P0005,Desktop,Facebook
E00008982,C00164,S0002085,2024-08-01 10:13:18,page_view,Home,,Mobile,Instagram
E00008983,C00164,S0002086,2025-11-11 19:55:33,page_view,Home,,Mobile,Email
E00008984,C00164,S0002086,2025-11-11 19:57:06,search,Search,,Mobile,Email
E00008985,C00164,S0002086,2025-11-11 19:58:43,page_view,Category,,Mobile,Email
E00008986,C00164,S0002086,2025-11-11 20:01:47,product_view,Product,P0021,Mobile,Email
E00008987,C00165,S0002087,2026-02-06 12:22:52,page_view,Home,,Mobile,Bing
E00008988,C00165,S0002087,2026-02-06 12:26:34,search,Search,,Mobile,Bing
E00008989,C00165,S0002087,2026-02-06 12:28:36,page_view,Category,,Mobile,Bing
E00008990,C00165,S0002087,2026-02-06 12:29:31,product_view,Product,P0034,Mobile,Bing
E00008991,C00165,S0002087,2026-02-06 12:31:21,add_to_cart,Cart,P0042,Mobile,Bing
E00008992,C00165,S0002087,2026-02-06 12:34:10,checkout_start,Checkout,P0037,Mobile,Bing
E00008993,C00165,S0002087,2026-02-06 12:37:13,purchase,Checkout,P0042,Mobile,Bing
E00008994,C00165,S0002088,2025-06-16 16:13:29,page_view,Home,,Mobile,Facebook
E00008995,C00165,S0002088,2025-06-16 16:14:52,search,Search,,Mobile,Facebook
E00008996,C00165,S0002089,2026-05-09 04:55:58,page_view,Home,,Desktop,Affiliate
E00008997,C00165,S0002090,2025-08-28 11:48:28,page_view,Home,,Desktop,Instagram
E00008998,C00165,S0002090,2025-08-28 11:49:05,search,Search,,Desktop,Instagram
E00008999,C00165,S0002090,2025-08-28 11:51:19,page_view,Category,,Desktop,Instagram
E00009000,C00165,S0002090,2025-08-28 11:55:13,product_view,Product,P0042,Desktop,Instagram
E00009001,C00165,S0002090,2025-08-28 11:56:29,review_view,Reviews,P0034,Desktop,Instagram
E00009002,C00165,S0002090,2025-08-28 11:57:54,add_to_cart,Cart,P0034,Desktop,Instagram
E00009003,C00165,S0002091,2026-06-25 20:57:16,page_view,Home,,Desktop,Affiliate
E00009004,C00165,S0002091,2026-06-25 21:01:12,search,Search,,Desktop,Affiliate
E00009005,C00165,S0002091,2026-06-25 21:02:58,page_view,Category,,Desktop,Affiliate
E00009006,C00165,S0002091,2026-06-25 21:05:02,product_view,Product,P0037,Desktop,Affiliate
E00009007,C00165,S0002091,2026-06-25 21:05:20,review_view,Reviews,P0064,Desktop,Affiliate
E00009008,C00165,S0002091,2026-06-25 21:07:52,add_to_cart,Cart,P0076,Desktop,Affiliate
E00009009,C00165,S0002091,2026-06-25 21:10:54,checkout_start,Checkout,P0042,Desktop,Affiliate
E00009010,C00165,S0002091,2026-06-25 21:13:28,purchase,Checkout,P0076,Desktop,Affiliate
E00009011,C00165,S0002092,2026-04-23 13:06:45,page_view,Home,,Desktop,Email
E00009012,C00165,S0002092,2026-04-23 13:07:08,search,Search,,Desktop,Email
E00009013,C00165,S0002092,2026-04-23 13:08:59,page_view,Category,,Desktop,Email
E00009014,C00165,S0002092,2026-04-23 13:11:54,product_view,Product,P0042,Desktop,Email
E00009015,C00165,S0002093,2025-12-02 23:22:35,page_view,Home,,Desktop,Facebook
E00009016,C00165,S0002093,2025-12-02 23:25:24,search,Search,,Desktop,Facebook
E00009017,C00165,S0002094,2025-08-10 23:48:51,page_view,Home,,Desktop,Google
E00009018,C00165,S0002094,2025-08-10 23:51:02,search,Search,,Desktop,Google
E00009019,C00165,S0002094,2025-08-10 23:51:25,page_view,Category,,Desktop,Google
E00009020,C00165,S0002094,2025-08-10 23:51:53,product_view,Product,P0025,Desktop,Google
E00009021,C00165,S0002095,2025-09-01 20:57:46,page_view,Home,,Mobile,Bing
E00009022,C00165,S0002095,2025-09-01 21:00:49,search,Search,,Mobile,Bing
E00009023,C00165,S0002096,2026-03-21 21:47:35,page_view,Home,,Desktop,Google
E00009024,C00165,S0002096,2026-03-21 21:50:04,search,Search,,Desktop,Google
E00009025,C00165,S0002096,2026-03-21 21:50:17,page_view,Category,,Desktop,Google
E00009026,C00165,S0002096,2026-03-21 21:51:36,product_view,Product,P0064,Desktop,Google
E00009027,C00165,S0002096,2026-03-21 21:51:46,add_to_cart,Cart,P0037,Desktop,Google
E00009028,C00165,S0002096,2026-03-21 21:52:06,checkout_start,Checkout,P0064,Desktop,Google
E00009029,C00165,S0002096,2026-03-21 21:54:56,purchase,Checkout,P0034,Desktop,Google
E00009030,C00166,S0002097,2025-09-12 12:36:13,page_view,Home,,Mobile,Instagram
E00009031,C00166,S0002098,2025-12-18 06:33:10,page_view,Home,,Desktop,Google
E00009032,C00166,S0002098,2025-12-18 06:33:32,search,Search,,Desktop,Google
E00009033,C00166,S0002098,2025-12-18 06:37:15,page_view,Category,,Desktop,Google
E00009034,C00166,S0002098,2025-12-18 06:40:43,product_view,Product,P0047,Desktop,Google
E00009035,C00166,S0002098,2025-12-18 06:43:44,review_view,Reviews,P0023,Desktop,Google
E00009036,C00166,S0002098,2025-12-18 06:45:54,add_to_cart,Cart,P0047,Desktop,Google
E00009037,C00166,S0002099,2025-08-19 18:04:41,page_view,Home,,Desktop,Google
E00009038,C00166,S0002100,2025-05-15 09:06:37,page_view,Home,,Mobile,Affiliate
E00009039,C00166,S0002101,2026-05-12 21:01:41,page_view,Home,,Mobile,Google
E00009040,C00166,S0002101,2026-05-12 21:03:09,search,Search,,Mobile,Google
E00009041,C00166,S0002101,2026-05-12 21:04:05,page_view,Category,,Mobile,Google
E00009042,C00166,S0002102,2025-08-18 14:12:11,page_view,Home,,Mobile,Affiliate
E00009043,C00166,S0002102,2025-08-18 14:12:21,search,Search,,Mobile,Affiliate
E00009044,C00166,S0002102,2025-08-18 14:16:15,page_view,Category,,Mobile,Affiliate
E00009045,C00166,S0002102,2025-08-18 14:20:08,add_to_cart,Cart,P0051,Mobile,Affiliate
E00009046,C00166,S0002102,2025-08-18 14:22:23,checkout_start,Checkout,P0047,Mobile,Affiliate
E00009047,C00166,S0002102,2025-08-18 14:24:17,purchase,Checkout,P0009,Mobile,Affiliate
E00009048,C00166,S0002103,2026-02-17 07:30:12,page_view,Home,,Mobile,Email
E00009049,C00166,S0002104,2026-04-21 23:12:48,page_view,Home,,Mobile,Facebook
E00009050,C00166,S0002104,2026-04-21 23:14:49,search,Search,,Mobile,Facebook
E00009051,C00166,S0002104,2026-04-21 23:18:06,page_view,Category,,Mobile,Facebook
E00009052,C00166,S0002104,2026-04-21 23:20:33,product_view,Product,P0048,Mobile,Facebook
E00009053,C00166,S0002105,2026-01-06 21:58:51,page_view,Home,,Desktop,Instagram
E00009054,C00166,S0002105,2026-01-06 21:59:08,search,Search,,Desktop,Instagram
E00009055,C00166,S0002105,2026-01-06 22:02:26,page_view,Category,,Desktop,Instagram
E00009056,C00166,S0002105,2026-01-06 22:04:43,product_view,Product,P0009,Desktop,Instagram
E00009057,C00166,S0002105,2026-01-06 22:06:42,review_view,Reviews,P0009,Desktop,Instagram
E00009058,C00166,S0002105,2026-01-06 22:06:58,add_to_cart,Cart,P0067,Desktop,Instagram
E00009059,C00166,S0002106,2025-07-14 13:46:20,page_view,Home,,Mobile,Email
E00009060,C00166,S0002107,2025-03-13 01:54:08,page_view,Home,,Mobile,Email
E00009061,C00166,S0002107,2025-03-13 01:56:22,search,Search,,Mobile,Email
E00009062,C00166,S0002107,2025-03-13 01:57:51,page_view,Category,,Mobile,Email
E00009063,C00166,S0002107,2025-03-13 02:01:49,product_view,Product,P0048,Mobile,Email
E00009064,C00166,S0002107,2025-03-13 02:02:49,review_view,Reviews,P0052,Mobile,Email
E00009065,C00166,S0002107,2025-03-13 02:05:22,add_to_cart,Cart,P0067,Mobile,Email
E00009066,C00166,S0002108,2025-04-08 23:13:30,page_view,Home,,Mobile,Affiliate
E00009067,C00166,S0002108,2025-04-08 23:15:31,search,Search,,Mobile,Affiliate
E00009068,C00166,S0002108,2025-04-08 23:16:28,page_view,Category,,Mobile,Affiliate
E00009069,C00166,S0002108,2025-04-08 23:20:21,product_view,Product,P0022,Mobile,Affiliate
E00009070,C00166,S0002108,2025-04-08 23:22:02,review_view,Reviews,P0067,Mobile,Affiliate
E00009071,C00166,S0002108,2025-04-08 23:25:13,add_to_cart,Cart,P0067,Mobile,Affiliate
E00009072,C00166,S0002109,2026-04-10 11:01:22,page_view,Home,,Mobile,Bing
E00009073,C00166,S0002109,2026-04-10 11:03:40,search,Search,,Mobile,Bing
E00009074,C00166,S0002109,2026-04-10 11:05:41,page_view,Category,,Mobile,Bing
E00009075,C00166,S0002109,2026-04-10 11:07:40,product_view,Product,P0022,Mobile,Bing
E00009076,C00166,S0002109,2026-04-10 11:10:04,review_view,Reviews,P0023,Mobile,Bing
E00009077,C00166,S0002109,2026-04-10 11:11:28,add_to_cart,Cart,P0067,Mobile,Bing
E00009078,C00166,S0002110,2025-08-01 02:29:20,page_view,Home,,Mobile,Google
E00009079,C00166,S0002110,2025-08-01 02:29:46,search,Search,,Mobile,Google
E00009080,C00166,S0002111,2025-07-03 03:59:41,page_view,Home,,Mobile,Google
E00009081,C00166,S0002111,2025-07-03 04:00:44,search,Search,,Mobile,Google
E00009082,C00166,S0002111,2025-07-03 04:03:55,page_view,Category,,Mobile,Google
E00009083,C00166,S0002111,2025-07-03 04:05:11,product_view,Product,P0023,Mobile,Google
E00009084,C00166,S0002111,2025-07-03 04:05:42,review_view,Reviews,P0023,Mobile,Google
E00009085,C00166,S0002112,2025-05-05 07:30:07,page_view,Home,,Mobile,Email
E00009086,C00166,S0002112,2025-05-05 07:34:06,search,Search,,Mobile,Email
E00009087,C00166,S0002112,2025-05-05 07:37:51,page_view,Category,,Mobile,Email
E00009088,C00166,S0002112,2025-05-05 07:41:30,product_view,Product,P0023,Mobile,Email
E00009089,C00166,S0002112,2025-05-05 07:42:11,review_view,Reviews,P0051,Mobile,Email
E00009090,C00166,S0002113,2025-12-10 00:52:45,page_view,Home,,Mobile,Email
E00009091,C00166,S0002114,2026-01-29 00:16:19,page_view,Home,,Mobile,Email
E00009092,C00166,S0002114,2026-01-29 00:18:16,search,Search,,Mobile,Email
E00009093,C00166,S0002114,2026-01-29 00:20:22,page_view,Category,,Mobile,Email
E00009094,C00166,S0002115,2026-06-12 17:38:21,page_view,Home,,Desktop,Direct
E00009095,C00166,S0002116,2026-06-26 16:56:59,page_view,Home,,Mobile,Bing
E00009096,C00166,S0002116,2026-06-26 16:59:29,search,Search,,Mobile,Bing
E00009097,C00166,S0002116,2026-06-26 17:02:09,page_view,Category,,Mobile,Bing
E00009098,C00166,S0002116,2026-06-26 17:05:53,product_view,Product,P0047,Mobile,Bing
E00009099,C00166,S0002116,2026-06-26 17:08:30,review_view,Reviews,P0022,Mobile,Bing
E00009100,C00166,S0002117,2026-05-27 03:38:37,page_view,Home,,Mobile,Instagram
E00009101,C00166,S0002117,2026-05-27 03:40:29,search,Search,,Mobile,Instagram
E00009102,C00166,S0002117,2026-05-27 03:42:44,page_view,Category,,Mobile,Instagram
E00009103,C00166,S0002117,2026-05-27 03:46:15,product_view,Product,P0067,Mobile,Instagram
E00009104,C00167,S0002118,2026-03-28 17:16:56,page_view,Home,,Desktop,Instagram
E00009105,C00167,S0002118,2026-03-28 17:17:17,search,Search,,Desktop,Instagram
E00009106,C00167,S0002118,2026-03-28 17:19:50,page_view,Category,,Desktop,Instagram
E00009107,C00167,S0002118,2026-03-28 17:21:30,product_view,Product,P0027,Desktop,Instagram
E00009108,C00167,S0002118,2026-03-28 17:21:42,review_view,Reviews,P0061,Desktop,Instagram
E00009109,C00167,S0002119,2026-03-13 23:20:42,page_view,Home,,Mobile,Bing
E00009110,C00167,S0002120,2025-10-25 17:54:53,page_view,Home,,Desktop,Facebook
E00009111,C00167,S0002120,2025-10-25 17:57:18,search,Search,,Desktop,Facebook
E00009112,C00167,S0002120,2025-10-25 17:58:02,page_view,Category,,Desktop,Facebook
E00009113,C00167,S0002121,2026-06-02 17:46:03,page_view,Home,,Mobile,Bing
E00009114,C00167,S0002121,2026-06-02 17:46:55,search,Search,,Mobile,Bing
E00009115,C00167,S0002121,2026-06-02 17:47:06,page_view,Category,,Mobile,Bing
E00009116,C00167,S0002121,2026-06-02 17:49:06,product_view,Product,P0024,Mobile,Bing
E00009117,C00167,S0002121,2026-06-02 17:52:11,review_view,Reviews,P0077,Mobile,Bing
E00009118,C00167,S0002121,2026-06-02 17:54:42,add_to_cart,Cart,P0044,Mobile,Bing
E00009119,C00167,S0002122,2025-10-09 15:08:14,page_view,Home,,Desktop,Instagram
E00009120,C00167,S0002122,2025-10-09 15:11:17,search,Search,,Desktop,Instagram
E00009121,C00167,S0002122,2025-10-09 15:12:26,page_view,Category,,Desktop,Instagram
E00009122,C00167,S0002122,2025-10-09 15:15:21,product_view,Product,P0061,Desktop,Instagram
E00009123,C00167,S0002122,2025-10-09 15:17:21,review_view,Reviews,P0077,Desktop,Instagram
E00009124,C00167,S0002122,2025-10-09 15:18:41,add_to_cart,Cart,P0024,Desktop,Instagram
E00009125,C00167,S0002122,2025-10-09 15:19:06,checkout_start,Checkout,P0056,Desktop,Instagram
E00009126,C00167,S0002122,2025-10-09 15:22:40,purchase,Checkout,P0056,Desktop,Instagram
E00009127,C00167,S0002123,2025-11-29 11:08:06,page_view,Home,,Mobile,Direct
E00009128,C00167,S0002123,2025-11-29 11:08:57,search,Search,,Mobile,Direct
E00009129,C00167,S0002123,2025-11-29 11:12:31,page_view,Category,,Mobile,Direct
E00009130,C00167,S0002123,2025-11-29 11:16:22,product_view,Product,P0024,Mobile,Direct
E00009131,C00167,S0002124,2026-01-28 09:03:37,page_view,Home,,Desktop,Facebook
E00009132,C00167,S0002124,2026-01-28 09:07:36,add_to_cart,Cart,P0027,Desktop,Facebook
E00009133,C00167,S0002124,2026-01-28 09:08:47,checkout_start,Checkout,P0024,Desktop,Facebook
E00009134,C00167,S0002124,2026-01-28 09:12:46,purchase,Checkout,P0024,Desktop,Facebook
E00009135,C00167,S0002125,2025-11-13 04:06:25,page_view,Home,,Desktop,Instagram
E00009136,C00167,S0002125,2025-11-13 04:07:39,search,Search,,Desktop,Instagram
E00009137,C00167,S0002125,2025-11-13 04:09:57,page_view,Category,,Desktop,Instagram
E00009138,C00167,S0002125,2025-11-13 04:12:23,product_view,Product,P0044,Desktop,Instagram
E00009139,C00167,S0002125,2025-11-13 04:14:00,review_view,Reviews,P0061,Desktop,Instagram
E00009140,C00167,S0002125,2025-11-13 04:16:17,add_to_cart,Cart,P0044,Desktop,Instagram
E00009141,C00167,S0002126,2026-03-28 04:53:05,page_view,Home,,Mobile,Direct
E00009142,C00167,S0002126,2026-03-28 04:53:34,search,Search,,Mobile,Direct
E00009143,C00167,S0002126,2026-03-28 04:54:54,page_view,Category,,Mobile,Direct
E00009144,C00167,S0002126,2026-03-28 04:55:53,product_view,Product,P0056,Mobile,Direct
E00009145,C00167,S0002126,2026-03-28 04:58:38,review_view,Reviews,P0056,Mobile,Direct
E00009146,C00167,S0002127,2026-01-26 12:38:53,page_view,Home,,Mobile,Direct
E00009147,C00167,S0002127,2026-01-26 12:41:29,search,Search,,Mobile,Direct
E00009148,C00167,S0002127,2026-01-26 12:45:24,page_view,Category,,Mobile,Direct
E00009149,C00167,S0002127,2026-01-26 12:47:53,product_view,Product,P0027,Mobile,Direct
E00009150,C00167,S0002128,2026-06-02 16:38:36,page_view,Home,,Mobile,Bing
E00009151,C00167,S0002128,2026-06-02 16:40:34,search,Search,,Mobile,Bing
E00009152,C00167,S0002128,2026-06-02 16:43:22,page_view,Category,,Mobile,Bing
E00009153,C00167,S0002128,2026-06-02 16:45:22,product_view,Product,P0027,Mobile,Bing
E00009154,C00167,S0002128,2026-06-02 16:48:20,review_view,Reviews,P0027,Mobile,Bing
E00009155,C00167,S0002128,2026-06-02 16:51:56,add_to_cart,Cart,P0061,Mobile,Bing
E00009156,C00167,S0002128,2026-06-02 16:55:08,checkout_start,Checkout,P0061,Mobile,Bing
E00009157,C00167,S0002128,2026-06-02 16:56:48,purchase,Checkout,P0077,Mobile,Bing
E00009158,C00167,S0002129,2026-06-21 15:56:59,page_view,Home,,Desktop,Google
E00009159,C00167,S0002129,2026-06-21 16:00:03,search,Search,,Desktop,Google
E00009160,C00167,S0002129,2026-06-21 16:01:52,page_view,Category,,Desktop,Google
E00009161,C00167,S0002129,2026-06-21 16:02:13,product_view,Product,P0077,Desktop,Google
E00009162,C00167,S0002129,2026-06-21 16:02:54,review_view,Reviews,P0061,Desktop,Google
E00009163,C00167,S0002129,2026-06-21 16:05:41,add_to_cart,Cart,P0077,Desktop,Google
E00009164,C00167,S0002129,2026-06-21 16:08:20,checkout_start,Checkout,P0024,Desktop,Google
E00009165,C00167,S0002129,2026-06-21 16:11:48,purchase,Checkout,P0077,Desktop,Google
E00009166,C00167,S0002130,2026-04-28 04:43:46,page_view,Home,,Mobile,Affiliate
E00009167,C00167,S0002130,2026-04-28 04:45:43,search,Search,,Mobile,Affiliate
E00009168,C00167,S0002131,2025-12-14 21:34:24,page_view,Home,,Desktop,Facebook
E00009169,C00167,S0002131,2025-12-14 21:35:09,search,Search,,Desktop,Facebook
E00009170,C00168,S0002132,2025-06-05 19:09:27,page_view,Home,,Mobile,Facebook
E00009171,C00168,S0002132,2025-06-05 19:10:25,search,Search,,Mobile,Facebook
E00009172,C00168,S0002132,2025-06-05 19:12:26,page_view,Category,,Mobile,Facebook
E00009173,C00168,S0002132,2025-06-05 19:14:39,product_view,Product,P0004,Mobile,Facebook
E00009174,C00168,S0002132,2025-06-05 19:15:12,review_view,Reviews,P0004,Mobile,Facebook
E00009175,C00168,S0002132,2025-06-05 19:15:55,add_to_cart,Cart,P0064,Mobile,Facebook
E00009176,C00168,S0002133,2024-06-07 22:09:12,page_view,Home,,Tablet,Bing
E00009177,C00168,S0002133,2024-06-07 22:12:26,search,Search,,Tablet,Bing
E00009178,C00168,S0002133,2024-06-07 22:15:45,page_view,Category,,Tablet,Bing
E00009179,C00168,S0002133,2024-06-07 22:18:48,product_view,Product,P0025,Tablet,Bing
E00009180,C00168,S0002133,2024-06-07 22:22:32,review_view,Reviews,P0004,Tablet,Bing
E00009181,C00168,S0002134,2024-09-29 19:40:23,page_view,Home,,Mobile,Google
E00009182,C00168,S0002134,2024-09-29 19:43:51,search,Search,,Mobile,Google
E00009183,C00168,S0002134,2024-09-29 19:47:41,page_view,Category,,Mobile,Google
E00009184,C00168,S0002134,2024-09-29 19:51:16,product_view,Product,P0040,Mobile,Google
E00009185,C00168,S0002134,2024-09-29 19:54:09,review_view,Reviews,P0015,Mobile,Google
E00009186,C00168,S0002134,2024-09-29 19:56:45,add_to_cart,Cart,P0004,Mobile,Google
E00009187,C00168,S0002135,2025-12-30 10:00:03,page_view,Home,,Mobile,Email
E00009188,C00168,S0002135,2025-12-30 10:03:41,search,Search,,Mobile,Email
E00009189,C00168,S0002135,2025-12-30 10:06:56,page_view,Category,,Mobile,Email
E00009190,C00168,S0002135,2025-12-30 10:08:15,product_view,Product,P0042,Mobile,Email
E00009191,C00168,S0002135,2025-12-30 10:11:21,review_view,Reviews,P0025,Mobile,Email
E00009192,C00168,S0002135,2025-12-30 10:12:09,add_to_cart,Cart,P0004,Mobile,Email
E00009193,C00168,S0002136,2024-06-25 14:16:12,page_view,Home,,Desktop,Google
E00009194,C00168,S0002136,2024-06-25 14:17:16,search,Search,,Desktop,Google
E00009195,C00168,S0002136,2024-06-25 14:20:19,page_view,Category,,Desktop,Google
E00009196,C00168,S0002137,2025-03-17 01:20:22,page_view,Home,,Desktop,Instagram
E00009197,C00168,S0002137,2025-03-17 01:21:54,search,Search,,Desktop,Instagram
E00009198,C00168,S0002137,2025-03-17 01:23:05,page_view,Category,,Desktop,Instagram
E00009199,C00168,S0002137,2025-03-17 01:26:07,product_view,Product,P0076,Desktop,Instagram
E00009200,C00168,S0002138,2024-06-22 10:07:51,page_view,Home,,Mobile,Bing
E00009201,C00168,S0002138,2024-06-22 10:10:33,add_to_cart,Cart,P0076,Mobile,Bing
E00009202,C00168,S0002138,2024-06-22 10:14:17,checkout_start,Checkout,P0037,Mobile,Bing
E00009203,C00168,S0002138,2024-06-22 10:14:43,purchase,Checkout,P0037,Mobile,Bing
E00009204,C00168,S0002139,2024-08-31 02:15:31,page_view,Home,,Mobile,Email
E00009205,C00168,S0002140,2024-05-10 17:46:48,page_view,Home,,Tablet,Facebook
E00009206,C00168,S0002140,2024-05-10 17:50:06,search,Search,,Tablet,Facebook
E00009207,C00168,S0002140,2024-05-10 17:53:57,page_view,Category,,Tablet,Facebook
E00009208,C00168,S0002140,2024-05-10 17:55:10,add_to_cart,Cart,P0025,Tablet,Facebook
E00009209,C00168,S0002140,2024-05-10 17:57:31,checkout_start,Checkout,P0004,Tablet,Facebook
E00009210,C00168,S0002140,2024-05-10 18:01:19,purchase,Checkout,P0064,Tablet,Facebook
E00009211,C00169,S0002141,2025-01-11 11:00:33,page_view,Home,,Mobile,Facebook
E00009212,C00169,S0002141,2025-01-11 11:02:42,search,Search,,Mobile,Facebook
E00009213,C00169,S0002141,2025-01-11 11:04:55,page_view,Category,,Mobile,Facebook
E00009214,C00169,S0002141,2025-01-11 11:05:29,product_view,Product,P0076,Mobile,Facebook
E00009215,C00169,S0002141,2025-01-11 11:06:23,review_view,Reviews,P0034,Mobile,Facebook
E00009216,C00169,S0002141,2025-01-11 11:09:26,add_to_cart,Cart,P0040,Mobile,Facebook
E00009217,C00169,S0002141,2025-01-11 11:12:35,checkout_start,Checkout,P0034,Mobile,Facebook
E00009218,C00169,S0002141,2025-01-11 11:13:18,purchase,Checkout,P0064,Mobile,Facebook
E00009219,C00169,S0002142,2026-05-08 22:57:24,page_view,Home,,Mobile,Bing
E00009220,C00169,S0002142,2026-05-08 22:59:15,search,Search,,Mobile,Bing
E00009221,C00169,S0002142,2026-05-08 22:59:41,page_view,Category,,Mobile,Bing
E00009222,C00169,S0002142,2026-05-08 23:01:43,product_view,Product,P0025,Mobile,Bing
E00009223,C00169,S0002142,2026-05-08 23:03:46,review_view,Reviews,P0040,Mobile,Bing
E00009224,C00169,S0002143,2026-05-09 08:14:11,page_view,Home,,Desktop,Bing
E00009225,C00169,S0002143,2026-05-09 08:14:45,search,Search,,Desktop,Bing
E00009226,C00169,S0002143,2026-05-09 08:15:41,page_view,Category,,Desktop,Bing
E00009227,C00169,S0002144,2026-02-09 14:48:37,page_view,Home,,Desktop,Facebook
E00009228,C00169,S0002144,2026-02-09 14:52:11,search,Search,,Desktop,Facebook
E00009229,C00169,S0002144,2026-02-09 14:55:38,page_view,Category,,Desktop,Facebook
E00009230,C00169,S0002144,2026-02-09 14:58:15,product_view,Product,P0025,Desktop,Facebook
E00009231,C00169,S0002145,2025-10-06 06:33:10,page_view,Home,,Mobile,Direct
E00009232,C00169,S0002145,2025-10-06 06:33:35,search,Search,,Mobile,Direct
E00009233,C00169,S0002145,2025-10-06 06:36:29,page_view,Category,,Mobile,Direct
E00009234,C00169,S0002145,2025-10-06 06:37:04,product_view,Product,P0034,Mobile,Direct
E00009235,C00169,S0002145,2025-10-06 06:41:00,add_to_cart,Cart,P0037,Mobile,Direct
E00009236,C00169,S0002145,2025-10-06 06:44:42,checkout_start,Checkout,P0034,Mobile,Direct
E00009237,C00169,S0002145,2025-10-06 06:47:34,purchase,Checkout,P0034,Mobile,Direct
E00009238,C00169,S0002146,2025-02-27 15:56:48,page_view,Home,,Desktop,Facebook
E00009239,C00169,S0002146,2025-02-27 16:00:44,search,Search,,Desktop,Facebook
E00009240,C00169,S0002147,2025-12-11 18:22:37,page_view,Home,,Mobile,Google
E00009241,C00169,S0002147,2025-12-11 18:25:47,search,Search,,Mobile,Google
E00009242,C00169,S0002148,2025-03-19 04:48:06,page_view,Home,,Mobile,Instagram
E00009243,C00169,S0002148,2025-03-19 04:51:12,search,Search,,Mobile,Instagram
E00009244,C00169,S0002148,2025-03-19 04:53:55,page_view,Category,,Mobile,Instagram
E00009245,C00169,S0002148,2025-03-19 04:54:33,product_view,Product,P0025,Mobile,Instagram
E00009246,C00169,S0002148,2025-03-19 04:56:36,review_view,Reviews,P0040,Mobile,Instagram
E00009247,C00169,S0002149,2025-09-12 20:40:47,page_view,Home,,Mobile,Direct
E00009248,C00169,S0002149,2025-09-12 20:44:22,search,Search,,Mobile,Direct
E00009249,C00169,S0002149,2025-09-12 20:45:18,page_view,Category,,Mobile,Direct
E00009250,C00169,S0002149,2025-09-12 20:45:49,product_view,Product,P0015,Mobile,Direct
E00009251,C00169,S0002149,2025-09-12 20:47:46,review_view,Reviews,P0025,Mobile,Direct
E00009252,C00169,S0002150,2025-07-07 01:16:25,page_view,Home,,Desktop,Affiliate
E00009253,C00169,S0002150,2025-07-07 01:17:58,search,Search,,Desktop,Affiliate
E00009254,C00169,S0002150,2025-07-07 01:20:41,page_view,Category,,Desktop,Affiliate
E00009255,C00169,S0002150,2025-07-07 01:21:13,product_view,Product,P0004,Desktop,Affiliate
E00009256,C00169,S0002150,2025-07-07 01:21:23,review_view,Reviews,P0037,Desktop,Affiliate
E00009257,C00169,S0002150,2025-07-07 01:25:06,add_to_cart,Cart,P0037,Desktop,Affiliate
E00009258,C00169,S0002151,2025-07-20 14:21:28,page_view,Home,,Mobile,Bing
E00009259,C00169,S0002151,2025-07-20 14:25:08,search,Search,,Mobile,Bing
E00009260,C00169,S0002152,2025-06-20 20:31:39,page_view,Home,,Mobile,Google
E00009261,C00169,S0002152,2025-06-20 20:34:45,search,Search,,Mobile,Google
E00009262,C00169,S0002152,2025-06-20 20:38:09,page_view,Category,,Mobile,Google
E00009263,C00169,S0002152,2025-06-20 20:41:20,product_view,Product,P0004,Mobile,Google
E00009264,C00169,S0002152,2025-06-20 20:44:11,review_view,Reviews,P0004,Mobile,Google
E00009265,C00169,S0002152,2025-06-20 20:46:19,add_to_cart,Cart,P0025,Mobile,Google
E00009266,C00169,S0002153,2025-06-25 16:06:39,page_view,Home,,Mobile,Instagram
E00009267,C00169,S0002153,2025-06-25 16:07:01,search,Search,,Mobile,Instagram
E00009268,C00169,S0002153,2025-06-25 16:10:47,page_view,Category,,Mobile,Instagram
E00009269,C00169,S0002154,2026-06-10 16:17:07,page_view,Home,,Mobile,Direct
E00009270,C00169,S0002154,2026-06-10 16:18:12,search,Search,,Mobile,Direct
E00009271,C00169,S0002154,2026-06-10 16:19:10,page_view,Category,,Mobile,Direct
E00009272,C00169,S0002154,2026-06-10 16:21:38,product_view,Product,P0040,Mobile,Direct
E00009273,C00169,S0002154,2026-06-10 16:22:43,review_view,Reviews,P0004,Mobile,Direct
E00009274,C00169,S0002154,2026-06-10 16:22:56,add_to_cart,Cart,P0004,Mobile,Direct
E00009275,C00169,S0002155,2025-02-20 02:13:24,page_view,Home,,Tablet,Bing
E00009276,C00169,S0002155,2025-02-20 02:16:41,search,Search,,Tablet,Bing
E00009277,C00169,S0002155,2025-02-20 02:20:31,page_view,Category,,Tablet,Bing
E00009278,C00169,S0002155,2025-02-20 02:22:29,product_view,Product,P0064,Tablet,Bing
E00009279,C00169,S0002155,2025-02-20 02:24:33,review_view,Reviews,P0040,Tablet,Bing
E00009280,C00169,S0002156,2025-10-24 14:42:12,page_view,Home,,Mobile,Facebook
E00009281,C00169,S0002156,2025-10-24 14:43:41,search,Search,,Mobile,Facebook
E00009282,C00169,S0002156,2025-10-24 14:45:49,page_view,Category,,Mobile,Facebook
E00009283,C00169,S0002157,2025-02-04 08:48:08,page_view,Home,,Desktop,Google
E00009284,C00169,S0002157,2025-02-04 08:51:20,search,Search,,Desktop,Google
E00009285,C00169,S0002157,2025-02-04 08:52:43,page_view,Category,,Desktop,Google
E00009286,C00170,S0002158,2025-12-28 12:56:32,page_view,Home,,Desktop,Email
E00009287,C00170,S0002158,2025-12-28 12:58:57,search,Search,,Desktop,Email
E00009288,C00170,S0002158,2025-12-28 13:00:19,page_view,Category,,Desktop,Email
E00009289,C00170,S0002158,2025-12-28 13:03:59,product_view,Product,P0018,Desktop,Email
E00009290,C00170,S0002158,2025-12-28 13:05:34,review_view,Reviews,P0039,Desktop,Email
E00009291,C00170,S0002159,2026-01-14 07:21:48,page_view,Home,,Mobile,Bing
E00009292,C00170,S0002159,2026-01-14 07:22:15,search,Search,,Mobile,Bing
E00009293,C00170,S0002159,2026-01-14 07:25:54,page_view,Category,,Mobile,Bing
E00009294,C00170,S0002160,2026-03-08 13:23:06,page_view,Home,,Tablet,Instagram
E00009295,C00170,S0002161,2026-05-29 14:06:27,page_view,Home,,Mobile,Facebook
E00009296,C00170,S0002161,2026-05-29 14:08:00,search,Search,,Mobile,Facebook
E00009297,C00170,S0002161,2026-05-29 14:11:32,page_view,Category,,Mobile,Facebook
E00009298,C00170,S0002162,2026-01-14 00:30:42,page_view,Home,,Desktop,Google
E00009299,C00170,S0002163,2025-10-08 16:21:19,page_view,Home,,Mobile,Instagram
E00009300,C00170,S0002163,2025-10-08 16:22:38,search,Search,,Mobile,Instagram
E00009301,C00170,S0002163,2025-10-08 16:25:00,page_view,Category,,Mobile,Instagram
E00009302,C00170,S0002163,2025-10-08 16:26:15,product_view,Product,P0075,Mobile,Instagram
E00009303,C00170,S0002163,2025-10-08 16:27:00,review_view,Reviews,P0018,Mobile,Instagram
E00009304,C00170,S0002163,2025-10-08 16:27:12,add_to_cart,Cart,P0070,Mobile,Instagram
E00009305,C00170,S0002163,2025-10-08 16:28:02,checkout_start,Checkout,P0020,Mobile,Instagram
E00009306,C00170,S0002163,2025-10-08 16:31:59,purchase,Checkout,P0020,Mobile,Instagram
E00009307,C00170,S0002164,2025-12-01 03:25:06,page_view,Home,,Mobile,Facebook
E00009308,C00170,S0002164,2025-12-01 03:26:50,search,Search,,Mobile,Facebook
E00009309,C00170,S0002164,2025-12-01 03:30:34,page_view,Category,,Mobile,Facebook
E00009310,C00170,S0002164,2025-12-01 03:33:48,product_view,Product,P0032,Mobile,Facebook
E00009311,C00170,S0002164,2025-12-01 03:35:54,review_view,Reviews,P0075,Mobile,Facebook
E00009312,C00170,S0002165,2025-08-23 08:22:53,page_view,Home,,Mobile,Bing
E00009313,C00170,S0002165,2025-08-23 08:24:52,search,Search,,Mobile,Bing
E00009314,C00170,S0002165,2025-08-23 08:26:20,page_view,Category,,Mobile,Bing
E00009315,C00170,S0002165,2025-08-23 08:27:24,product_view,Product,P0003,Mobile,Bing
E00009316,C00170,S0002166,2025-09-20 22:34:04,page_view,Home,,Mobile,Email
E00009317,C00170,S0002166,2025-09-20 22:34:53,search,Search,,Mobile,Email
E00009318,C00170,S0002166,2025-09-20 22:35:48,page_view,Category,,Mobile,Email
E00009319,C00170,S0002166,2025-09-20 22:38:29,product_view,Product,P0059,Mobile,Email
E00009320,C00170,S0002166,2025-09-20 22:39:15,review_view,Reviews,P0018,Mobile,Email
E00009321,C00170,S0002166,2025-09-20 22:39:29,add_to_cart,Cart,P0070,Mobile,Email
E00009322,C00170,S0002166,2025-09-20 22:42:58,checkout_start,Checkout,P0032,Mobile,Email
E00009323,C00170,S0002166,2025-09-20 22:44:40,purchase,Checkout,P0075,Mobile,Email
E00009324,C00170,S0002167,2025-09-02 11:23:00,page_view,Home,,Mobile,Google
E00009325,C00170,S0002167,2025-09-02 11:25:53,search,Search,,Mobile,Google
E00009326,C00170,S0002167,2025-09-02 11:27:37,page_view,Category,,Mobile,Google
E00009327,C00170,S0002167,2025-09-02 11:27:55,product_view,Product,P0018,Mobile,Google
E00009328,C00170,S0002167,2025-09-02 11:31:08,review_view,Reviews,P0075,Mobile,Google
E00009329,C00170,S0002167,2025-09-02 11:34:08,add_to_cart,Cart,P0039,Mobile,Google
E00009330,C00170,S0002168,2026-04-04 14:22:58,page_view,Home,,Mobile,Email
E00009331,C00170,S0002168,2026-04-04 14:26:01,search,Search,,Mobile,Email
E00009332,C00170,S0002168,2026-04-04 14:28:56,page_view,Category,,Mobile,Email
E00009333,C00170,S0002168,2026-04-04 14:31:56,product_view,Product,P0070,Mobile,Email
E00009334,C00170,S0002168,2026-04-04 14:35:33,review_view,Reviews,P0043,Mobile,Email
E00009335,C00170,S0002168,2026-04-04 14:36:33,add_to_cart,Cart,P0070,Mobile,Email
E00009336,C00170,S0002169,2025-07-15 19:53:40,page_view,Home,,Desktop,Affiliate
E00009337,C00170,S0002169,2025-07-15 19:57:02,search,Search,,Desktop,Affiliate
E00009338,C00170,S0002169,2025-07-15 19:59:19,page_view,Category,,Desktop,Affiliate
E00009339,C00170,S0002169,2025-07-15 20:01:12,product_view,Product,P0055,Desktop,Affiliate
E00009340,C00171,S0002170,2025-08-08 18:26:39,page_view,Home,,Mobile,Instagram
E00009341,C00171,S0002170,2025-08-08 18:29:24,search,Search,,Mobile,Instagram
E00009342,C00171,S0002171,2025-03-29 20:30:17,page_view,Home,,Desktop,Affiliate
E00009343,C00171,S0002171,2025-03-29 20:33:09,search,Search,,Desktop,Affiliate
E00009344,C00171,S0002172,2025-03-29 07:41:13,page_view,Home,,Desktop,Affiliate
E00009345,C00171,S0002172,2025-03-29 07:44:29,search,Search,,Desktop,Affiliate
E00009346,C00171,S0002172,2025-03-29 07:44:43,page_view,Category,,Desktop,Affiliate
E00009347,C00171,S0002172,2025-03-29 07:47:08,product_view,Product,P0043,Desktop,Affiliate
E00009348,C00171,S0002173,2025-04-25 21:07:39,page_view,Home,,Mobile,Facebook
E00009349,C00171,S0002173,2025-04-25 21:11:11,search,Search,,Mobile,Facebook
E00009350,C00171,S0002174,2024-11-21 13:47:03,page_view,Home,,Mobile,Email
E00009351,C00171,S0002174,2024-11-21 13:47:49,search,Search,,Mobile,Email
E00009352,C00171,S0002174,2024-11-21 13:49:22,page_view,Category,,Mobile,Email
E00009353,C00171,S0002175,2025-08-18 05:50:54,page_view,Home,,Mobile,Email
E00009354,C00171,S0002175,2025-08-18 05:52:49,search,Search,,Mobile,Email
E00009355,C00171,S0002175,2025-08-18 05:55:17,page_view,Category,,Mobile,Email
E00009356,C00171,S0002175,2025-08-18 05:58:56,product_view,Product,P0070,Mobile,Email
E00009357,C00171,S0002176,2026-05-15 06:02:46,page_view,Home,,Desktop,Instagram
E00009358,C00171,S0002176,2026-05-15 06:03:45,search,Search,,Desktop,Instagram
E00009359,C00171,S0002176,2026-05-15 06:07:14,page_view,Category,,Desktop,Instagram
E00009360,C00171,S0002176,2026-05-15 06:10:16,product_view,Product,P0075,Desktop,Instagram
E00009361,C00171,S0002176,2026-05-15 06:11:27,add_to_cart,Cart,P0039,Desktop,Instagram
E00009362,C00171,S0002176,2026-05-15 06:14:20,checkout_start,Checkout,P0039,Desktop,Instagram
E00009363,C00171,S0002176,2026-05-15 06:18:14,purchase,Checkout,P0046,Desktop,Instagram
E00009364,C00171,S0002177,2025-07-17 14:31:37,page_view,Home,,Desktop,Bing
E00009365,C00171,S0002178,2026-06-02 14:05:48,page_view,Home,,Mobile,Facebook
E00009366,C00171,S0002178,2026-06-02 14:06:41,add_to_cart,Cart,P0059,Mobile,Facebook
E00009367,C00171,S0002178,2026-06-02 14:10:19,checkout_start,Checkout,P0059,Mobile,Facebook
E00009368,C00171,S0002178,2026-06-02 14:12:07,purchase,Checkout,P0059,Mobile,Facebook
E00009369,C00171,S0002179,2026-04-29 19:01:09,page_view,Home,,Mobile,Google
E00009370,C00171,S0002179,2026-04-29 19:02:23,search,Search,,Mobile,Google
E00009371,C00171,S0002179,2026-04-29 19:05:07,page_view,Category,,Mobile,Google
E00009372,C00171,S0002179,2026-04-29 19:09:05,product_view,Product,P0039,Mobile,Google
E00009373,C00171,S0002179,2026-04-29 19:13:02,review_view,Reviews,P0003,Mobile,Google
E00009374,C00171,S0002179,2026-04-29 19:16:25,add_to_cart,Cart,P0032,Mobile,Google
E00009375,C00171,S0002180,2026-04-13 23:42:47,page_view,Home,,Mobile,Instagram
E00009376,C00171,S0002180,2026-04-13 23:45:58,search,Search,,Mobile,Instagram
E00009377,C00171,S0002180,2026-04-13 23:47:30,page_view,Category,,Mobile,Instagram
E00009378,C00171,S0002180,2026-04-13 23:49:26,product_view,Product,P0018,Mobile,Instagram
E00009379,C00171,S0002180,2026-04-13 23:50:34,review_view,Reviews,P0075,Mobile,Instagram
E00009380,C00171,S0002181,2025-03-19 09:59:29,page_view,Home,,Mobile,Affiliate
E00009381,C00172,S0002182,2025-07-23 03:45:02,page_view,Home,,Mobile,Facebook
E00009382,C00172,S0002182,2025-07-23 03:46:00,search,Search,,Mobile,Facebook
E00009383,C00172,S0002182,2025-07-23 03:47:18,page_view,Category,,Mobile,Facebook
E00009384,C00172,S0002182,2025-07-23 03:49:28,product_view,Product,P0041,Mobile,Facebook
E00009385,C00172,S0002183,2025-02-02 04:58:07,page_view,Home,,Mobile,Instagram
E00009386,C00172,S0002183,2025-02-02 05:01:37,search,Search,,Mobile,Instagram
E00009387,C00172,S0002183,2025-02-02 05:02:50,page_view,Category,,Mobile,Instagram
E00009388,C00172,S0002183,2025-02-02 05:05:41,product_view,Product,P0062,Mobile,Instagram
E00009389,C00172,S0002183,2025-02-02 05:08:12,review_view,Reviews,P0071,Mobile,Instagram
E00009390,C00172,S0002184,2024-11-27 03:19:12,page_view,Home,,Mobile,Email
E00009391,C00172,S0002184,2024-11-27 03:19:41,search,Search,,Mobile,Email
E00009392,C00172,S0002184,2024-11-27 03:21:29,page_view,Category,,Mobile,Email
E00009393,C00172,S0002184,2024-11-27 03:22:34,product_view,Product,P0014,Mobile,Email
E00009394,C00172,S0002184,2024-11-27 03:24:52,review_view,Reviews,P0071,Mobile,Email
E00009395,C00172,S0002185,2025-12-05 06:35:45,page_view,Home,,Mobile,Direct
E00009396,C00172,S0002186,2025-04-29 07:55:17,page_view,Home,,Desktop,Instagram
E00009397,C00172,S0002187,2025-07-05 02:26:17,page_view,Home,,Mobile,Direct
E00009398,C00172,S0002187,2025-07-05 02:28:31,search,Search,,Mobile,Direct
E00009399,C00172,S0002187,2025-07-05 02:28:52,page_view,Category,,Mobile,Direct
E00009400,C00172,S0002187,2025-07-05 02:29:48,add_to_cart,Cart,P0028,Mobile,Direct
E00009401,C00172,S0002187,2025-07-05 02:30:29,checkout_start,Checkout,P0060,Mobile,Direct
E00009402,C00172,S0002187,2025-07-05 02:33:11,purchase,Checkout,P0074,Mobile,Direct
E00009403,C00172,S0002188,2026-02-04 17:39:50,page_view,Home,,Mobile,Bing
E00009404,C00172,S0002188,2026-02-04 17:40:04,search,Search,,Mobile,Bing
E00009405,C00172,S0002189,2025-08-02 03:36:00,page_view,Home,,Desktop,Instagram
E00009406,C00172,S0002189,2025-08-02 03:39:08,search,Search,,Desktop,Instagram
E00009407,C00172,S0002189,2025-08-02 03:42:14,page_view,Category,,Desktop,Instagram
E00009408,C00172,S0002189,2025-08-02 03:42:27,product_view,Product,P0012,Desktop,Instagram
E00009409,C00172,S0002189,2025-08-02 03:45:35,review_view,Reviews,P0012,Desktop,Instagram
E00009410,C00172,S0002190,2025-03-12 23:55:09,page_view,Home,,Desktop,Instagram
E00009411,C00172,S0002190,2025-03-12 23:59:01,search,Search,,Desktop,Instagram
E00009412,C00172,S0002190,2025-03-13 00:00:38,page_view,Category,,Desktop,Instagram
E00009413,C00172,S0002190,2025-03-13 00:04:23,product_view,Product,P0074,Desktop,Instagram
E00009414,C00172,S0002190,2025-03-13 00:05:27,review_view,Reviews,P0073,Desktop,Instagram
E00009415,C00172,S0002191,2025-05-22 10:45:48,page_view,Home,,Mobile,Google
E00009416,C00172,S0002191,2025-05-22 10:49:39,search,Search,,Mobile,Google
E00009417,C00172,S0002191,2025-05-22 10:51:59,page_view,Category,,Mobile,Google
E00009418,C00172,S0002191,2025-05-22 10:55:28,product_view,Product,P0057,Mobile,Google
E00009419,C00172,S0002191,2025-05-22 10:56:07,review_view,Reviews,P0035,Mobile,Google
E00009420,C00172,S0002191,2025-05-22 10:56:35,add_to_cart,Cart,P0035,Mobile,Google
E00009421,C00173,S0002192,2026-03-25 22:34:54,page_view,Home,,Desktop,Affiliate
E00009422,C00173,S0002193,2026-04-24 16:28:08,page_view,Home,,Mobile,Google
E00009423,C00173,S0002194,2026-02-07 01:58:39,page_view,Home,,Tablet,Affiliate
E00009424,C00173,S0002195,2025-12-06 19:54:09,page_view,Home,,Desktop,Facebook
E00009425,C00173,S0002195,2025-12-06 19:54:48,search,Search,,Desktop,Facebook
E00009426,C00173,S0002195,2025-12-06 19:55:43,page_view,Category,,Desktop,Facebook
E00009427,C00173,S0002195,2025-12-06 19:59:27,product_view,Product,P0027,Desktop,Facebook
E00009428,C00173,S0002195,2025-12-06 20:00:19,review_view,Reviews,P0024,Desktop,Facebook
E00009429,C00173,S0002195,2025-12-06 20:02:06,add_to_cart,Cart,P0077,Desktop,Facebook
E00009430,C00173,S0002196,2026-05-27 00:28:28,page_view,Home,,Desktop,Google
E00009431,C00173,S0002197,2026-02-09 02:47:08,page_view,Home,,Desktop,Bing
E00009432,C00173,S0002197,2026-02-09 02:50:20,search,Search,,Desktop,Bing
E00009433,C00173,S0002197,2026-02-09 02:52:25,page_view,Category,,Desktop,Bing
E00009434,C00173,S0002197,2026-02-09 02:54:13,product_view,Product,P0027,Desktop,Bing
E00009435,C00173,S0002198,2026-03-06 05:22:58,page_view,Home,,Mobile,Google
E00009436,C00173,S0002198,2026-03-06 05:23:33,search,Search,,Mobile,Google
E00009437,C00173,S0002198,2026-03-06 05:25:34,page_view,Category,,Mobile,Google
E00009438,C00173,S0002198,2026-03-06 05:27:43,product_view,Product,P0061,Mobile,Google
E00009439,C00173,S0002198,2026-03-06 05:29:21,review_view,Reviews,P0077,Mobile,Google
E00009440,C00173,S0002198,2026-03-06 05:30:45,add_to_cart,Cart,P0027,Mobile,Google
E00009441,C00173,S0002198,2026-03-06 05:33:10,checkout_start,Checkout,P0077,Mobile,Google
E00009442,C00173,S0002198,2026-03-06 05:34:15,purchase,Checkout,P0027,Mobile,Google
E00009443,C00173,S0002199,2026-03-12 18:01:27,page_view,Home,,Desktop,Instagram
E00009444,C00173,S0002199,2026-03-12 18:03:46,search,Search,,Desktop,Instagram
E00009445,C00173,S0002199,2026-03-12 18:04:24,page_view,Category,,Desktop,Instagram
E00009446,C00173,S0002199,2026-03-12 18:05:02,product_view,Product,P0056,Desktop,Instagram
E00009447,C00173,S0002199,2026-03-12 18:07:11,review_view,Reviews,P0077,Desktop,Instagram
E00009448,C00173,S0002199,2026-03-12 18:09:38,add_to_cart,Cart,P0056,Desktop,Instagram
E00009449,C00173,S0002199,2026-03-12 18:12:56,checkout_start,Checkout,P0027,Desktop,Instagram
E00009450,C00173,S0002199,2026-03-12 18:15:39,purchase,Checkout,P0024,Desktop,Instagram
E00009451,C00173,S0002200,2026-01-18 11:42:07,page_view,Home,,Mobile,Bing
E00009452,C00173,S0002201,2026-01-16 15:47:10,page_view,Home,,Mobile,Direct
E00009453,C00173,S0002201,2026-01-16 15:49:46,search,Search,,Mobile,Direct
E00009454,C00173,S0002201,2026-01-16 15:51:12,page_view,Category,,Mobile,Direct
E00009455,C00173,S0002201,2026-01-16 15:51:43,product_view,Product,P0056,Mobile,Direct
E00009456,C00174,S0002202,2026-04-30 12:18:36,page_view,Home,,Mobile,Affiliate
E00009457,C00174,S0002202,2026-04-30 12:20:18,search,Search,,Mobile,Affiliate
E00009458,C00174,S0002203,2024-12-16 02:51:08,page_view,Home,,Mobile,Affiliate
E00009459,C00174,S0002203,2024-12-16 02:51:25,search,Search,,Mobile,Affiliate
E00009460,C00174,S0002203,2024-12-16 02:53:29,page_view,Category,,Mobile,Affiliate
E00009461,C00174,S0002203,2024-12-16 02:55:01,product_view,Product,P0079,Mobile,Affiliate
E00009462,C00174,S0002203,2024-12-16 02:56:32,review_view,Reviews,P0016,Mobile,Affiliate
E00009463,C00174,S0002204,2025-11-19 09:28:51,page_view,Home,,Mobile,Instagram
E00009464,C00174,S0002204,2025-11-19 09:29:16,search,Search,,Mobile,Instagram
E00009465,C00174,S0002204,2025-11-19 09:30:25,page_view,Category,,Mobile,Instagram
E00009466,C00174,S0002204,2025-11-19 09:33:55,product_view,Product,P0033,Mobile,Instagram
E00009467,C00174,S0002205,2025-10-26 09:09:46,page_view,Home,,Mobile,Direct
E00009468,C00174,S0002205,2025-10-26 09:12:43,search,Search,,Mobile,Direct
E00009469,C00174,S0002205,2025-10-26 09:15:58,page_view,Category,,Mobile,Direct
E00009470,C00174,S0002205,2025-10-26 09:17:06,product_view,Product,P0016,Mobile,Direct
E00009471,C00174,S0002206,2026-03-25 16:24:17,page_view,Home,,Desktop,Bing
E00009472,C00174,S0002206,2026-03-25 16:25:26,search,Search,,Desktop,Bing
E00009473,C00174,S0002206,2026-03-25 16:26:58,page_view,Category,,Desktop,Bing
E00009474,C00174,S0002207,2025-04-28 00:19:53,page_view,Home,,Mobile,Instagram
E00009475,C00174,S0002208,2026-01-27 16:07:20,page_view,Home,,Mobile,Facebook
E00009476,C00174,S0002208,2026-01-27 16:08:00,search,Search,,Mobile,Facebook
E00009477,C00174,S0002209,2026-05-04 19:58:37,page_view,Home,,Mobile,Direct
E00009478,C00174,S0002209,2026-05-04 19:59:27,search,Search,,Mobile,Direct
E00009479,C00174,S0002209,2026-05-04 19:59:53,page_view,Category,,Mobile,Direct
E00009480,C00174,S0002209,2026-05-04 20:03:34,product_view,Product,P0030,Mobile,Direct
E00009481,C00174,S0002209,2026-05-04 20:04:49,review_view,Reviews,P0016,Mobile,Direct
E00009482,C00174,S0002209,2026-05-04 20:06:48,add_to_cart,Cart,P0030,Mobile,Direct
E00009483,C00174,S0002209,2026-05-04 20:10:35,checkout_start,Checkout,P0033,Mobile,Direct
E00009484,C00174,S0002209,2026-05-04 20:13:01,purchase,Checkout,P0016,Mobile,Direct
E00009485,C00174,S0002210,2024-08-10 22:31:48,page_view,Home,,Mobile,Direct
E00009486,C00174,S0002210,2024-08-10 22:33:18,search,Search,,Mobile,Direct
E00009487,C00174,S0002210,2024-08-10 22:33:44,page_view,Category,,Mobile,Direct
E00009488,C00174,S0002210,2024-08-10 22:34:10,product_view,Product,P0065,Mobile,Direct
E00009489,C00174,S0002210,2024-08-10 22:36:20,review_view,Reviews,P0065,Mobile,Direct
E00009490,C00174,S0002211,2026-05-28 09:58:51,page_view,Home,,Mobile,Direct
E00009491,C00174,S0002211,2026-05-28 09:59:13,search,Search,,Mobile,Direct
E00009492,C00174,S0002211,2026-05-28 10:02:14,page_view,Category,,Mobile,Direct
E00009493,C00174,S0002211,2026-05-28 10:04:04,product_view,Product,P0031,Mobile,Direct
E00009494,C00174,S0002211,2026-05-28 10:06:32,review_view,Reviews,P0031,Mobile,Direct
E00009495,C00174,S0002211,2026-05-28 10:10:09,add_to_cart,Cart,P0079,Mobile,Direct
E00009496,C00174,S0002212,2025-08-21 20:40:54,page_view,Home,,Mobile,Google
E00009497,C00174,S0002212,2025-08-21 20:43:52,search,Search,,Mobile,Google
E00009498,C00174,S0002212,2025-08-21 20:44:24,page_view,Category,,Mobile,Google
E00009499,C00174,S0002212,2025-08-21 20:45:15,product_view,Product,P0079,Mobile,Google
E00009500,C00174,S0002213,2025-02-12 02:03:47,page_view,Home,,Mobile,Affiliate
E00009501,C00174,S0002213,2025-02-12 02:06:16,search,Search,,Mobile,Affiliate
E00009502,C00174,S0002213,2025-02-12 02:09:21,page_view,Category,,Mobile,Affiliate
E00009503,C00174,S0002213,2025-02-12 02:09:51,product_view,Product,P0030,Mobile,Affiliate
E00009504,C00174,S0002214,2025-12-05 00:00:00,page_view,Home,,Desktop,Direct
E00009505,C00174,S0002214,2025-12-05 00:03:46,search,Search,,Desktop,Direct
E00009506,C00174,S0002214,2025-12-05 00:05:06,page_view,Category,,Desktop,Direct
E00009507,C00174,S0002214,2025-12-05 00:08:46,product_view,Product,P0031,Desktop,Direct
E00009508,C00174,S0002215,2026-05-13 14:52:49,page_view,Home,,Mobile,Instagram
E00009509,C00174,S0002215,2026-05-13 14:53:17,search,Search,,Mobile,Instagram
E00009510,C00174,S0002215,2026-05-13 14:55:56,page_view,Category,,Mobile,Instagram
E00009511,C00174,S0002215,2026-05-13 14:59:46,product_view,Product,P0031,Mobile,Instagram
E00009512,C00174,S0002216,2024-10-07 09:47:58,page_view,Home,,Mobile,Direct
E00009513,C00174,S0002216,2024-10-07 09:48:47,search,Search,,Mobile,Direct
E00009514,C00174,S0002216,2024-10-07 09:52:19,page_view,Category,,Mobile,Direct
E00009515,C00174,S0002216,2024-10-07 09:52:53,product_view,Product,P0033,Mobile,Direct
E00009516,C00174,S0002217,2025-08-03 11:12:47,page_view,Home,,Mobile,Instagram
E00009517,C00174,S0002217,2025-08-03 11:16:21,search,Search,,Mobile,Instagram
E00009518,C00174,S0002217,2025-08-03 11:16:41,page_view,Category,,Mobile,Instagram
E00009519,C00175,S0002218,2026-02-03 20:14:08,page_view,Home,,Mobile,Google
E00009520,C00175,S0002219,2026-04-07 18:26:35,page_view,Home,,Desktop,Bing
E00009521,C00175,S0002219,2026-04-07 18:27:33,search,Search,,Desktop,Bing
E00009522,C00175,S0002219,2026-04-07 18:30:49,page_view,Category,,Desktop,Bing
E00009523,C00175,S0002219,2026-04-07 18:31:37,product_view,Product,P0003,Desktop,Bing
E00009524,C00175,S0002219,2026-04-07 18:34:25,review_view,Reviews,P0043,Desktop,Bing
E00009525,C00175,S0002219,2026-04-07 18:37:17,add_to_cart,Cart,P0070,Desktop,Bing
E00009526,C00175,S0002220,2026-05-26 06:40:01,page_view,Home,,Mobile,Email
E00009527,C00175,S0002220,2026-05-26 06:41:43,search,Search,,Mobile,Email
E00009528,C00175,S0002220,2026-05-26 06:44:54,page_view,Category,,Mobile,Email
E00009529,C00175,S0002220,2026-05-26 06:47:12,product_view,Product,P0055,Mobile,Email
E00009530,C00175,S0002221,2026-01-26 16:42:51,page_view,Home,,Desktop,Google
E00009531,C00175,S0002221,2026-01-26 16:45:41,search,Search,,Desktop,Google
E00009532,C00175,S0002221,2026-01-26 16:48:56,page_view,Category,,Desktop,Google
E00009533,C00175,S0002221,2026-01-26 16:50:32,product_view,Product,P0055,Desktop,Google
E00009534,C00175,S0002221,2026-01-26 16:54:30,review_view,Reviews,P0075,Desktop,Google
E00009535,C00175,S0002221,2026-01-26 16:57:20,add_to_cart,Cart,P0003,Desktop,Google
E00009536,C00175,S0002222,2026-01-23 09:18:46,page_view,Home,,Mobile,Facebook
E00009537,C00175,S0002223,2026-06-01 15:27:21,page_view,Home,,Mobile,Email
E00009538,C00175,S0002223,2026-06-01 15:28:44,search,Search,,Mobile,Email
E00009539,C00175,S0002224,2026-04-28 10:25:55,page_view,Home,,Mobile,Facebook
E00009540,C00175,S0002224,2026-04-28 10:27:26,search,Search,,Mobile,Facebook
E00009541,C00175,S0002225,2026-06-16 14:18:47,page_view,Home,,Desktop,Facebook
E00009542,C00175,S0002225,2026-06-16 14:21:18,search,Search,,Desktop,Facebook
E00009543,C00175,S0002225,2026-06-16 14:24:35,page_view,Category,,Desktop,Facebook
E00009544,C00175,S0002225,2026-06-16 14:27:06,product_view,Product,P0046,Desktop,Facebook
E00009545,C00175,S0002225,2026-06-16 14:30:05,review_view,Reviews,P0055,Desktop,Facebook
E00009546,C00175,S0002225,2026-06-16 14:31:58,add_to_cart,Cart,P0020,Desktop,Facebook
E00009547,C00175,S0002226,2026-01-21 17:15:09,page_view,Home,,Desktop,Email
E00009548,C00175,S0002226,2026-01-21 17:18:58,search,Search,,Desktop,Email
E00009549,C00175,S0002227,2026-03-02 00:08:24,page_view,Home,,Mobile,Direct
E00009550,C00175,S0002227,2026-03-02 00:10:22,search,Search,,Mobile,Direct
E00009551,C00175,S0002227,2026-03-02 00:11:21,page_view,Category,,Mobile,Direct
E00009552,C00175,S0002227,2026-03-02 00:12:33,product_view,Product,P0039,Mobile,Direct
E00009553,C00175,S0002227,2026-03-02 00:16:02,review_view,Reviews,P0003,Mobile,Direct
E00009554,C00175,S0002227,2026-03-02 00:16:41,add_to_cart,Cart,P0039,Mobile,Direct
E00009555,C00175,S0002228,2026-06-07 04:52:34,page_view,Home,,Mobile,Affiliate
E00009556,C00176,S0002229,2024-12-28 15:09:50,page_view,Home,,Desktop,Facebook
E00009557,C00176,S0002229,2024-12-28 15:10:46,search,Search,,Desktop,Facebook
E00009558,C00176,S0002229,2024-12-28 15:14:43,add_to_cart,Cart,P0027,Desktop,Facebook
E00009559,C00176,S0002229,2024-12-28 15:15:42,checkout_start,Checkout,P0044,Desktop,Facebook
E00009560,C00176,S0002229,2024-12-28 15:17:49,purchase,Checkout,P0024,Desktop,Facebook
E00009561,C00176,S0002230,2025-04-16 10:06:43,page_view,Home,,Desktop,Affiliate
E00009562,C00176,S0002230,2025-04-16 10:09:40,search,Search,,Desktop,Affiliate
E00009563,C00176,S0002231,2025-05-09 07:24:54,page_view,Home,,Mobile,Direct
E00009564,C00176,S0002231,2025-05-09 07:27:03,search,Search,,Mobile,Direct
E00009565,C00176,S0002232,2025-06-12 09:41:24,page_view,Home,,Tablet,Bing
E00009566,C00176,S0002232,2025-06-12 09:44:18,search,Search,,Tablet,Bing
E00009567,C00176,S0002232,2025-06-12 09:45:41,page_view,Category,,Tablet,Bing
E00009568,C00176,S0002232,2025-06-12 09:46:33,product_view,Product,P0024,Tablet,Bing
E00009569,C00176,S0002232,2025-06-12 09:49:24,review_view,Reviews,P0061,Tablet,Bing
E00009570,C00176,S0002232,2025-06-12 09:51:50,add_to_cart,Cart,P0077,Tablet,Bing
E00009571,C00176,S0002232,2025-06-12 09:53:16,checkout_start,Checkout,P0027,Tablet,Bing
E00009572,C00176,S0002232,2025-06-12 09:57:05,purchase,Checkout,P0077,Tablet,Bing
E00009573,C00176,S0002233,2025-05-03 13:49:48,page_view,Home,,Mobile,Google
E00009574,C00176,S0002233,2025-05-03 13:50:26,search,Search,,Mobile,Google
E00009575,C00176,S0002233,2025-05-03 13:51:07,add_to_cart,Cart,P0056,Mobile,Google
E00009576,C00176,S0002233,2025-05-03 13:52:26,checkout_start,Checkout,P0056,Mobile,Google
E00009577,C00176,S0002233,2025-05-03 13:55:20,purchase,Checkout,P0061,Mobile,Google
E00009578,C00176,S0002234,2024-12-24 09:11:50,page_view,Home,,Mobile,Facebook
E00009579,C00176,S0002234,2024-12-24 09:12:44,search,Search,,Mobile,Facebook
E00009580,C00176,S0002234,2024-12-24 09:13:58,page_view,Category,,Mobile,Facebook
E00009581,C00176,S0002234,2024-12-24 09:16:00,product_view,Product,P0077,Mobile,Facebook
E00009582,C00176,S0002234,2024-12-24 09:17:02,review_view,Reviews,P0044,Mobile,Facebook
E00009583,C00176,S0002235,2025-02-04 23:47:19,page_view,Home,,Desktop,Bing
E00009584,C00176,S0002235,2025-02-04 23:50:14,search,Search,,Desktop,Bing
E00009585,C00176,S0002235,2025-02-04 23:52:49,page_view,Category,,Desktop,Bing
E00009586,C00176,S0002235,2025-02-04 23:56:26,product_view,Product,P0024,Desktop,Bing
E00009587,C00176,S0002235,2025-02-04 23:58:08,review_view,Reviews,P0027,Desktop,Bing
E00009588,C00176,S0002235,2025-02-05 00:01:56,add_to_cart,Cart,P0024,Desktop,Bing
E00009589,C00176,S0002236,2024-08-31 16:55:40,page_view,Home,,Mobile,Affiliate
E00009590,C00176,S0002236,2024-08-31 16:59:14,search,Search,,Mobile,Affiliate
E00009591,C00176,S0002236,2024-08-31 17:01:39,page_view,Category,,Mobile,Affiliate
E00009592,C00176,S0002236,2024-08-31 17:02:45,add_to_cart,Cart,P0044,Mobile,Affiliate
E00009593,C00176,S0002236,2024-08-31 17:04:57,checkout_start,Checkout,P0061,Mobile,Affiliate
E00009594,C00176,S0002236,2024-08-31 17:05:52,purchase,Checkout,P0077,Mobile,Affiliate
E00009595,C00176,S0002237,2025-02-25 01:47:41,page_view,Home,,Desktop,Google
E00009596,C00176,S0002237,2025-02-25 01:49:14,search,Search,,Desktop,Google
E00009597,C00176,S0002237,2025-02-25 01:52:33,page_view,Category,,Desktop,Google
E00009598,C00176,S0002238,2025-01-17 02:47:56,page_view,Home,,Mobile,Instagram
E00009599,C00176,S0002239,2025-03-01 17:26:32,page_view,Home,,Tablet,Google
E00009600,C00176,S0002239,2025-03-01 17:27:34,search,Search,,Tablet,Google
E00009601,C00176,S0002239,2025-03-01 17:30:54,page_view,Category,,Tablet,Google
E00009602,C00176,S0002239,2025-03-01 17:31:16,product_view,Product,P0077,Tablet,Google
E00009603,C00176,S0002240,2024-09-10 09:49:33,page_view,Home,,Mobile,Affiliate
E00009604,C00176,S0002240,2024-09-10 09:51:22,search,Search,,Mobile,Affiliate
E00009605,C00176,S0002240,2024-09-10 09:52:01,page_view,Category,,Mobile,Affiliate
E00009606,C00176,S0002240,2024-09-10 09:55:16,product_view,Product,P0024,Mobile,Affiliate
E00009607,C00176,S0002240,2024-09-10 09:57:02,review_view,Reviews,P0061,Mobile,Affiliate
E00009608,C00176,S0002240,2024-09-10 09:59:52,add_to_cart,Cart,P0056,Mobile,Affiliate
E00009609,C00176,S0002240,2024-09-10 10:01:04,checkout_start,Checkout,P0077,Mobile,Affiliate
E00009610,C00176,S0002240,2024-09-10 10:03:08,purchase,Checkout,P0044,Mobile,Affiliate
E00009611,C00176,S0002241,2026-03-13 03:46:08,page_view,Home,,Desktop,Direct
E00009612,C00176,S0002241,2026-03-13 03:48:23,search,Search,,Desktop,Direct
E00009613,C00176,S0002241,2026-03-13 03:51:06,page_view,Category,,Desktop,Direct
E00009614,C00176,S0002241,2026-03-13 03:54:15,product_view,Product,P0077,Desktop,Direct
E00009615,C00176,S0002241,2026-03-13 03:54:34,review_view,Reviews,P0056,Desktop,Direct
E00009616,C00176,S0002241,2026-03-13 03:56:10,add_to_cart,Cart,P0024,Desktop,Direct
E00009617,C00176,S0002241,2026-03-13 03:58:08,checkout_start,Checkout,P0024,Desktop,Direct
E00009618,C00176,S0002241,2026-03-13 04:01:55,purchase,Checkout,P0044,Desktop,Direct
E00009619,C00176,S0002242,2025-09-21 03:03:58,page_view,Home,,Mobile,Google
E00009620,C00176,S0002242,2025-09-21 03:04:08,search,Search,,Mobile,Google
E00009621,C00176,S0002242,2025-09-21 03:04:53,page_view,Category,,Mobile,Google
E00009622,C00176,S0002242,2025-09-21 03:08:09,add_to_cart,Cart,P0027,Mobile,Google
E00009623,C00176,S0002242,2025-09-21 03:08:39,checkout_start,Checkout,P0056,Mobile,Google
E00009624,C00176,S0002242,2025-09-21 03:09:00,purchase,Checkout,P0024,Mobile,Google
E00009625,C00176,S0002243,2025-03-17 01:57:55,page_view,Home,,Mobile,Email
E00009626,C00176,S0002243,2025-03-17 02:00:23,search,Search,,Mobile,Email
E00009627,C00176,S0002244,2025-08-29 18:37:40,page_view,Home,,Mobile,Google
E00009628,C00176,S0002244,2025-08-29 18:40:11,search,Search,,Mobile,Google
E00009629,C00176,S0002244,2025-08-29 18:42:01,page_view,Category,,Mobile,Google
E00009630,C00176,S0002244,2025-08-29 18:45:58,product_view,Product,P0024,Mobile,Google
E00009631,C00176,S0002244,2025-08-29 18:47:15,review_view,Reviews,P0077,Mobile,Google
E00009632,C00176,S0002244,2025-08-29 18:50:24,add_to_cart,Cart,P0061,Mobile,Google
E00009633,C00176,S0002245,2026-01-12 10:48:38,page_view,Home,,Mobile,Instagram
E00009634,C00176,S0002245,2026-01-12 10:50:25,add_to_cart,Cart,P0061,Mobile,Instagram
E00009635,C00176,S0002245,2026-01-12 10:53:09,checkout_start,Checkout,P0077,Mobile,Instagram
E00009636,C00176,S0002245,2026-01-12 10:56:31,purchase,Checkout,P0056,Mobile,Instagram
E00009637,C00177,S0002246,2025-08-25 02:15:25,page_view,Home,,Mobile,Bing
E00009638,C00177,S0002246,2025-08-25 02:16:40,search,Search,,Mobile,Bing
E00009639,C00177,S0002246,2025-08-25 02:18:30,page_view,Category,,Mobile,Bing
E00009640,C00177,S0002246,2025-08-25 02:18:43,product_view,Product,P0054,Mobile,Bing
E00009641,C00177,S0002246,2025-08-25 02:20:54,review_view,Reviews,P0008,Mobile,Bing
E00009642,C00177,S0002247,2026-04-16 06:13:40,page_view,Home,,Desktop,Direct
E00009643,C00177,S0002247,2026-04-16 06:15:20,search,Search,,Desktop,Direct
E00009644,C00177,S0002248,2026-06-01 13:27:05,page_view,Home,,Desktop,Affiliate
E00009645,C00177,S0002248,2026-06-01 13:30:16,search,Search,,Desktop,Affiliate
E00009646,C00177,S0002249,2026-06-12 09:58:00,page_view,Home,,Mobile,Instagram
E00009647,C00177,S0002249,2026-06-12 10:01:59,search,Search,,Mobile,Instagram
E00009648,C00177,S0002249,2026-06-12 10:05:21,page_view,Category,,Mobile,Instagram
E00009649,C00177,S0002249,2026-06-12 10:09:20,product_view,Product,P0013,Mobile,Instagram
E00009650,C00177,S0002250,2026-06-16 18:22:51,page_view,Home,,Mobile,Instagram
E00009651,C00177,S0002250,2026-06-16 18:25:28,search,Search,,Mobile,Instagram
E00009652,C00177,S0002251,2026-04-06 21:54:31,page_view,Home,,Mobile,Instagram
E00009653,C00177,S0002251,2026-04-06 21:54:45,search,Search,,Mobile,Instagram
E00009654,C00177,S0002251,2026-04-06 21:56:55,page_view,Category,,Mobile,Instagram
E00009655,C00177,S0002251,2026-04-06 21:58:24,product_view,Product,P0054,Mobile,Instagram
E00009656,C00177,S0002251,2026-04-06 22:01:14,review_view,Reviews,P0005,Mobile,Instagram
E00009657,C00177,S0002252,2025-08-29 13:26:37,page_view,Home,,Desktop,Facebook
E00009658,C00177,S0002252,2025-08-29 13:28:08,search,Search,,Desktop,Facebook
E00009659,C00177,S0002252,2025-08-29 13:28:19,page_view,Category,,Desktop,Facebook
E00009660,C00177,S0002252,2025-08-29 13:31:46,product_view,Product,P0010,Desktop,Facebook
E00009661,C00177,S0002252,2025-08-29 13:35:25,review_view,Reviews,P0058,Desktop,Facebook
E00009662,C00177,S0002253,2025-12-04 20:48:03,page_view,Home,,Tablet,Instagram
E00009663,C00177,S0002254,2025-08-22 04:54:11,page_view,Home,,Desktop,Facebook
E00009664,C00177,S0002254,2025-08-22 04:55:59,search,Search,,Desktop,Facebook
E00009665,C00177,S0002254,2025-08-22 04:57:57,page_view,Category,,Desktop,Facebook
E00009666,C00177,S0002254,2025-08-22 05:01:10,product_view,Product,P0005,Desktop,Facebook
E00009667,C00178,S0002255,2026-05-27 07:42:12,page_view,Home,,Desktop,Instagram
E00009668,C00178,S0002255,2026-05-27 07:44:26,search,Search,,Desktop,Instagram
E00009669,C00178,S0002255,2026-05-27 07:45:59,page_view,Category,,Desktop,Instagram
E00009670,C00178,S0002256,2026-03-01 06:15:19,page_view,Home,,Mobile,Instagram
E00009671,C00178,S0002257,2026-03-16 13:49:41,page_view,Home,,Desktop,Facebook
E00009672,C00178,S0002257,2026-03-16 13:53:35,search,Search,,Desktop,Facebook
E00009673,C00178,S0002257,2026-03-16 13:57:05,page_view,Category,,Desktop,Facebook
E00009674,C00178,S0002258,2026-03-14 10:08:47,page_view,Home,,Mobile,Email
E00009675,C00178,S0002258,2026-03-14 10:11:39,search,Search,,Mobile,Email
E00009676,C00178,S0002258,2026-03-14 10:12:48,page_view,Category,,Mobile,Email
E00009677,C00178,S0002259,2026-05-02 14:46:32,page_view,Home,,Desktop,Affiliate
E00009678,C00178,S0002259,2026-05-02 14:48:42,search,Search,,Desktop,Affiliate
E00009679,C00178,S0002259,2026-05-02 14:52:09,page_view,Category,,Desktop,Affiliate
E00009680,C00178,S0002260,2026-06-05 21:33:29,page_view,Home,,Desktop,Instagram
E00009681,C00178,S0002260,2026-06-05 21:35:11,search,Search,,Desktop,Instagram
E00009682,C00178,S0002260,2026-06-05 21:38:39,page_view,Category,,Desktop,Instagram
E00009683,C00178,S0002261,2026-05-02 16:45:45,page_view,Home,,Desktop,Facebook
E00009684,C00178,S0002261,2026-05-02 16:49:06,search,Search,,Desktop,Facebook
E00009685,C00178,S0002261,2026-05-02 16:52:40,page_view,Category,,Desktop,Facebook
E00009686,C00178,S0002261,2026-05-02 16:55:56,product_view,Product,P0043,Desktop,Facebook
E00009687,C00178,S0002261,2026-05-02 16:59:12,review_view,Reviews,P0020,Desktop,Facebook
E00009688,C00178,S0002261,2026-05-02 17:00:46,add_to_cart,Cart,P0018,Desktop,Facebook
E00009689,C00178,S0002262,2026-03-24 06:13:56,page_view,Home,,Desktop,Email
E00009690,C00178,S0002262,2026-03-24 06:15:53,search,Search,,Desktop,Email
E00009691,C00178,S0002262,2026-03-24 06:18:00,page_view,Category,,Desktop,Email
E00009692,C00178,S0002262,2026-03-24 06:21:33,product_view,Product,P0070,Desktop,Email
E00009693,C00178,S0002262,2026-03-24 06:25:19,review_view,Reviews,P0075,Desktop,Email
E00009694,C00178,S0002262,2026-03-24 06:25:42,add_to_cart,Cart,P0018,Desktop,Email
E00009695,C00178,S0002263,2026-06-14 11:52:30,page_view,Home,,Desktop,Facebook
E00009696,C00178,S0002263,2026-06-14 11:55:22,search,Search,,Desktop,Facebook
E00009697,C00178,S0002263,2026-06-14 11:56:16,page_view,Category,,Desktop,Facebook
E00009698,C00178,S0002263,2026-06-14 11:59:05,product_view,Product,P0039,Desktop,Facebook
E00009699,C00178,S0002263,2026-06-14 12:01:39,review_view,Reviews,P0075,Desktop,Facebook
E00009700,C00179,S0002264,2025-11-27 05:58:00,page_view,Home,,Mobile,Affiliate
E00009701,C00179,S0002264,2025-11-27 06:00:39,search,Search,,Mobile,Affiliate
E00009702,C00179,S0002265,2026-03-28 22:28:29,page_view,Home,,Mobile,Facebook
E00009703,C00179,S0002265,2026-03-28 22:29:47,add_to_cart,Cart,P0004,Mobile,Facebook
E00009704,C00179,S0002265,2026-03-28 22:31:49,checkout_start,Checkout,P0004,Mobile,Facebook
E00009705,C00179,S0002265,2026-03-28 22:32:14,purchase,Checkout,P0076,Mobile,Facebook
E00009706,C00179,S0002266,2025-10-25 03:16:40,page_view,Home,,Desktop,Bing
E00009707,C00179,S0002266,2025-10-25 03:18:36,search,Search,,Desktop,Bing
E00009708,C00179,S0002266,2025-10-25 03:21:10,page_view,Category,,Desktop,Bing
E00009709,C00179,S0002267,2026-06-26 11:40:24,page_view,Home,,Desktop,Facebook
E00009710,C00179,S0002267,2026-06-26 11:40:51,search,Search,,Desktop,Facebook
E00009711,C00179,S0002267,2026-06-26 11:44:02,page_view,Category,,Desktop,Facebook
E00009712,C00179,S0002267,2026-06-26 11:45:03,product_view,Product,P0064,Desktop,Facebook
E00009713,C00179,S0002268,2025-12-22 09:01:43,page_view,Home,,Mobile,Bing
E00009714,C00179,S0002268,2025-12-22 09:04:58,search,Search,,Mobile,Bing
E00009715,C00179,S0002268,2025-12-22 09:06:59,page_view,Category,,Mobile,Bing
E00009716,C00179,S0002269,2026-06-30 06:07:55,page_view,Home,,Mobile,Direct
E00009717,C00179,S0002269,2026-06-30 06:11:27,add_to_cart,Cart,P0034,Mobile,Direct
E00009718,C00179,S0002269,2026-06-30 06:12:29,checkout_start,Checkout,P0037,Mobile,Direct
E00009719,C00179,S0002269,2026-06-30 06:16:25,purchase,Checkout,P0042,Mobile,Direct
E00009720,C00179,S0002270,2025-07-22 02:31:23,page_view,Home,,Mobile,Instagram
E00009721,C00179,S0002270,2025-07-22 02:33:46,search,Search,,Mobile,Instagram
E00009722,C00179,S0002270,2025-07-22 02:34:41,page_view,Category,,Mobile,Instagram
E00009723,C00179,S0002270,2025-07-22 02:37:37,product_view,Product,P0042,Mobile,Instagram
E00009724,C00179,S0002271,2025-12-08 21:58:06,page_view,Home,,Mobile,Facebook
E00009725,C00179,S0002271,2025-12-08 21:59:29,search,Search,,Mobile,Facebook
E00009726,C00179,S0002271,2025-12-08 22:00:05,page_view,Category,,Mobile,Facebook
E00009727,C00179,S0002271,2025-12-08 22:03:17,product_view,Product,P0015,Mobile,Facebook
E00009728,C00179,S0002271,2025-12-08 22:05:30,review_view,Reviews,P0015,Mobile,Facebook
E00009729,C00179,S0002271,2025-12-08 22:09:05,add_to_cart,Cart,P0042,Mobile,Facebook
E00009730,C00179,S0002272,2025-07-07 08:56:05,page_view,Home,,Desktop,Google
E00009731,C00179,S0002272,2025-07-07 08:58:24,search,Search,,Desktop,Google
E00009732,C00179,S0002273,2025-12-21 10:40:33,page_view,Home,,Mobile,Instagram
E00009733,C00179,S0002273,2025-12-21 10:44:08,search,Search,,Mobile,Instagram
E00009734,C00179,S0002273,2025-12-21 10:47:59,page_view,Category,,Mobile,Instagram
E00009735,C00180,S0002274,2026-05-19 01:58:58,page_view,Home,,Desktop,Google
E00009736,C00180,S0002274,2026-05-19 02:00:04,search,Search,,Desktop,Google
E00009737,C00180,S0002274,2026-05-19 02:02:14,page_view,Category,,Desktop,Google
E00009738,C00180,S0002274,2026-05-19 02:04:45,product_view,Product,P0002,Desktop,Google
E00009739,C00180,S0002274,2026-05-19 02:08:02,review_view,Reviews,P0019,Desktop,Google
E00009740,C00180,S0002275,2026-02-15 01:10:32,page_view,Home,,Mobile,Affiliate
E00009741,C00180,S0002275,2026-02-15 01:12:49,search,Search,,Mobile,Affiliate
E00009742,C00180,S0002275,2026-02-15 01:14:56,page_view,Category,,Mobile,Affiliate
E00009743,C00180,S0002275,2026-02-15 01:18:26,product_view,Product,P0072,Mobile,Affiliate
E00009744,C00180,S0002275,2026-02-15 01:20:32,review_view,Reviews,P0036,Mobile,Affiliate
E00009745,C00180,S0002276,2026-05-15 12:28:41,page_view,Home,,Mobile,Bing
E00009746,C00180,S0002276,2026-05-15 12:30:15,search,Search,,Mobile,Bing
E00009747,C00180,S0002276,2026-05-15 12:33:03,page_view,Category,,Mobile,Bing
E00009748,C00180,S0002276,2026-05-15 12:36:59,product_view,Product,P0002,Mobile,Bing
E00009749,C00180,S0002276,2026-05-15 12:38:02,review_view,Reviews,P0038,Mobile,Bing
E00009750,C00180,S0002277,2026-06-07 04:03:47,page_view,Home,,Desktop,Google
E00009751,C00180,S0002277,2026-06-07 04:07:14,search,Search,,Desktop,Google
E00009752,C00180,S0002277,2026-06-07 04:10:33,page_view,Category,,Desktop,Google
E00009753,C00180,S0002277,2026-06-07 04:13:47,product_view,Product,P0007,Desktop,Google
E00009754,C00180,S0002277,2026-06-07 04:14:24,review_view,Reviews,P0002,Desktop,Google
E00009755,C00180,S0002278,2026-03-05 13:57:45,page_view,Home,,Mobile,Google
E00009756,C00180,S0002278,2026-03-05 13:58:07,search,Search,,Mobile,Google
E00009757,C00180,S0002278,2026-03-05 14:00:34,page_view,Category,,Mobile,Google
E00009758,C00180,S0002278,2026-03-05 14:03:22,product_view,Product,P0011,Mobile,Google
E00009759,C00180,S0002278,2026-03-05 14:04:21,review_view,Reviews,P0036,Mobile,Google
E00009760,C00181,S0002279,2025-08-12 07:31:54,page_view,Home,,Mobile,Affiliate
E00009761,C00181,S0002279,2025-08-12 07:33:24,search,Search,,Mobile,Affiliate
E00009762,C00181,S0002279,2025-08-12 07:35:00,page_view,Category,,Mobile,Affiliate
E00009763,C00181,S0002280,2025-07-15 16:58:18,page_view,Home,,Mobile,Google
E00009764,C00181,S0002281,2026-02-02 00:31:42,page_view,Home,,Mobile,Affiliate
E00009765,C00181,S0002281,2026-02-02 00:35:03,search,Search,,Mobile,Affiliate
E00009766,C00181,S0002281,2026-02-02 00:38:44,page_view,Category,,Mobile,Affiliate
E00009767,C00181,S0002282,2025-11-30 11:09:12,page_view,Home,,Mobile,Instagram
E00009768,C00181,S0002282,2025-11-30 11:11:45,search,Search,,Mobile,Instagram
E00009769,C00181,S0002282,2025-11-30 11:12:57,page_view,Category,,Mobile,Instagram
E00009770,C00181,S0002282,2025-11-30 11:16:15,product_view,Product,P0038,Mobile,Instagram
E00009771,C00181,S0002282,2025-11-30 11:19:14,review_view,Reviews,P0011,Mobile,Instagram
E00009772,C00181,S0002282,2025-11-30 11:21:20,add_to_cart,Cart,P0072,Mobile,Instagram
E00009773,C00181,S0002283,2025-11-05 02:02:48,page_view,Home,,Mobile,Bing
E00009774,C00181,S0002283,2025-11-05 02:05:00,search,Search,,Mobile,Bing
E00009775,C00181,S0002284,2025-09-25 12:36:51,page_view,Home,,Mobile,Email
E00009776,C00181,S0002284,2025-09-25 12:38:33,search,Search,,Mobile,Email
E00009777,C00181,S0002284,2025-09-25 12:40:52,add_to_cart,Cart,P0026,Mobile,Email
E00009778,C00181,S0002284,2025-09-25 12:42:58,checkout_start,Checkout,P0072,Mobile,Email
E00009779,C00181,S0002284,2025-09-25 12:46:24,purchase,Checkout,P0007,Mobile,Email
E00009780,C00181,S0002285,2025-09-21 13:40:05,page_view,Home,,Mobile,Email
E00009781,C00181,S0002285,2025-09-21 13:42:49,search,Search,,Mobile,Email
E00009782,C00181,S0002285,2025-09-21 13:46:47,page_view,Category,,Mobile,Email
E00009783,C00181,S0002285,2025-09-21 13:47:18,product_view,Product,P0049,Mobile,Email
E00009784,C00181,S0002286,2026-05-05 13:05:13,page_view,Home,,Desktop,Facebook
E00009785,C00181,S0002286,2026-05-05 13:05:40,search,Search,,Desktop,Facebook
E00009786,C00181,S0002286,2026-05-05 13:09:01,page_view,Category,,Desktop,Facebook
E00009787,C00181,S0002286,2026-05-05 13:12:11,product_view,Product,P0038,Desktop,Facebook
E00009788,C00181,S0002286,2026-05-05 13:13:41,review_view,Reviews,P0063,Desktop,Facebook
E00009789,C00181,S0002286,2026-05-05 13:16:39,add_to_cart,Cart,P0049,Desktop,Facebook
E00009790,C00181,S0002287,2025-11-30 15:45:07,page_view,Home,,Mobile,Facebook
E00009791,C00181,S0002287,2025-11-30 15:45:24,search,Search,,Mobile,Facebook
E00009792,C00181,S0002288,2025-11-10 02:41:47,page_view,Home,,Desktop,Email
E00009793,C00181,S0002288,2025-11-10 02:44:11,search,Search,,Desktop,Email
E00009794,C00181,S0002288,2025-11-10 02:45:57,page_view,Category,,Desktop,Email
E00009795,C00181,S0002288,2025-11-10 02:48:13,product_view,Product,P0053,Desktop,Email
E00009796,C00181,S0002288,2025-11-10 02:49:47,review_view,Reviews,P0038,Desktop,Email
E00009797,C00181,S0002288,2025-11-10 02:52:03,add_to_cart,Cart,P0001,Desktop,Email
E00009798,C00181,S0002289,2025-08-05 18:20:17,page_view,Home,,Mobile,Bing
E00009799,C00181,S0002289,2025-08-05 18:20:38,search,Search,,Mobile,Bing
E00009800,C00181,S0002289,2025-08-05 18:21:19,page_view,Category,,Mobile,Bing
E00009801,C00181,S0002289,2025-08-05 18:25:17,product_view,Product,P0049,Mobile,Bing
E00009802,C00181,S0002289,2025-08-05 18:27:03,review_view,Reviews,P0072,Mobile,Bing
E00009803,C00181,S0002290,2025-07-23 22:28:42,page_view,Home,,Mobile,Email
E00009804,C00181,S0002290,2025-07-23 22:30:19,search,Search,,Mobile,Email
E00009805,C00181,S0002290,2025-07-23 22:30:40,page_view,Category,,Mobile,Email
E00009806,C00181,S0002290,2025-07-23 22:34:00,product_view,Product,P0011,Mobile,Email
E00009807,C00181,S0002290,2025-07-23 22:36:18,review_view,Reviews,P0001,Mobile,Email
E00009808,C00181,S0002291,2025-07-30 11:20:00,page_view,Home,,Desktop,Direct
E00009809,C00181,S0002291,2025-07-30 11:22:52,search,Search,,Desktop,Direct
E00009810,C00181,S0002291,2025-07-30 11:25:08,page_view,Category,,Desktop,Direct
E00009811,C00181,S0002291,2025-07-30 11:26:19,product_view,Product,P0038,Desktop,Direct
E00009812,C00181,S0002291,2025-07-30 11:29:28,review_view,Reviews,P0069,Desktop,Direct
E00009813,C00182,S0002292,2025-03-19 09:05:31,page_view,Home,,Desktop,Direct
E00009814,C00182,S0002293,2026-06-18 21:27:08,page_view,Home,,Desktop,Instagram
E00009815,C00182,S0002293,2026-06-18 21:28:26,search,Search,,Desktop,Instagram
E00009816,C00182,S0002293,2026-06-18 21:30:05,page_view,Category,,Desktop,Instagram
E00009817,C00182,S0002293,2026-06-18 21:32:18,product_view,Product,P0044,Desktop,Instagram
E00009818,C00182,S0002293,2026-06-18 21:36:03,review_view,Reviews,P0027,Desktop,Instagram
E00009819,C00182,S0002294,2026-06-18 12:38:13,page_view,Home,,Mobile,Affiliate
E00009820,C00182,S0002294,2026-06-18 12:39:14,search,Search,,Mobile,Affiliate
E00009821,C00182,S0002294,2026-06-18 12:43:06,page_view,Category,,Mobile,Affiliate
E00009822,C00182,S0002295,2025-06-12 20:27:16,page_view,Home,,Desktop,Bing
E00009823,C00182,S0002295,2025-06-12 20:28:56,search,Search,,Desktop,Bing
E00009824,C00182,S0002295,2025-06-12 20:32:00,page_view,Category,,Desktop,Bing
E00009825,C00182,S0002295,2025-06-12 20:32:23,product_view,Product,P0056,Desktop,Bing
E00009826,C00182,S0002295,2025-06-12 20:36:19,review_view,Reviews,P0056,Desktop,Bing
E00009827,C00182,S0002296,2025-04-16 12:42:53,page_view,Home,,Desktop,Bing
E00009828,C00182,S0002296,2025-04-16 12:44:49,search,Search,,Desktop,Bing
E00009829,C00182,S0002296,2025-04-16 12:47:52,page_view,Category,,Desktop,Bing
E00009830,C00182,S0002297,2026-04-06 02:57:11,page_view,Home,,Tablet,Bing
E00009831,C00182,S0002297,2026-04-06 02:59:45,search,Search,,Tablet,Bing
E00009832,C00182,S0002297,2026-04-06 03:00:56,page_view,Category,,Tablet,Bing
E00009833,C00182,S0002297,2026-04-06 03:02:53,product_view,Product,P0077,Tablet,Bing
E00009834,C00182,S0002297,2026-04-06 03:04:04,review_view,Reviews,P0056,Tablet,Bing
E00009835,C00182,S0002297,2026-04-06 03:05:18,add_to_cart,Cart,P0056,Tablet,Bing
E00009836,C00182,S0002298,2025-02-18 12:26:57,page_view,Home,,Mobile,Instagram
E00009837,C00182,S0002298,2025-02-18 12:30:48,search,Search,,Mobile,Instagram
E00009838,C00182,S0002298,2025-02-18 12:31:16,page_view,Category,,Mobile,Instagram
E00009839,C00182,S0002298,2025-02-18 12:32:22,product_view,Product,P0027,Mobile,Instagram
E00009840,C00182,S0002299,2026-01-12 15:07:46,page_view,Home,,Mobile,Bing
E00009841,C00182,S0002299,2026-01-12 15:10:06,search,Search,,Mobile,Bing
E00009842,C00182,S0002299,2026-01-12 15:10:54,page_view,Category,,Mobile,Bing
E00009843,C00182,S0002299,2026-01-12 15:12:39,product_view,Product,P0056,Mobile,Bing
E00009844,C00182,S0002299,2026-01-12 15:15:24,review_view,Reviews,P0056,Mobile,Bing
E00009845,C00182,S0002299,2026-01-12 15:15:51,add_to_cart,Cart,P0061,Mobile,Bing
E00009846,C00182,S0002300,2025-06-15 03:00:10,page_view,Home,,Mobile,Facebook
E00009847,C00182,S0002300,2025-06-15 03:03:56,search,Search,,Mobile,Facebook
E00009848,C00182,S0002300,2025-06-15 03:07:15,page_view,Category,,Mobile,Facebook
E00009849,C00182,S0002300,2025-06-15 03:11:13,product_view,Product,P0044,Mobile,Facebook
E00009850,C00182,S0002300,2025-06-15 03:13:45,review_view,Reviews,P0077,Mobile,Facebook
E00009851,C00182,S0002300,2025-06-15 03:17:39,add_to_cart,Cart,P0056,Mobile,Facebook
E00009852,C00182,S0002301,2026-06-16 20:11:51,page_view,Home,,Desktop,Facebook
E00009853,C00182,S0002301,2026-06-16 20:14:36,search,Search,,Desktop,Facebook
E00009854,C00182,S0002301,2026-06-16 20:16:30,page_view,Category,,Desktop,Facebook
E00009855,C00182,S0002302,2025-08-25 03:08:33,page_view,Home,,Mobile,Google
E00009856,C00182,S0002302,2025-08-25 03:11:23,search,Search,,Mobile,Google
E00009857,C00182,S0002302,2025-08-25 03:11:46,page_view,Category,,Mobile,Google
E00009858,C00182,S0002302,2025-08-25 03:13:02,product_view,Product,P0077,Mobile,Google
E00009859,C00182,S0002303,2025-09-01 14:10:43,page_view,Home,,Mobile,Email
E00009860,C00182,S0002303,2025-09-01 14:14:21,search,Search,,Mobile,Email
E00009861,C00182,S0002303,2025-09-01 14:16:55,page_view,Category,,Mobile,Email
E00009862,C00182,S0002303,2025-09-01 14:20:12,product_view,Product,P0024,Mobile,Email
E00009863,C00182,S0002304,2026-04-12 09:08:27,page_view,Home,,Mobile,Instagram
E00009864,C00182,S0002304,2026-04-12 09:10:20,add_to_cart,Cart,P0061,Mobile,Instagram
E00009865,C00182,S0002304,2026-04-12 09:13:33,checkout_start,Checkout,P0024,Mobile,Instagram
E00009866,C00182,S0002304,2026-04-12 09:14:11,purchase,Checkout,P0056,Mobile,Instagram
E00009867,C00182,S0002305,2026-03-10 07:27:30,page_view,Home,,Mobile,Email
E00009868,C00182,S0002305,2026-03-10 07:31:20,search,Search,,Mobile,Email
E00009869,C00182,S0002305,2026-03-10 07:33:18,page_view,Category,,Mobile,Email
E00009870,C00182,S0002305,2026-03-10 07:34:30,product_view,Product,P0056,Mobile,Email
E00009871,C00182,S0002305,2026-03-10 07:37:34,review_view,Reviews,P0077,Mobile,Email
E00009872,C00182,S0002305,2026-03-10 07:37:48,add_to_cart,Cart,P0061,Mobile,Email
E00009873,C00183,S0002306,2026-01-19 00:10:38,page_view,Home,,Mobile,Instagram
E00009874,C00183,S0002306,2026-01-19 00:12:17,search,Search,,Mobile,Instagram
E00009875,C00183,S0002306,2026-01-19 00:14:13,page_view,Category,,Mobile,Instagram
E00009876,C00183,S0002306,2026-01-19 00:16:23,product_view,Product,P0027,Mobile,Instagram
E00009877,C00183,S0002307,2025-12-14 17:54:34,page_view,Home,,Desktop,Google
E00009878,C00183,S0002307,2025-12-14 17:57:19,search,Search,,Desktop,Google
E00009879,C00183,S0002307,2025-12-14 17:59:42,page_view,Category,,Desktop,Google
E00009880,C00183,S0002307,2025-12-14 18:01:11,product_view,Product,P0024,Desktop,Google
E00009881,C00183,S0002308,2024-12-19 10:54:43,page_view,Home,,Desktop,Google
E00009882,C00183,S0002308,2024-12-19 10:58:03,search,Search,,Desktop,Google
E00009883,C00183,S0002308,2024-12-19 10:58:53,page_view,Category,,Desktop,Google
E00009884,C00183,S0002308,2024-12-19 11:01:03,product_view,Product,P0027,Desktop,Google
E00009885,C00183,S0002308,2024-12-19 11:01:17,review_view,Reviews,P0027,Desktop,Google
E00009886,C00183,S0002308,2024-12-19 11:04:39,add_to_cart,Cart,P0027,Desktop,Google
E00009887,C00183,S0002309,2025-10-29 19:05:12,page_view,Home,,Desktop,Instagram
E00009888,C00183,S0002309,2025-10-29 19:08:33,search,Search,,Desktop,Instagram
E00009889,C00183,S0002310,2025-11-15 04:38:38,page_view,Home,,Mobile,Instagram
E00009890,C00183,S0002310,2025-11-15 04:39:17,search,Search,,Mobile,Instagram
E00009891,C00183,S0002310,2025-11-15 04:41:49,page_view,Category,,Mobile,Instagram
E00009892,C00183,S0002310,2025-11-15 04:44:10,product_view,Product,P0077,Mobile,Instagram
E00009893,C00183,S0002310,2025-11-15 04:47:32,review_view,Reviews,P0027,Mobile,Instagram
E00009894,C00183,S0002311,2024-12-31 08:54:17,page_view,Home,,Desktop,Instagram
E00009895,C00183,S0002311,2024-12-31 08:57:58,search,Search,,Desktop,Instagram
E00009896,C00183,S0002311,2024-12-31 09:01:00,page_view,Category,,Desktop,Instagram
E00009897,C00183,S0002311,2024-12-31 09:04:10,product_view,Product,P0077,Desktop,Instagram
E00009898,C00183,S0002311,2024-12-31 09:06:49,review_view,Reviews,P0044,Desktop,Instagram
E00009899,C00183,S0002311,2024-12-31 09:09:08,add_to_cart,Cart,P0077,Desktop,Instagram
E00009900,C00183,S0002312,2026-02-13 05:06:04,page_view,Home,,Mobile,Affiliate
E00009901,C00183,S0002312,2026-02-13 05:09:57,search,Search,,Mobile,Affiliate
E00009902,C00183,S0002312,2026-02-13 05:10:23,page_view,Category,,Mobile,Affiliate
E00009903,C00183,S0002312,2026-02-13 05:13:34,product_view,Product,P0024,Mobile,Affiliate
E00009904,C00183,S0002312,2026-02-13 05:14:08,review_view,Reviews,P0077,Mobile,Affiliate
E00009905,C00183,S0002313,2025-06-03 18:21:22,page_view,Home,,Desktop,Direct
E00009906,C00183,S0002313,2025-06-03 18:22:25,search,Search,,Desktop,Direct
E00009907,C00183,S0002313,2025-06-03 18:25:18,page_view,Category,,Desktop,Direct
E00009908,C00183,S0002313,2025-06-03 18:27:08,product_view,Product,P0056,Desktop,Direct
E00009909,C00183,S0002313,2025-06-03 18:28:56,review_view,Reviews,P0056,Desktop,Direct
E00009910,C00183,S0002314,2025-08-09 14:19:16,page_view,Home,,Mobile,Google
E00009911,C00183,S0002314,2025-08-09 14:19:44,search,Search,,Mobile,Google
E00009912,C00183,S0002314,2025-08-09 14:22:40,page_view,Category,,Mobile,Google
E00009913,C00183,S0002314,2025-08-09 14:23:53,product_view,Product,P0027,Mobile,Google
E00009914,C00183,S0002314,2025-08-09 14:25:49,review_view,Reviews,P0044,Mobile,Google
E00009915,C00184,S0002315,2026-06-10 18:48:12,page_view,Home,,Mobile,Affiliate
E00009916,C00184,S0002315,2026-06-10 18:50:58,search,Search,,Mobile,Affiliate
E00009917,C00184,S0002315,2026-06-10 18:51:20,add_to_cart,Cart,P0054,Mobile,Affiliate
E00009918,C00184,S0002315,2026-06-10 18:52:14,checkout_start,Checkout,P0054,Mobile,Affiliate
E00009919,C00184,S0002315,2026-06-10 18:55:13,purchase,Checkout,P0021,Mobile,Affiliate
E00009920,C00184,S0002316,2026-03-25 01:10:31,page_view,Home,,Mobile,Affiliate
E00009921,C00184,S0002316,2026-03-25 01:11:31,search,Search,,Mobile,Affiliate
E00009922,C00184,S0002316,2026-03-25 01:14:31,page_view,Category,,Mobile,Affiliate
E00009923,C00184,S0002316,2026-03-25 01:17:51,product_view,Product,P0005,Mobile,Affiliate
E00009924,C00184,S0002316,2026-03-25 01:20:49,review_view,Reviews,P0008,Mobile,Affiliate
E00009925,C00184,S0002316,2026-03-25 01:21:38,add_to_cart,Cart,P0054,Mobile,Affiliate
E00009926,C00184,S0002317,2026-03-18 12:31:07,page_view,Home,,Tablet,Bing
E00009927,C00184,S0002318,2026-05-08 03:37:53,page_view,Home,,Desktop,Email
E00009928,C00184,S0002318,2026-05-08 03:41:10,search,Search,,Desktop,Email
E00009929,C00184,S0002318,2026-05-08 03:42:23,page_view,Category,,Desktop,Email
E00009930,C00184,S0002318,2026-05-08 03:42:46,product_view,Product,P0010,Desktop,Email
E00009931,C00184,S0002318,2026-05-08 03:44:39,review_view,Reviews,P0021,Desktop,Email
E00009932,C00184,S0002319,2026-05-09 20:16:50,page_view,Home,,Mobile,Email
E00009933,C00184,S0002320,2026-04-24 12:02:50,page_view,Home,,Desktop,Email
E00009934,C00184,S0002320,2026-04-24 12:05:34,search,Search,,Desktop,Email
E00009935,C00184,S0002321,2026-01-31 18:14:31,page_view,Home,,Mobile,Facebook
E00009936,C00184,S0002321,2026-01-31 18:16:50,search,Search,,Mobile,Facebook
E00009937,C00184,S0002321,2026-01-31 18:19:08,page_view,Category,,Mobile,Facebook
E00009938,C00184,S0002322,2026-02-25 00:10:50,page_view,Home,,Mobile,Facebook
E00009939,C00184,S0002322,2026-02-25 00:12:53,search,Search,,Mobile,Facebook
E00009940,C00184,S0002322,2026-02-25 00:15:10,page_view,Category,,Mobile,Facebook
E00009941,C00184,S0002322,2026-02-25 00:17:05,product_view,Product,P0010,Mobile,Facebook
E00009942,C00184,S0002322,2026-02-25 00:19:42,review_view,Reviews,P0005,Mobile,Facebook
E00009943,C00184,S0002322,2026-02-25 00:20:54,add_to_cart,Cart,P0013,Mobile,Facebook
E00009944,C00184,S0002322,2026-02-25 00:24:09,checkout_start,Checkout,P0005,Mobile,Facebook
E00009945,C00184,S0002322,2026-02-25 00:26:03,purchase,Checkout,P0058,Mobile,Facebook
E00009946,C00184,S0002323,2026-04-13 16:02:56,page_view,Home,,Mobile,Google
E00009947,C00184,S0002323,2026-04-13 16:06:06,search,Search,,Mobile,Google
E00009948,C00184,S0002323,2026-04-13 16:09:42,page_view,Category,,Mobile,Google
E00009949,C00184,S0002323,2026-04-13 16:13:04,product_view,Product,P0013,Mobile,Google
E00009950,C00184,S0002324,2026-02-09 20:42:42,page_view,Home,,Desktop,Facebook
E00009951,C00184,S0002324,2026-02-09 20:46:20,search,Search,,Desktop,Facebook
E00009952,C00184,S0002324,2026-02-09 20:46:36,page_view,Category,,Desktop,Facebook
E00009953,C00184,S0002324,2026-02-09 20:50:33,product_view,Product,P0058,Desktop,Facebook
E00009954,C00184,S0002324,2026-02-09 20:51:16,review_view,Reviews,P0021,Desktop,Facebook
E00009955,C00184,S0002325,2026-04-01 20:31:17,page_view,Home,,Mobile,Affiliate
E00009956,C00184,S0002325,2026-04-01 20:34:37,search,Search,,Mobile,Affiliate
E00009957,C00184,S0002325,2026-04-01 20:38:15,page_view,Category,,Mobile,Affiliate
E00009958,C00184,S0002325,2026-04-01 20:39:30,product_view,Product,P0054,Mobile,Affiliate
E00009959,C00184,S0002325,2026-04-01 20:43:19,review_view,Reviews,P0010,Mobile,Affiliate
E00009960,C00184,S0002325,2026-04-01 20:45:26,add_to_cart,Cart,P0013,Mobile,Affiliate
E00009961,C00185,S0002326,2026-05-30 14:26:50,page_view,Home,,Desktop,Facebook
E00009962,C00185,S0002327,2025-10-23 12:33:02,page_view,Home,,Desktop,Direct
E00009963,C00185,S0002327,2025-10-23 12:37:01,search,Search,,Desktop,Direct
E00009964,C00185,S0002327,2025-10-23 12:39:40,page_view,Category,,Desktop,Direct
E00009965,C00185,S0002327,2025-10-23 12:43:27,product_view,Product,P0016,Desktop,Direct
E00009966,C00185,S0002327,2025-10-23 12:46:35,review_view,Reviews,P0031,Desktop,Direct
E00009967,C00185,S0002327,2025-10-23 12:49:17,add_to_cart,Cart,P0031,Desktop,Direct
E00009968,C00185,S0002327,2025-10-23 12:52:31,checkout_start,Checkout,P0033,Desktop,Direct
E00009969,C00185,S0002327,2025-10-23 12:55:51,purchase,Checkout,P0033,Desktop,Direct
E00009970,C00185,S0002328,2025-12-02 06:53:07,page_view,Home,,Desktop,Affiliate
E00009971,C00185,S0002328,2025-12-02 06:56:32,add_to_cart,Cart,P0031,Desktop,Affiliate
E00009972,C00185,S0002328,2025-12-02 06:59:55,checkout_start,Checkout,P0045,Desktop,Affiliate
E00009973,C00185,S0002328,2025-12-02 07:03:18,purchase,Checkout,P0030,Desktop,Affiliate
E00009974,C00185,S0002329,2025-09-26 00:36:13,page_view,Home,,Mobile,Google
E00009975,C00185,S0002329,2025-09-26 00:38:20,search,Search,,Mobile,Google
E00009976,C00185,S0002329,2025-09-26 00:38:37,page_view,Category,,Mobile,Google
E00009977,C00185,S0002329,2025-09-26 00:40:33,product_view,Product,P0033,Mobile,Google
E00009978,C00185,S0002329,2025-09-26 00:41:10,review_view,Reviews,P0045,Mobile,Google
E00009979,C00185,S0002329,2025-09-26 00:44:38,add_to_cart,Cart,P0031,Mobile,Google
E00009980,C00185,S0002330,2026-02-20 08:23:54,page_view,Home,,Mobile,Direct
E00009981,C00185,S0002330,2026-02-20 08:24:38,search,Search,,Mobile,Direct
E00009982,C00185,S0002330,2026-02-20 08:24:48,page_view,Category,,Mobile,Direct
E00009983,C00185,S0002330,2026-02-20 08:27:49,product_view,Product,P0030,Mobile,Direct
E00009984,C00185,S0002331,2025-03-28 08:08:48,page_view,Home,,Mobile,Facebook
E00009985,C00185,S0002331,2025-03-28 08:09:15,search,Search,,Mobile,Facebook
E00009986,C00185,S0002331,2025-03-28 08:10:05,page_view,Category,,Mobile,Facebook
E00009987,C00185,S0002331,2025-03-28 08:10:17,product_view,Product,P0079,Mobile,Facebook
E00009988,C00185,S0002331,2025-03-28 08:12:54,review_view,Reviews,P0045,Mobile,Facebook
E00009989,C00185,S0002331,2025-03-28 08:14:53,add_to_cart,Cart,P0033,Mobile,Facebook
E00009990,C00185,S0002332,2026-05-24 17:22:27,page_view,Home,,Mobile,Direct
E00009991,C00185,S0002332,2026-05-24 17:25:22,search,Search,,Mobile,Direct
E00009992,C00185,S0002332,2026-05-24 17:27:25,page_view,Category,,Mobile,Direct
E00009993,C00185,S0002332,2026-05-24 17:28:32,product_view,Product,P0031,Mobile,Direct
E00009994,C00185,S0002333,2026-04-14 09:08:49,page_view,Home,,Mobile,Instagram
E00009995,C00185,S0002333,2026-04-14 09:08:59,search,Search,,Mobile,Instagram
E00009996,C00185,S0002333,2026-04-14 09:11:06,page_view,Category,,Mobile,Instagram
E00009997,C00185,S0002333,2026-04-14 09:13:59,product_view,Product,P0016,Mobile,Instagram
E00009998,C00185,S0002334,2026-01-04 22:56:09,page_view,Home,,Desktop,Bing
E00009999,C00185,S0002334,2026-01-04 22:59:45,search,Search,,Desktop,Bing
E00010000,C00185,S0002334,2026-01-04 23:01:08,page_view,Category,,Desktop,Bing
E00010001,C00185,S0002334,2026-01-04 23:04:52,product_view,Product,P0079,Desktop,Bing
E00010002,C00185,S0002334,2026-01-04 23:08:38,review_view,Reviews,P0030,Desktop,Bing
E00010003,C00185,S0002335,2026-01-09 14:53:27,page_view,Home,,Mobile,Email
E00010004,C00185,S0002335,2026-01-09 14:54:28,search,Search,,Mobile,Email
E00010005,C00185,S0002335,2026-01-09 14:57:11,page_view,Category,,Mobile,Email
E00010006,C00185,S0002335,2026-01-09 14:58:23,product_view,Product,P0016,Mobile,Email
E00010007,C00185,S0002335,2026-01-09 15:00:13,add_to_cart,Cart,P0031,Mobile,Email
E00010008,C00185,S0002335,2026-01-09 15:03:28,checkout_start,Checkout,P0045,Mobile,Email
E00010009,C00185,S0002335,2026-01-09 15:03:39,purchase,Checkout,P0045,Mobile,Email
E00010010,C00185,S0002336,2026-03-29 12:28:45,page_view,Home,,Mobile,Facebook
E00010011,C00185,S0002336,2026-03-29 12:32:06,search,Search,,Mobile,Facebook
E00010012,C00185,S0002337,2025-07-15 01:50:04,page_view,Home,,Mobile,Facebook
E00010013,C00185,S0002337,2025-07-15 01:50:28,search,Search,,Mobile,Facebook
E00010014,C00185,S0002337,2025-07-15 01:54:15,page_view,Category,,Mobile,Facebook
E00010015,C00185,S0002337,2025-07-15 01:55:06,product_view,Product,P0031,Mobile,Facebook
E00010016,C00185,S0002337,2025-07-15 01:56:10,review_view,Reviews,P0016,Mobile,Facebook
E00010017,C00185,S0002338,2025-05-22 21:29:55,page_view,Home,,Desktop,Google
E00010018,C00185,S0002338,2025-05-22 21:31:14,search,Search,,Desktop,Google
E00010019,C00185,S0002338,2025-05-22 21:33:30,page_view,Category,,Desktop,Google
E00010020,C00185,S0002338,2025-05-22 21:36:59,product_view,Product,P0045,Desktop,Google
E00010021,C00185,S0002338,2025-05-22 21:40:58,review_view,Reviews,P0016,Desktop,Google
E00010022,C00185,S0002338,2025-05-22 21:44:03,add_to_cart,Cart,P0016,Desktop,Google
E00010023,C00185,S0002339,2025-12-27 11:57:27,page_view,Home,,Desktop,Email
E00010024,C00185,S0002339,2025-12-27 11:59:15,search,Search,,Desktop,Email
E00010025,C00185,S0002339,2025-12-27 11:59:56,page_view,Category,,Desktop,Email
E00010026,C00185,S0002339,2025-12-27 12:03:38,product_view,Product,P0031,Desktop,Email
E00010027,C00185,S0002340,2026-01-19 17:02:51,page_view,Home,,Mobile,Facebook
E00010028,C00185,S0002340,2026-01-19 17:03:15,search,Search,,Mobile,Facebook
E00010029,C00185,S0002340,2026-01-19 17:07:12,page_view,Category,,Mobile,Facebook
E00010030,C00185,S0002340,2026-01-19 17:07:30,product_view,Product,P0033,Mobile,Facebook
E00010031,C00185,S0002340,2026-01-19 17:08:33,review_view,Reviews,P0045,Mobile,Facebook
E00010032,C00185,S0002340,2026-01-19 17:10:52,add_to_cart,Cart,P0031,Mobile,Facebook
E00010033,C00185,S0002340,2026-01-19 17:12:07,checkout_start,Checkout,P0033,Mobile,Facebook
E00010034,C00185,S0002340,2026-01-19 17:14:09,purchase,Checkout,P0079,Mobile,Facebook
E00010035,C00185,S0002341,2026-03-12 08:28:13,page_view,Home,,Mobile,Email
E00010036,C00185,S0002341,2026-03-12 08:31:35,search,Search,,Mobile,Email
E00010037,C00185,S0002341,2026-03-12 08:34:11,page_view,Category,,Mobile,Email
E00010038,C00185,S0002341,2026-03-12 08:35:20,product_view,Product,P0079,Mobile,Email
E00010039,C00185,S0002341,2026-03-12 08:37:56,review_view,Reviews,P0065,Mobile,Email
E00010040,C00185,S0002342,2025-03-30 20:12:46,page_view,Home,,Mobile,Facebook
E00010041,C00185,S0002342,2025-03-30 20:15:23,search,Search,,Mobile,Facebook
E00010042,C00185,S0002342,2025-03-30 20:17:09,page_view,Category,,Mobile,Facebook
E00010043,C00185,S0002342,2025-03-30 20:19:26,product_view,Product,P0016,Mobile,Facebook
E00010044,C00185,S0002342,2025-03-30 20:21:50,review_view,Reviews,P0030,Mobile,Facebook
E00010045,C00185,S0002342,2025-03-30 20:22:36,add_to_cart,Cart,P0016,Mobile,Facebook
E00010046,C00185,S0002342,2025-03-30 20:23:37,checkout_start,Checkout,P0016,Mobile,Facebook
E00010047,C00185,S0002342,2025-03-30 20:25:16,purchase,Checkout,P0031,Mobile,Facebook
E00010048,C00186,S0002343,2025-11-16 19:45:54,page_view,Home,,Desktop,Bing
E00010049,C00186,S0002343,2025-11-16 19:46:21,search,Search,,Desktop,Bing
E00010050,C00186,S0002343,2025-11-16 19:46:57,page_view,Category,,Desktop,Bing
E00010051,C00186,S0002343,2025-11-16 19:47:29,product_view,Product,P0061,Desktop,Bing
E00010052,C00186,S0002343,2025-11-16 19:50:26,review_view,Reviews,P0024,Desktop,Bing
E00010053,C00186,S0002344,2025-12-22 12:52:49,page_view,Home,,Mobile,Bing
E00010054,C00186,S0002344,2025-12-22 12:55:48,search,Search,,Mobile,Bing
E00010055,C00186,S0002344,2025-12-22 12:58:25,page_view,Category,,Mobile,Bing
E00010056,C00186,S0002344,2025-12-22 12:59:47,product_view,Product,P0024,Mobile,Bing
E00010057,C00186,S0002344,2025-12-22 13:03:28,review_view,Reviews,P0027,Mobile,Bing
E00010058,C00186,S0002345,2026-02-20 20:36:54,page_view,Home,,Desktop,Direct
E00010059,C00186,S0002345,2026-02-20 20:39:58,search,Search,,Desktop,Direct
E00010060,C00186,S0002345,2026-02-20 20:41:06,page_view,Category,,Desktop,Direct
E00010061,C00186,S0002345,2026-02-20 20:44:30,product_view,Product,P0027,Desktop,Direct
E00010062,C00186,S0002346,2026-01-17 20:20:23,page_view,Home,,Mobile,Instagram
E00010063,C00186,S0002346,2026-01-17 20:24:11,search,Search,,Mobile,Instagram
E00010064,C00186,S0002346,2026-01-17 20:26:11,page_view,Category,,Mobile,Instagram
E00010065,C00186,S0002346,2026-01-17 20:26:30,product_view,Product,P0077,Mobile,Instagram
E00010066,C00186,S0002347,2026-03-30 06:01:36,page_view,Home,,Desktop,Email
E00010067,C00186,S0002347,2026-03-30 06:05:34,search,Search,,Desktop,Email
E00010068,C00186,S0002347,2026-03-30 06:06:35,page_view,Category,,Desktop,Email
E00010069,C00186,S0002347,2026-03-30 06:10:04,product_view,Product,P0044,Desktop,Email
E00010070,C00186,S0002347,2026-03-30 06:10:18,review_view,Reviews,P0077,Desktop,Email
E00010071,C00186,S0002347,2026-03-30 06:11:22,add_to_cart,Cart,P0061,Desktop,Email
E00010072,C00187,S0002348,2026-04-13 07:56:55,page_view,Home,,Desktop,Affiliate
E00010073,C00187,S0002348,2026-04-13 07:57:10,search,Search,,Desktop,Affiliate
E00010074,C00187,S0002348,2026-04-13 07:59:35,page_view,Category,,Desktop,Affiliate
E00010075,C00187,S0002348,2026-04-13 08:00:10,product_view,Product,P0061,Desktop,Affiliate
E00010076,C00187,S0002349,2025-10-14 14:52:59,page_view,Home,,Mobile,Google
E00010077,C00187,S0002349,2025-10-14 14:55:48,search,Search,,Mobile,Google
E00010078,C00187,S0002350,2026-06-21 16:20:23,page_view,Home,,Desktop,Google
E00010079,C00187,S0002350,2026-06-21 16:21:15,search,Search,,Desktop,Google
E00010080,C00187,S0002350,2026-06-21 16:25:09,page_view,Category,,Desktop,Google
E00010081,C00187,S0002350,2026-06-21 16:25:20,product_view,Product,P0056,Desktop,Google
E00010082,C00187,S0002350,2026-06-21 16:26:01,review_view,Reviews,P0044,Desktop,Google
E00010083,C00187,S0002351,2025-12-11 20:25:31,page_view,Home,,Mobile,Email
E00010084,C00187,S0002352,2025-08-28 02:53:23,page_view,Home,,Mobile,Instagram
E00010085,C00187,S0002352,2025-08-28 02:55:27,search,Search,,Mobile,Instagram
E00010086,C00187,S0002352,2025-08-28 02:57:20,page_view,Category,,Mobile,Instagram
E00010087,C00187,S0002352,2025-08-28 03:01:05,product_view,Product,P0056,Mobile,Instagram
E00010088,C00187,S0002352,2025-08-28 03:03:21,review_view,Reviews,P0024,Mobile,Instagram
E00010089,C00187,S0002352,2025-08-28 03:06:02,add_to_cart,Cart,P0027,Mobile,Instagram
E00010090,C00188,S0002353,2026-05-14 20:20:52,page_view,Home,,Mobile,Google
E00010091,C00188,S0002353,2026-05-14 20:21:41,search,Search,,Mobile,Google
E00010092,C00188,S0002353,2026-05-14 20:24:06,page_view,Category,,Mobile,Google
E00010093,C00188,S0002353,2026-05-14 20:26:09,product_view,Product,P0044,Mobile,Google
E00010094,C00188,S0002353,2026-05-14 20:29:44,add_to_cart,Cart,P0056,Mobile,Google
E00010095,C00188,S0002353,2026-05-14 20:31:03,checkout_start,Checkout,P0024,Mobile,Google
E00010096,C00188,S0002353,2026-05-14 20:32:44,purchase,Checkout,P0061,Mobile,Google
E00010097,C00188,S0002354,2026-02-21 06:47:26,page_view,Home,,Mobile,Direct
E00010098,C00188,S0002354,2026-02-21 06:49:28,search,Search,,Mobile,Direct
E00010099,C00188,S0002355,2025-10-05 19:20:54,page_view,Home,,Desktop,Bing
E00010100,C00188,S0002355,2025-10-05 19:23:36,search,Search,,Desktop,Bing
E00010101,C00188,S0002355,2025-10-05 19:25:46,page_view,Category,,Desktop,Bing
E00010102,C00188,S0002355,2025-10-05 19:28:45,product_view,Product,P0027,Desktop,Bing
E00010103,C00188,S0002356,2025-06-14 11:48:20,page_view,Home,,Mobile,Instagram
E00010104,C00188,S0002356,2025-06-14 11:50:57,search,Search,,Mobile,Instagram
E00010105,C00188,S0002356,2025-06-14 11:54:42,page_view,Category,,Mobile,Instagram
E00010106,C00188,S0002357,2025-07-21 17:22:41,page_view,Home,,Mobile,Affiliate
E00010107,C00188,S0002357,2025-07-21 17:24:11,search,Search,,Mobile,Affiliate
E00010108,C00188,S0002357,2025-07-21 17:25:19,page_view,Category,,Mobile,Affiliate
E00010109,C00188,S0002357,2025-07-21 17:27:24,product_view,Product,P0044,Mobile,Affiliate
E00010110,C00188,S0002357,2025-07-21 17:30:49,review_view,Reviews,P0027,Mobile,Affiliate
E00010111,C00188,S0002357,2025-07-21 17:32:29,add_to_cart,Cart,P0056,Mobile,Affiliate
E00010112,C00188,S0002358,2026-05-29 10:58:42,page_view,Home,,Desktop,Email
E00010113,C00188,S0002358,2026-05-29 11:01:08,search,Search,,Desktop,Email
E00010114,C00188,S0002358,2026-05-29 11:01:55,page_view,Category,,Desktop,Email
E00010115,C00188,S0002358,2026-05-29 11:05:44,product_view,Product,P0044,Desktop,Email
E00010116,C00188,S0002358,2026-05-29 11:06:29,review_view,Reviews,P0077,Desktop,Email
E00010117,C00188,S0002358,2026-05-29 11:08:26,add_to_cart,Cart,P0077,Desktop,Email
E00010118,C00188,S0002359,2026-01-31 20:53:18,page_view,Home,,Desktop,Bing
E00010119,C00188,S0002359,2026-01-31 20:56:43,search,Search,,Desktop,Bing
E00010120,C00188,S0002359,2026-01-31 20:57:19,page_view,Category,,Desktop,Bing
E00010121,C00188,S0002359,2026-01-31 21:00:58,product_view,Product,P0024,Desktop,Bing
E00010122,C00188,S0002359,2026-01-31 21:02:28,review_view,Reviews,P0077,Desktop,Bing
E00010123,C00188,S0002359,2026-01-31 21:04:28,add_to_cart,Cart,P0056,Desktop,Bing
E00010124,C00188,S0002360,2025-02-02 08:28:40,page_view,Home,,Mobile,Instagram
E00010125,C00188,S0002360,2025-02-02 08:31:58,search,Search,,Mobile,Instagram
E00010126,C00188,S0002360,2025-02-02 08:33:55,page_view,Category,,Mobile,Instagram
E00010127,C00188,S0002360,2025-02-02 08:36:11,product_view,Product,P0024,Mobile,Instagram
E00010128,C00189,S0002361,2025-04-08 19:23:20,page_view,Home,,Mobile,Affiliate
E00010129,C00189,S0002362,2024-04-19 21:16:44,page_view,Home,,Desktop,Google
E00010130,C00189,S0002362,2024-04-19 21:18:58,search,Search,,Desktop,Google
E00010131,C00189,S0002363,2025-01-02 18:35:35,page_view,Home,,Desktop,Bing
E00010132,C00189,S0002363,2025-01-02 18:38:55,search,Search,,Desktop,Bing
E00010133,C00189,S0002363,2025-01-02 18:42:55,page_view,Category,,Desktop,Bing
E00010134,C00189,S0002363,2025-01-02 18:44:33,product_view,Product,P0052,Desktop,Bing
E00010135,C00189,S0002363,2025-01-02 18:45:34,review_view,Reviews,P0047,Desktop,Bing
E00010136,C00189,S0002363,2025-01-02 18:49:22,add_to_cart,Cart,P0047,Desktop,Bing
E00010137,C00189,S0002363,2025-01-02 18:52:51,checkout_start,Checkout,P0023,Desktop,Bing
E00010138,C00189,S0002363,2025-01-02 18:54:03,purchase,Checkout,P0048,Desktop,Bing
E00010139,C00189,S0002364,2025-11-09 13:05:57,page_view,Home,,Mobile,Bing
E00010140,C00189,S0002365,2024-12-30 12:17:27,page_view,Home,,Desktop,Affiliate
E00010141,C00189,S0002365,2024-12-30 12:19:20,search,Search,,Desktop,Affiliate
E00010142,C00189,S0002365,2024-12-30 12:20:19,page_view,Category,,Desktop,Affiliate
E00010143,C00189,S0002365,2024-12-30 12:22:46,product_view,Product,P0009,Desktop,Affiliate
E00010144,C00189,S0002365,2024-12-30 12:26:26,review_view,Reviews,P0047,Desktop,Affiliate
E00010145,C00189,S0002366,2026-05-13 06:05:10,page_view,Home,,Desktop,Google
E00010146,C00189,S0002366,2026-05-13 06:05:42,search,Search,,Desktop,Google
E00010147,C00189,S0002366,2026-05-13 06:07:28,page_view,Category,,Desktop,Google
E00010148,C00189,S0002366,2026-05-13 06:08:06,product_view,Product,P0052,Desktop,Google
E00010149,C00189,S0002366,2026-05-13 06:11:33,review_view,Reviews,P0023,Desktop,Google
E00010150,C00189,S0002366,2026-05-13 06:14:46,add_to_cart,Cart,P0052,Desktop,Google
E00010151,C00189,S0002367,2025-09-25 16:51:42,page_view,Home,,Mobile,Email
E00010152,C00189,S0002367,2025-09-25 16:55:40,search,Search,,Mobile,Email
E00010153,C00189,S0002367,2025-09-25 16:56:45,page_view,Category,,Mobile,Email
E00010154,C00189,S0002367,2025-09-25 16:59:36,product_view,Product,P0067,Mobile,Email
E00010155,C00189,S0002367,2025-09-25 16:59:52,review_view,Reviews,P0047,Mobile,Email
E00010156,C00189,S0002367,2025-09-25 17:02:57,add_to_cart,Cart,P0051,Mobile,Email
E00010157,C00189,S0002367,2025-09-25 17:05:53,checkout_start,Checkout,P0048,Mobile,Email
E00010158,C00189,S0002367,2025-09-25 17:08:03,purchase,Checkout,P0067,Mobile,Email
E00010159,C00189,S0002368,2026-03-21 06:45:44,page_view,Home,,Tablet,Google
E00010160,C00189,S0002368,2026-03-21 06:49:17,search,Search,,Tablet,Google
E00010161,C00189,S0002368,2026-03-21 06:52:03,page_view,Category,,Tablet,Google
E00010162,C00189,S0002368,2026-03-21 06:52:52,product_view,Product,P0023,Tablet,Google
E00010163,C00189,S0002368,2026-03-21 06:56:07,add_to_cart,Cart,P0048,Tablet,Google
E00010164,C00189,S0002368,2026-03-21 06:56:40,checkout_start,Checkout,P0023,Tablet,Google
E00010165,C00189,S0002368,2026-03-21 06:59:49,purchase,Checkout,P0047,Tablet,Google
E00010166,C00189,S0002369,2024-07-01 18:36:52,page_view,Home,,Desktop,Email
E00010167,C00189,S0002369,2024-07-01 18:37:49,search,Search,,Desktop,Email
E00010168,C00189,S0002369,2024-07-01 18:39:28,page_view,Category,,Desktop,Email
E00010169,C00189,S0002369,2024-07-01 18:40:39,product_view,Product,P0048,Desktop,Email
E00010170,C00189,S0002369,2024-07-01 18:44:31,review_view,Reviews,P0022,Desktop,Email
E00010171,C00189,S0002369,2024-07-01 18:46:49,add_to_cart,Cart,P0051,Desktop,Email
E00010172,C00189,S0002369,2024-07-01 18:48:09,checkout_start,Checkout,P0051,Desktop,Email
E00010173,C00189,S0002369,2024-07-01 18:49:53,purchase,Checkout,P0048,Desktop,Email
E00010174,C00189,S0002370,2024-04-15 19:38:19,page_view,Home,,Desktop,Google
E00010175,C00189,S0002370,2024-04-15 19:39:35,search,Search,,Desktop,Google
E00010176,C00189,S0002370,2024-04-15 19:43:01,page_view,Category,,Desktop,Google
E00010177,C00189,S0002370,2024-04-15 19:43:11,product_view,Product,P0009,Desktop,Google
E00010178,C00189,S0002370,2024-04-15 19:47:08,review_view,Reviews,P0047,Desktop,Google
E00010179,C00189,S0002371,2025-01-30 14:39:43,page_view,Home,,Desktop,Facebook
E00010180,C00189,S0002371,2025-01-30 14:41:43,search,Search,,Desktop,Facebook
E00010181,C00189,S0002371,2025-01-30 14:43:54,add_to_cart,Cart,P0047,Desktop,Facebook
E00010182,C00189,S0002371,2025-01-30 14:45:27,checkout_start,Checkout,P0048,Desktop,Facebook
E00010183,C00189,S0002371,2025-01-30 14:49:19,purchase,Checkout,P0009,Desktop,Facebook
E00010184,C00189,S0002372,2024-12-21 16:18:02,page_view,Home,,Tablet,Bing
E00010185,C00189,S0002372,2024-12-21 16:18:37,search,Search,,Tablet,Bing
E00010186,C00189,S0002372,2024-12-21 16:20:36,page_view,Category,,Tablet,Bing
E00010187,C00189,S0002372,2024-12-21 16:24:18,product_view,Product,P0052,Tablet,Bing
E00010188,C00190,S0002373,2026-04-07 05:04:40,page_view,Home,,Desktop,Bing
E00010189,C00190,S0002373,2026-04-07 05:07:04,add_to_cart,Cart,P0056,Desktop,Bing
E00010190,C00190,S0002373,2026-04-07 05:07:58,checkout_start,Checkout,P0061,Desktop,Bing
E00010191,C00190,S0002373,2026-04-07 05:09:52,purchase,Checkout,P0061,Desktop,Bing
E00010192,C00190,S0002374,2025-10-15 14:03:27,page_view,Home,,Mobile,Instagram
E00010193,C00190,S0002374,2025-10-15 14:06:32,search,Search,,Mobile,Instagram
E00010194,C00190,S0002374,2025-10-15 14:09:36,page_view,Category,,Mobile,Instagram
E00010195,C00190,S0002375,2026-01-31 19:38:20,page_view,Home,,Mobile,Bing
E00010196,C00190,S0002375,2026-01-31 19:40:22,search,Search,,Mobile,Bing
E00010197,C00190,S0002375,2026-01-31 19:41:17,add_to_cart,Cart,P0061,Mobile,Bing
E00010198,C00190,S0002375,2026-01-31 19:44:00,checkout_start,Checkout,P0077,Mobile,Bing
E00010199,C00190,S0002375,2026-01-31 19:46:53,purchase,Checkout,P0044,Mobile,Bing
E00010200,C00190,S0002376,2025-11-26 17:01:39,page_view,Home,,Mobile,Direct
E00010201,C00190,S0002376,2025-11-26 17:02:40,search,Search,,Mobile,Direct
E00010202,C00190,S0002376,2025-11-26 17:03:52,page_view,Category,,Mobile,Direct
E00010203,C00190,S0002376,2025-11-26 17:04:06,product_view,Product,P0061,Mobile,Direct
E00010204,C00190,S0002376,2025-11-26 17:05:31,review_view,Reviews,P0056,Mobile,Direct
E00010205,C00190,S0002376,2025-11-26 17:05:51,add_to_cart,Cart,P0024,Mobile,Direct
E00010206,C00190,S0002377,2026-01-03 05:44:42,page_view,Home,,Mobile,Email
E00010207,C00190,S0002377,2026-01-03 05:45:52,search,Search,,Mobile,Email
E00010208,C00190,S0002377,2026-01-03 05:46:55,page_view,Category,,Mobile,Email
E00010209,C00190,S0002377,2026-01-03 05:50:04,product_view,Product,P0056,Mobile,Email
E00010210,C00190,S0002377,2026-01-03 05:51:33,review_view,Reviews,P0061,Mobile,Email
E00010211,C00190,S0002378,2025-06-02 18:47:38,page_view,Home,,Desktop,Instagram
E00010212,C00190,S0002378,2025-06-02 18:50:14,search,Search,,Desktop,Instagram
E00010213,C00190,S0002378,2025-06-02 18:50:44,page_view,Category,,Desktop,Instagram
E00010214,C00190,S0002378,2025-06-02 18:53:35,product_view,Product,P0024,Desktop,Instagram
E00010215,C00190,S0002378,2025-06-02 18:55:35,review_view,Reviews,P0027,Desktop,Instagram
E00010216,C00190,S0002378,2025-06-02 18:56:50,add_to_cart,Cart,P0077,Desktop,Instagram
E00010217,C00190,S0002379,2026-05-05 08:06:37,page_view,Home,,Mobile,Direct
E00010218,C00190,S0002379,2026-05-05 08:09:49,search,Search,,Mobile,Direct
E00010219,C00190,S0002379,2026-05-05 08:12:55,page_view,Category,,Mobile,Direct
E00010220,C00190,S0002379,2026-05-05 08:13:30,product_view,Product,P0056,Mobile,Direct
E00010221,C00190,S0002379,2026-05-05 08:15:25,review_view,Reviews,P0027,Mobile,Direct
E00010222,C00190,S0002379,2026-05-05 08:18:51,add_to_cart,Cart,P0056,Mobile,Direct
E00010223,C00190,S0002380,2025-12-14 06:34:35,page_view,Home,,Mobile,Bing
E00010224,C00190,S0002380,2025-12-14 06:36:06,search,Search,,Mobile,Bing
E00010225,C00190,S0002380,2025-12-14 06:37:34,page_view,Category,,Mobile,Bing
E00010226,C00190,S0002380,2025-12-14 06:38:02,product_view,Product,P0044,Mobile,Bing
E00010227,C00190,S0002380,2025-12-14 06:41:24,review_view,Reviews,P0024,Mobile,Bing
E00010228,C00190,S0002380,2025-12-14 06:43:50,add_to_cart,Cart,P0077,Mobile,Bing
E00010229,C00190,S0002381,2025-10-24 16:32:00,page_view,Home,,Tablet,Google
E00010230,C00190,S0002381,2025-10-24 16:35:59,search,Search,,Tablet,Google
E00010231,C00190,S0002381,2025-10-24 16:38:36,page_view,Category,,Tablet,Google
E00010232,C00190,S0002381,2025-10-24 16:40:16,product_view,Product,P0024,Tablet,Google
E00010233,C00190,S0002381,2025-10-24 16:43:41,review_view,Reviews,P0024,Tablet,Google
E00010234,C00191,S0002382,2026-01-29 15:36:07,page_view,Home,,Tablet,Instagram
E00010235,C00191,S0002383,2025-05-27 02:14:02,page_view,Home,,Mobile,Instagram
E00010236,C00191,S0002383,2025-05-27 02:14:16,search,Search,,Mobile,Instagram
E00010237,C00191,S0002384,2026-03-27 03:50:40,page_view,Home,,Mobile,Facebook
E00010238,C00191,S0002384,2026-03-27 03:53:32,search,Search,,Mobile,Facebook
E00010239,C00191,S0002384,2026-03-27 03:56:21,page_view,Category,,Mobile,Facebook
E00010240,C00191,S0002384,2026-03-27 03:56:58,product_view,Product,P0077,Mobile,Facebook
E00010241,C00191,S0002385,2025-11-15 04:54:45,page_view,Home,,Tablet,Instagram
E00010242,C00191,S0002385,2025-11-15 04:57:35,search,Search,,Tablet,Instagram
E00010243,C00191,S0002385,2025-11-15 04:59:50,page_view,Category,,Tablet,Instagram
E00010244,C00191,S0002385,2025-11-15 05:02:19,product_view,Product,P0061,Tablet,Instagram
E00010245,C00191,S0002385,2025-11-15 05:03:42,review_view,Reviews,P0044,Tablet,Instagram
E00010246,C00191,S0002385,2025-11-15 05:05:52,add_to_cart,Cart,P0027,Tablet,Instagram
E00010247,C00191,S0002386,2025-07-19 02:47:41,page_view,Home,,Mobile,Affiliate
E00010248,C00191,S0002386,2025-07-19 02:48:30,search,Search,,Mobile,Affiliate
E00010249,C00191,S0002386,2025-07-19 02:52:29,page_view,Category,,Mobile,Affiliate
E00010250,C00191,S0002386,2025-07-19 02:53:33,product_view,Product,P0061,Mobile,Affiliate
E00010251,C00191,S0002386,2025-07-19 02:56:09,add_to_cart,Cart,P0027,Mobile,Affiliate
E00010252,C00191,S0002386,2025-07-19 02:57:47,checkout_start,Checkout,P0044,Mobile,Affiliate
E00010253,C00191,S0002386,2025-07-19 03:01:07,purchase,Checkout,P0044,Mobile,Affiliate
E00010254,C00191,S0002387,2025-05-12 16:49:01,page_view,Home,,Desktop,Affiliate
E00010255,C00191,S0002387,2025-05-12 16:52:24,add_to_cart,Cart,P0027,Desktop,Affiliate
E00010256,C00191,S0002387,2025-05-12 16:55:11,checkout_start,Checkout,P0061,Desktop,Affiliate
E00010257,C00191,S0002387,2025-05-12 16:56:56,purchase,Checkout,P0024,Desktop,Affiliate
E00010258,C00191,S0002388,2025-07-30 08:53:03,page_view,Home,,Mobile,Affiliate
E00010259,C00191,S0002388,2025-07-30 08:56:48,search,Search,,Mobile,Affiliate
E00010260,C00191,S0002388,2025-07-30 08:58:46,page_view,Category,,Mobile,Affiliate
E00010261,C00191,S0002388,2025-07-30 09:00:47,product_view,Product,P0056,Mobile,Affiliate
E00010262,C00191,S0002388,2025-07-30 09:01:21,review_view,Reviews,P0044,Mobile,Affiliate
E00010263,C00191,S0002388,2025-07-30 09:03:49,add_to_cart,Cart,P0044,Mobile,Affiliate
E00010264,C00191,S0002388,2025-07-30 09:04:58,checkout_start,Checkout,P0027,Mobile,Affiliate
E00010265,C00191,S0002388,2025-07-30 09:07:56,purchase,Checkout,P0027,Mobile,Affiliate
E00010266,C00191,S0002389,2026-06-06 04:28:09,page_view,Home,,Mobile,Email
E00010267,C00191,S0002389,2026-06-06 04:29:50,search,Search,,Mobile,Email
E00010268,C00191,S0002389,2026-06-06 04:31:05,page_view,Category,,Mobile,Email
E00010269,C00191,S0002389,2026-06-06 04:34:23,product_view,Product,P0024,Mobile,Email
E00010270,C00191,S0002389,2026-06-06 04:35:16,add_to_cart,Cart,P0061,Mobile,Email
E00010271,C00191,S0002389,2026-06-06 04:38:50,checkout_start,Checkout,P0061,Mobile,Email
E00010272,C00191,S0002389,2026-06-06 04:41:57,purchase,Checkout,P0027,Mobile,Email
E00010273,C00191,S0002390,2025-10-01 21:07:50,page_view,Home,,Desktop,Facebook
E00010274,C00191,S0002390,2025-10-01 21:11:50,search,Search,,Desktop,Facebook
E00010275,C00191,S0002390,2025-10-01 21:14:20,add_to_cart,Cart,P0024,Desktop,Facebook
E00010276,C00191,S0002390,2025-10-01 21:16:01,checkout_start,Checkout,P0077,Desktop,Facebook
E00010277,C00191,S0002390,2025-10-01 21:16:57,purchase,Checkout,P0024,Desktop,Facebook
E00010278,C00191,S0002391,2026-01-20 21:23:17,page_view,Home,,Mobile,Email
E00010279,C00191,S0002391,2026-01-20 21:27:10,search,Search,,Mobile,Email
E00010280,C00191,S0002391,2026-01-20 21:29:00,page_view,Category,,Mobile,Email
E00010281,C00191,S0002391,2026-01-20 21:31:30,product_view,Product,P0024,Mobile,Email
E00010282,C00191,S0002391,2026-01-20 21:32:10,review_view,Reviews,P0027,Mobile,Email
E00010283,C00191,S0002391,2026-01-20 21:34:06,add_to_cart,Cart,P0061,Mobile,Email
E00010284,C00192,S0002392,2025-09-27 06:05:22,page_view,Home,,Mobile,Direct
E00010285,C00192,S0002392,2025-09-27 06:08:40,search,Search,,Mobile,Direct
E00010286,C00192,S0002392,2025-09-27 06:09:48,page_view,Category,,Mobile,Direct
E00010287,C00192,S0002392,2025-09-27 06:13:00,add_to_cart,Cart,P0020,Mobile,Direct
E00010288,C00192,S0002392,2025-09-27 06:14:21,checkout_start,Checkout,P0070,Mobile,Direct
E00010289,C00192,S0002392,2025-09-27 06:14:47,purchase,Checkout,P0032,Mobile,Direct
E00010290,C00192,S0002393,2026-05-19 21:55:48,page_view,Home,,Desktop,Affiliate
E00010291,C00192,S0002393,2026-05-19 21:56:41,search,Search,,Desktop,Affiliate
E00010292,C00192,S0002393,2026-05-19 21:58:24,page_view,Category,,Desktop,Affiliate
E00010293,C00192,S0002393,2026-05-19 21:58:45,add_to_cart,Cart,P0020,Desktop,Affiliate
E00010294,C00192,S0002393,2026-05-19 22:00:59,checkout_start,Checkout,P0039,Desktop,Affiliate
E00010295,C00192,S0002393,2026-05-19 22:03:42,purchase,Checkout,P0046,Desktop,Affiliate
E00010296,C00192,S0002394,2026-04-11 05:33:22,page_view,Home,,Mobile,Bing
E00010297,C00192,S0002394,2026-04-11 05:33:44,search,Search,,Mobile,Bing
E00010298,C00192,S0002394,2026-04-11 05:37:08,page_view,Category,,Mobile,Bing
E00010299,C00192,S0002394,2026-04-11 05:40:11,product_view,Product,P0032,Mobile,Bing
E00010300,C00192,S0002394,2026-04-11 05:42:24,review_view,Reviews,P0075,Mobile,Bing
E00010301,C00192,S0002394,2026-04-11 05:44:14,add_to_cart,Cart,P0043,Mobile,Bing
E00010302,C00192,S0002395,2025-06-30 07:42:21,page_view,Home,,Mobile,Affiliate
E00010303,C00192,S0002395,2025-06-30 07:45:44,search,Search,,Mobile,Affiliate
E00010304,C00192,S0002395,2025-06-30 07:47:25,page_view,Category,,Mobile,Affiliate
E00010305,C00192,S0002395,2025-06-30 07:50:43,product_view,Product,P0059,Mobile,Affiliate
E00010306,C00192,S0002395,2025-06-30 07:50:57,review_view,Reviews,P0032,Mobile,Affiliate
E00010307,C00192,S0002396,2025-06-14 00:59:59,page_view,Home,,Desktop,Bing
E00010308,C00192,S0002396,2025-06-14 01:01:54,search,Search,,Desktop,Bing
E00010309,C00192,S0002396,2025-06-14 01:04:51,page_view,Category,,Desktop,Bing
E00010310,C00192,S0002396,2025-06-14 01:06:03,product_view,Product,P0020,Desktop,Bing
E00010311,C00192,S0002397,2025-12-18 23:40:49,page_view,Home,,Mobile,Direct
E00010312,C00192,S0002398,2026-04-19 09:56:36,page_view,Home,,Mobile,Direct
E00010313,C00192,S0002398,2026-04-19 09:59:15,search,Search,,Mobile,Direct
E00010314,C00192,S0002398,2026-04-19 09:59:32,page_view,Category,,Mobile,Direct
E00010315,C00192,S0002398,2026-04-19 10:03:16,product_view,Product,P0043,Mobile,Direct
E00010316,C00192,S0002398,2026-04-19 10:03:56,review_view,Reviews,P0059,Mobile,Direct
E00010317,C00192,S0002398,2026-04-19 10:04:38,add_to_cart,Cart,P0032,Mobile,Direct
E00010318,C00192,S0002399,2025-10-15 17:47:55,page_view,Home,,Mobile,Bing
E00010319,C00192,S0002399,2025-10-15 17:49:10,search,Search,,Mobile,Bing
E00010320,C00192,S0002399,2025-10-15 17:51:20,add_to_cart,Cart,P0070,Mobile,Bing
E00010321,C00192,S0002399,2025-10-15 17:54:26,checkout_start,Checkout,P0032,Mobile,Bing
E00010322,C00192,S0002399,2025-10-15 17:57:01,purchase,Checkout,P0018,Mobile,Bing
E00010323,C00193,S0002400,2026-03-10 09:10:55,page_view,Home,,Mobile,Bing
E00010324,C00193,S0002400,2026-03-10 09:12:45,search,Search,,Mobile,Bing
E00010325,C00193,S0002400,2026-03-10 09:15:10,page_view,Category,,Mobile,Bing
E00010326,C00193,S0002400,2026-03-10 09:18:13,product_view,Product,P0021,Mobile,Bing
E00010327,C00193,S0002400,2026-03-10 09:21:19,review_view,Reviews,P0010,Mobile,Bing
E00010328,C00193,S0002400,2026-03-10 09:23:44,add_to_cart,Cart,P0013,Mobile,Bing
E00010329,C00193,S0002400,2026-03-10 09:25:18,checkout_start,Checkout,P0054,Mobile,Bing
E00010330,C00193,S0002400,2026-03-10 09:27:32,purchase,Checkout,P0058,Mobile,Bing
E00010331,C00193,S0002401,2025-12-29 17:26:16,page_view,Home,,Mobile,Instagram
E00010332,C00193,S0002401,2025-12-29 17:28:19,search,Search,,Mobile,Instagram
E00010333,C00193,S0002401,2025-12-29 17:29:03,page_view,Category,,Mobile,Instagram
E00010334,C00193,S0002402,2026-01-01 14:22:20,page_view,Home,,Mobile,Email
E00010335,C00193,S0002402,2026-01-01 14:23:37,search,Search,,Mobile,Email
E00010336,C00193,S0002402,2026-01-01 14:24:13,page_view,Category,,Mobile,Email
E00010337,C00193,S0002402,2026-01-01 14:25:00,add_to_cart,Cart,P0005,Mobile,Email
E00010338,C00193,S0002402,2026-01-01 14:27:32,checkout_start,Checkout,P0005,Mobile,Email
E00010339,C00193,S0002402,2026-01-01 14:30:01,purchase,Checkout,P0005,Mobile,Email
E00010340,C00193,S0002403,2025-12-25 15:56:59,page_view,Home,,Desktop,Bing
E00010341,C00193,S0002403,2025-12-25 16:00:48,search,Search,,Desktop,Bing
E00010342,C00193,S0002403,2025-12-25 16:01:31,page_view,Category,,Desktop,Bing
E00010343,C00193,S0002403,2025-12-25 16:05:03,product_view,Product,P0021,Desktop,Bing
E00010344,C00193,S0002404,2026-04-28 21:22:47,page_view,Home,,Mobile,Google
E00010345,C00193,S0002404,2026-04-28 21:24:30,search,Search,,Mobile,Google
E00010346,C00193,S0002404,2026-04-28 21:25:09,page_view,Category,,Mobile,Google
E00010347,C00193,S0002404,2026-04-28 21:27:01,product_view,Product,P0005,Mobile,Google
E00010348,C00193,S0002404,2026-04-28 21:27:46,review_view,Reviews,P0013,Mobile,Google
E00010349,C00193,S0002404,2026-04-28 21:30:31,add_to_cart,Cart,P0058,Mobile,Google
E00010350,C00193,S0002404,2026-04-28 21:33:42,checkout_start,Checkout,P0010,Mobile,Google
E00010351,C00193,S0002404,2026-04-28 21:35:55,purchase,Checkout,P0013,Mobile,Google
E00010352,C00193,S0002405,2026-02-09 04:49:36,page_view,Home,,Mobile,Facebook
E00010353,C00193,S0002405,2026-02-09 04:50:41,search,Search,,Mobile,Facebook
E00010354,C00193,S0002405,2026-02-09 04:53:41,page_view,Category,,Mobile,Facebook
E00010355,C00193,S0002405,2026-02-09 04:57:00,product_view,Product,P0005,Mobile,Facebook
E00010356,C00193,S0002405,2026-02-09 04:58:59,review_view,Reviews,P0008,Mobile,Facebook
E00010357,C00193,S0002406,2026-02-16 17:09:23,page_view,Home,,Mobile,Email
E00010358,C00193,S0002406,2026-02-16 17:11:54,search,Search,,Mobile,Email
E00010359,C00193,S0002406,2026-02-16 17:12:21,page_view,Category,,Mobile,Email
E00010360,C00193,S0002406,2026-02-16 17:13:34,product_view,Product,P0010,Mobile,Email
E00010361,C00193,S0002407,2026-01-07 17:46:03,page_view,Home,,Mobile,Facebook
E00010362,C00193,S0002407,2026-01-07 17:49:26,search,Search,,Mobile,Facebook
E00010363,C00193,S0002407,2026-01-07 17:52:12,page_view,Category,,Mobile,Facebook
E00010364,C00193,S0002408,2026-01-01 00:27:40,page_view,Home,,Tablet,Google
E00010365,C00193,S0002408,2026-01-01 00:29:23,search,Search,,Tablet,Google
E00010366,C00193,S0002409,2025-12-10 14:28:28,page_view,Home,,Tablet,Google
E00010367,C00193,S0002410,2026-04-08 20:21:07,page_view,Home,,Mobile,Email
E00010368,C00193,S0002410,2026-04-08 20:21:40,search,Search,,Mobile,Email
E00010369,C00193,S0002410,2026-04-08 20:22:11,page_view,Category,,Mobile,Email
E00010370,C00193,S0002410,2026-04-08 20:23:26,product_view,Product,P0021,Mobile,Email
E00010371,C00193,S0002410,2026-04-08 20:27:03,review_view,Reviews,P0021,Mobile,Email
E00010372,C00193,S0002410,2026-04-08 20:29:18,add_to_cart,Cart,P0058,Mobile,Email
E00010373,C00194,S0002411,2026-02-11 16:38:28,page_view,Home,,Mobile,Affiliate
E00010374,C00194,S0002411,2026-02-11 16:41:25,search,Search,,Mobile,Affiliate
E00010375,C00194,S0002411,2026-02-11 16:43:30,page_view,Category,,Mobile,Affiliate
E00010376,C00194,S0002411,2026-02-11 16:47:19,product_view,Product,P0057,Mobile,Affiliate
E00010377,C00194,S0002411,2026-02-11 16:47:38,review_view,Reviews,P0029,Mobile,Affiliate
E00010378,C00194,S0002411,2026-02-11 16:51:02,add_to_cart,Cart,P0062,Mobile,Affiliate
E00010379,C00194,S0002412,2025-09-29 20:59:50,page_view,Home,,Mobile,Bing
E00010380,C00194,S0002412,2025-09-29 21:03:30,search,Search,,Mobile,Bing
E00010381,C00194,S0002412,2025-09-29 21:07:02,page_view,Category,,Mobile,Bing
E00010382,C00194,S0002412,2025-09-29 21:08:51,product_view,Product,P0073,Mobile,Bing
E00010383,C00194,S0002412,2025-09-29 21:10:27,review_view,Reviews,P0062,Mobile,Bing
E00010384,C00194,S0002412,2025-09-29 21:12:39,add_to_cart,Cart,P0057,Mobile,Bing
E00010385,C00194,S0002413,2026-01-06 22:15:08,page_view,Home,,Mobile,Google
E00010386,C00194,S0002413,2026-01-06 22:18:13,search,Search,,Mobile,Google
E00010387,C00194,S0002413,2026-01-06 22:19:27,page_view,Category,,Mobile,Google
E00010388,C00194,S0002414,2025-09-19 12:32:49,page_view,Home,,Mobile,Email
E00010389,C00194,S0002414,2025-09-19 12:35:27,search,Search,,Mobile,Email
E00010390,C00194,S0002414,2025-09-19 12:36:01,page_view,Category,,Mobile,Email
E00010391,C00194,S0002414,2025-09-19 12:36:24,product_view,Product,P0060,Mobile,Email
E00010392,C00194,S0002415,2025-09-19 10:42:47,page_view,Home,,Mobile,Bing
E00010393,C00194,S0002415,2025-09-19 10:45:36,search,Search,,Mobile,Bing
E00010394,C00194,S0002415,2025-09-19 10:48:29,page_view,Category,,Mobile,Bing
E00010395,C00194,S0002415,2025-09-19 10:49:50,product_view,Product,P0074,Mobile,Bing
E00010396,C00194,S0002415,2025-09-19 10:50:54,review_view,Reviews,P0012,Mobile,Bing
E00010397,C00194,S0002415,2025-09-19 10:53:05,add_to_cart,Cart,P0073,Mobile,Bing
E00010398,C00194,S0002416,2025-11-30 03:50:20,page_view,Home,,Desktop,Instagram
E00010399,C00194,S0002416,2025-11-30 03:52:26,search,Search,,Desktop,Instagram
E00010400,C00194,S0002416,2025-11-30 03:56:01,page_view,Category,,Desktop,Instagram
E00010401,C00194,S0002416,2025-11-30 03:56:28,product_view,Product,P0066,Desktop,Instagram
E00010402,C00194,S0002416,2025-11-30 03:59:42,review_view,Reviews,P0041,Desktop,Instagram
E00010403,C00194,S0002416,2025-11-30 04:02:19,add_to_cart,Cart,P0062,Desktop,Instagram
E00010404,C00195,S0002417,2025-07-12 06:35:47,page_view,Home,,Desktop,Direct
E00010405,C00195,S0002417,2025-07-12 06:37:04,search,Search,,Desktop,Direct
E00010406,C00195,S0002418,2025-09-27 12:05:29,page_view,Home,,Desktop,Instagram
E00010407,C00195,S0002418,2025-09-27 12:06:16,search,Search,,Desktop,Instagram
E00010408,C00195,S0002418,2025-09-27 12:08:04,page_view,Category,,Desktop,Instagram
E00010409,C00195,S0002418,2025-09-27 12:09:37,product_view,Product,P0071,Desktop,Instagram
E00010410,C00195,S0002419,2025-07-27 05:52:34,page_view,Home,,Tablet,Email
E00010411,C00195,S0002419,2025-07-27 05:55:14,search,Search,,Tablet,Email
E00010412,C00195,S0002419,2025-07-27 05:58:59,page_view,Category,,Tablet,Email
E00010413,C00195,S0002419,2025-07-27 05:59:39,product_view,Product,P0017,Tablet,Email
E00010414,C00195,S0002419,2025-07-27 06:03:26,add_to_cart,Cart,P0057,Tablet,Email
E00010415,C00195,S0002419,2025-07-27 06:06:50,checkout_start,Checkout,P0060,Tablet,Email
E00010416,C00195,S0002419,2025-07-27 06:09:39,purchase,Checkout,P0066,Tablet,Email
E00010417,C00195,S0002420,2025-09-23 18:34:20,page_view,Home,,Mobile,Affiliate
E00010418,C00195,S0002420,2025-09-23 18:34:46,search,Search,,Mobile,Affiliate
E00010419,C00195,S0002420,2025-09-23 18:37:35,page_view,Category,,Mobile,Affiliate
E00010420,C00195,S0002421,2025-05-14 00:59:28,page_view,Home,,Desktop,Bing
E00010421,C00195,S0002421,2025-05-14 01:02:01,search,Search,,Desktop,Bing
E00010422,C00195,S0002421,2025-05-14 01:05:30,page_view,Category,,Desktop,Bing
E00010423,C00195,S0002421,2025-05-14 01:07:05,product_view,Product,P0074,Desktop,Bing
E00010424,C00195,S0002421,2025-05-14 01:08:49,review_view,Reviews,P0028,Desktop,Bing
E00010425,C00195,S0002422,2025-07-15 08:16:43,page_view,Home,,Mobile,Instagram
E00010426,C00195,S0002423,2024-07-30 19:19:13,page_view,Home,,Tablet,Direct
E00010427,C00195,S0002423,2024-07-30 19:22:53,search,Search,,Tablet,Direct
E00010428,C00195,S0002423,2024-07-30 19:23:34,page_view,Category,,Tablet,Direct
E00010429,C00195,S0002424,2025-06-14 22:39:54,page_view,Home,,Desktop,Email
E00010430,C00195,S0002424,2025-06-14 22:41:13,search,Search,,Desktop,Email
E00010431,C00195,S0002424,2025-06-14 22:44:34,page_view,Category,,Desktop,Email
E00010432,C00195,S0002424,2025-06-14 22:46:02,product_view,Product,P0012,Desktop,Email
E00010433,C00195,S0002424,2025-06-14 22:46:13,review_view,Reviews,P0012,Desktop,Email
E00010434,C00195,S0002424,2025-06-14 22:49:34,add_to_cart,Cart,P0068,Desktop,Email
E00010435,C00195,S0002425,2024-12-29 01:22:34,page_view,Home,,Mobile,Google
E00010436,C00195,S0002425,2024-12-29 01:26:24,search,Search,,Mobile,Google
E00010437,C00195,S0002425,2024-12-29 01:27:05,page_view,Category,,Mobile,Google
E00010438,C00195,S0002425,2024-12-29 01:27:28,product_view,Product,P0068,Mobile,Google
E00010439,C00195,S0002425,2024-12-29 01:29:26,review_view,Reviews,P0029,Mobile,Google
E00010440,C00195,S0002425,2024-12-29 01:32:54,add_to_cart,Cart,P0012,Mobile,Google
E00010441,C00195,S0002426,2025-06-24 22:07:30,page_view,Home,,Mobile,Google
E00010442,C00195,S0002426,2025-06-24 22:10:47,search,Search,,Mobile,Google
E00010443,C00195,S0002426,2025-06-24 22:13:20,page_view,Category,,Mobile,Google
E00010444,C00195,S0002426,2025-06-24 22:15:38,product_view,Product,P0066,Mobile,Google
E00010445,C00195,S0002427,2025-02-27 11:10:03,page_view,Home,,Desktop,Bing
E00010446,C00195,S0002427,2025-02-27 11:13:15,search,Search,,Desktop,Bing
E00010447,C00195,S0002428,2025-08-05 20:58:20,page_view,Home,,Desktop,Bing
E00010448,C00195,S0002428,2025-08-05 21:01:54,search,Search,,Desktop,Bing
E00010449,C00195,S0002428,2025-08-05 21:05:42,page_view,Category,,Desktop,Bing
E00010450,C00195,S0002428,2025-08-05 21:08:36,product_view,Product,P0074,Desktop,Bing
E00010451,C00195,S0002428,2025-08-05 21:11:18,review_view,Reviews,P0057,Desktop,Bing
E00010452,C00195,S0002428,2025-08-05 21:14:24,add_to_cart,Cart,P0028,Desktop,Bing
E00010453,C00195,S0002429,2025-05-20 14:54:16,page_view,Home,,Tablet,Instagram
E00010454,C00195,S0002429,2025-05-20 14:55:59,search,Search,,Tablet,Instagram
E00010455,C00195,S0002429,2025-05-20 14:58:19,page_view,Category,,Tablet,Instagram
E00010456,C00195,S0002429,2025-05-20 15:02:19,product_view,Product,P0073,Tablet,Instagram
E00010457,C00195,S0002429,2025-05-20 15:04:27,review_view,Reviews,P0073,Tablet,Instagram
E00010458,C00195,S0002430,2025-10-20 08:55:25,page_view,Home,,Mobile,Direct
E00010459,C00195,S0002430,2025-10-20 08:58:34,search,Search,,Mobile,Direct
E00010460,C00195,S0002430,2025-10-20 09:00:06,page_view,Category,,Mobile,Direct
E00010461,C00195,S0002430,2025-10-20 09:01:04,product_view,Product,P0062,Mobile,Direct
E00010462,C00195,S0002430,2025-10-20 09:04:24,review_view,Reviews,P0068,Mobile,Direct
E00010463,C00195,S0002430,2025-10-20 09:05:10,add_to_cart,Cart,P0035,Mobile,Direct
E00010464,C00195,S0002431,2026-01-18 21:29:44,page_view,Home,,Desktop,Instagram
E00010465,C00195,S0002432,2025-10-18 11:49:33,page_view,Home,,Desktop,Direct
E00010466,C00195,S0002432,2025-10-18 11:50:57,search,Search,,Desktop,Direct
E00010467,C00195,S0002433,2024-11-10 00:47:17,page_view,Home,,Mobile,Instagram
E00010468,C00195,S0002433,2024-11-10 00:47:42,search,Search,,Mobile,Instagram
E00010469,C00195,S0002434,2024-05-12 10:44:57,page_view,Home,,Mobile,Instagram
E00010470,C00196,S0002435,2026-02-27 16:56:06,page_view,Home,,Tablet,Instagram
E00010471,C00196,S0002435,2026-02-27 16:56:55,search,Search,,Tablet,Instagram
E00010472,C00196,S0002435,2026-02-27 17:00:50,page_view,Category,,Tablet,Instagram
E00010473,C00196,S0002436,2026-01-10 20:59:32,page_view,Home,,Mobile,Instagram
E00010474,C00196,S0002436,2026-01-10 21:00:36,search,Search,,Mobile,Instagram
E00010475,C00196,S0002436,2026-01-10 21:03:55,page_view,Category,,Mobile,Instagram
E00010476,C00196,S0002436,2026-01-10 21:05:28,product_view,Product,P0012,Mobile,Instagram
E00010477,C00196,S0002436,2026-01-10 21:07:23,review_view,Reviews,P0073,Mobile,Instagram
E00010478,C00196,S0002436,2026-01-10 21:10:56,add_to_cart,Cart,P0071,Mobile,Instagram
E00010479,C00196,S0002437,2025-08-07 06:30:05,page_view,Home,,Mobile,Facebook
E00010480,C00196,S0002437,2025-08-07 06:33:11,search,Search,,Mobile,Facebook
E00010481,C00196,S0002437,2025-08-07 06:34:36,page_view,Category,,Mobile,Facebook
E00010482,C00196,S0002437,2025-08-07 06:35:39,product_view,Product,P0060,Mobile,Facebook
E00010483,C00196,S0002437,2025-08-07 06:38:09,review_view,Reviews,P0066,Mobile,Facebook
E00010484,C00196,S0002437,2025-08-07 06:38:44,add_to_cart,Cart,P0057,Mobile,Facebook
E00010485,C00196,S0002438,2025-11-29 16:49:14,page_view,Home,,Mobile,Instagram
E00010486,C00196,S0002438,2025-11-29 16:50:00,search,Search,,Mobile,Instagram
E00010487,C00196,S0002438,2025-11-29 16:53:18,page_view,Category,,Mobile,Instagram
E00010488,C00196,S0002439,2025-09-30 11:24:12,page_view,Home,,Desktop,Google
E00010489,C00196,S0002439,2025-09-30 11:24:39,search,Search,,Desktop,Google
E00010490,C00196,S0002439,2025-09-30 11:26:10,add_to_cart,Cart,P0060,Desktop,Google
E00010491,C00196,S0002439,2025-09-30 11:27:39,checkout_start,Checkout,P0041,Desktop,Google
E00010492,C00196,S0002439,2025-09-30 11:28:58,purchase,Checkout,P0074,Desktop,Google
E00010493,C00196,S0002440,2026-02-15 04:37:38,page_view,Home,,Mobile,Email
E00010494,C00196,S0002440,2026-02-15 04:41:36,search,Search,,Mobile,Email
E00010495,C00196,S0002440,2026-02-15 04:43:57,page_view,Category,,Mobile,Email
E00010496,C00196,S0002440,2026-02-15 04:44:47,add_to_cart,Cart,P0066,Mobile,Email
E00010497,C00196,S0002440,2026-02-15 04:45:08,checkout_start,Checkout,P0066,Mobile,Email
E00010498,C00196,S0002440,2026-02-15 04:46:10,purchase,Checkout,P0041,Mobile,Email
E00010499,C00196,S0002441,2024-10-30 14:15:19,page_view,Home,,Desktop,Affiliate
E00010500,C00196,S0002441,2024-10-30 14:15:37,search,Search,,Desktop,Affiliate
E00010501,C00196,S0002441,2024-10-30 14:18:36,page_view,Category,,Desktop,Affiliate
E00010502,C00196,S0002441,2024-10-30 14:22:14,product_view,Product,P0017,Desktop,Affiliate
E00010503,C00196,S0002441,2024-10-30 14:24:04,review_view,Reviews,P0074,Desktop,Affiliate
E00010504,C00196,S0002441,2024-10-30 14:24:30,add_to_cart,Cart,P0028,Desktop,Affiliate
E00010505,C00196,S0002441,2024-10-30 14:25:45,checkout_start,Checkout,P0012,Desktop,Affiliate
E00010506,C00196,S0002441,2024-10-30 14:28:54,purchase,Checkout,P0062,Desktop,Affiliate
E00010507,C00196,S0002442,2026-02-03 08:15:03,page_view,Home,,Desktop,Affiliate
E00010508,C00196,S0002443,2025-12-25 13:58:46,page_view,Home,,Mobile,Affiliate
E00010509,C00196,S0002443,2025-12-25 14:00:19,search,Search,,Mobile,Affiliate
E00010510,C00196,S0002443,2025-12-25 14:01:28,page_view,Category,,Mobile,Affiliate
E00010511,C00196,S0002443,2025-12-25 14:04:46,product_view,Product,P0066,Mobile,Affiliate
E00010512,C00196,S0002444,2025-04-10 10:08:35,page_view,Home,,Mobile,Email
E00010513,C00196,S0002444,2025-04-10 10:11:09,search,Search,,Mobile,Email
E00010514,C00196,S0002445,2025-07-20 08:06:40,page_view,Home,,Desktop,Facebook
E00010515,C00196,S0002445,2025-07-20 08:08:41,search,Search,,Desktop,Facebook
E00010516,C00196,S0002445,2025-07-20 08:09:09,page_view,Category,,Desktop,Facebook
E00010517,C00196,S0002446,2026-01-29 20:04:11,page_view,Home,,Desktop,Google
E00010518,C00196,S0002446,2026-01-29 20:04:29,search,Search,,Desktop,Google
E00010519,C00196,S0002446,2026-01-29 20:06:04,page_view,Category,,Desktop,Google
E00010520,C00196,S0002446,2026-01-29 20:08:09,product_view,Product,P0028,Desktop,Google
E00010521,C00196,S0002446,2026-01-29 20:09:06,review_view,Reviews,P0014,Desktop,Google
E00010522,C00196,S0002447,2025-05-25 13:48:39,page_view,Home,,Mobile,Affiliate
E00010523,C00196,S0002447,2025-05-25 13:50:27,search,Search,,Mobile,Affiliate
E00010524,C00196,S0002447,2025-05-25 13:51:52,page_view,Category,,Mobile,Affiliate
E00010525,C00196,S0002447,2025-05-25 13:53:33,product_view,Product,P0035,Mobile,Affiliate
E00010526,C00196,S0002447,2025-05-25 13:57:16,review_view,Reviews,P0035,Mobile,Affiliate
E00010527,C00197,S0002448,2024-10-14 01:08:11,page_view,Home,,Mobile,Bing
E00010528,C00197,S0002448,2024-10-14 01:08:23,search,Search,,Mobile,Bing
E00010529,C00197,S0002448,2024-10-14 01:10:06,page_view,Category,,Mobile,Bing
E00010530,C00197,S0002448,2024-10-14 01:10:56,product_view,Product,P0062,Mobile,Bing
E00010531,C00197,S0002449,2025-07-01 01:20:18,page_view,Home,,Desktop,Bing
E00010532,C00197,S0002449,2025-07-01 01:20:51,search,Search,,Desktop,Bing
E00010533,C00197,S0002449,2025-07-01 01:21:33,page_view,Category,,Desktop,Bing
E00010534,C00197,S0002449,2025-07-01 01:25:00,product_view,Product,P0028,Desktop,Bing
E00010535,C00197,S0002450,2025-05-31 21:23:38,page_view,Home,,Desktop,Facebook
E00010536,C00197,S0002450,2025-05-31 21:26:35,search,Search,,Desktop,Facebook
E00010537,C00197,S0002450,2025-05-31 21:27:29,page_view,Category,,Desktop,Facebook
E00010538,C00197,S0002450,2025-05-31 21:29:00,product_view,Product,P0060,Desktop,Facebook
E00010539,C00197,S0002450,2025-05-31 21:30:51,review_view,Reviews,P0062,Desktop,Facebook
E00010540,C00197,S0002451,2024-11-15 14:32:56,page_view,Home,,Mobile,Affiliate
E00010541,C00197,S0002451,2024-11-15 14:34:31,search,Search,,Mobile,Affiliate
E00010542,C00197,S0002452,2026-04-26 12:39:22,page_view,Home,,Desktop,Facebook
E00010543,C00197,S0002452,2026-04-26 12:42:45,add_to_cart,Cart,P0057,Desktop,Facebook
E00010544,C00197,S0002452,2026-04-26 12:45:52,checkout_start,Checkout,P0035,Desktop,Facebook
E00010545,C00197,S0002452,2026-04-26 12:46:21,purchase,Checkout,P0073,Desktop,Facebook
E00010546,C00197,S0002453,2026-02-03 07:19:00,page_view,Home,,Mobile,Google
E00010547,C00197,S0002453,2026-02-03 07:22:43,search,Search,,Mobile,Google
E00010548,C00197,S0002453,2026-02-03 07:23:37,page_view,Category,,Mobile,Google
E00010549,C00197,S0002453,2026-02-03 07:25:43,product_view,Product,P0071,Mobile,Google
E00010550,C00197,S0002454,2025-01-02 09:46:26,page_view,Home,,Desktop,Facebook
E00010551,C00197,S0002454,2025-01-02 09:46:41,search,Search,,Desktop,Facebook
E00010552,C00197,S0002454,2025-01-02 09:49:42,page_view,Category,,Desktop,Facebook
E00010553,C00197,S0002454,2025-01-02 09:50:08,product_view,Product,P0062,Desktop,Facebook
E00010554,C00197,S0002454,2025-01-02 09:52:24,review_view,Reviews,P0041,Desktop,Facebook
E00010555,C00197,S0002455,2026-05-19 05:50:17,page_view,Home,,Mobile,Direct
E00010556,C00197,S0002456,2025-03-24 13:46:22,page_view,Home,,Desktop,Instagram
E00010557,C00198,S0002457,2025-07-24 09:03:36,page_view,Home,,Desktop,Email
E00010558,C00198,S0002457,2025-07-24 09:07:30,search,Search,,Desktop,Email
E00010559,C00198,S0002457,2025-07-24 09:10:58,add_to_cart,Cart,P0055,Desktop,Email
E00010560,C00198,S0002457,2025-07-24 09:11:18,checkout_start,Checkout,P0075,Desktop,Email
E00010561,C00198,S0002457,2025-07-24 09:13:38,purchase,Checkout,P0018,Desktop,Email
E00010562,C00198,S0002458,2024-08-17 03:56:15,page_view,Home,,Mobile,Affiliate
E00010563,C00198,S0002458,2024-08-17 03:56:43,search,Search,,Mobile,Affiliate
E00010564,C00198,S0002459,2026-05-07 20:23:41,page_view,Home,,Desktop,Facebook
E00010565,C00198,S0002459,2026-05-07 20:26:39,search,Search,,Desktop,Facebook
E00010566,C00198,S0002459,2026-05-07 20:27:53,page_view,Category,,Desktop,Facebook
E00010567,C00198,S0002459,2026-05-07 20:29:06,product_view,Product,P0055,Desktop,Facebook
E00010568,C00198,S0002459,2026-05-07 20:32:32,add_to_cart,Cart,P0039,Desktop,Facebook
E00010569,C00198,S0002459,2026-05-07 20:35:03,checkout_start,Checkout,P0075,Desktop,Facebook
E00010570,C00198,S0002459,2026-05-07 20:38:28,purchase,Checkout,P0075,Desktop,Facebook
E00010571,C00198,S0002460,2024-12-15 04:57:47,page_view,Home,,Mobile,Facebook
E00010572,C00198,S0002460,2024-12-15 04:57:59,search,Search,,Mobile,Facebook
E00010573,C00198,S0002460,2024-12-15 05:01:15,page_view,Category,,Mobile,Facebook
E00010574,C00198,S0002460,2024-12-15 05:01:28,product_view,Product,P0059,Mobile,Facebook
E00010575,C00198,S0002460,2024-12-15 05:05:16,review_view,Reviews,P0003,Mobile,Facebook
E00010576,C00198,S0002460,2024-12-15 05:06:48,add_to_cart,Cart,P0059,Mobile,Facebook
E00010577,C00198,S0002461,2026-02-20 21:35:15,page_view,Home,,Desktop,Facebook
E00010578,C00198,S0002461,2026-02-20 21:37:44,search,Search,,Desktop,Facebook
E00010579,C00198,S0002461,2026-02-20 21:38:24,page_view,Category,,Desktop,Facebook
E00010580,C00198,S0002461,2026-02-20 21:39:42,product_view,Product,P0003,Desktop,Facebook
E00010581,C00198,S0002461,2026-02-20 21:40:41,review_view,Reviews,P0032,Desktop,Facebook
E00010582,C00198,S0002461,2026-02-20 21:42:03,add_to_cart,Cart,P0003,Desktop,Facebook
E00010583,C00198,S0002461,2026-02-20 21:43:40,checkout_start,Checkout,P0003,Desktop,Facebook
E00010584,C00198,S0002461,2026-02-20 21:46:11,purchase,Checkout,P0018,Desktop,Facebook
E00010585,C00198,S0002462,2024-10-03 12:23:08,page_view,Home,,Mobile,Affiliate
E00010586,C00198,S0002462,2024-10-03 12:26:22,search,Search,,Mobile,Affiliate
E00010587,C00198,S0002462,2024-10-03 12:30:02,page_view,Category,,Mobile,Affiliate
E00010588,C00198,S0002463,2026-06-19 15:44:35,page_view,Home,,Mobile,Google
E00010589,C00198,S0002463,2026-06-19 15:48:04,search,Search,,Mobile,Google
E00010590,C00198,S0002463,2026-06-19 15:49:14,page_view,Category,,Mobile,Google
E00010591,C00198,S0002463,2026-06-19 15:49:41,product_view,Product,P0018,Mobile,Google
E00010592,C00198,S0002463,2026-06-19 15:51:36,review_view,Reviews,P0046,Mobile,Google
E00010593,C00198,S0002463,2026-06-19 15:54:11,add_to_cart,Cart,P0039,Mobile,Google
E00010594,C00198,S0002464,2025-10-17 00:50:08,page_view,Home,,Mobile,Bing
E00010595,C00198,S0002464,2025-10-17 00:52:12,search,Search,,Mobile,Bing
E00010596,C00198,S0002464,2025-10-17 00:55:54,page_view,Category,,Mobile,Bing
E00010597,C00198,S0002464,2025-10-17 00:57:52,product_view,Product,P0039,Mobile,Bing
E00010598,C00198,S0002464,2025-10-17 00:58:38,review_view,Reviews,P0059,Mobile,Bing
E00010599,C00198,S0002464,2025-10-17 00:59:17,add_to_cart,Cart,P0020,Mobile,Bing
E00010600,C00198,S0002465,2025-08-05 20:38:31,page_view,Home,,Desktop,Direct
E00010601,C00198,S0002465,2025-08-05 20:42:10,search,Search,,Desktop,Direct
E00010602,C00198,S0002465,2025-08-05 20:45:47,page_view,Category,,Desktop,Direct
E00010603,C00198,S0002465,2025-08-05 20:47:05,product_view,Product,P0070,Desktop,Direct
E00010604,C00198,S0002465,2025-08-05 20:49:25,add_to_cart,Cart,P0059,Desktop,Direct
E00010605,C00198,S0002465,2025-08-05 20:52:55,checkout_start,Checkout,P0039,Desktop,Direct
E00010606,C00198,S0002465,2025-08-05 20:55:34,purchase,Checkout,P0043,Desktop,Direct
E00010607,C00198,S0002466,2026-04-20 02:43:40,page_view,Home,,Desktop,Google
E00010608,C00198,S0002466,2026-04-20 02:44:52,search,Search,,Desktop,Google
E00010609,C00198,S0002466,2026-04-20 02:45:59,page_view,Category,,Desktop,Google
E00010610,C00198,S0002466,2026-04-20 02:46:29,product_view,Product,P0039,Desktop,Google
E00010611,C00198,S0002466,2026-04-20 02:49:49,review_view,Reviews,P0046,Desktop,Google
E00010612,C00198,S0002466,2026-04-20 02:51:33,add_to_cart,Cart,P0046,Desktop,Google
E00010613,C00198,S0002467,2025-08-12 18:03:57,page_view,Home,,Desktop,Instagram
E00010614,C00198,S0002467,2025-08-12 18:06:12,search,Search,,Desktop,Instagram
E00010615,C00198,S0002467,2025-08-12 18:09:59,page_view,Category,,Desktop,Instagram
E00010616,C00198,S0002467,2025-08-12 18:13:49,product_view,Product,P0059,Desktop,Instagram
E00010617,C00198,S0002467,2025-08-12 18:16:40,review_view,Reviews,P0018,Desktop,Instagram
E00010618,C00198,S0002468,2025-03-19 00:51:02,page_view,Home,,Mobile,Direct
E00010619,C00198,S0002468,2025-03-19 00:52:12,search,Search,,Mobile,Direct
E00010620,C00198,S0002468,2025-03-19 00:54:30,page_view,Category,,Mobile,Direct
E00010621,C00198,S0002469,2026-03-21 14:27:41,page_view,Home,,Mobile,Direct
E00010622,C00198,S0002469,2026-03-21 14:29:29,search,Search,,Mobile,Direct
E00010623,C00198,S0002469,2026-03-21 14:30:15,page_view,Category,,Mobile,Direct
E00010624,C00198,S0002469,2026-03-21 14:34:09,add_to_cart,Cart,P0070,Mobile,Direct
E00010625,C00198,S0002469,2026-03-21 14:38:03,checkout_start,Checkout,P0043,Mobile,Direct
E00010626,C00198,S0002469,2026-03-21 14:39:01,purchase,Checkout,P0020,Mobile,Direct
E00010627,C00198,S0002470,2024-12-23 08:16:27,page_view,Home,,Tablet,Affiliate
E00010628,C00198,S0002471,2025-12-28 14:05:15,page_view,Home,,Mobile,Google
E00010629,C00198,S0002471,2025-12-28 14:09:06,search,Search,,Mobile,Google
E00010630,C00198,S0002472,2026-03-20 13:16:51,page_view,Home,,Mobile,Bing
E00010631,C00198,S0002472,2026-03-20 13:19:20,search,Search,,Mobile,Bing
E00010632,C00198,S0002472,2026-03-20 13:21:11,page_view,Category,,Mobile,Bing
E00010633,C00198,S0002472,2026-03-20 13:21:51,product_view,Product,P0059,Mobile,Bing
E00010634,C00198,S0002472,2026-03-20 13:25:11,review_view,Reviews,P0003,Mobile,Bing
E00010635,C00198,S0002472,2026-03-20 13:28:17,add_to_cart,Cart,P0043,Mobile,Bing
E00010636,C00199,S0002473,2025-10-17 11:25:04,page_view,Home,,Mobile,Bing
E00010637,C00199,S0002473,2025-10-17 11:28:42,search,Search,,Mobile,Bing
E00010638,C00199,S0002473,2025-10-17 11:30:03,page_view,Category,,Mobile,Bing
E00010639,C00199,S0002473,2025-10-17 11:33:48,product_view,Product,P0030,Mobile,Bing
E00010640,C00199,S0002473,2025-10-17 11:36:50,review_view,Reviews,P0065,Mobile,Bing
E00010641,C00199,S0002473,2025-10-17 11:39:01,add_to_cart,Cart,P0045,Mobile,Bing
E00010642,C00199,S0002473,2025-10-17 11:41:26,checkout_start,Checkout,P0031,Mobile,Bing
E00010643,C00199,S0002473,2025-10-17 11:44:00,purchase,Checkout,P0045,Mobile,Bing
E00010644,C00199,S0002474,2026-03-02 04:34:48,page_view,Home,,Mobile,Bing
E00010645,C00199,S0002474,2026-03-02 04:37:34,search,Search,,Mobile,Bing
E00010646,C00199,S0002474,2026-03-02 04:38:34,page_view,Category,,Mobile,Bing
E00010647,C00199,S0002474,2026-03-02 04:39:29,product_view,Product,P0031,Mobile,Bing
E00010648,C00199,S0002474,2026-03-02 04:42:29,review_view,Reviews,P0045,Mobile,Bing
E00010649,C00199,S0002474,2026-03-02 04:44:25,add_to_cart,Cart,P0079,Mobile,Bing
E00010650,C00199,S0002474,2026-03-02 04:45:11,checkout_start,Checkout,P0033,Mobile,Bing
E00010651,C00199,S0002474,2026-03-02 04:47:12,purchase,Checkout,P0065,Mobile,Bing
E00010652,C00199,S0002475,2025-09-05 05:05:30,page_view,Home,,Mobile,Google
E00010653,C00199,S0002475,2025-09-05 05:07:07,search,Search,,Mobile,Google
E00010654,C00199,S0002476,2025-10-10 09:18:55,page_view,Home,,Desktop,Affiliate
E00010655,C00199,S0002477,2025-12-07 12:24:30,page_view,Home,,Mobile,Affiliate
E00010656,C00199,S0002477,2025-12-07 12:24:48,search,Search,,Mobile,Affiliate
E00010657,C00199,S0002477,2025-12-07 12:25:39,page_view,Category,,Mobile,Affiliate
E00010658,C00199,S0002477,2025-12-07 12:29:09,product_view,Product,P0079,Mobile,Affiliate
E00010659,C00199,S0002477,2025-12-07 12:32:56,review_view,Reviews,P0079,Mobile,Affiliate
E00010660,C00199,S0002478,2025-08-21 18:42:56,page_view,Home,,Mobile,Affiliate
E00010661,C00199,S0002479,2026-01-15 04:47:13,page_view,Home,,Desktop,Google
E00010662,C00199,S0002479,2026-01-15 04:49:01,search,Search,,Desktop,Google
E00010663,C00199,S0002479,2026-01-15 04:52:00,page_view,Category,,Desktop,Google
E00010664,C00199,S0002479,2026-01-15 04:55:24,product_view,Product,P0045,Desktop,Google
E00010665,C00199,S0002480,2025-11-07 09:44:50,page_view,Home,,Desktop,Bing
E00010666,C00199,S0002480,2025-11-07 09:48:45,search,Search,,Desktop,Bing
E00010667,C00199,S0002480,2025-11-07 09:52:29,page_view,Category,,Desktop,Bing
E00010668,C00199,S0002480,2025-11-07 09:55:23,product_view,Product,P0031,Desktop,Bing
E00010669,C00199,S0002481,2026-06-05 09:02:14,page_view,Home,,Mobile,Google
E00010670,C00199,S0002481,2026-06-05 09:05:23,search,Search,,Mobile,Google
E00010671,C00199,S0002481,2026-06-05 09:06:04,page_view,Category,,Mobile,Google
E00010672,C00199,S0002481,2026-06-05 09:09:45,product_view,Product,P0045,Mobile,Google
E00010673,C00199,S0002481,2026-06-05 09:11:45,review_view,Reviews,P0079,Mobile,Google
E00010674,C00199,S0002481,2026-06-05 09:14:44,add_to_cart,Cart,P0065,Mobile,Google
E00010675,C00199,S0002481,2026-06-05 09:16:43,checkout_start,Checkout,P0033,Mobile,Google
E00010676,C00199,S0002481,2026-06-05 09:20:32,purchase,Checkout,P0045,Mobile,Google
E00010677,C00199,S0002482,2026-05-06 01:50:20,page_view,Home,,Mobile,Affiliate
E00010678,C00199,S0002482,2026-05-06 01:52:30,search,Search,,Mobile,Affiliate
E00010679,C00199,S0002482,2026-05-06 01:54:43,page_view,Category,,Mobile,Affiliate
E00010680,C00199,S0002482,2026-05-06 01:57:38,product_view,Product,P0065,Mobile,Affiliate
E00010681,C00199,S0002482,2026-05-06 01:58:22,review_view,Reviews,P0079,Mobile,Affiliate
E00010682,C00199,S0002482,2026-05-06 01:58:45,add_to_cart,Cart,P0065,Mobile,Affiliate
E00010683,C00199,S0002483,2025-08-02 02:55:56,page_view,Home,,Mobile,Google
E00010684,C00199,S0002483,2025-08-02 02:57:10,search,Search,,Mobile,Google
E00010685,C00199,S0002483,2025-08-02 02:58:23,page_view,Category,,Mobile,Google
E00010686,C00199,S0002483,2025-08-02 03:01:42,product_view,Product,P0033,Mobile,Google
E00010687,C00199,S0002483,2025-08-02 03:05:28,review_view,Reviews,P0045,Mobile,Google
E00010688,C00199,S0002483,2025-08-02 03:06:22,add_to_cart,Cart,P0033,Mobile,Google
E00010689,C00199,S0002483,2025-08-02 03:06:36,checkout_start,Checkout,P0079,Mobile,Google
E00010690,C00199,S0002483,2025-08-02 03:07:07,purchase,Checkout,P0065,Mobile,Google
E00010691,C00200,S0002484,2026-05-01 16:19:18,page_view,Home,,Desktop,Bing
E00010692,C00200,S0002484,2026-05-01 16:20:24,search,Search,,Desktop,Bing
E00010693,C00200,S0002484,2026-05-01 16:21:22,page_view,Category,,Desktop,Bing
E00010694,C00200,S0002484,2026-05-01 16:25:13,product_view,Product,P0048,Desktop,Bing
E00010695,C00200,S0002485,2025-10-06 04:51:49,page_view,Home,,Desktop,Google
E00010696,C00200,S0002485,2025-10-06 04:53:06,search,Search,,Desktop,Google
E00010697,C00200,S0002485,2025-10-06 04:53:48,page_view,Category,,Desktop,Google
E00010698,C00200,S0002486,2026-01-26 17:57:40,page_view,Home,,Mobile,Bing
E00010699,C00200,S0002486,2026-01-26 17:59:44,search,Search,,Mobile,Bing
E00010700,C00200,S0002486,2026-01-26 18:02:46,page_view,Category,,Mobile,Bing
E00010701,C00200,S0002486,2026-01-26 18:04:22,product_view,Product,P0009,Mobile,Bing
E00010702,C00200,S0002487,2025-10-18 03:53:31,page_view,Home,,Desktop,Google
E00010703,C00200,S0002487,2025-10-18 03:54:06,search,Search,,Desktop,Google
E00010704,C00200,S0002487,2025-10-18 03:55:28,page_view,Category,,Desktop,Google
E00010705,C00200,S0002487,2025-10-18 03:57:52,product_view,Product,P0048,Desktop,Google
E00010706,C00200,S0002487,2025-10-18 03:59:52,review_view,Reviews,P0009,Desktop,Google
E00010707,C00200,S0002488,2025-11-19 13:50:11,page_view,Home,,Desktop,Affiliate
E00010708,C00200,S0002488,2025-11-19 13:52:37,search,Search,,Desktop,Affiliate
E00010709,C00200,S0002489,2026-04-02 19:44:17,page_view,Home,,Mobile,Email
E00010710,C00200,S0002489,2026-04-02 19:47:41,search,Search,,Mobile,Email
E00010711,C00200,S0002489,2026-04-02 19:51:02,page_view,Category,,Mobile,Email
E00010712,C00200,S0002489,2026-04-02 19:54:35,product_view,Product,P0048,Mobile,Email
E00010713,C00200,S0002489,2026-04-02 19:56:43,review_view,Reviews,P0051,Mobile,Email
E00010714,C00200,S0002489,2026-04-02 20:00:43,add_to_cart,Cart,P0047,Mobile,Email
E00010715,C00200,S0002490,2026-01-30 18:22:40,page_view,Home,,Desktop,Direct
E00010716,C00200,S0002490,2026-01-30 18:24:28,search,Search,,Desktop,Direct
E00010717,C00200,S0002490,2026-01-30 18:27:05,page_view,Category,,Desktop,Direct
E00010718,C00200,S0002490,2026-01-30 18:30:14,product_view,Product,P0047,Desktop,Direct
E00010719,C00200,S0002490,2026-01-30 18:33:18,review_view,Reviews,P0023,Desktop,Direct
E00010720,C00200,S0002490,2026-01-30 18:35:42,add_to_cart,Cart,P0051,Desktop,Direct
E00010721,C00200,S0002491,2025-11-26 04:47:13,page_view,Home,,Tablet,Bing
E00010722,C00200,S0002491,2025-11-26 04:49:07,search,Search,,Tablet,Bing
E00010723,C00200,S0002491,2025-11-26 04:49:37,page_view,Category,,Tablet,Bing
E00010724,C00200,S0002491,2025-11-26 04:53:25,product_view,Product,P0052,Tablet,Bing
E00010725,C00200,S0002491,2025-11-26 04:56:37,review_view,Reviews,P0067,Tablet,Bing
E00010726,C00200,S0002491,2025-11-26 04:59:18,add_to_cart,Cart,P0048,Tablet,Bing
E00010727,C00200,S0002491,2025-11-26 05:01:13,checkout_start,Checkout,P0067,Tablet,Bing
E00010728,C00200,S0002491,2025-11-26 05:04:08,purchase,Checkout,P0067,Tablet,Bing
E00010729,C00200,S0002492,2026-04-20 02:30:10,page_view,Home,,Mobile,Instagram
E00010730,C00200,S0002492,2026-04-20 02:33:23,search,Search,,Mobile,Instagram
E00010731,C00200,S0002492,2026-04-20 02:35:19,page_view,Category,,Mobile,Instagram
E00010732,C00200,S0002492,2026-04-20 02:38:40,product_view,Product,P0022,Mobile,Instagram
E00010733,C00200,S0002493,2025-11-18 20:57:51,page_view,Home,,Desktop,Bing
E00010734,C00200,S0002493,2025-11-18 21:00:30,search,Search,,Desktop,Bing
E00010735,C00200,S0002493,2025-11-18 21:01:14,page_view,Category,,Desktop,Bing
E00010736,C00200,S0002494,2025-08-28 04:13:33,page_view,Home,,Mobile,Google
E00010737,C00200,S0002494,2025-08-28 04:15:08,search,Search,,Mobile,Google
E00010738,C00200,S0002494,2025-08-28 04:17:59,page_view,Category,,Mobile,Google
E00010739,C00200,S0002494,2025-08-28 04:18:22,product_view,Product,P0022,Mobile,Google
E00010740,C00200,S0002494,2025-08-28 04:21:10,review_view,Reviews,P0048,Mobile,Google
